10, 1
11, 1
12, 2
13, 2
14, 2
15, 2
16, 2
17, 2
18, 2
19, 2
20, 2
21, 2
22, 2
23, 3
24, 3
25, 2
26, 2
27, 2
28, 2
29, 2
30, 3
31, 3
32, 3
33, 3
34, 3
35, 3
36, 2
37, 2
38, 3
39, 3
40, 3
41, 3
42, 3
43, 3
44, 3
45, 3
46, 3
47, 3
48, 4
49, 3
50, 3
51, 3
52, 3
53, 3
54, 3
55, 3
56, 3
57, 3
58, 3
59, 3
60, 3
61, 4
62, 4
63, 4
64, 3
65, 3
66, 3
67, 3
68, 3
69, 3
70, 3
71, 3
72, 3
73, 3
74, 4
75, 4
76, 4
77, 4
78, 4
79, 4
80, 4
81, 3
82, 3
83, 3
84, 3
85, 3
86, 3
87, 3
88, 3
89, 4
90, 4
91, 4
92, 4
93, 4
94, 4
95, 4
96, 4
97, 4
98, 4
99, 4
100, 3
101, 3
102, 3
103, 3
104, 4
105, 4
106, 4
107, 4
108, 4
109, 4
110, 4
111, 4
112, 4
113, 4
114, 4
115, 4
116, 4
117, 4
118, 4
119, 4
120, 5
121, 4
122, 4
123, 4
124, 4
125, 4
126, 4
127, 4
128, 4
129, 4
130, 4
131, 4
132, 4
133, 4
134, 4
135, 4
136, 4
137, 4
138, 4
139, 4
140, 4
141, 4
142, 5
143, 5
144, 4
145, 4
146, 4
147, 4
148, 4
149, 4
150, 4
151, 4
152, 4
153, 4
154, 4
155, 4
156, 4
157, 4
158, 4
159, 4
160, 4
161, 4
162, 4
163, 4
164, 4
165, 5
166, 5
167, 5
168, 5
169, 4
170, 4
171, 4
172, 4
173, 4
174, 4
175, 4
176, 4
177, 4
178, 4
179, 4
180, 4
181, 4
182, 4
183, 4
184, 4
185, 4
186, 4
187, 4
188, 4
189, 4
190, 5
191, 5
192, 5
193, 5
194, 5
195, 5
196, 4
197, 4
198, 4
199, 4
200, 4
201, 4
202, 4
203, 4
204, 4
205, 4
206, 4
207, 4
208, 4
209, 4
210, 4
211, 4
212, 4
213, 4
214, 4
215, 5
216, 5
217, 5
218, 5
219, 5
220, 5
221, 5
222, 5
223, 5
224, 5
225, 4
226, 4
227, 4
228, 4
229, 4
230, 4
231, 4
232, 4
233, 4
234, 4
235, 4
236, 4
237, 4
238, 4
239, 4
240, 4
241, 5
242, 5
243, 5
244, 5
245, 5
246, 5
247, 5
248, 5
249, 5
250, 5
251, 5
252, 5
253, 5
254, 5
255, 5
256, 4
257, 4
258, 4
259, 4
260, 4
261, 4
262, 4
263, 4
264, 4
265, 4
266, 4
267, 4
268, 5
269, 5
270, 5
271, 5
272, 5
273, 5
274, 5
275, 5
276, 5
277, 5
278, 5
279, 5
280, 5
281, 5
282, 5
283, 5
284, 5
285, 5
286, 5
287, 5
288, 5
289, 4
290, 4
291, 4
292, 4
293, 4
294, 4
295, 4
296, 5
297, 5
298, 5
299, 5
300, 5
301, 5
302, 5
303, 5
304, 5
305, 5
306, 5
307, 5
308, 5
309, 5
310, 5
311, 5
312, 5
313, 5
314, 5
315, 5
316, 5
317, 5
318, 5
319, 5
320, 5
321, 5
322, 5
323, 5
324, 5
325, 5
326, 5
327, 5
328, 5
329, 5
330, 5
331, 5
332, 5
333, 5
334, 5
335, 5
336, 5
337, 5
338, 5
339, 5
340, 5
341, 5
342, 5
343, 5
344, 5
345, 5
346, 5
347, 5
348, 5
349, 5
350, 5
351, 5
352, 5
353, 5
354, 5
355, 5
356, 5
357, 5
358, 5
359, 5
360, 6
361, 5
362, 5
363, 5
364, 5
365, 5
366, 5
367, 5
368, 5
369, 5
370, 5
371, 5
372, 5
373, 5
374, 5
375, 5
376, 5
377, 5
378, 5
379, 5
380, 5
381, 5
382, 5
383, 5
384, 5
385, 5
386, 5
387, 5
388, 5
389, 5
390, 5
391, 5
392, 5
393, 5
394, 5
395, 5
396, 5
397, 5
398, 6
399, 6
400, 5
401, 5
402, 5
403, 5
404, 5
405, 5
406, 5
407, 5
408, 5
409, 5
410, 5
411, 5
412, 5
413, 5
414, 5
415, 5
416, 5
417, 5
418, 5
419, 5
420, 5
421, 5
422, 5
423, 5
424, 5
425, 5
426, 5
427, 5
428, 5
429, 5
430, 5
431, 5
432, 5
433, 5
434, 5
435, 5
436, 5
437, 5
438, 6
439, 6
440, 6
441, 5
442, 5
443, 5
444, 5
445, 5
446, 5
447, 5
448, 5
449, 5
450, 5
451, 5
452, 5
453, 5
454, 5
455, 5
456, 5
457, 5
458, 5
459, 5
460, 5
461, 5
462, 5
463, 5
464, 5
465, 5
466, 5
467, 5
468, 5
469, 5
470, 5
471, 5
472, 5
473, 5
474, 5
475, 5
476, 5
477, 5
478, 5
479, 6
480, 6
481, 6
482, 6
483, 6
484, 5
485, 5
486, 5
487, 5
488, 5
489, 5
490, 5
491, 5
492, 5
493, 5
494, 5
495, 5
496, 5
497, 5
498, 5
499, 5
500, 5
501, 5
502, 5
503, 5
504, 5
505, 5
506, 5
507, 5
508, 5
509, 5
510, 5
511, 5
512, 5
513, 5
514, 5
515, 5
516, 5
517, 5
518, 5
519, 5
520, 5
521, 5
522, 6
523, 6
524, 6
525, 6
526, 6
527, 6
528, 6
529, 5
530, 5
531, 5
532, 5
533, 5
534, 5
535, 5
536, 5
537, 5
538, 5
539, 5
540, 5
541, 5
542, 5
543, 5
544, 5
545, 5
546, 5
547, 5
548, 5
549, 5
550, 5
551, 5
552, 5
553, 5
554, 5
555, 5
556, 5
557, 5
558, 5
559, 5
560, 5
561, 5
562, 5
563, 5
564, 5
565, 5
566, 6
567, 6
568, 6
569, 6
570, 6
571, 6
572, 6
573, 6
574, 6
575, 6
576, 5
577, 5
578, 5
579, 5
580, 5
581, 5
582, 5
583, 5
584, 5
585, 5
586, 5
587, 5
588, 5
589, 5
590, 5
591, 5
592, 5
593, 5
594, 5
595, 5
596, 5
597, 5
598, 5
599, 5
600, 5
601, 5
602, 5
603, 5
604, 5
605, 5
606, 5
607, 5
608, 5
609, 5
610, 5
611, 5
612, 6
613, 6
614, 6
615, 6
616, 6
617, 6
618, 6
619, 6
620, 6
621, 6
622, 6
623, 6
624, 6
625, 5
626, 5
627, 5
628, 5
629, 5
630, 5
631, 5
632, 5
633, 5
634, 5
635, 5
636, 5
637, 5
638, 5
639, 5
640, 5
641, 5
642, 5
643, 5
644, 5
645, 5
646, 5
647, 5
648, 5
649, 5
650, 5
651, 5
652, 5
653, 5
654, 5
655, 5
656, 5
657, 5
658, 5
659, 6
660, 6
661, 6
662, 6
663, 6
664, 6
665, 6
666, 6
667, 6
668, 6
669, 6
670, 6
671, 6
672, 6
673, 6
674, 6
675, 6
676, 5
677, 5
678, 5
679, 5
680, 5
681, 5
682, 5
683, 5
684, 5
685, 5
686, 5
687, 5
688, 5
689, 5
690, 5
691, 5
692, 5
693, 5
694, 5
695, 5
696, 5
697, 5
698, 5
699, 5
700, 5
701, 5
702, 5
703, 5
704, 5
705, 5
706, 6
707, 6
708, 6
709, 6
710, 6
711, 6
712, 6
713, 6
714, 6
715, 6
716, 6
717, 6
718, 6
719, 6
720, 6
721, 6
722, 6
723, 6
724, 6
725, 6
726, 6
727, 6
728, 6
729, 5
730, 5
731, 5
732, 5
733, 5
734, 5
735, 5
736, 5
737, 5
738, 5
739, 5
740, 5
741, 5
742, 5
743, 5
744, 5
745, 5
746, 5
747, 5
748, 5
749, 5
750, 5
751, 5
752, 5
753, 5
754, 5
755, 5
756, 6
757, 6
758, 6
759, 6
760, 6
761, 6
762, 6
763, 6
764, 6
765, 6
766, 6
767, 6
768, 6
769, 6
770, 6
771, 6
772, 6
773, 6
774, 6
775, 6
776, 6
777, 6
778, 6
779, 6
780, 6
781, 6
782, 6
783, 6
784, 5
785, 5
786, 5
787, 5
788, 5
789, 5
790, 5
791, 5
792, 5
793, 5
794, 5
795, 5
796, 5
797, 5
798, 5
799, 5
800, 5
801, 5
802, 5
803, 5
804, 5
805, 5
806, 6
807, 6
808, 6
809, 6
810, 6
811, 6
812, 6
813, 6
814, 6
815, 6
816, 6
817, 6
818, 6
819, 6
820, 6
821, 6
822, 6
823, 6
824, 6
825, 6
826, 6
827, 6
828, 6
829, 6
830, 6
831, 6
832, 6
833, 6
834, 6
835, 6
836, 6
837, 6
838, 6
839, 6
840, 6
841, 5
842, 5
843, 5
844, 5
845, 5
846, 5
847, 5
848, 5
849, 5
850, 5
851, 5
852, 5
853, 5
854, 5
855, 5
856, 5
857, 6
858, 6
859, 6
860, 6
861, 6
862, 6
863, 6
864, 6
865, 6
866, 6
867, 6
868, 6
869, 6
870, 6
871, 6
872, 6
873, 6
874, 6
875, 6
876, 6
877, 6
878, 6
879, 6
880, 6
881, 6
882, 6
883, 6
884, 6
885, 6
886, 6
887, 6
888, 6
889, 6
890, 6
891, 6
892, 6
893, 6
894, 6
895, 6
896, 6
897, 6
898, 6
899, 6
900, 5
901, 5
902, 5
903, 5
904, 5
905, 5
906, 5
907, 5
908, 6
909, 6
910, 6
911, 6
912, 6
913, 6
914, 6
915, 6
916, 6
917, 6
918, 6
919, 6
920, 6
921, 6
922, 6
923, 6
924, 6
925, 6
926, 6
927, 6
928, 6
929, 6
930, 6
931, 6
932, 6
933, 6
934, 6
935, 6
936, 6
937, 6
938, 6
939, 6
940, 6
941, 6
942, 6
943, 6
944, 6
945, 6
946, 6
947, 6
948, 6
949, 6
950, 6
951, 6
952, 6
953, 6
954, 6
955, 6
956, 6
957, 6
958, 6
959, 6
960, 6
961, 6
962, 6
963, 6
964, 6
965, 6
966, 6
967, 6
968, 6
969, 6
970, 6
971, 6
972, 6
973, 6
974, 6
975, 6
976, 6
977, 6
978, 6
979, 6
980, 6
981, 6
982, 6
983, 6
984, 6
985, 6
986, 6
987, 6
988, 6
989, 6
990, 6
991, 6
992, 6
993, 6
994, 6
995, 6
996, 6
997, 6
998, 6
999, 6
1000, 6
1001, 6
1002, 6
1003, 6
1004, 6
1005, 6
1006, 6
1007, 6
1008, 6
1009, 6
1010, 6
1011, 6
1012, 6
1013, 6
1014, 6
1015, 6
1016, 6
1017, 6
1018, 6
1019, 6
1020, 6
1021, 6
1022, 6
1023, 7
1024, 6
1025, 6
1026, 6
1027, 6
1028, 6
1029, 6
1030, 6
1031, 6
1032, 6
1033, 6
1034, 6
1035, 6
1036, 6
1037, 6
1038, 6
1039, 6
1040, 6
1041, 6
1042, 6
1043, 6
1044, 6
1045, 6
1046, 6
1047, 6
1048, 6
1049, 6
1050, 6
1051, 6
1052, 6
1053, 6
1054, 6
1055, 6
1056, 6
1057, 6
1058, 6
1059, 6
1060, 6
1061, 6
1062, 6
1063, 6
1064, 6
1065, 6
1066, 6
1067, 6
1068, 6
1069, 6
1070, 6
1071, 6
1072, 6
1073, 6
1074, 6
1075, 6
1076, 6
1077, 6
1078, 6
1079, 6
1080, 6
1081, 6
1082, 6
1083, 6
1084, 6
1085, 6
1086, 6
1087, 6
1088, 7
1089, 6
1090, 6
1091, 6
1092, 6
1093, 6
1094, 6
1095, 6
1096, 6
1097, 6
1098, 6
1099, 6
1100, 6
1101, 6
1102, 6
1103, 6
1104, 6
1105, 6
1106, 6
1107, 6
1108, 6
1109, 6
1110, 6
1111, 6
1112, 6
1113, 6
1114, 6
1115, 6
1116, 6
1117, 6
1118, 6
1119, 6
1120, 6
1121, 6
1122, 6
1123, 6
1124, 6
1125, 6
1126, 6
1127, 6
1128, 6
1129, 6
1130, 6
1131, 6
1132, 6
1133, 6
1134, 6
1135, 6
1136, 6
1137, 6
1138, 6
1139, 6
1140, 6
1141, 6
1142, 6
1143, 6
1144, 6
1145, 6
1146, 6
1147, 6
1148, 6
1149, 6
1150, 6
1151, 6
1152, 6
1153, 6
1154, 7
1155, 7
1156, 6
1157, 6
1158, 6
1159, 6
1160, 6
1161, 6
1162, 6
1163, 6
1164, 6
1165, 6
1166, 6
1167, 6
1168, 6
1169, 6
1170, 6
1171, 6
1172, 6
1173, 6
1174, 6
1175, 6
1176, 6
1177, 6
1178, 6
1179, 6
1180, 6
1181, 6
1182, 6
1183, 6
1184, 6
1185, 6
1186, 6
1187, 6
1188, 6
1189, 6
1190, 6
1191, 6
1192, 6
1193, 6
1194, 6
1195, 6
1196, 6
1197, 6
1198, 6
1199, 6
1200, 6
1201, 6
1202, 6
1203, 6
1204, 6
1205, 6
1206, 6
1207, 6
1208, 6
1209, 6
1210, 6
1211, 6
1212, 6
1213, 6
1214, 6
1215, 6
1216, 6
1217, 6
1218, 6
1219, 6
1220, 6
1221, 6
1222, 7
1223, 7
1224, 7
1225, 6
1226, 6
1227, 6
1228, 6
1229, 6
1230, 6
1231, 6
1232, 6
1233, 6
1234, 6
1235, 6
1236, 6
1237, 6
1238, 6
1239, 6
1240, 6
1241, 6
1242, 6
1243, 6
1244, 6
1245, 6
1246, 6
1247, 6
1248, 6
1249, 6
1250, 6
1251, 6
1252, 6
1253, 6
1254, 6
1255, 6
1256, 6
1257, 6
1258, 6
1259, 6
1260, 6
1261, 6
1262, 6
1263, 6
1264, 6
1265, 6
1266, 6
1267, 6
1268, 6
1269, 6
1270, 6
1271, 6
1272, 6
1273, 6
1274, 6
1275, 6
1276, 6
1277, 6
1278, 6
1279, 6
1280, 6
1281, 6
1282, 6
1283, 6
1284, 6
1285, 6
1286, 6
1287, 6
1288, 6
1289, 6
1290, 6
1291, 6
1292, 7
1293, 7
1294, 7
1295, 7
1296, 6
1297, 6
1298, 6
1299, 6
1300, 6
1301, 6
1302, 6
1303, 6
1304, 6
1305, 6
1306, 6
1307, 6
1308, 6
1309, 6
1310, 6
1311, 6
1312, 6
1313, 6
1314, 6
1315, 6
1316, 6
1317, 6
1318, 6
1319, 6
1320, 6
1321, 6
1322, 6
1323, 6
1324, 6
1325, 6
1326, 6
1327, 6
1328, 6
1329, 6
1330, 6
1331, 6
1332, 6
1333, 6
1334, 6
1335, 6
1336, 6
1337, 6
1338, 6
1339, 6
1340, 6
1341, 6
1342, 6
1343, 6
1344, 6
1345, 6
1346, 6
1347, 6
1348, 6
1349, 6
1350, 6
1351, 6
1352, 6
1353, 6
1354, 6
1355, 6
1356, 6
1357, 6
1358, 6
1359, 6
1360, 6
1361, 6
1362, 6
1363, 6
1364, 7
1365, 7
1366, 7
1367, 7
1368, 7
1369, 6
1370, 6
1371, 6
1372, 6
1373, 6
1374, 6
1375, 6
1376, 6
1377, 6
1378, 6
1379, 6
1380, 6
1381, 6
1382, 6
1383, 6
1384, 6
1385, 6
1386, 6
1387, 6
1388, 6
1389, 6
1390, 6
1391, 6
1392, 6
1393, 6
1394, 6
1395, 6
1396, 6
1397, 6
1398, 6
1399, 6
1400, 6
1401, 6
1402, 6
1403, 6
1404, 6
1405, 6
1406, 6
1407, 6
1408, 6
1409, 6
1410, 6
1411, 6
1412, 6
1413, 6
1414, 6
1415, 6
1416, 6
1417, 6
1418, 6
1419, 6
1420, 6
1421, 6
1422, 6
1423, 6
1424, 6
1425, 6
1426, 6
1427, 6
1428, 6
1429, 6
1430, 6
1431, 6
1432, 6
1433, 6
1434, 6
1435, 6
1436, 6
1437, 6
1438, 7
1439, 7
1440, 7
1441, 7
1442, 7
1443, 7
1444, 6
1445, 6
1446, 6
1447, 6
1448, 6
1449, 6
1450, 6
1451, 6
1452, 6
1453, 6
1454, 6
1455, 6
1456, 6
1457, 6
1458, 6
1459, 6
1460, 6
1461, 6
1462, 6
1463, 6
1464, 6
1465, 6
1466, 6
1467, 6
1468, 6
1469, 6
1470, 6
1471, 6
1472, 6
1473, 6
1474, 6
1475, 6
1476, 6
1477, 6
1478, 6
1479, 6
1480, 6
1481, 6
1482, 6
1483, 6
1484, 6
1485, 6
1486, 6
1487, 6
1488, 6
1489, 6
1490, 6
1491, 6
1492, 6
1493, 6
1494, 6
1495, 6
1496, 6
1497, 6
1498, 6
1499, 6
1500, 6
1501, 6
1502, 6
1503, 6
1504, 6
1505, 6
1506, 6
1507, 6
1508, 6
1509, 6
1510, 6
1511, 6
1512, 6
1513, 7
1514, 7
1515, 7
1516, 7
1517, 7
1518, 7
1519, 7
1520, 7
1521, 6
1522, 6
1523, 6
1524, 6
1525, 6
1526, 6
1527, 6
1528, 6
1529, 6
1530, 6
1531, 6
1532, 6
1533, 6
1534, 6
1535, 6
1536, 6
1537, 6
1538, 6
1539, 6
1540, 6
1541, 6
1542, 6
1543, 6
1544, 6
1545, 6
1546, 6
1547, 6
1548, 6
1549, 6
1550, 6
1551, 6
1552, 6
1553, 6
1554, 6
1555, 6
1556, 6
1557, 6
1558, 6
1559, 6
1560, 6
1561, 6
1562, 6
1563, 6
1564, 6
1565, 6
1566, 6
1567, 6
1568, 6
1569, 6
1570, 6
1571, 6
1572, 6
1573, 6
1574, 6
1575, 6
1576, 6
1577, 6
1578, 6
1579, 6
1580, 6
1581, 6
1582, 6
1583, 6
1584, 6
1585, 6
1586, 6
1587, 6
1588, 6
1589, 6
1590, 7
1591, 7
1592, 7
1593, 7
1594, 7
1595, 7
1596, 7
1597, 7
1598, 7
1599, 7
1600, 6
1601, 6
1602, 6
1603, 6
1604, 6
1605, 6
1606, 6
1607, 6
1608, 6
1609, 6
1610, 6
1611, 6
1612, 6
1613, 6
1614, 6
1615, 6
1616, 6
1617, 6
1618, 6
1619, 6
1620, 6
1621, 6
1622, 6
1623, 6
1624, 6
1625, 6
1626, 6
1627, 6
1628, 6
1629, 6
1630, 6
1631, 6
1632, 6
1633, 6
1634, 6
1635, 6
1636, 6
1637, 6
1638, 6
1639, 6
1640, 6
1641, 6
1642, 6
1643, 6
1644, 6
1645, 6
1646, 6
1647, 6
1648, 6
1649, 6
1650, 6
1651, 6
1652, 6
1653, 6
1654, 6
1655, 6
1656, 6
1657, 6
1658, 6
1659, 6
1660, 6
1661, 6
1662, 6
1663, 6
1664, 6
1665, 6
1666, 6
1667, 6
1668, 6
1669, 7
1670, 7
1671, 7
1672, 7
1673, 7
1674, 7
1675, 7
1676, 7
1677, 7
1678, 7
1679, 7
1680, 7
1681, 6
1682, 6
1683, 6
1684, 6
1685, 6
1686, 6
1687, 6
1688, 6
1689, 6
1690, 6
1691, 6
1692, 6
1693, 6
1694, 6
1695, 6
1696, 6
1697, 6
1698, 6
1699, 6
1700, 6
1701, 6
1702, 6
1703, 6
1704, 6
1705, 6
1706, 6
1707, 6
1708, 6
1709, 6
1710, 6
1711, 6
1712, 6
1713, 6
1714, 6
1715, 6
1716, 6
1717, 6
1718, 6
1719, 6
1720, 6
1721, 6
1722, 6
1723, 6
1724, 6
1725, 6
1726, 6
1727, 6
1728, 6
1729, 6
1730, 6
1731, 6
1732, 6
1733, 6
1734, 6
1735, 6
1736, 6
1737, 6
1738, 6
1739, 6
1740, 6
1741, 6
1742, 6
1743, 6
1744, 6
1745, 6
1746, 6
1747, 6
1748, 6
1749, 7
1750, 7
1751, 7
1752, 7
1753, 7
1754, 7
1755, 7
1756, 7
1757, 7
1758, 7
1759, 7
1760, 7
1761, 7
1762, 7
1763, 7
1764, 6
1765, 6
1766, 6
1767, 6
1768, 6
1769, 6
1770, 6
1771, 6
1772, 6
1773, 6
1774, 6
1775, 6
1776, 6
1777, 6
1778, 6
1779, 6
1780, 6
1781, 6
1782, 6
1783, 6
1784, 6
1785, 6
1786, 6
1787, 6
1788, 6
1789, 6
1790, 6
1791, 6
1792, 6
1793, 6
1794, 6
1795, 6
1796, 6
1797, 6
1798, 6
1799, 6
1800, 6
1801, 6
1802, 6
1803, 6
1804, 6
1805, 6
1806, 6
1807, 6
1808, 6
1809, 6
1810, 6
1811, 6
1812, 6
1813, 6
1814, 6
1815, 6
1816, 6
1817, 6
1818, 6
1819, 6
1820, 6
1821, 6
1822, 6
1823, 6
1824, 6
1825, 6
1826, 6
1827, 6
1828, 6
1829, 6
1830, 6
1831, 7
1832, 7
1833, 7
1834, 7
1835, 7
1836, 7
1837, 7
1838, 7
1839, 7
1840, 7
1841, 7
1842, 7
1843, 7
1844, 7
1845, 7
1846, 7
1847, 7
1848, 7
1849, 6
1850, 6
1851, 6
1852, 6
1853, 6
1854, 6
1855, 6
1856, 6
1857, 6
1858, 6
1859, 6
1860, 6
1861, 6
1862, 6
1863, 6
1864, 6
1865, 6
1866, 6
1867, 6
1868, 6
1869, 6
1870, 6
1871, 6
1872, 6
1873, 6
1874, 6
1875, 6
1876, 6
1877, 6
1878, 6
1879, 6
1880, 6
1881, 6
1882, 6
1883, 6
1884, 6
1885, 6
1886, 6
1887, 6
1888, 6
1889, 6
1890, 6
1891, 6
1892, 6
1893, 6
1894, 6
1895, 6
1896, 6
1897, 6
1898, 6
1899, 6
1900, 6
1901, 6
1902, 6
1903, 6
1904, 6
1905, 6
1906, 6
1907, 6
1908, 6
1909, 6
1910, 6
1911, 6
1912, 6
1913, 6
1914, 7
1915, 7
1916, 7
1917, 7
1918, 7
1919, 7
1920, 7
1921, 7
1922, 7
1923, 7
1924, 7
1925, 7
1926, 7
1927, 7
1928, 7
1929, 7
1930, 7
1931, 7
1932, 7
1933, 7
1934, 7
1935, 7
1936, 6
1937, 6
1938, 6
1939, 6
1940, 6
1941, 6
1942, 6
1943, 6
1944, 6
1945, 6
1946, 6
1947, 6
1948, 6
1949, 6
1950, 6
1951, 6
1952, 6
1953, 6
1954, 6
1955, 6
1956, 6
1957, 6
1958, 6
1959, 6
1960, 6
1961, 6
1962, 6
1963, 6
1964, 6
1965, 6
1966, 6
1967, 6
1968, 6
1969, 6
1970, 6
1971, 6
1972, 6
1973, 6
1974, 6
1975, 6
1976, 6
1977, 6
1978, 6
1979, 6
1980, 6
1981, 6
1982, 6
1983, 6
1984, 6
1985, 6
1986, 6
1987, 6
1988, 6
1989, 6
1990, 6
1991, 6
1992, 6
1993, 6
1994, 6
1995, 6
1996, 6
1997, 6
1998, 6
1999, 7
2000, 7
2001, 7
2002, 7
2003, 7
2004, 7
2005, 7
2006, 7
2007, 7
2008, 7
2009, 7
2010, 7
2011, 7
2012, 7
2013, 7
2014, 7
2015, 7
2016, 7
2017, 7
2018, 7
2019, 7
2020, 7
2021, 7
2022, 7
2023, 7
2024, 7
2025, 6
2026, 6
2027, 6
2028, 6
2029, 6
2030, 6
2031, 6
2032, 6
2033, 6
2034, 6
2035, 6
2036, 6
2037, 6
2038, 6
2039, 6
2040, 6
2041, 6
2042, 6
2043, 6
2044, 6
2045, 6
2046, 6
2047, 6
2048, 6
2049, 6
2050, 6
2051, 6
2052, 6
2053, 6
2054, 6
2055, 6
2056, 6
2057, 6
2058, 6
2059, 6
2060, 6
2061, 6
2062, 6
2063, 6
2064, 6
2065, 6
2066, 6
2067, 6
2068, 6
2069, 6
2070, 6
2071, 6
2072, 6
2073, 6
2074, 6
2075, 6
2076, 6
2077, 6
2078, 6
2079, 6
2080, 6
2081, 6
2082, 6
2083, 6
2084, 6
2085, 6
2086, 7
2087, 7
2088, 7
2089, 7
2090, 7
2091, 7
2092, 7
2093, 7
2094, 7
2095, 7
2096, 7
2097, 7
2098, 7
2099, 7
2100, 7
2101, 7
2102, 7
2103, 7
2104, 7
2105, 7
2106, 7
2107, 7
2108, 7
2109, 7
2110, 7
2111, 7
2112, 7
2113, 7
2114, 7
2115, 7
2116, 6
2117, 6
2118, 6
2119, 6
2120, 6
2121, 6
2122, 6
2123, 6
2124, 6
2125, 6
2126, 6
2127, 6
2128, 6
2129, 6
2130, 6
2131, 6
2132, 6
2133, 6
2134, 6
2135, 6
2136, 6
2137, 6
2138, 6
2139, 6
2140, 6
2141, 6
2142, 6
2143, 6
2144, 6
2145, 6
2146, 6
2147, 6
2148, 6
2149, 6
2150, 6
2151, 6
2152, 6
2153, 6
2154, 6
2155, 6
2156, 6
2157, 6
2158, 6
2159, 6
2160, 6
2161, 6
2162, 6
2163, 6
2164, 6
2165, 6
2166, 6
2167, 6
2168, 6
2169, 6
2170, 6
2171, 6
2172, 6
2173, 6
2174, 7
2175, 7
2176, 7
2177, 7
2178, 7
2179, 7
2180, 7
2181, 7
2182, 7
2183, 7
2184, 7
2185, 7
2186, 7
2187, 7
2188, 7
2189, 7
2190, 7
2191, 7
2192, 7
2193, 7
2194, 7
2195, 7
2196, 7
2197, 7
2198, 7
2199, 7
2200, 7
2201, 7
2202, 7
2203, 7
2204, 7
2205, 7
2206, 7
2207, 7
2208, 7
2209, 6
2210, 6
2211, 6
2212, 6
2213, 6
2214, 6
2215, 6
2216, 6
2217, 6
2218, 6
2219, 6
2220, 6
2221, 6
2222, 6
2223, 6
2224, 6
2225, 6
2226, 6
2227, 6
2228, 6
2229, 6
2230, 6
2231, 6
2232, 6
2233, 6
2234, 6
2235, 6
2236, 6
2237, 6
2238, 6
2239, 6
2240, 6
2241, 6
2242, 6
2243, 6
2244, 6
2245, 6
2246, 6
2247, 6
2248, 6
2249, 6
2250, 6
2251, 6
2252, 6
2253, 6
2254, 6
2255, 6
2256, 6
2257, 6
2258, 6
2259, 6
2260, 6
2261, 6
2262, 6
2263, 7
2264, 7
2265, 7
2266, 7
2267, 7
2268, 7
2269, 7
2270, 7
2271, 7
2272, 7
2273, 7
2274, 7
2275, 7
2276, 7
2277, 7
2278, 7
2279, 7
2280, 7
2281, 7
2282, 7
2283, 7
2284, 7
2285, 7
2286, 7
2287, 7
2288, 7
2289, 7
2290, 7
2291, 7
2292, 7
2293, 7
2294, 7
2295, 7
2296, 7
2297, 7
2298, 7
2299, 7
2300, 7
2301, 7
2302, 7
2303, 7
2304, 6
2305, 6
2306, 6
2307, 6
2308, 6
2309, 6
2310, 6
2311, 6
2312, 6
2313, 6
2314, 6
2315, 6
2316, 6
2317, 6
2318, 6
2319, 6
2320, 6
2321, 6
2322, 6
2323, 6
2324, 6
2325, 6
2326, 6
2327, 6
2328, 6
2329, 6
2330, 6
2331, 6
2332, 6
2333, 6
2334, 6
2335, 6
2336, 6
2337, 6
2338, 6
2339, 6
2340, 6
2341, 6
2342, 6
2343, 6
2344, 6
2345, 6
2346, 6
2347, 6
2348, 6
2349, 6
2350, 6
2351, 6
2352, 6
2353, 7
2354, 7
2355, 7
2356, 7
2357, 7
2358, 7
2359, 7
2360, 7
2361, 7
2362, 7
2363, 7
2364, 7
2365, 7
2366, 7
2367, 7
2368, 7
2369, 7
2370, 7
2371, 7
2372, 7
2373, 7
2374, 7
2375, 7
2376, 7
2377, 7
2378, 7
2379, 7
2380, 7
2381, 7
2382, 7
2383, 7
2384, 7
2385, 7
2386, 7
2387, 7
2388, 7
2389, 7
2390, 7
2391, 7
2392, 7
2393, 7
2394, 7
2395, 7
2396, 7
2397, 7
2398, 7
2399, 7
2400, 7
2401, 6
2402, 6
2403, 6
2404, 6
2405, 6
2406, 6
2407, 6
2408, 6
2409, 6
2410, 6
2411, 6
2412, 6
2413, 6
2414, 6
2415, 6
2416, 6
2417, 6
2418, 6
2419, 6
2420, 6
2421, 6
2422, 6
2423, 6
2424, 6
2425, 6
2426, 6
2427, 6
2428, 6
2429, 6
2430, 6
2431, 6
2432, 6
2433, 6
2434, 6
2435, 6
2436, 6
2437, 6
2438, 6
2439, 6
2440, 6
2441, 6
2442, 6
2443, 6
2444, 6
2445, 7
2446, 7
2447, 7
2448, 7
2449, 7
2450, 7
2451, 7
2452, 7
2453, 7
2454, 7
2455, 7
2456, 7
2457, 7
2458, 7
2459, 7
2460, 7
2461, 7
2462, 7
2463, 7
2464, 7
2465, 7
2466, 7
2467, 7
2468, 7
2469, 7
2470, 7
2471, 7
2472, 7
2473, 7
2474, 7
2475, 7
2476, 7
2477, 7
2478, 7
2479, 7
2480, 7
2481, 7
2482, 7
2483, 7
2484, 7
2485, 7
2486, 7
2487, 7
2488, 7
2489, 7
2490, 7
2491, 7
2492, 7
2493, 7
2494, 7
2495, 7
2496, 7
2497, 7
2498, 7
2499, 7
2500, 6
2501, 6
2502, 6
2503, 6
2504, 6
2505, 6
2506, 6
2507, 6
2508, 6
2509, 6
2510, 6
2511, 6
2512, 6
2513, 6
2514, 6
2515, 6
2516, 6
2517, 6
2518, 6
2519, 6
2520, 6
2521, 6
2522, 6
2523, 6
2524, 6
2525, 6
2526, 6
2527, 6
2528, 6
2529, 6
2530, 6
2531, 6
2532, 6
2533, 6
2534, 6
2535, 6
2536, 6
2537, 6
2538, 7
2539, 7
2540, 7
2541, 7
2542, 7
2543, 7
2544, 7
2545, 7
2546, 7
2547, 7
2548, 7
2549, 7
2550, 7
2551, 7
2552, 7
2553, 7
2554, 7
2555, 7
2556, 7
2557, 7
2558, 7
2559, 7
2560, 7
2561, 7
2562, 7
2563, 7
2564, 7
2565, 7
2566, 7
2567, 7
2568, 7
2569, 7
2570, 7
2571, 7
2572, 7
2573, 7
2574, 7
2575, 7
2576, 7
2577, 7
2578, 7
2579, 7
2580, 7
2581, 7
2582, 7
2583, 7
2584, 7
2585, 7
2586, 7
2587, 7
2588, 7
2589, 7
2590, 7
2591, 7
2592, 7
2593, 7
2594, 7
2595, 7
2596, 7
2597, 7
2598, 7
2599, 7
2600, 7
2601, 6
2602, 6
2603, 6
2604, 6
2605, 6
2606, 6
2607, 6
2608, 6
2609, 6
2610, 6
2611, 6
2612, 6
2613, 6
2614, 6
2615, 6
2616, 6
2617, 6
2618, 6
2619, 6
2620, 6
2621, 6
2622, 6
2623, 6
2624, 6
2625, 6
2626, 6
2627, 6
2628, 6
2629, 6
2630, 6
2631, 6
2632, 7
2633, 7
2634, 7
2635, 7
2636, 7
2637, 7
2638, 7
2639, 7
2640, 7
2641, 7
2642, 7
2643, 7
2644, 7
2645, 7
2646, 7
2647, 7
2648, 7
2649, 7
2650, 7
2651, 7
2652, 7
2653, 7
2654, 7
2655, 7
2656, 7
2657, 7
2658, 7
2659, 7
2660, 7
2661, 7
2662, 7
2663, 7
2664, 7
2665, 7
2666, 7
2667, 7
2668, 7
2669, 7
2670, 7
2671, 7
2672, 7
2673, 7
2674, 7
2675, 7
2676, 7
2677, 7
2678, 7
2679, 7
2680, 7
2681, 7
2682, 7
2683, 7
2684, 7
2685, 7
2686, 7
2687, 7
2688, 7
2689, 7
2690, 7
2691, 7
2692, 7
2693, 7
2694, 7
2695, 7
2696, 7
2697, 7
2698, 7
2699, 7
2700, 7
2701, 7
2702, 7
2703, 7
2704, 6
2705, 6
2706, 6
2707, 6
2708, 6
2709, 6
2710, 6
2711, 6
2712, 6
2713, 6
2714, 6
2715, 6
2716, 6
2717, 6
2718, 6
2719, 6
2720, 6
2721, 6
2722, 6
2723, 6
2724, 6
2725, 6
2726, 6
2727, 6
2728, 7
2729, 7
2730, 7
2731, 7
2732, 7
2733, 7
2734, 7
2735, 7
2736, 7
2737, 7
2738, 7
2739, 7
2740, 7
2741, 7
2742, 7
2743, 7
2744, 7
2745, 7
2746, 7
2747, 7
2748, 7
2749, 7
2750, 7
2751, 7
2752, 7
2753, 7
2754, 7
2755, 7
2756, 7
2757, 7
2758, 7
2759, 7
2760, 7
2761, 7
2762, 7
2763, 7
2764, 7
2765, 7
2766, 7
2767, 7
2768, 7
2769, 7
2770, 7
2771, 7
2772, 7
2773, 7
2774, 7
2775, 7
2776, 7
2777, 7
2778, 7
2779, 7
2780, 7
2781, 7
2782, 7
2783, 7
2784, 7
2785, 7
2786, 7
2787, 7
2788, 7
2789, 7
2790, 7
2791, 7
2792, 7
2793, 7
2794, 7
2795, 7
2796, 7
2797, 7
2798, 7
2799, 7
2800, 7
2801, 7
2802, 7
2803, 7
2804, 7
2805, 7
2806, 7
2807, 7
2808, 7
2809, 6
2810, 6
2811, 6
2812, 6
2813, 6
2814, 6
2815, 6
2816, 6
2817, 6
2818, 6
2819, 6
2820, 6
2821, 6
2822, 6
2823, 6
2824, 7
2825, 7
2826, 7
2827, 7
2828, 7
2829, 7
2830, 7
2831, 7
2832, 7
2833, 7
2834, 7
2835, 7
2836, 7
2837, 7
2838, 7
2839, 7
2840, 7
2841, 7
2842, 7
2843, 7
2844, 7
2845, 7
2846, 7
2847, 7
2848, 7
2849, 7
2850, 7
2851, 7
2852, 7
2853, 7
2854, 7
2855, 7
2856, 7
2857, 7
2858, 7
2859, 7
2860, 7
2861, 7
2862, 7
2863, 7
2864, 7
2865, 7
2866, 7
2867, 7
2868, 7
2869, 7
2870, 7
2871, 7
2872, 7
2873, 7
2874, 7
2875, 7
2876, 7
2877, 7
2878, 7
2879, 7
2880, 7
2881, 7
2882, 7
2883, 7
2884, 7
2885, 7
2886, 7
2887, 7
2888, 7
2889, 7
2890, 7
2891, 7
2892, 7
2893, 7
2894, 7
2895, 7
2896, 7
2897, 7
2898, 7
2899, 7
2900, 7
2901, 7
2902, 7
2903, 7
2904, 7
2905, 7
2906, 7
2907, 7
2908, 7
2909, 7
2910, 7
2911, 7
2912, 7
2913, 7
2914, 7
2915, 7
2916, 6
2917, 6
2918, 6
2919, 6
2920, 6
2921, 6
2922, 7
2923, 7
2924, 7
2925, 7
2926, 7
2927, 7
2928, 7
2929, 7
2930, 7
2931, 7
2932, 7
2933, 7
2934, 7
2935, 7
2936, 7
2937, 7
2938, 7
2939, 7
2940, 7
2941, 7
2942, 7
2943, 7
2944, 7
2945, 7
2946, 7
2947, 7
2948, 7
2949, 7
2950, 7
2951, 7
2952, 7
2953, 7
2954, 7
2955, 7
2956, 7
2957, 7
2958, 7
2959, 7
2960, 7
2961, 7
2962, 7
2963, 7
2964, 7
2965, 7
2966, 7
2967, 7
2968, 7
2969, 7
2970, 7
2971, 7
2972, 7
2973, 7
2974, 7
2975, 7
2976, 7
2977, 7
2978, 7
2979, 7
2980, 7
2981, 7
2982, 7
2983, 7
2984, 7
2985, 7
2986, 7
2987, 7
2988, 7
2989, 7
2990, 7
2991, 7
2992, 7
2993, 7
2994, 7
2995, 7
2996, 7
2997, 7
2998, 7
2999, 7
3000, 7
3001, 7
3002, 7
3003, 7
3004, 7
3005, 7
3006, 7
3007, 7
3008, 7
3009, 7
3010, 7
3011, 7
3012, 7
3013, 7
3014, 7
3015, 7
3016, 7
3017, 7
3018, 7
3019, 7
3020, 7
3021, 7
3022, 7
3023, 7
3024, 8
3025, 7
3026, 7
3027, 7
3028, 7
3029, 7
3030, 7
3031, 7
3032, 7
3033, 7
3034, 7
3035, 7
3036, 7
3037, 7
3038, 7
3039, 7
3040, 7
3041, 7
3042, 7
3043, 7
3044, 7
3045, 7
3046, 7
3047, 7
3048, 7
3049, 7
3050, 7
3051, 7
3052, 7
3053, 7
3054, 7
3055, 7
3056, 7
3057, 7
3058, 7
3059, 7
3060, 7
3061, 7
3062, 7
3063, 7
3064, 7
3065, 7
3066, 7
3067, 7
3068, 7
3069, 7
3070, 7
3071, 7
3072, 7
3073, 7
3074, 7
3075, 7
3076, 7
3077, 7
3078, 7
3079, 7
3080, 7
3081, 7
3082, 7
3083, 7
3084, 7
3085, 7
3086, 7
3087, 7
3088, 7
3089, 7
3090, 7
3091, 7
3092, 7
3093, 7
3094, 7
3095, 7
3096, 7
3097, 7
3098, 7
3099, 7
3100, 7
3101, 7
3102, 7
3103, 7
3104, 7
3105, 7
3106, 7
3107, 7
3108, 7
3109, 7
3110, 7
3111, 7
3112, 7
3113, 7
3114, 7
3115, 7
3116, 7
3117, 7
3118, 7
3119, 7
3120, 7
3121, 7
3122, 7
3123, 7
3124, 7
3125, 7
3126, 7
3127, 7
3128, 7
3129, 7
3130, 7
3131, 7
3132, 7
3133, 7
3134, 7
3135, 8
3136, 7
3137, 7
3138, 7
3139, 7
3140, 7
3141, 7
3142, 7
3143, 7
3144, 7
3145, 7
3146, 7
3147, 7
3148, 7
3149, 7
3150, 7
3151, 7
3152, 7
3153, 7
3154, 7
3155, 7
3156, 7
3157, 7
3158, 7
3159, 7
3160, 7
3161, 7
3162, 7
3163, 7
3164, 7
3165, 7
3166, 7
3167, 7
3168, 7
3169, 7
3170, 7
3171, 7
3172, 7
3173, 7
3174, 7
3175, 7
3176, 7
3177, 7
3178, 7
3179, 7
3180, 7
3181, 7
3182, 7
3183, 7
3184, 7
3185, 7
3186, 7
3187, 7
3188, 7
3189, 7
3190, 7
3191, 7
3192, 7
3193, 7
3194, 7
3195, 7
3196, 7
3197, 7
3198, 7
3199, 7
3200, 7
3201, 7
3202, 7
3203, 7
3204, 7
3205, 7
3206, 7
3207, 7
3208, 7
3209, 7
3210, 7
3211, 7
3212, 7
3213, 7
3214, 7
3215, 7
3216, 7
3217, 7
3218, 7
3219, 7
3220, 7
3221, 7
3222, 7
3223, 7
3224, 7
3225, 7
3226, 7
3227, 7
3228, 7
3229, 7
3230, 7
3231, 7
3232, 7
3233, 7
3234, 7
3235, 7
3236, 7
3237, 7
3238, 7
3239, 7
3240, 7
3241, 7
3242, 7
3243, 7
3244, 7
3245, 7
3246, 7
3247, 7
3248, 8
3249, 7
3250, 7
3251, 7
3252, 7
3253, 7
3254, 7
3255, 7
3256, 7
3257, 7
3258, 7
3259, 7
3260, 7
3261, 7
3262, 7
3263, 7
3264, 7
3265, 7
3266, 7
3267, 7
3268, 7
3269, 7
3270, 7
3271, 7
3272, 7
3273, 7
3274, 7
3275, 7
3276, 7
3277, 7
3278, 7
3279, 7
3280, 7
3281, 7
3282, 7
3283, 7
3284, 7
3285, 7
3286, 7
3287, 7
3288, 7
3289, 7
3290, 7
3291, 7
3292, 7
3293, 7
3294, 7
3295, 7
3296, 7
3297, 7
3298, 7
3299, 7
3300, 7
3301, 7
3302, 7
3303, 7
3304, 7
3305, 7
3306, 7
3307, 7
3308, 7
3309, 7
3310, 7
3311, 7
3312, 7
3313, 7
3314, 7
3315, 7
3316, 7
3317, 7
3318, 7
3319, 7
3320, 7
3321, 7
3322, 7
3323, 7
3324, 7
3325, 7
3326, 7
3327, 7
3328, 7
3329, 7
3330, 7
3331, 7
3332, 7
3333, 7
3334, 7
3335, 7
3336, 7
3337, 7
3338, 7
3339, 7
3340, 7
3341, 7
3342, 7
3343, 7
3344, 7
3345, 7
3346, 7
3347, 7
3348, 7
3349, 7
3350, 7
3351, 7
3352, 7
3353, 7
3354, 7
3355, 7
3356, 7
3357, 7
3358, 7
3359, 7
3360, 7
3361, 7
3362, 7
3363, 8
3364, 7
3365, 7
3366, 7
3367, 7
3368, 7
3369, 7
3370, 7
3371, 7
3372, 7
3373, 7
3374, 7
3375, 7
3376, 7
3377, 7
3378, 7
3379, 7
3380, 7
3381, 7
3382, 7
3383, 7
3384, 7
3385, 7
3386, 7
3387, 7
3388, 7
3389, 7
3390, 7
3391, 7
3392, 7
3393, 7
3394, 7
3395, 7
3396, 7
3397, 7
3398, 7
3399, 7
3400, 7
3401, 7
3402, 7
3403, 7
3404, 7
3405, 7
3406, 7
3407, 7
3408, 7
3409, 7
3410, 7
3411, 7
3412, 7
3413, 7
3414, 7
3415, 7
3416, 7
3417, 7
3418, 7
3419, 7
3420, 7
3421, 7
3422, 7
3423, 7
3424, 7
3425, 7
3426, 7
3427, 7
3428, 7
3429, 7
3430, 7
3431, 7
3432, 7
3433, 7
3434, 7
3435, 7
3436, 7
3437, 7
3438, 7
3439, 7
3440, 7
3441, 7
3442, 7
3443, 7
3444, 7
3445, 7
3446, 7
3447, 7
3448, 7
3449, 7
3450, 7
3451, 7
3452, 7
3453, 7
3454, 7
3455, 7
3456, 7
3457, 7
3458, 7
3459, 7
3460, 7
3461, 7
3462, 7
3463, 7
3464, 7
3465, 7
3466, 7
3467, 7
3468, 7
3469, 7
3470, 7
3471, 7
3472, 7
3473, 7
3474, 7
3475, 7
3476, 7
3477, 7
3478, 7
3479, 8
3480, 8
3481, 7
3482, 7
3483, 7
3484, 7
3485, 7
3486, 7
3487, 7
3488, 7
3489, 7
3490, 7
3491, 7
3492, 7
3493, 7
3494, 7
3495, 7
3496, 7
3497, 7
3498, 7
3499, 7
3500, 7
3501, 7
3502, 7
3503, 7
3504, 7
3505, 7
3506, 7
3507, 7
3508, 7
3509, 7
3510, 7
3511, 7
3512, 7
3513, 7
3514, 7
3515, 7
3516, 7
3517, 7
3518, 7
3519, 7
3520, 7
3521, 7
3522, 7
3523, 7
3524, 7
3525, 7
3526, 7
3527, 7
3528, 7
3529, 7
3530, 7
3531, 7
3532, 7
3533, 7
3534, 7
3535, 7
3536, 7
3537, 7
3538, 7
3539, 7
3540, 7
3541, 7
3542, 7
3543, 7
3544, 7
3545, 7
3546, 7
3547, 7
3548, 7
3549, 7
3550, 7
3551, 7
3552, 7
3553, 7
3554, 7
3555, 7
3556, 7
3557, 7
3558, 7
3559, 7
3560, 7
3561, 7
3562, 7
3563, 7
3564, 7
3565, 7
3566, 7
3567, 7
3568, 7
3569, 7
3570, 7
3571, 7
3572, 7
3573, 7
3574, 7
3575, 7
3576, 7
3577, 7
3578, 7
3579, 7
3580, 7
3581, 7
3582, 7
3583, 7
3584, 7
3585, 7
3586, 7
3587, 7
3588, 7
3589, 7
3590, 7
3591, 7
3592, 7
3593, 7
3594, 7
3595, 7
3596, 7
3597, 7
3598, 8
3599, 8
3600, 7
3601, 7
3602, 7
3603, 7
3604, 7
3605, 7
3606, 7
3607, 7
3608, 7
3609, 7
3610, 7
3611, 7
3612, 7
3613, 7
3614, 7
3615, 7
3616, 7
3617, 7
3618, 7
3619, 7
3620, 7
3621, 7
3622, 7
3623, 7
3624, 7
3625, 7
3626, 7
3627, 7
3628, 7
3629, 7
3630, 7
3631, 7
3632, 7
3633, 7
3634, 7
3635, 7
3636, 7
3637, 7
3638, 7
3639, 7
3640, 7
3641, 7
3642, 7
3643, 7
3644, 7
3645, 7
3646, 7
3647, 7
3648, 7
3649, 7
3650, 7
3651, 7
3652, 7
3653, 7
3654, 7
3655, 7
3656, 7
3657, 7
3658, 7
3659, 7
3660, 7
3661, 7
3662, 7
3663, 7
3664, 7
3665, 7
3666, 7
3667, 7
3668, 7
3669, 7
3670, 7
3671, 7
3672, 7
3673, 7
3674, 7
3675, 7
3676, 7
3677, 7
3678, 7
3679, 7
3680, 7
3681, 7
3682, 7
3683, 7
3684, 7
3685, 7
3686, 7
3687, 7
3688, 7
3689, 7
3690, 7
3691, 7
3692, 7
3693, 7
3694, 7
3695, 7
3696, 7
3697, 7
3698, 7
3699, 7
3700, 7
3701, 7
3702, 7
3703, 7
3704, 7
3705, 7
3706, 7
3707, 7
3708, 7
3709, 7
3710, 7
3711, 7
3712, 7
3713, 7
3714, 7
3715, 7
3716, 7
3717, 7
3718, 8
3719, 8
3720, 8
3721, 7
3722, 7
3723, 7
3724, 7
3725, 7
3726, 7
3727, 7
3728, 7
3729, 7
3730, 7
3731, 7
3732, 7
3733, 7
3734, 7
3735, 7
3736, 7
3737, 7
3738, 7
3739, 7
3740, 7
3741, 7
3742, 7
3743, 7
3744, 7
3745, 7
3746, 7
3747, 7
3748, 7
3749, 7
3750, 7
3751, 7
3752, 7
3753, 7
3754, 7
3755, 7
3756, 7
3757, 7
3758, 7
3759, 7
3760, 7
3761, 7
3762, 7
3763, 7
3764, 7
3765, 7
3766, 7
3767, 7
3768, 7
3769, 7
3770, 7
3771, 7
3772, 7
3773, 7
3774, 7
3775, 7
3776, 7
3777, 7
3778, 7
3779, 7
3780, 7
3781, 7
3782, 7
3783, 7
3784, 7
3785, 7
3786, 7
3787, 7
3788, 7
3789, 7
3790, 7
3791, 7
3792, 7
3793, 7
3794, 7
3795, 7
3796, 7
3797, 7
3798, 7
3799, 7
3800, 7
3801, 7
3802, 7
3803, 7
3804, 7
3805, 7
3806, 7
3807, 7
3808, 7
3809, 7
3810, 7
3811, 7
3812, 7
3813, 7
3814, 7
3815, 7
3816, 7
3817, 7
3818, 7
3819, 7
3820, 7
3821, 7
3822, 7
3823, 7
3824, 7
3825, 7
3826, 7
3827, 7
3828, 7
3829, 7
3830, 7
3831, 7
3832, 7
3833, 7
3834, 7
3835, 7
3836, 7
3837, 7
3838, 7
3839, 7
3840, 7
3841, 8
3842, 8
3843, 8
3844, 7
3845, 7
3846, 7
3847, 7
3848, 7
3849, 7
3850, 7
3851, 7
3852, 7
3853, 7
3854, 7
3855, 7
3856, 7
3857, 7
3858, 7
3859, 7
3860, 7
3861, 7
3862, 7
3863, 7
3864, 7
3865, 7
3866, 7
3867, 7
3868, 7
3869, 7
3870, 7
3871, 7
3872, 7
3873, 7
3874, 7
3875, 7
3876, 7
3877, 7
3878, 7
3879, 7
3880, 7
3881, 7
3882, 7
3883, 7
3884, 7
3885, 7
3886, 7
3887, 7
3888, 7
3889, 7
3890, 7
3891, 7
3892, 7
3893, 7
3894, 7
3895, 7
3896, 7
3897, 7
3898, 7
3899, 7
3900, 7
3901, 7
3902, 7
3903, 7
3904, 7
3905, 7
3906, 7
3907, 7
3908, 7
3909, 7
3910, 7
3911, 7
3912, 7
3913, 7
3914, 7
3915, 7
3916, 7
3917, 7
3918, 7
3919, 7
3920, 7
3921, 7
3922, 7
3923, 7
3924, 7
3925, 7
3926, 7
3927, 7
3928, 7
3929, 7
3930, 7
3931, 7
3932, 7
3933, 7
3934, 7
3935, 7
3936, 7
3937, 7
3938, 7
3939, 7
3940, 7
3941, 7
3942, 7
3943, 7
3944, 7
3945, 7
3946, 7
3947, 7
3948, 7
3949, 7
3950, 7
3951, 7
3952, 7
3953, 7
3954, 7
3955, 7
3956, 7
3957, 7
3958, 7
3959, 7
3960, 7
3961, 7
3962, 7
3963, 7
3964, 7
3965, 8
3966, 8
3967, 8
3968, 8
3969, 7
3970, 7
3971, 7
3972, 7
3973, 7
3974, 7
3975, 7
3976, 7
3977, 7
3978, 7
3979, 7
3980, 7
3981, 7
3982, 7
3983, 7
3984, 7
3985, 7
3986, 7
3987, 7
3988, 7
3989, 7
3990, 7
3991, 7
3992, 7
3993, 7
3994, 7
3995, 7
3996, 7
3997, 7
3998, 7
3999, 7
4000, 7
4001, 7
4002, 7
4003, 7
4004, 7
4005, 7
4006, 7
4007, 7
4008, 7
4009, 7
4010, 7
4011, 7
4012, 7
4013, 7
4014, 7
4015, 7
4016, 7
4017, 7
4018, 7
4019, 7
4020, 7
4021, 7
4022, 7
4023, 7
4024, 7
4025, 7
4026, 7
4027, 7
4028, 7
4029, 7
4030, 7
4031, 7
4032, 7
4033, 7
4034, 7
4035, 7
4036, 7
4037, 7
4038, 7
4039, 7
4040, 7
4041, 7
4042, 7
4043, 7
4044, 7
4045, 7
4046, 7
4047, 7
4048, 7
4049, 7
4050, 7
4051, 7
4052, 7
4053, 7
4054, 7
4055, 7
4056, 7
4057, 7
4058, 7
4059, 7
4060, 7
4061, 7
4062, 7
4063, 7
4064, 7
4065, 7
4066, 7
4067, 7
4068, 7
4069, 7
4070, 7
4071, 7
4072, 7
4073, 7
4074, 7
4075, 7
4076, 7
4077, 7
4078, 7
4079, 7
4080, 7
4081, 7
4082, 7
4083, 7
4084, 7
4085, 7
4086, 7
4087, 7
4088, 7
4089, 7
4090, 7
4091, 8
4092, 8
4093, 8
4094, 8
4095, 8
4096, 7
4097, 7
4098, 7
4099, 7
4100, 7
4101, 7
4102, 7
4103, 7
4104, 7
4105, 7
4106, 7
4107, 7
4108, 7
4109, 7
4110, 7
4111, 7
4112, 7
4113, 7
4114, 7
4115, 7
4116, 7
4117, 7
4118, 7
4119, 7
4120, 7
4121, 7
4122, 7
4123, 7
4124, 7
4125, 7
4126, 7
4127, 7
4128, 7
4129, 7
4130, 7
4131, 7
4132, 7
4133, 7
4134, 7
4135, 7
4136, 7
4137, 7
4138, 7
4139, 7
4140, 7
4141, 7
4142, 7
4143, 7
4144, 7
4145, 7
4146, 7
4147, 7
4148, 7
4149, 7
4150, 7
4151, 7
4152, 7
4153, 7
4154, 7
4155, 7
4156, 7
4157, 7
4158, 7
4159, 7
4160, 7
4161, 7
4162, 7
4163, 7
4164, 7
4165, 7
4166, 7
4167, 7
4168, 7
4169, 7
4170, 7
4171, 7
4172, 7
4173, 7
4174, 7
4175, 7
4176, 7
4177, 7
4178, 7
4179, 7
4180, 7
4181, 7
4182, 7
4183, 7
4184, 7
4185, 7
4186, 7
4187, 7
4188, 7
4189, 7
4190, 7
4191, 7
4192, 7
4193, 7
4194, 7
4195, 7
4196, 7
4197, 7
4198, 7
4199, 7
4200, 7
4201, 7
4202, 7
4203, 7
4204, 7
4205, 7
4206, 7
4207, 7
4208, 7
4209, 7
4210, 7
4211, 7
4212, 7
4213, 7
4214, 7
4215, 7
4216, 7
4217, 7
4218, 7
4219, 8
4220, 8
4221, 8
4222, 8
4223, 8
4224, 8
4225, 7
4226, 7
4227, 7
4228, 7
4229, 7
4230, 7
4231, 7
4232, 7
4233, 7
4234, 7
4235, 7
4236, 7
4237, 7
4238, 7
4239, 7
4240, 7
4241, 7
4242, 7
4243, 7
4244, 7
4245, 7
4246, 7
4247, 7
4248, 7
4249, 7
4250, 7
4251, 7
4252, 7
4253, 7
4254, 7
4255, 7
4256, 7
4257, 7
4258, 7
4259, 7
4260, 7
4261, 7
4262, 7
4263, 7
4264, 7
4265, 7
4266, 7
4267, 7
4268, 7
4269, 7
4270, 7
4271, 7
4272, 7
4273, 7
4274, 7
4275, 7
4276, 7
4277, 7
4278, 7
4279, 7
4280, 7
4281, 7
4282, 7
4283, 7
4284, 7
4285, 7
4286, 7
4287, 7
4288, 7
4289, 7
4290, 7
4291, 7
4292, 7
4293, 7
4294, 7
4295, 7
4296, 7
4297, 7
4298, 7
4299, 7
4300, 7
4301, 7
4302, 7
4303, 7
4304, 7
4305, 7
4306, 7
4307, 7
4308, 7
4309, 7
4310, 7
4311, 7
4312, 7
4313, 7
4314, 7
4315, 7
4316, 7
4317, 7
4318, 7
4319, 7
4320, 7
4321, 7
4322, 7
4323, 7
4324, 7
4325, 7
4326, 7
4327, 7
4328, 7
4329, 7
4330, 7
4331, 7
4332, 7
4333, 7
4334, 7
4335, 7
4336, 7
4337, 7
4338, 7
4339, 7
4340, 7
4341, 7
4342, 7
4343, 7
4344, 7
4345, 7
4346, 7
4347, 7
4348, 7
4349, 8
4350, 8
4351, 8
4352, 8
4353, 8
4354, 8
4355, 8
4356, 7
4357, 7
4358, 7
4359, 7
4360, 7
4361, 7
4362, 7
4363, 7
4364, 7
4365, 7
4366, 7
4367, 7
4368, 7
4369, 7
4370, 7
4371, 7
4372, 7
4373, 7
4374, 7
4375, 7
4376, 7
4377, 7
4378, 7
4379, 7
4380, 7
4381, 7
4382, 7
4383, 7
4384, 7
4385, 7
4386, 7
4387, 7
4388, 7
4389, 7
4390, 7
4391, 7
4392, 7
4393, 7
4394, 7
4395, 7
4396, 7
4397, 7
4398, 7
4399, 7
4400, 7
4401, 7
4402, 7
4403, 7
4404, 7
4405, 7
4406, 7
4407, 7
4408, 7
4409, 7
4410, 7
4411, 7
4412, 7
4413, 7
4414, 7
4415, 7
4416, 7
4417, 7
4418, 7
4419, 7
4420, 7
4421, 7
4422, 7
4423, 7
4424, 7
4425, 7
4426, 7
4427, 7
4428, 7
4429, 7
4430, 7
4431, 7
4432, 7
4433, 7
4434, 7
4435, 7
4436, 7
4437, 7
4438, 7
4439, 7
4440, 7
4441, 7
4442, 7
4443, 7
4444, 7
4445, 7
4446, 7
4447, 7
4448, 7
4449, 7
4450, 7
4451, 7
4452, 7
4453, 7
4454, 7
4455, 7
4456, 7
4457, 7
4458, 7
4459, 7
4460, 7
4461, 7
4462, 7
4463, 7
4464, 7
4465, 7
4466, 7
4467, 7
4468, 7
4469, 7
4470, 7
4471, 7
4472, 7
4473, 7
4474, 7
4475, 7
4476, 7
4477, 7
4478, 7
4479, 7
4480, 7
4481, 8
4482, 8
4483, 8
4484, 8
4485, 8
4486, 8
4487, 8
4488, 8
4489, 7
4490, 7
4491, 7
4492, 7
4493, 7
4494, 7
4495, 7
4496, 7
4497, 7
4498, 7
4499, 7
4500, 7
4501, 7
4502, 7
4503, 7
4504, 7
4505, 7
4506, 7
4507, 7
4508, 7
4509, 7
4510, 7
4511, 7
4512, 7
4513, 7
4514, 7
4515, 7
4516, 7
4517, 7
4518, 7
4519, 7
4520, 7
4521, 7
4522, 7
4523, 7
4524, 7
4525, 7
4526, 7
4527, 7
4528, 7
4529, 7
4530, 7
4531, 7
4532, 7
4533, 7
4534, 7
4535, 7
4536, 7
4537, 7
4538, 7
4539, 7
4540, 7
4541, 7
4542, 7
4543, 7
4544, 7
4545, 7
4546, 7
4547, 7
4548, 7
4549, 7
4550, 7
4551, 7
4552, 7
4553, 7
4554, 7
4555, 7
4556, 7
4557, 7
4558, 7
4559, 7
4560, 7
4561, 7
4562, 7
4563, 7
4564, 7
4565, 7
4566, 7
4567, 7
4568, 7
4569, 7
4570, 7
4571, 7
4572, 7
4573, 7
4574, 7
4575, 7
4576, 7
4577, 7
4578, 7
4579, 7
4580, 7
4581, 7
4582, 7
4583, 7
4584, 7
4585, 7
4586, 7
4587, 7
4588, 7
4589, 7
4590, 7
4591, 7
4592, 7
4593, 7
4594, 7
4595, 7
4596, 7
4597, 7
4598, 7
4599, 7
4600, 7
4601, 7
4602, 7
4603, 7
4604, 7
4605, 7
4606, 7
4607, 7
4608, 7
4609, 7
4610, 7
4611, 7
4612, 7
4613, 7
4614, 7
4615, 8
4616, 8
4617, 8
4618, 8
4619, 8
4620, 8
4621, 8
4622, 8
4623, 8
4624, 7
4625, 7
4626, 7
4627, 7
4628, 7
4629, 7
4630, 7
4631, 7
4632, 7
4633, 7
4634, 7
4635, 7
4636, 7
4637, 7
4638, 7
4639, 7
4640, 7
4641, 7
4642, 7
4643, 7
4644, 7
4645, 7
4646, 7
4647, 7
4648, 7
4649, 7
4650, 7
4651, 7
4652, 7
4653, 7
4654, 7
4655, 7
4656, 7
4657, 7
4658, 7
4659, 7
4660, 7
4661, 7
4662, 7
4663, 7
4664, 7
4665, 7
4666, 7
4667, 7
4668, 7
4669, 7
4670, 7
4671, 7
4672, 7
4673, 7
4674, 7
4675, 7
4676, 7
4677, 7
4678, 7
4679, 7
4680, 7
4681, 7
4682, 7
4683, 7
4684, 7
4685, 7
4686, 7
4687, 7
4688, 7
4689, 7
4690, 7
4691, 7
4692, 7
4693, 7
4694, 7
4695, 7
4696, 7
4697, 7
4698, 7
4699, 7
4700, 7
4701, 7
4702, 7
4703, 7
4704, 7
4705, 7
4706, 7
4707, 7
4708, 7
4709, 7
4710, 7
4711, 7
4712, 7
4713, 7
4714, 7
4715, 7
4716, 7
4717, 7
4718, 7
4719, 7
4720, 7
4721, 7
4722, 7
4723, 7
4724, 7
4725, 7
4726, 7
4727, 7
4728, 7
4729, 7
4730, 7
4731, 7
4732, 7
4733, 7
4734, 7
4735, 7
4736, 7
4737, 7
4738, 7
4739, 7
4740, 7
4741, 7
4742, 7
4743, 7
4744, 7
4745, 7
4746, 7
4747, 7
4748, 7
4749, 7
4750, 8
4751, 8
4752, 8
4753, 8
4754, 8
4755, 8
4756, 8
4757, 8
4758, 8
4759, 8
4760, 8
4761, 7
4762, 7
4763, 7
4764, 7
4765, 7
4766, 7
4767, 7
4768, 7
4769, 7
4770, 7
4771, 7
4772, 7
4773, 7
4774, 7
4775, 7
4776, 7
4777, 7
4778, 7
4779, 7
4780, 7
4781, 7
4782, 7
4783, 7
4784, 7
4785, 7
4786, 7
4787, 7
4788, 7
4789, 7
4790, 7
4791, 7
4792, 7
4793, 7
4794, 7
4795, 7
4796, 7
4797, 7
4798, 7
4799, 7
4800, 7
4801, 7
4802, 7
4803, 7
4804, 7
4805, 7
4806, 7
4807, 7
4808, 7
4809, 7
4810, 7
4811, 7
4812, 7
4813, 7
4814, 7
4815, 7
4816, 7
4817, 7
4818, 7
4819, 7
4820, 7
4821, 7
4822, 7
4823, 7
4824, 7
4825, 7
4826, 7
4827, 7
4828, 7
4829, 7
4830, 7
4831, 7
4832, 7
4833, 7
4834, 7
4835, 7
4836, 7
4837, 7
4838, 7
4839, 7
4840, 7
4841, 7
4842, 7
4843, 7
4844, 7
4845, 7
4846, 7
4847, 7
4848, 7
4849, 7
4850, 7
4851, 7
4852, 7
4853, 7
4854, 7
4855, 7
4856, 7
4857, 7
4858, 7
4859, 7
4860, 7
4861, 7
4862, 7
4863, 7
4864, 7
4865, 7
4866, 7
4867, 7
4868, 7
4869, 7
4870, 7
4871, 7
4872, 7
4873, 7
4874, 7
4875, 7
4876, 7
4877, 7
4878, 7
4879, 7
4880, 7
4881, 7
4882, 7
4883, 7
4884, 7
4885, 7
4886, 7
4887, 7
4888, 8
4889, 8
4890, 8
4891, 8
4892, 8
4893, 8
4894, 8
4895, 8
4896, 8
4897, 8
4898, 8
4899, 8
4900, 7
4901, 7
4902, 7
4903, 7
4904, 7
4905, 7
4906, 7
4907, 7
4908, 7
4909, 7
4910, 7
4911, 7
4912, 7
4913, 7
4914, 7
4915, 7
4916, 7
4917, 7
4918, 7
4919, 7
4920, 7
4921, 7
4922, 7
4923, 7
4924, 7
4925, 7
4926, 7
4927, 7
4928, 7
4929, 7
4930, 7
4931, 7
4932, 7
4933, 7
4934, 7
4935, 7
4936, 7
4937, 7
4938, 7
4939, 7
4940, 7
4941, 7
4942, 7
4943, 7
4944, 7
4945, 7
4946, 7
4947, 7
4948, 7
4949, 7
4950, 7
4951, 7
4952, 7
4953, 7
4954, 7
4955, 7
4956, 7
4957, 7
4958, 7
4959, 7
4960, 7
4961, 7
4962, 7
4963, 7
4964, 7
4965, 7
4966, 7
4967, 7
4968, 7
4969, 7
4970, 7
4971, 7
4972, 7
4973, 7
4974, 7
4975, 7
4976, 7
4977, 7
4978, 7
4979, 7
4980, 7
4981, 7
4982, 7
4983, 7
4984, 7
4985, 7
4986, 7
4987, 7
4988, 7
4989, 7
4990, 7
4991, 7
4992, 7
4993, 7
4994, 7
4995, 7
4996, 7
4997, 7
4998, 7
4999, 7
5000, 7
5001, 7
5002, 7
5003, 7
5004, 7
5005, 7
5006, 7
5007, 7
5008, 7
5009, 7
5010, 7
5011, 7
5012, 7
5013, 7
5014, 7
5015, 7
5016, 7
5017, 7
5018, 7
5019, 7
5020, 7
5021, 7
5022, 7
5023, 7
5024, 7
5025, 7
5026, 7
5027, 8
5028, 8
5029, 8
5030, 8
5031, 8
5032, 8
5033, 8
5034, 8
5035, 8
5036, 8
5037, 8
5038, 8
5039, 8
5040, 8
5041, 7
5042, 7
5043, 7
5044, 7
5045, 7
5046, 7
5047, 7
5048, 7
5049, 7
5050, 7
5051, 7
5052, 7
5053, 7
5054, 7
5055, 7
5056, 7
5057, 7
5058, 7
5059, 7
5060, 7
5061, 7
5062, 7
5063, 7
5064, 7
5065, 7
5066, 7
5067, 7
5068, 7
5069, 7
5070, 7
5071, 7
5072, 7
5073, 7
5074, 7
5075, 7
5076, 7
5077, 7
5078, 7
5079, 7
5080, 7
5081, 7
5082, 7
5083, 7
5084, 7
5085, 7
5086, 7
5087, 7
5088, 7
5089, 7
5090, 7
5091, 7
5092, 7
5093, 7
5094, 7
5095, 7
5096, 7
5097, 7
5098, 7
5099, 7
5100, 7
5101, 7
5102, 7
5103, 7
5104, 7
5105, 7
5106, 7
5107, 7
5108, 7
5109, 7
5110, 7
5111, 7
5112, 7
5113, 7
5114, 7
5115, 7
5116, 7
5117, 7
5118, 7
5119, 7
5120, 7
5121, 7
5122, 7
5123, 7
5124, 7
5125, 7
5126, 7
5127, 7
5128, 7
5129, 7
5130, 7
5131, 7
5132, 7
5133, 7
5134, 7
5135, 7
5136, 7
5137, 7
5138, 7
5139, 7
5140, 7
5141, 7
5142, 7
5143, 7
5144, 7
5145, 7
5146, 7
5147, 7
5148, 7
5149, 7
5150, 7
5151, 7
5152, 7
5153, 7
5154, 7
5155, 7
5156, 7
5157, 7
5158, 7
5159, 7
5160, 7
5161, 7
5162, 7
5163, 7
5164, 7
5165, 7
5166, 7
5167, 7
5168, 8
5169, 8
5170, 8
5171, 8
5172, 8
5173, 8
5174, 8
5175, 8
5176, 8
5177, 8
5178, 8
5179, 8
5180, 8
5181, 8
5182, 8
5183, 8
5184, 7
5185, 7
5186, 7
5187, 7
5188, 7
5189, 7
5190, 7
5191, 7
5192, 7
5193, 7
5194, 7
5195, 7
5196, 7
5197, 7
5198, 7
5199, 7
5200, 7
5201, 7
5202, 7
5203, 7
5204, 7
5205, 7
5206, 7
5207, 7
5208, 7
5209, 7
5210, 7
5211, 7
5212, 7
5213, 7
5214, 7
5215, 7
5216, 7
5217, 7
5218, 7
5219, 7
5220, 7
5221, 7
5222, 7
5223, 7
5224, 7
5225, 7
5226, 7
5227, 7
5228, 7
5229, 7
5230, 7
5231, 7
5232, 7
5233, 7
5234, 7
5235, 7
5236, 7
5237, 7
5238, 7
5239, 7
5240, 7
5241, 7
5242, 7
5243, 7
5244, 7
5245, 7
5246, 7
5247, 7
5248, 7
5249, 7
5250, 7
5251, 7
5252, 7
5253, 7
5254, 7
5255, 7
5256, 7
5257, 7
5258, 7
5259, 7
5260, 7
5261, 7
5262, 7
5263, 7
5264, 7
5265, 7
5266, 7
5267, 7
5268, 7
5269, 7
5270, 7
5271, 7
5272, 7
5273, 7
5274, 7
5275, 7
5276, 7
5277, 7
5278, 7
5279, 7
5280, 7
5281, 7
5282, 7
5283, 7
5284, 7
5285, 7
5286, 7
5287, 7
5288, 7
5289, 7
5290, 7
5291, 7
5292, 7
5293, 7
5294, 7
5295, 7
5296, 7
5297, 7
5298, 7
5299, 7
5300, 7
5301, 7
5302, 7
5303, 7
5304, 7
5305, 7
5306, 7
5307, 7
5308, 7
5309, 7
5310, 7
5311, 8
5312, 8
5313, 8
5314, 8
5315, 8
5316, 8
5317, 8
5318, 8
5319, 8
5320, 8
5321, 8
5322, 8
5323, 8
5324, 8
5325, 8
5326, 8
5327, 8
5328, 8
5329, 7
5330, 7
5331, 7
5332, 7
5333, 7
5334, 7
5335, 7
5336, 7
5337, 7
5338, 7
5339, 7
5340, 7
5341, 7
5342, 7
5343, 7
5344, 7
5345, 7
5346, 7
5347, 7
5348, 7
5349, 7
5350, 7
5351, 7
5352, 7
5353, 7
5354, 7
5355, 7
5356, 7
5357, 7
5358, 7
5359, 7
5360, 7
5361, 7
5362, 7
5363, 7
5364, 7
5365, 7
5366, 7
5367, 7
5368, 7
5369, 7
5370, 7
5371, 7
5372, 7
5373, 7
5374, 7
5375, 7
5376, 7
5377, 7
5378, 7
5379, 7
5380, 7
5381, 7
5382, 7
5383, 7
5384, 7
5385, 7
5386, 7
5387, 7
5388, 7
5389, 7
5390, 7
5391, 7
5392, 7
5393, 7
5394, 7
5395, 7
5396, 7
5397, 7
5398, 7
5399, 7
5400, 7
5401, 7
5402, 7
5403, 7
5404, 7
5405, 7
5406, 7
5407, 7
5408, 7
5409, 7
5410, 7
5411, 7
5412, 7
5413, 7
5414, 7
5415, 7
5416, 7
5417, 7
5418, 7
5419, 7
5420, 7
5421, 7
5422, 7
5423, 7
5424, 7
5425, 7
5426, 7
5427, 7
5428, 7
5429, 7
5430, 7
5431, 7
5432, 7
5433, 7
5434, 7
5435, 7
5436, 7
5437, 7
5438, 7
5439, 7
5440, 7
5441, 7
5442, 7
5443, 7
5444, 7
5445, 7
5446, 7
5447, 7
5448, 7
5449, 7
5450, 7
5451, 7
5452, 7
5453, 7
5454, 7
5455, 8
5456, 8
5457, 8
5458, 8
5459, 8
5460, 8
5461, 8
5462, 8
5463, 8
5464, 8
5465, 8
5466, 8
5467, 8
5468, 8
5469, 8
5470, 8
5471, 8
5472, 8
5473, 8
5474, 8
5475, 8
5476, 7
5477, 7
5478, 7
5479, 7
5480, 7
5481, 7
5482, 7
5483, 7
5484, 7
5485, 7
5486, 7
5487, 7
5488, 7
5489, 7
5490, 7
5491, 7
5492, 7
5493, 7
5494, 7
5495, 7
5496, 7
5497, 7
5498, 7
5499, 7
5500, 7
5501, 7
5502, 7
5503, 7
5504, 7
5505, 7
5506, 7
5507, 7
5508, 7
5509, 7
5510, 7
5511, 7
5512, 7
5513, 7
5514, 7
5515, 7
5516, 7
5517, 7
5518, 7
5519, 7
5520, 7
5521, 7
5522, 7
5523, 7
5524, 7
5525, 7
5526, 7
5527, 7
5528, 7
5529, 7
5530, 7
5531, 7
5532, 7
5533, 7
5534, 7
5535, 7
5536, 7
5537, 7
5538, 7
5539, 7
5540, 7
5541, 7
5542, 7
5543, 7
5544, 7
5545, 7
5546, 7
5547, 7
5548, 7
5549, 7
5550, 7
5551, 7
5552, 7
5553, 7
5554, 7
5555, 7
5556, 7
5557, 7
5558, 7
5559, 7
5560, 7
5561, 7
5562, 7
5563, 7
5564, 7
5565, 7
5566, 7
5567, 7
5568, 7
5569, 7
5570, 7
5571, 7
5572, 7
5573, 7
5574, 7
5575, 7
5576, 7
5577, 7
5578, 7
5579, 7
5580, 7
5581, 7
5582, 7
5583, 7
5584, 7
5585, 7
5586, 7
5587, 7
5588, 7
5589, 7
5590, 7
5591, 7
5592, 7
5593, 7
5594, 7
5595, 7
5596, 7
5597, 7
5598, 7
5599, 7
5600, 7
5601, 7
5602, 8
5603, 8
5604, 8
5605, 8
5606, 8
5607, 8
5608, 8
5609, 8
5610, 8
5611, 8
5612, 8
5613, 8
5614, 8
5615, 8
5616, 8
5617, 8
5618, 8
5619, 8
5620, 8
5621, 8
5622, 8
5623, 8
5624, 8
5625, 7
5626, 7
5627, 7
5628, 7
5629, 7
5630, 7
5631, 7
5632, 7
5633, 7
5634, 7
5635, 7
5636, 7
5637, 7
5638, 7
5639, 7
5640, 7
5641, 7
5642, 7
5643, 7
5644, 7
5645, 7
5646, 7
5647, 7
5648, 7
5649, 7
5650, 7
5651, 7
5652, 7
5653, 7
5654, 7
5655, 7
5656, 7
5657, 7
5658, 7
5659, 7
5660, 7
5661, 7
5662, 7
5663, 7
5664, 7
5665, 7
5666, 7
5667, 7
5668, 7
5669, 7
5670, 7
5671, 7
5672, 7
5673, 7
5674, 7
5675, 7
5676, 7
5677, 7
5678, 7
5679, 7
5680, 7
5681, 7
5682, 7
5683, 7
5684, 7
5685, 7
5686, 7
5687, 7
5688, 7
5689, 7
5690, 7
5691, 7
5692, 7
5693, 7
5694, 7
5695, 7
5696, 7
5697, 7
5698, 7
5699, 7
5700, 7
5701, 7
5702, 7
5703, 7
5704, 7
5705, 7
5706, 7
5707, 7
5708, 7
5709, 7
5710, 7
5711, 7
5712, 7
5713, 7
5714, 7
5715, 7
5716, 7
5717, 7
5718, 7
5719, 7
5720, 7
5721, 7
5722, 7
5723, 7
5724, 7
5725, 7
5726, 7
5727, 7
5728, 7
5729, 7
5730, 7
5731, 7
5732, 7
5733, 7
5734, 7
5735, 7
5736, 7
5737, 7
5738, 7
5739, 7
5740, 7
5741, 7
5742, 7
5743, 7
5744, 7
5745, 7
5746, 7
5747, 7
5748, 7
5749, 7
5750, 8
5751, 8
5752, 8
5753, 8
5754, 8
5755, 8
5756, 8
5757, 8
5758, 8
5759, 8
5760, 8
5761, 8
5762, 8
5763, 8
5764, 8
5765, 8
5766, 8
5767, 8
5768, 8
5769, 8
5770, 8
5771, 8
5772, 8
5773, 8
5774, 8
5775, 8
5776, 7
5777, 7
5778, 7
5779, 7
5780, 7
5781, 7
5782, 7
5783, 7
5784, 7
5785, 7
5786, 7
5787, 7
5788, 7
5789, 7
5790, 7
5791, 7
5792, 7
5793, 7
5794, 7
5795, 7
5796, 7
5797, 7
5798, 7
5799, 7
5800, 7
5801, 7
5802, 7
5803, 7
5804, 7
5805, 7
5806, 7
5807, 7
5808, 7
5809, 7
5810, 7
5811, 7
5812, 7
5813, 7
5814, 7
5815, 7
5816, 7
5817, 7
5818, 7
5819, 7
5820, 7
5821, 7
5822, 7
5823, 7
5824, 7
5825, 7
5826, 7
5827, 7
5828, 7
5829, 7
5830, 7
5831, 7
5832, 7
5833, 7
5834, 7
5835, 7
5836, 7
5837, 7
5838, 7
5839, 7
5840, 7
5841, 7
5842, 7
5843, 7
5844, 7
5845, 7
5846, 7
5847, 7
5848, 7
5849, 7
5850, 7
5851, 7
5852, 7
5853, 7
5854, 7
5855, 7
5856, 7
5857, 7
5858, 7
5859, 7
5860, 7
5861, 7
5862, 7
5863, 7
5864, 7
5865, 7
5866, 7
5867, 7
5868, 7
5869, 7
5870, 7
5871, 7
5872, 7
5873, 7
5874, 7
5875, 7
5876, 7
5877, 7
5878, 7
5879, 7
5880, 7
5881, 7
5882, 7
5883, 7
5884, 7
5885, 7
5886, 7
5887, 7
5888, 7
5889, 7
5890, 7
5891, 7
5892, 7
5893, 7
5894, 7
5895, 7
5896, 7
5897, 7
5898, 7
5899, 8
5900, 8
5901, 8
5902, 8
5903, 8
5904, 8
5905, 8
5906, 8
5907, 8
5908, 8
5909, 8
5910, 8
5911, 8
5912, 8
5913, 8
5914, 8
5915, 8
5916, 8
5917, 8
5918, 8
5919, 8
5920, 8
5921, 8
5922, 8
5923, 8
5924, 8
5925, 8
5926, 8
5927, 8
5928, 8
5929, 7
5930, 7
5931, 7
5932, 7
5933, 7
5934, 7
5935, 7
5936, 7
5937, 7
5938, 7
5939, 7
5940, 7
5941, 7
5942, 7
5943, 7
5944, 7
5945, 7
5946, 7
5947, 7
5948, 7
5949, 7
5950, 7
5951, 7
5952, 7
5953, 7
5954, 7
5955, 7
5956, 7
5957, 7
5958, 7
5959, 7
5960, 7
5961, 7
5962, 7
5963, 7
5964, 7
5965, 7
5966, 7
5967, 7
5968, 7
5969, 7
5970, 7
5971, 7
5972, 7
5973, 7
5974, 7
5975, 7
5976, 7
5977, 7
5978, 7
5979, 7
5980, 7
5981, 7
5982, 7
5983, 7
5984, 7
5985, 7
5986, 7
5987, 7
5988, 7
5989, 7
5990, 7
5991, 7
5992, 7
5993, 7
5994, 7
5995, 7
5996, 7
5997, 7
5998, 7
5999, 7
6000, 7
6001, 7
6002, 7
6003, 7
6004, 7
6005, 7
6006, 7
6007, 7
6008, 7
6009, 7
6010, 7
6011, 7
6012, 7
6013, 7
6014, 7
6015, 7
6016, 7
6017, 7
6018, 7
6019, 7
6020, 7
6021, 7
6022, 7
6023, 7
6024, 7
6025, 7
6026, 7
6027, 7
6028, 7
6029, 7
6030, 7
6031, 7
6032, 7
6033, 7
6034, 7
6035, 7
6036, 7
6037, 7
6038, 7
6039, 7
6040, 7
6041, 7
6042, 7
6043, 7
6044, 7
6045, 7
6046, 7
6047, 7
6048, 7
6049, 7
6050, 7
6051, 8
6052, 8
6053, 8
6054, 8
6055, 8
6056, 8
6057, 8
6058, 8
6059, 8
6060, 8
6061, 8
6062, 8
6063, 8
6064, 8
6065, 8
6066, 8
6067, 8
6068, 8
6069, 8
6070, 8
6071, 8
6072, 8
6073, 8
6074, 8
6075, 8
6076, 8
6077, 8
6078, 8
6079, 8
6080, 8
6081, 8
6082, 8
6083, 8
6084, 7
6085, 7
6086, 7
6087, 7
6088, 7
6089, 7
6090, 7
6091, 7
6092, 7
6093, 7
6094, 7
6095, 7
6096, 7
6097, 7
6098, 7
6099, 7
6100, 7
6101, 7
6102, 7
6103, 7
6104, 7
6105, 7
6106, 7
6107, 7
6108, 7
6109, 7
6110, 7
6111, 7
6112, 7
6113, 7
6114, 7
6115, 7
6116, 7
6117, 7
6118, 7
6119, 7
6120, 7
6121, 7
6122, 7
6123, 7
6124, 7
6125, 7
6126, 7
6127, 7
6128, 7
6129, 7
6130, 7
6131, 7
6132, 7
6133, 7
6134, 7
6135, 7
6136, 7
6137, 7
6138, 7
6139, 7
6140, 7
6141, 7
6142, 7
6143, 7
6144, 7
6145, 7
6146, 7
6147, 7
6148, 7
6149, 7
6150, 7
6151, 7
6152, 7
6153, 7
6154, 7
6155, 7
6156, 7
6157, 7
6158, 7
6159, 7
6160, 7
6161, 7
6162, 7
6163, 7
6164, 7
6165, 7
6166, 7
6167, 7
6168, 7
6169, 7
6170, 7
6171, 7
6172, 7
6173, 7
6174, 7
6175, 7
6176, 7
6177, 7
6178, 7
6179, 7
6180, 7
6181, 7
6182, 7
6183, 7
6184, 7
6185, 7
6186, 7
6187, 7
6188, 7
6189, 7
6190, 7
6191, 7
6192, 7
6193, 7
6194, 7
6195, 7
6196, 7
6197, 7
6198, 7
6199, 7
6200, 7
6201, 7
6202, 7
6203, 7
6204, 8
6205, 8
6206, 8
6207, 8
6208, 8
6209, 8
6210, 8
6211, 8
6212, 8
6213, 8
6214, 8
6215, 8
6216, 8
6217, 8
6218, 8
6219, 8
6220, 8
6221, 8
6222, 8
6223, 8
6224, 8
6225, 8
6226, 8
6227, 8
6228, 8
6229, 8
6230, 8
6231, 8
6232, 8
6233, 8
6234, 8
6235, 8
6236, 8
6237, 8
6238, 8
6239, 8
6240, 8
6241, 7
6242, 7
6243, 7
6244, 7
6245, 7
6246, 7
6247, 7
6248, 7
6249, 7
6250, 7
6251, 7
6252, 7
6253, 7
6254, 7
6255, 7
6256, 7
6257, 7
6258, 7
6259, 7
6260, 7
6261, 7
6262, 7
6263, 7
6264, 7
6265, 7
6266, 7
6267, 7
6268, 7
6269, 7
6270, 7
6271, 7
6272, 7
6273, 7
6274, 7
6275, 7
6276, 7
6277, 7
6278, 7
6279, 7
6280, 7
6281, 7
6282, 7
6283, 7
6284, 7
6285, 7
6286, 7
6287, 7
6288, 7
6289, 7
6290, 7
6291, 7
6292, 7
6293, 7
6294, 7
6295, 7
6296, 7
6297, 7
6298, 7
6299, 7
6300, 7
6301, 7
6302, 7
6303, 7
6304, 7
6305, 7
6306, 7
6307, 7
6308, 7
6309, 7
6310, 7
6311, 7
6312, 7
6313, 7
6314, 7
6315, 7
6316, 7
6317, 7
6318, 7
6319, 7
6320, 7
6321, 7
6322, 7
6323, 7
6324, 7
6325, 7
6326, 7
6327, 7
6328, 7
6329, 7
6330, 7
6331, 7
6332, 7
6333, 7
6334, 7
6335, 7
6336, 7
6337, 7
6338, 7
6339, 7
6340, 7
6341, 7
6342, 7
6343, 7
6344, 7
6345, 7
6346, 7
6347, 7
6348, 7
6349, 7
6350, 7
6351, 7
6352, 7
6353, 7
6354, 7
6355, 7
6356, 7
6357, 7
6358, 7
6359, 8
6360, 8
6361, 8
6362, 8
6363, 8
6364, 8
6365, 8
6366, 8
6367, 8
6368, 8
6369, 8
6370, 8
6371, 8
6372, 8
6373, 8
6374, 8
6375, 8
6376, 8
6377, 8
6378, 8
6379, 8
6380, 8
6381, 8
6382, 8
6383, 8
6384, 8
6385, 8
6386, 8
6387, 8
6388, 8
6389, 8
6390, 8
6391, 8
6392, 8
6393, 8
6394, 8
6395, 8
6396, 8
6397, 8
6398, 8
6399, 8
6400, 7
6401, 7
6402, 7
6403, 7
6404, 7
6405, 7
6406, 7
6407, 7
6408, 7
6409, 7
6410, 7
6411, 7
6412, 7
6413, 7
6414, 7
6415, 7
6416, 7
6417, 7
6418, 7
6419, 7
6420, 7
6421, 7
6422, 7
6423, 7
6424, 7
6425, 7
6426, 7
6427, 7
6428, 7
6429, 7
6430, 7
6431, 7
6432, 7
6433, 7
6434, 7
6435, 7
6436, 7
6437, 7
6438, 7
6439, 7
6440, 7
6441, 7
6442, 7
6443, 7
6444, 7
6445, 7
6446, 7
6447, 7
6448, 7
6449, 7
6450, 7
6451, 7
6452, 7
6453, 7
6454, 7
6455, 7
6456, 7
6457, 7
6458, 7
6459, 7
6460, 7
6461, 7
6462, 7
6463, 7
6464, 7
6465, 7
6466, 7
6467, 7
6468, 7
6469, 7
6470, 7
6471, 7
6472, 7
6473, 7
6474, 7
6475, 7
6476, 7
6477, 7
6478, 7
6479, 7
6480, 7
6481, 7
6482, 7
6483, 7
6484, 7
6485, 7
6486, 7
6487, 7
6488, 7
6489, 7
6490, 7
6491, 7
6492, 7
6493, 7
6494, 7
6495, 7
6496, 7
6497, 7
6498, 7
6499, 7
6500, 7
6501, 7
6502, 7
6503, 7
6504, 7
6505, 7
6506, 7
6507, 7
6508, 7
6509, 7
6510, 7
6511, 7
6512, 7
6513, 7
6514, 7
6515, 7
6516, 8
6517, 8
6518, 8
6519, 8
6520, 8
6521, 8
6522, 8
6523, 8
6524, 8
6525, 8
6526, 8
6527, 8
6528, 8
6529, 8
6530, 8
6531, 8
6532, 8
6533, 8
6534, 8
6535, 8
6536, 8
6537, 8
6538, 8
6539, 8
6540, 8
6541, 8
6542, 8
6543, 8
6544, 8
6545, 8
6546, 8
6547, 8
6548, 8
6549, 8
6550, 8
6551, 8
6552, 8
6553, 8
6554, 8
6555, 8
6556, 8
6557, 8
6558, 8
6559, 8
6560, 8
6561, 7
6562, 7
6563, 7
6564, 7
6565, 7
6566, 7
6567, 7
6568, 7
6569, 7
6570, 7
6571, 7
6572, 7
6573, 7
6574, 7
6575, 7
6576, 7
6577, 7
6578, 7
6579, 7
6580, 7
6581, 7
6582, 7
6583, 7
6584, 7
6585, 7
6586, 7
6587, 7
6588, 7
6589, 7
6590, 7
6591, 7
6592, 7
6593, 7
6594, 7
6595, 7
6596, 7
6597, 7
6598, 7
6599, 7
6600, 7
6601, 7
6602, 7
6603, 7
6604, 7
6605, 7
6606, 7
6607, 7
6608, 7
6609, 7
6610, 7
6611, 7
6612, 7
6613, 7
6614, 7
6615, 7
6616, 7
6617, 7
6618, 7
6619, 7
6620, 7
6621, 7
6622, 7
6623, 7
6624, 7
6625, 7
6626, 7
6627, 7
6628, 7
6629, 7
6630, 7
6631, 7
6632, 7
6633, 7
6634, 7
6635, 7
6636, 7
6637, 7
6638, 7
6639, 7
6640, 7
6641, 7
6642, 7
6643, 7
6644, 7
6645, 7
6646, 7
6647, 7
6648, 7
6649, 7
6650, 7
6651, 7
6652, 7
6653, 7
6654, 7
6655, 7
6656, 7
6657, 7
6658, 7
6659, 7
6660, 7
6661, 7
6662, 7
6663, 7
6664, 7
6665, 7
6666, 7
6667, 7
6668, 7
6669, 7
6670, 7
6671, 7
6672, 7
6673, 7
6674, 8
6675, 8
6676, 8
6677, 8
6678, 8
6679, 8
6680, 8
6681, 8
6682, 8
6683, 8
6684, 8
6685, 8
6686, 8
6687, 8
6688, 8
6689, 8
6690, 8
6691, 8
6692, 8
6693, 8
6694, 8
6695, 8
6696, 8
6697, 8
6698, 8
6699, 8
6700, 8
6701, 8
6702, 8
6703, 8
6704, 8
6705, 8
6706, 8
6707, 8
6708, 8
6709, 8
6710, 8
6711, 8
6712, 8
6713, 8
6714, 8
6715, 8
6716, 8
6717, 8
6718, 8
6719, 8
6720, 8
6721, 8
6722, 8
6723, 8
6724, 7
6725, 7
6726, 7
6727, 7
6728, 7
6729, 7
6730, 7
6731, 7
6732, 7
6733, 7
6734, 7
6735, 7
6736, 7
6737, 7
6738, 7
6739, 7
6740, 7
6741, 7
6742, 7
6743, 7
6744, 7
6745, 7
6746, 7
6747, 7
6748, 7
6749, 7
6750, 7
6751, 7
6752, 7
6753, 7
6754, 7
6755, 7
6756, 7
6757, 7
6758, 7
6759, 7
6760, 7
6761, 7
6762, 7
6763, 7
6764, 7
6765, 7
6766, 7
6767, 7
6768, 7
6769, 7
6770, 7
6771, 7
6772, 7
6773, 7
6774, 7
6775, 7
6776, 7
6777, 7
6778, 7
6779, 7
6780, 7
6781, 7
6782, 7
6783, 7
6784, 7
6785, 7
6786, 7
6787, 7
6788, 7
6789, 7
6790, 7
6791, 7
6792, 7
6793, 7
6794, 7
6795, 7
6796, 7
6797, 7
6798, 7
6799, 7
6800, 7
6801, 7
6802, 7
6803, 7
6804, 7
6805, 7
6806, 7
6807, 7
6808, 7
6809, 7
6810, 7
6811, 7
6812, 7
6813, 7
6814, 7
6815, 7
6816, 7
6817, 7
6818, 7
6819, 7
6820, 7
6821, 7
6822, 7
6823, 7
6824, 7
6825, 7
6826, 7
6827, 7
6828, 7
6829, 7
6830, 7
6831, 7
6832, 7
6833, 7
6834, 8
6835, 8
6836, 8
6837, 8
6838, 8
6839, 8
6840, 8
6841, 8
6842, 8
6843, 8
6844, 8
6845, 8
6846, 8
6847, 8
6848, 8
6849, 8
6850, 8
6851, 8
6852, 8
6853, 8
6854, 8
6855, 8
6856, 8
6857, 8
6858, 8
6859, 8
6860, 8
6861, 8
6862, 8
6863, 8
6864, 8
6865, 8
6866, 8
6867, 8
6868, 8
6869, 8
6870, 8
6871, 8
6872, 8
6873, 8
6874, 8
6875, 8
6876, 8
6877, 8
6878, 8
6879, 8
6880, 8
6881, 8
6882, 8
6883, 8
6884, 8
6885, 8
6886, 8
6887, 8
6888, 8
6889, 7
6890, 7
6891, 7
6892, 7
6893, 7
6894, 7
6895, 7
6896, 7
6897, 7
6898, 7
6899, 7
6900, 7
6901, 7
6902, 7
6903, 7
6904, 7
6905, 7
6906, 7
6907, 7
6908, 7
6909, 7
6910, 7
6911, 7
6912, 7
6913, 7
6914, 7
6915, 7
6916, 7
6917, 7
6918, 7
6919, 7
6920, 7
6921, 7
6922, 7
6923, 7
6924, 7
6925, 7
6926, 7
6927, 7
6928, 7
6929, 7
6930, 7
6931, 7
6932, 7
6933, 7
6934, 7
6935, 7
6936, 7
6937, 7
6938, 7
6939, 7
6940, 7
6941, 7
6942, 7
6943, 7
6944, 7
6945, 7
6946, 7
6947, 7
6948, 7
6949, 7
6950, 7
6951, 7
6952, 7
6953, 7
6954, 7
6955, 7
6956, 7
6957, 7
6958, 7
6959, 7
6960, 7
6961, 7
6962, 7
6963, 7
6964, 7
6965, 7
6966, 7
6967, 7
6968, 7
6969, 7
6970, 7
6971, 7
6972, 7
6973, 7
6974, 7
6975, 7
6976, 7
6977, 7
6978, 7
6979, 7
6980, 7
6981, 7
6982, 7
6983, 7
6984, 7
6985, 7
6986, 7
6987, 7
6988, 7
6989, 7
6990, 7
6991, 7
6992, 7
6993, 7
6994, 7
6995, 8
6996, 8
6997, 8
6998, 8
6999, 8
7000, 8
7001, 8
7002, 8
7003, 8
7004, 8
7005, 8
7006, 8
7007, 8
7008, 8
7009, 8
7010, 8
7011, 8
7012, 8
7013, 8
7014, 8
7015, 8
7016, 8
7017, 8
7018, 8
7019, 8
7020, 8
7021, 8
7022, 8
7023, 8
7024, 8
7025, 8
7026, 8
7027, 8
7028, 8
7029, 8
7030, 8
7031, 8
7032, 8
7033, 8
7034, 8
7035, 8
7036, 8
7037, 8
7038, 8
7039, 8
7040, 8
7041, 8
7042, 8
7043, 8
7044, 8
7045, 8
7046, 8
7047, 8
7048, 8
7049, 8
7050, 8
7051, 8
7052, 8
7053, 8
7054, 8
7055, 8
7056, 7
7057, 7
7058, 7
7059, 7
7060, 7
7061, 7
7062, 7
7063, 7
7064, 7
7065, 7
7066, 7
7067, 7
7068, 7
7069, 7
7070, 7
7071, 7
7072, 7
7073, 7
7074, 7
7075, 7
7076, 7
7077, 7
7078, 7
7079, 7
7080, 7
7081, 7
7082, 7
7083, 7
7084, 7
7085, 7
7086, 7
7087, 7
7088, 7
7089, 7
7090, 7
7091, 7
7092, 7
7093, 7
7094, 7
7095, 7
7096, 7
7097, 7
7098, 7
7099, 7
7100, 7
7101, 7
7102, 7
7103, 7
7104, 7
7105, 7
7106, 7
7107, 7
7108, 7
7109, 7
7110, 7
7111, 7
7112, 7
7113, 7
7114, 7
7115, 7
7116, 7
7117, 7
7118, 7
7119, 7
7120, 7
7121, 7
7122, 7
7123, 7
7124, 7
7125, 7
7126, 7
7127, 7
7128, 7
7129, 7
7130, 7
7131, 7
7132, 7
7133, 7
7134, 7
7135, 7
7136, 7
7137, 7
7138, 7
7139, 7
7140, 7
7141, 7
7142, 7
7143, 7
7144, 7
7145, 7
7146, 7
7147, 7
7148, 7
7149, 7
7150, 7
7151, 7
7152, 7
7153, 7
7154, 7
7155, 7
7156, 7
7157, 7
7158, 8
7159, 8
7160, 8
7161, 8
7162, 8
7163, 8
7164, 8
7165, 8
7166, 8
7167, 8
7168, 8
7169, 8
7170, 8
7171, 8
7172, 8
7173, 8
7174, 8
7175, 8
7176, 8
7177, 8
7178, 8
7179, 8
7180, 8
7181, 8
7182, 8
7183, 8
7184, 8
7185, 8
7186, 8
7187, 8
7188, 8
7189, 8
7190, 8
7191, 8
7192, 8
7193, 8
7194, 8
7195, 8
7196, 8
7197, 8
7198, 8
7199, 8
7200, 8
7201, 8
7202, 8
7203, 8
7204, 8
7205, 8
7206, 8
7207, 8
7208, 8
7209, 8
7210, 8
7211, 8
7212, 8
7213, 8
7214, 8
7215, 8
7216, 8
7217, 8
7218, 8
7219, 8
7220, 8
7221, 8
7222, 8
7223, 8
7224, 8
7225, 7
7226, 7
7227, 7
7228, 7
7229, 7
7230, 7
7231, 7
7232, 7
7233, 7
7234, 7
7235, 7
7236, 7
7237, 7
7238, 7
7239, 7
7240, 7
7241, 7
7242, 7
7243, 7
7244, 7
7245, 7
7246, 7
7247, 7
7248, 7
7249, 7
7250, 7
7251, 7
7252, 7
7253, 7
7254, 7
7255, 7
7256, 7
7257, 7
7258, 7
7259, 7
7260, 7
7261, 7
7262, 7
7263, 7
7264, 7
7265, 7
7266, 7
7267, 7
7268, 7
7269, 7
7270, 7
7271, 7
7272, 7
7273, 7
7274, 7
7275, 7
7276, 7
7277, 7
7278, 7
7279, 7
7280, 7
7281, 7
7282, 7
7283, 7
7284, 7
7285, 7
7286, 7
7287, 7
7288, 7
7289, 7
7290, 7
7291, 7
7292, 7
7293, 7
7294, 7
7295, 7
7296, 7
7297, 7
7298, 7
7299, 7
7300, 7
7301, 7
7302, 7
7303, 7
7304, 7
7305, 7
7306, 7
7307, 7
7308, 7
7309, 7
7310, 7
7311, 7
7312, 7
7313, 7
7314, 7
7315, 7
7316, 7
7317, 7
7318, 7
7319, 7
7320, 7
7321, 7
7322, 8
7323, 8
7324, 8
7325, 8
7326, 8
7327, 8
7328, 8
7329, 8
7330, 8
7331, 8
7332, 8
7333, 8
7334, 8
7335, 8
7336, 8
7337, 8
7338, 8
7339, 8
7340, 8
7341, 8
7342, 8
7343, 8
7344, 8
7345, 8
7346, 8
7347, 8
7348, 8
7349, 8
7350, 8
7351, 8
7352, 8
7353, 8
7354, 8
7355, 8
7356, 8
7357, 8
7358, 8
7359, 8
7360, 8
7361, 8
7362, 8
7363, 8
7364, 8
7365, 8
7366, 8
7367, 8
7368, 8
7369, 8
7370, 8
7371, 8
7372, 8
7373, 8
7374, 8
7375, 8
7376, 8
7377, 8
7378, 8
7379, 8
7380, 8
7381, 8
7382, 8
7383, 8
7384, 8
7385, 8
7386, 8
7387, 8
7388, 8
7389, 8
7390, 8
7391, 8
7392, 8
7393, 8
7394, 8
7395, 8
7396, 7
7397, 7
7398, 7
7399, 7
7400, 7
7401, 7
7402, 7
7403, 7
7404, 7
7405, 7
7406, 7
7407, 7
7408, 7
7409, 7
7410, 7
7411, 7
7412, 7
7413, 7
7414, 7
7415, 7
7416, 7
7417, 7
7418, 7
7419, 7
7420, 7
7421, 7
7422, 7
7423, 7
7424, 7
7425, 7
7426, 7
7427, 7
7428, 7
7429, 7
7430, 7
7431, 7
7432, 7
7433, 7
7434, 7
7435, 7
7436, 7
7437, 7
7438, 7
7439, 7
7440, 7
7441, 7
7442, 7
7443, 7
7444, 7
7445, 7
7446, 7
7447, 7
7448, 7
7449, 7
7450, 7
7451, 7
7452, 7
7453, 7
7454, 7
7455, 7
7456, 7
7457, 7
7458, 7
7459, 7
7460, 7
7461, 7
7462, 7
7463, 7
7464, 7
7465, 7
7466, 7
7467, 7
7468, 7
7469, 7
7470, 7
7471, 7
7472, 7
7473, 7
7474, 7
7475, 7
7476, 7
7477, 7
7478, 7
7479, 7
7480, 7
7481, 7
7482, 7
7483, 7
7484, 7
7485, 7
7486, 7
7487, 7
7488, 8
7489, 8
7490, 8
7491, 8
7492, 8
7493, 8
7494, 8
7495, 8
7496, 8
7497, 8
7498, 8
7499, 8
7500, 8
7501, 8
7502, 8
7503, 8
7504, 8
7505, 8
7506, 8
7507, 8
7508, 8
7509, 8
7510, 8
7511, 8
7512, 8
7513, 8
7514, 8
7515, 8
7516, 8
7517, 8
7518, 8
7519, 8
7520, 8
7521, 8
7522, 8
7523, 8
7524, 8
7525, 8
7526, 8
7527, 8
7528, 8
7529, 8
7530, 8
7531, 8
7532, 8
7533, 8
7534, 8
7535, 8
7536, 8
7537, 8
7538, 8
7539, 8
7540, 8
7541, 8
7542, 8
7543, 8
7544, 8
7545, 8
7546, 8
7547, 8
7548, 8
7549, 8
7550, 8
7551, 8
7552, 8
7553, 8
7554, 8
7555, 8
7556, 8
7557, 8
7558, 8
7559, 8
7560, 8
7561, 8
7562, 8
7563, 8
7564, 8
7565, 8
7566, 8
7567, 8
7568, 8
7569, 7
7570, 7
7571, 7
7572, 7
7573, 7
7574, 7
7575, 7
7576, 7
7577, 7
7578, 7
7579, 7
7580, 7
7581, 7
7582, 7
7583, 7
7584, 7
7585, 7
7586, 7
7587, 7
7588, 7
7589, 7
7590, 7
7591, 7
7592, 7
7593, 7
7594, 7
7595, 7
7596, 7
7597, 7
7598, 7
7599, 7
7600, 7
7601, 7
7602, 7
7603, 7
7604, 7
7605, 7
7606, 7
7607, 7
7608, 7
7609, 7
7610, 7
7611, 7
7612, 7
7613, 7
7614, 7
7615, 7
7616, 7
7617, 7
7618, 7
7619, 7
7620, 7
7621, 7
7622, 7
7623, 7
7624, 7
7625, 7
7626, 7
7627, 7
7628, 7
7629, 7
7630, 7
7631, 7
7632, 7
7633, 7
7634, 7
7635, 7
7636, 7
7637, 7
7638, 7
7639, 7
7640, 7
7641, 7
7642, 7
7643, 7
7644, 7
7645, 7
7646, 7
7647, 7
7648, 7
7649, 7
7650, 7
7651, 7
7652, 7
7653, 7
7654, 7
7655, 7
7656, 8
7657, 8
7658, 8
7659, 8
7660, 8
7661, 8
7662, 8
7663, 8
7664, 8
7665, 8
7666, 8
7667, 8
7668, 8
7669, 8
7670, 8
7671, 8
7672, 8
7673, 8
7674, 8
7675, 8
7676, 8
7677, 8
7678, 8
7679, 8
7680, 8
7681, 8
7682, 8
7683, 8
7684, 8
7685, 8
7686, 8
7687, 8
7688, 8
7689, 8
7690, 8
7691, 8
7692, 8
7693, 8
7694, 8
7695, 8
7696, 8
7697, 8
7698, 8
7699, 8
7700, 8
7701, 8
7702, 8
7703, 8
7704, 8
7705, 8
7706, 8
7707, 8
7708, 8
7709, 8
7710, 8
7711, 8
7712, 8
7713, 8
7714, 8
7715, 8
7716, 8
7717, 8
7718, 8
7719, 8
7720, 8
7721, 8
7722, 8
7723, 8
7724, 8
7725, 8
7726, 8
7727, 8
7728, 8
7729, 8
7730, 8
7731, 8
7732, 8
7733, 8
7734, 8
7735, 8
7736, 8
7737, 8
7738, 8
7739, 8
7740, 8
7741, 8
7742, 8
7743, 8
7744, 7
7745, 7
7746, 7
7747, 7
7748, 7
7749, 7
7750, 7
7751, 7
7752, 7
7753, 7
7754, 7
7755, 7
7756, 7
7757, 7
7758, 7
7759, 7
7760, 7
7761, 7
7762, 7
7763, 7
7764, 7
7765, 7
7766, 7
7767, 7
7768, 7
7769, 7
7770, 7
7771, 7
7772, 7
7773, 7
7774, 7
7775, 7
7776, 7
7777, 7
7778, 7
7779, 7
7780, 7
7781, 7
7782, 7
7783, 7
7784, 7
7785, 7
7786, 7
7787, 7
7788, 7
7789, 7
7790, 7
7791, 7
7792, 7
7793, 7
7794, 7
7795, 7
7796, 7
7797, 7
7798, 7
7799, 7
7800, 7
7801, 7
7802, 7
7803, 7
7804, 7
7805, 7
7806, 7
7807, 7
7808, 7
7809, 7
7810, 7
7811, 7
7812, 7
7813, 7
7814, 7
7815, 7
7816, 7
7817, 7
7818, 7
7819, 7
7820, 7
7821, 7
7822, 7
7823, 7
7824, 7
7825, 8
7826, 8
7827, 8
7828, 8
7829, 8
7830, 8
7831, 8
7832, 8
7833, 8
7834, 8
7835, 8
7836, 8
7837, 8
7838, 8
7839, 8
7840, 8
7841, 8
7842, 8
7843, 8
7844, 8
7845, 8
7846, 8
7847, 8
7848, 8
7849, 8
7850, 8
7851, 8
7852, 8
7853, 8
7854, 8
7855, 8
7856, 8
7857, 8
7858, 8
7859, 8
7860, 8
7861, 8
7862, 8
7863, 8
7864, 8
7865, 8
7866, 8
7867, 8
7868, 8
7869, 8
7870, 8
7871, 8
7872, 8
7873, 8
7874, 8
7875, 8
7876, 8
7877, 8
7878, 8
7879, 8
7880, 8
7881, 8
7882, 8
7883, 8
7884, 8
7885, 8
7886, 8
7887, 8
7888, 8
7889, 8
7890, 8
7891, 8
7892, 8
7893, 8
7894, 8
7895, 8
7896, 8
7897, 8
7898, 8
7899, 8
7900, 8
7901, 8
7902, 8
7903, 8
7904, 8
7905, 8
7906, 8
7907, 8
7908, 8
7909, 8
7910, 8
7911, 8
7912, 8
7913, 8
7914, 8
7915, 8
7916, 8
7917, 8
7918, 8
7919, 8
7920, 8
7921, 7
7922, 7
7923, 7
7924, 7
7925, 7
7926, 7
7927, 7
7928, 7
7929, 7
7930, 7
7931, 7
7932, 7
7933, 7
7934, 7
7935, 7
7936, 7
7937, 7
7938, 7
7939, 7
7940, 7
7941, 7
7942, 7
7943, 7
7944, 7
7945, 7
7946, 7
7947, 7
7948, 7
7949, 7
7950, 7
7951, 7
7952, 7
7953, 7
7954, 7
7955, 7
7956, 7
7957, 7
7958, 7
7959, 7
7960, 7
7961, 7
7962, 7
7963, 7
7964, 7
7965, 7
7966, 7
7967, 7
7968, 7
7969, 7
7970, 7
7971, 7
7972, 7
7973, 7
7974, 7
7975, 7
7976, 7
7977, 7
7978, 7
7979, 7
7980, 7
7981, 7
7982, 7
7983, 7
7984, 7
7985, 7
7986, 7
7987, 7
7988, 7
7989, 7
7990, 7
7991, 7
7992, 7
7993, 7
7994, 7
7995, 7
7996, 8
7997, 8
7998, 8
7999, 8
8000, 8
8001, 8
8002, 8
8003, 8
8004, 8
8005, 8
8006, 8
8007, 8
8008, 8
8009, 8
8010, 8
8011, 8
8012, 8
8013, 8
8014, 8
8015, 8
8016, 8
8017, 8
8018, 8
8019, 8
8020, 8
8021, 8
8022, 8
8023, 8
8024, 8
8025, 8
8026, 8
8027, 8
8028, 8
8029, 8
8030, 8
8031, 8
8032, 8
8033, 8
8034, 8
8035, 8
8036, 8
8037, 8
8038, 8
8039, 8
8040, 8
8041, 8
8042, 8
8043, 8
8044, 8
8045, 8
8046, 8
8047, 8
8048, 8
8049, 8
8050, 8
8051, 8
8052, 8
8053, 8
8054, 8
8055, 8
8056, 8
8057, 8
8058, 8
8059, 8
8060, 8
8061, 8
8062, 8
8063, 8
8064, 8
8065, 8
8066, 8
8067, 8
8068, 8
8069, 8
8070, 8
8071, 8
8072, 8
8073, 8
8074, 8
8075, 8
8076, 8
8077, 8
8078, 8
8079, 8
8080, 8
8081, 8
8082, 8
8083, 8
8084, 8
8085, 8
8086, 8
8087, 8
8088, 8
8089, 8
8090, 8
8091, 8
8092, 8
8093, 8
8094, 8
8095, 8
8096, 8
8097, 8
8098, 8
8099, 8
8100, 7
8101, 7
8102, 7
8103, 7
8104, 7
8105, 7
8106, 7
8107, 7
8108, 7
8109, 7
8110, 7
8111, 7
8112, 7
8113, 7
8114, 7
8115, 7
8116, 7
8117, 7
8118, 7
8119, 7
8120, 7
8121, 7
8122, 7
8123, 7
8124, 7
8125, 7
8126, 7
8127, 7
8128, 7
8129, 7
8130, 7
8131, 7
8132, 7
8133, 7
8134, 7
8135, 7
8136, 7
8137, 7
8138, 7
8139, 7
8140, 7
8141, 7
8142, 7
8143, 7
8144, 7
8145, 7
8146, 7
8147, 7
8148, 7
8149, 7
8150, 7
8151, 7
8152, 7
8153, 7
8154, 7
8155, 7
8156, 7
8157, 7
8158, 7
8159, 7
8160, 7
8161, 7
8162, 7
8163, 7
8164, 7
8165, 7
8166, 7
8167, 7
8168, 8
8169, 8
8170, 8
8171, 8
8172, 8
8173, 8
8174, 8
8175, 8
8176, 8
8177, 8
8178, 8
8179, 8
8180, 8
8181, 8
8182, 8
8183, 8
8184, 8
8185, 8
8186, 8
8187, 8
8188, 8
8189, 8
8190, 8
8191, 8
8192, 8
8193, 8
8194, 8
8195, 8
8196, 8
8197, 8
8198, 8
8199, 8
8200, 8
8201, 8
8202, 8
8203, 8
8204, 8
8205, 8
8206, 8
8207, 8
8208, 8
8209, 8
8210, 8
8211, 8
8212, 8
8213, 8
8214, 8
8215, 8
8216, 8
8217, 8
8218, 8
8219, 8
8220, 8
8221, 8
8222, 8
8223, 8
8224, 8
8225, 8
8226, 8
8227, 8
8228, 8
8229, 8
8230, 8
8231, 8
8232, 8
8233, 8
8234, 8
8235, 8
8236, 8
8237, 8
8238, 8
8239, 8
8240, 8
8241, 8
8242, 8
8243, 8
8244, 8
8245, 8
8246, 8
8247, 8
8248, 8
8249, 8
8250, 8
8251, 8
8252, 8
8253, 8
8254, 8
8255, 8
8256, 8
8257, 8
8258, 8
8259, 8
8260, 8
8261, 8
8262, 8
8263, 8
8264, 8
8265, 8
8266, 8
8267, 8
8268, 8
8269, 8
8270, 8
8271, 8
8272, 8
8273, 8
8274, 8
8275, 8
8276, 8
8277, 8
8278, 8
8279, 8
8280, 8
8281, 7
8282, 7
8283, 7
8284, 7
8285, 7
8286, 7
8287, 7
8288, 7
8289, 7
8290, 7
8291, 7
8292, 7
8293, 7
8294, 7
8295, 7
8296, 7
8297, 7
8298, 7
8299, 7
8300, 7
8301, 7
8302, 7
8303, 7
8304, 7
8305, 7
8306, 7
8307, 7
8308, 7
8309, 7
8310, 7
8311, 7
8312, 7
8313, 7
8314, 7
8315, 7
8316, 7
8317, 7
8318, 7
8319, 7
8320, 7
8321, 7
8322, 7
8323, 7
8324, 7
8325, 7
8326, 7
8327, 7
8328, 7
8329, 7
8330, 7
8331, 7
8332, 7
8333, 7
8334, 7
8335, 7
8336, 7
8337, 7
8338, 7
8339, 7
8340, 7
8341, 8
8342, 8
8343, 8
8344, 8
8345, 8
8346, 8
8347, 8
8348, 8
8349, 8
8350, 8
8351, 8
8352, 8
8353, 8
8354, 8
8355, 8
8356, 8
8357, 8
8358, 8
8359, 8
8360, 8
8361, 8
8362, 8
8363, 8
8364, 8
8365, 8
8366, 8
8367, 8
8368, 8
8369, 8
8370, 8
8371, 8
8372, 8
8373, 8
8374, 8
8375, 8
8376, 8
8377, 8
8378, 8
8379, 8
8380, 8
8381, 8
8382, 8
8383, 8
8384, 8
8385, 8
8386, 8
8387, 8
8388, 8
8389, 8
8390, 8
8391, 8
8392, 8
8393, 8
8394, 8
8395, 8
8396, 8
8397, 8
8398, 8
8399, 8
8400, 8
8401, 8
8402, 8
8403, 8
8404, 8
8405, 8
8406, 8
8407, 8
8408, 8
8409, 8
8410, 8
8411, 8
8412, 8
8413, 8
8414, 8
8415, 8
8416, 8
8417, 8
8418, 8
8419, 8
8420, 8
8421, 8
8422, 8
8423, 8
8424, 8
8425, 8
8426, 8
8427, 8
8428, 8
8429, 8
8430, 8
8431, 8
8432, 8
8433, 8
8434, 8
8435, 8
8436, 8
8437, 8
8438, 8
8439, 8
8440, 8
8441, 8
8442, 8
8443, 8
8444, 8
8445, 8
8446, 8
8447, 8
8448, 8
8449, 8
8450, 8
8451, 8
8452, 8
8453, 8
8454, 8
8455, 8
8456, 8
8457, 8
8458, 8
8459, 8
8460, 8
8461, 8
8462, 8
8463, 8
8464, 7
8465, 7
8466, 7
8467, 7
8468, 7
8469, 7
8470, 7
8471, 7
8472, 7
8473, 7
8474, 7
8475, 7
8476, 7
8477, 7
8478, 7
8479, 7
8480, 7
8481, 7
8482, 7
8483, 7
8484, 7
8485, 7
8486, 7
8487, 7
8488, 7
8489, 7
8490, 7
8491, 7
8492, 7
8493, 7
8494, 7
8495, 7
8496, 7
8497, 7
8498, 7
8499, 7
8500, 7
8501, 7
8502, 7
8503, 7
8504, 7
8505, 7
8506, 7
8507, 7
8508, 7
8509, 7
8510, 7
8511, 7
8512, 7
8513, 7
8514, 7
8515, 7
8516, 8
8517, 8
8518, 8
8519, 8
8520, 8
8521, 8
8522, 8
8523, 8
8524, 8
8525, 8
8526, 8
8527, 8
8528, 8
8529, 8
8530, 8
8531, 8
8532, 8
8533, 8
8534, 8
8535, 8
8536, 8
8537, 8
8538, 8
8539, 8
8540, 8
8541, 8
8542, 8
8543, 8
8544, 8
8545, 8
8546, 8
8547, 8
8548, 8
8549, 8
8550, 8
8551, 8
8552, 8
8553, 8
8554, 8
8555, 8
8556, 8
8557, 8
8558, 8
8559, 8
8560, 8
8561, 8
8562, 8
8563, 8
8564, 8
8565, 8
8566, 8
8567, 8
8568, 8
8569, 8
8570, 8
8571, 8
8572, 8
8573, 8
8574, 8
8575, 8
8576, 8
8577, 8
8578, 8
8579, 8
8580, 8
8581, 8
8582, 8
8583, 8
8584, 8
8585, 8
8586, 8
8587, 8
8588, 8
8589, 8
8590, 8
8591, 8
8592, 8
8593, 8
8594, 8
8595, 8
8596, 8
8597, 8
8598, 8
8599, 8
8600, 8
8601, 8
8602, 8
8603, 8
8604, 8
8605, 8
8606, 8
8607, 8
8608, 8
8609, 8
8610, 8
8611, 8
8612, 8
8613, 8
8614, 8
8615, 8
8616, 8
8617, 8
8618, 8
8619, 8
8620, 8
8621, 8
8622, 8
8623, 8
8624, 8
8625, 8
8626, 8
8627, 8
8628, 8
8629, 8
8630, 8
8631, 8
8632, 8
8633, 8
8634, 8
8635, 8
8636, 8
8637, 8
8638, 8
8639, 8
8640, 8
8641, 8
8642, 8
8643, 8
8644, 8
8645, 8
8646, 8
8647, 8
8648, 8
8649, 7
8650, 7
8651, 7
8652, 7
8653, 7
8654, 7
8655, 7
8656, 7
8657, 7
8658, 7
8659, 7
8660, 7
8661, 7
8662, 7
8663, 7
8664, 7
8665, 7
8666, 7
8667, 7
8668, 7
8669, 7
8670, 7
8671, 7
8672, 7
8673, 7
8674, 7
8675, 7
8676, 7
8677, 7
8678, 7
8679, 7
8680, 7
8681, 7
8682, 7
8683, 7
8684, 7
8685, 7
8686, 7
8687, 7
8688, 7
8689, 7
8690, 7
8691, 7
8692, 8
8693, 8
8694, 8
8695, 8
8696, 8
8697, 8
8698, 8
8699, 8
8700, 8
8701, 8
8702, 8
8703, 8
8704, 8
8705, 8
8706, 8
8707, 8
8708, 8
8709, 8
8710, 8
8711, 8
8712, 8
8713, 8
8714, 8
8715, 8
8716, 8
8717, 8
8718, 8
8719, 8
8720, 8
8721, 8
8722, 8
8723, 8
8724, 8
8725, 8
8726, 8
8727, 8
8728, 8
8729, 8
8730, 8
8731, 8
8732, 8
8733, 8
8734, 8
8735, 8
8736, 8
8737, 8
8738, 8
8739, 8
8740, 8
8741, 8
8742, 8
8743, 8
8744, 8
8745, 8
8746, 8
8747, 8
8748, 8
8749, 8
8750, 8
8751, 8
8752, 8
8753, 8
8754, 8
8755, 8
8756, 8
8757, 8
8758, 8
8759, 8
8760, 8
8761, 8
8762, 8
8763, 8
8764, 8
8765, 8
8766, 8
8767, 8
8768, 8
8769, 8
8770, 8
8771, 8
8772, 8
8773, 8
8774, 8
8775, 8
8776, 8
8777, 8
8778, 8
8779, 8
8780, 8
8781, 8
8782, 8
8783, 8
8784, 8
8785, 8
8786, 8
8787, 8
8788, 8
8789, 8
8790, 8
8791, 8
8792, 8
8793, 8
8794, 8
8795, 8
8796, 8
8797, 8
8798, 8
8799, 8
8800, 8
8801, 8
8802, 8
8803, 8
8804, 8
8805, 8
8806, 8
8807, 8
8808, 8
8809, 8
8810, 8
8811, 8
8812, 8
8813, 8
8814, 8
8815, 8
8816, 8
8817, 8
8818, 8
8819, 8
8820, 8
8821, 8
8822, 8
8823, 8
8824, 8
8825, 8
8826, 8
8827, 8
8828, 8
8829, 8
8830, 8
8831, 8
8832, 8
8833, 8
8834, 8
8835, 8
8836, 7
8837, 7
8838, 7
8839, 7
8840, 7
8841, 7
8842, 7
8843, 7
8844, 7
8845, 7
8846, 7
8847, 7
8848, 7
8849, 7
8850, 7
8851, 7
8852, 7
8853, 7
8854, 7
8855, 7
8856, 7
8857, 7
8858, 7
8859, 7
8860, 7
8861, 7
8862, 7
8863, 7
8864, 7
8865, 7
8866, 7
8867, 7
8868, 7
8869, 7
8870, 8
8871, 8
8872, 8
8873, 8
8874, 8
8875, 8
8876, 8
8877, 8
8878, 8
8879, 8
8880, 8
8881, 8
8882, 8
8883, 8
8884, 8
8885, 8
8886, 8
8887, 8
8888, 8
8889, 8
8890, 8
8891, 8
8892, 8
8893, 8
8894, 8
8895, 8
8896, 8
8897, 8
8898, 8
8899, 8
8900, 8
8901, 8
8902, 8
8903, 8
8904, 8
8905, 8
8906, 8
8907, 8
8908, 8
8909, 8
8910, 8
8911, 8
8912, 8
8913, 8
8914, 8
8915, 8
8916, 8
8917, 8
8918, 8
8919, 8
8920, 8
8921, 8
8922, 8
8923, 8
8924, 8
8925, 8
8926, 8
8927, 8
8928, 8
8929, 8
8930, 8
8931, 8
8932, 8
8933, 8
8934, 8
8935, 8
8936, 8
8937, 8
8938, 8
8939, 8
8940, 8
8941, 8
8942, 8
8943, 8
8944, 8
8945, 8
8946, 8
8947, 8
8948, 8
8949, 8
8950, 8
8951, 8
8952, 8
8953, 8
8954, 8
8955, 8
8956, 8
8957, 8
8958, 8
8959, 8
8960, 8
8961, 8
8962, 8
8963, 8
8964, 8
8965, 8
8966, 8
8967, 8
8968, 8
8969, 8
8970, 8
8971, 8
8972, 8
8973, 8
8974, 8
8975, 8
8976, 8
8977, 8
8978, 8
8979, 8
8980, 8
8981, 8
8982, 8
8983, 8
8984, 8
8985, 8
8986, 8
8987, 8
8988, 8
8989, 8
8990, 8
8991, 8
8992, 8
8993, 8
8994, 8
8995, 8
8996, 8
8997, 8
8998, 8
8999, 8
9000, 8
9001, 8
9002, 8
9003, 8
9004, 8
9005, 8
9006, 8
9007, 8
9008, 8
9009, 8
9010, 8
9011, 8
9012, 8
9013, 8
9014, 8
9015, 8
9016, 8
9017, 8
9018, 8
9019, 8
9020, 8
9021, 8
9022, 8
9023, 8
9024, 8
9025, 7
9026, 7
9027, 7
9028, 7
9029, 7
9030, 7
9031, 7
9032, 7
9033, 7
9034, 7
9035, 7
9036, 7
9037, 7
9038, 7
9039, 7
9040, 7
9041, 7
9042, 7
9043, 7
9044, 7
9045, 7
9046, 7
9047, 7
9048, 7
9049, 8
9050, 8
9051, 8
9052, 8
9053, 8
9054, 8
9055, 8
9056, 8
9057, 8
9058, 8
9059, 8
9060, 8
9061, 8
9062, 8
9063, 8
9064, 8
9065, 8
9066, 8
9067, 8
9068, 8
9069, 8
9070, 8
9071, 8
9072, 8
9073, 8
9074, 8
9075, 8
9076, 8
9077, 8
9078, 8
9079, 8
9080, 8
9081, 8
9082, 8
9083, 8
9084, 8
9085, 8
9086, 8
9087, 8
9088, 8
9089, 8
9090, 8
9091, 8
9092, 8
9093, 8
9094, 8
9095, 8
9096, 8
9097, 8
9098, 8
9099, 8
9100, 8
9101, 8
9102, 8
9103, 8
9104, 8
9105, 8
9106, 8
9107, 8
9108, 8
9109, 8
9110, 8
9111, 8
9112, 8
9113, 8
9114, 8
9115, 8
9116, 8
9117, 8
9118, 8
9119, 8
9120, 8
9121, 8
9122, 8
9123, 8
9124, 8
9125, 8
9126, 8
9127, 8
9128, 8
9129, 8
9130, 8
9131, 8
9132, 8
9133, 8
9134, 8
9135, 8
9136, 8
9137, 8
9138, 8
9139, 8
9140, 8
9141, 8
9142, 8
9143, 8
9144, 8
9145, 8
9146, 8
9147, 8
9148, 8
9149, 8
9150, 8
9151, 8
9152, 8
9153, 8
9154, 8
9155, 8
9156, 8
9157, 8
9158, 8
9159, 8
9160, 8
9161, 8
9162, 8
9163, 8
9164, 8
9165, 8
9166, 8
9167, 8
9168, 8
9169, 8
9170, 8
9171, 8
9172, 8
9173, 8
9174, 8
9175, 8
9176, 8
9177, 8
9178, 8
9179, 8
9180, 8
9181, 8
9182, 8
9183, 8
9184, 8
9185, 8
9186, 8
9187, 8
9188, 8
9189, 8
9190, 8
9191, 8
9192, 8
9193, 8
9194, 8
9195, 8
9196, 8
9197, 8
9198, 8
9199, 8
9200, 8
9201, 8
9202, 8
9203, 8
9204, 8
9205, 8
9206, 8
9207, 8
9208, 8
9209, 8
9210, 8
9211, 8
9212, 8
9213, 8
9214, 8
9215, 8
9216, 7
9217, 7
9218, 7
9219, 7
9220, 7
9221, 7
9222, 7
9223, 7
9224, 7
9225, 7
9226, 7
9227, 7
9228, 7
9229, 8
9230, 8
9231, 8
9232, 8
9233, 8
9234, 8
9235, 8
9236, 8
9237, 8
9238, 8
9239, 8
9240, 8
9241, 8
9242, 8
9243, 8
9244, 8
9245, 8
9246, 8
9247, 8
9248, 8
9249, 8
9250, 8
9251, 8
9252, 8
9253, 8
9254, 8
9255, 8
9256, 8
9257, 8
9258, 8
9259, 8
9260, 8
9261, 8
9262, 8
9263, 8
9264, 8
9265, 8
9266, 8
9267, 8
9268, 8
9269, 8
9270, 8
9271, 8
9272, 8
9273, 8
9274, 8
9275, 8
9276, 8
9277, 8
9278, 8
9279, 8
9280, 8
9281, 8
9282, 8
9283, 8
9284, 8
9285, 8
9286, 8
9287, 8
9288, 8
9289, 8
9290, 8
9291, 8
9292, 8
9293, 8
9294, 8
9295, 8
9296, 8
9297, 8
9298, 8
9299, 8
9300, 8
9301, 8
9302, 8
9303, 8
9304, 8
9305, 8
9306, 8
9307, 8
9308, 8
9309, 8
9310, 8
9311, 8
9312, 8
9313, 8
9314, 8
9315, 8
9316, 8
9317, 8
9318, 8
9319, 8
9320, 8
9321, 8
9322, 8
9323, 8
9324, 8
9325, 8
9326, 8
9327, 8
9328, 8
9329, 8
9330, 8
9331, 8
9332, 8
9333, 8
9334, 8
9335, 8
9336, 8
9337, 8
9338, 8
9339, 8
9340, 8
9341, 8
9342, 8
9343, 8
9344, 8
9345, 8
9346, 8
9347, 8
9348, 8
9349, 8
9350, 8
9351, 8
9352, 8
9353, 8
9354, 8
9355, 8
9356, 8
9357, 8
9358, 8
9359, 8
9360, 8
9361, 8
9362, 8
9363, 8
9364, 8
9365, 8
9366, 8
9367, 8
9368, 8
9369, 8
9370, 8
9371, 8
9372, 8
9373, 8
9374, 8
9375, 8
9376, 8
9377, 8
9378, 8
9379, 8
9380, 8
9381, 8
9382, 8
9383, 8
9384, 8
9385, 8
9386, 8
9387, 8
9388, 8
9389, 8
9390, 8
9391, 8
9392, 8
9393, 8
9394, 8
9395, 8
9396, 8
9397, 8
9398, 8
9399, 8
9400, 8
9401, 8
9402, 8
9403, 8
9404, 8
9405, 8
9406, 8
9407, 8
9408, 8
9409, 7
9410, 7
9411, 8
9412, 8
9413, 8
9414, 8
9415, 8
9416, 8
9417, 8
9418, 8
9419, 8
9420, 8
9421, 8
9422, 8
9423, 8
9424, 8
9425, 8
9426, 8
9427, 8
9428, 8
9429, 8
9430, 8
9431, 8
9432, 8
9433, 8
9434, 8
9435, 8
9436, 8
9437, 8
9438, 8
9439, 8
9440, 8
9441, 8
9442, 8
9443, 8
9444, 8
9445, 8
9446, 8
9447, 8
9448, 8
9449, 8
9450, 8
9451, 8
9452, 8
9453, 8
9454, 8
9455, 8
9456, 8
9457, 8
9458, 8
9459, 8
9460, 8
9461, 8
9462, 8
9463, 8
9464, 8
9465, 8
9466, 8
9467, 8
9468, 8
9469, 8
9470, 8
9471, 8
9472, 8
9473, 8
9474, 8
9475, 8
9476, 8
9477, 8
9478, 8
9479, 8
9480, 8
9481, 8
9482, 8
9483, 8
9484, 8
9485, 8
9486, 8
9487, 8
9488, 8
9489, 8
9490, 8
9491, 8
9492, 8
9493, 8
9494, 8
9495, 8
9496, 8
9497, 8
9498, 8
9499, 8
9500, 8
9501, 8
9502, 8
9503, 8
9504, 8
9505, 8
9506, 8
9507, 8
9508, 8
9509, 8
9510, 8
9511, 8
9512, 8
9513, 8
9514, 8
9515, 8
9516, 8
9517, 8
9518, 8
9519, 8
9520, 8
9521, 8
9522, 8
9523, 8
9524, 8
9525, 8
9526, 8
9527, 8
9528, 8
9529, 8
9530, 8
9531, 8
9532, 8
9533, 8
9534, 8
9535, 8
9536, 8
9537, 8
9538, 8
9539, 8
9540, 8
9541, 8
9542, 8
9543, 8
9544, 8
9545, 8
9546, 8
9547, 8
9548, 8
9549, 8
9550, 8
9551, 8
9552, 8
9553, 8
9554, 8
9555, 8
9556, 8
9557, 8
9558, 8
9559, 8
9560, 8
9561, 8
9562, 8
9563, 8
9564, 8
9565, 8
9566, 8
9567, 8
9568, 8
9569, 8
9570, 8
9571, 8
9572, 8
9573, 8
9574, 8
9575, 8
9576, 8
9577, 8
9578, 8
9579, 8
9580, 8
9581, 8
9582, 8
9583, 8
9584, 8
9585, 8
9586, 8
9587, 8
9588, 8
9589, 8
9590, 8
9591, 8
9592, 8
9593, 8
9594, 8
9595, 8
9596, 8
9597, 8
9598, 8
9599, 8
9600, 8
9601, 8
9602, 8
9603, 9
9604, 8
9605, 8
9606, 8
9607, 8
9608, 8
9609, 8
9610, 8
9611, 8
9612, 8
9613, 8
9614, 8
9615, 8
9616, 8
9617, 8
9618, 8
9619, 8
9620, 8
9621, 8
9622, 8
9623, 8
9624, 8
9625, 8
9626, 8
9627, 8
9628, 8
9629, 8
9630, 8
9631, 8
9632, 8
9633, 8
9634, 8
9635, 8
9636, 8
9637, 8
9638, 8
9639, 8
9640, 8
9641, 8
9642, 8
9643, 8
9644, 8
9645, 8
9646, 8
9647, 8
9648, 8
9649, 8
9650, 8
9651, 8
9652, 8
9653, 8
9654, 8
9655, 8
9656, 8
9657, 8
9658, 8
9659, 8
9660, 8
9661, 8
9662, 8
9663, 8
9664, 8
9665, 8
9666, 8
9667, 8
9668, 8
9669, 8
9670, 8
9671, 8
9672, 8
9673, 8
9674, 8
9675, 8
9676, 8
9677, 8
9678, 8
9679, 8
9680, 8
9681, 8
9682, 8
9683, 8
9684, 8
9685, 8
9686, 8
9687, 8
9688, 8
9689, 8
9690, 8
9691, 8
9692, 8
9693, 8
9694, 8
9695, 8
9696, 8
9697, 8
9698, 8
9699, 8
9700, 8
9701, 8
9702, 8
9703, 8
9704, 8
9705, 8
9706, 8
9707, 8
9708, 8
9709, 8
9710, 8
9711, 8
9712, 8
9713, 8
9714, 8
9715, 8
9716, 8
9717, 8
9718, 8
9719, 8
9720, 8
9721, 8
9722, 8
9723, 8
9724, 8
9725, 8
9726, 8
9727, 8
9728, 8
9729, 8
9730, 8
9731, 8
9732, 8
9733, 8
9734, 8
9735, 8
9736, 8
9737, 8
9738, 8
9739, 8
9740, 8
9741, 8
9742, 8
9743, 8
9744, 8
9745, 8
9746, 8
9747, 8
9748, 8
9749, 8
9750, 8
9751, 8
9752, 8
9753, 8
9754, 8
9755, 8
9756, 8
9757, 8
9758, 8
9759, 8
9760, 8
9761, 8
9762, 8
9763, 8
9764, 8
9765, 8
9766, 8
9767, 8
9768, 8
9769, 8
9770, 8
9771, 8
9772, 8
9773, 8
9774, 8
9775, 8
9776, 8
9777, 8
9778, 8
9779, 8
9780, 8
9781, 8
9782, 8
9783, 8
9784, 8
9785, 8
9786, 8
9787, 8
9788, 8
9789, 8
9790, 8
9791, 8
9792, 8
9793, 8
9794, 8
9795, 8
9796, 8
9797, 8
9798, 8
9799, 8
9800, 9
9801, 8
9802, 8
9803, 8
9804, 8
9805, 8
9806, 8
9807, 8
9808, 8
9809, 8
9810, 8
9811, 8
9812, 8
9813, 8
9814, 8
9815, 8
9816, 8
9817, 8
9818, 8
9819, 8
9820, 8
9821, 8
9822, 8
9823, 8
9824, 8
9825, 8
9826, 8
9827, 8
9828, 8
9829, 8
9830, 8
9831, 8
9832, 8
9833, 8
9834, 8
9835, 8
9836, 8
9837, 8
9838, 8
9839, 8
9840, 8
9841, 8
9842, 8
9843, 8
9844, 8
9845, 8
9846, 8
9847, 8
9848, 8
9849, 8
9850, 8
9851, 8
9852, 8
9853, 8
9854, 8
9855, 8
9856, 8
9857, 8
9858, 8
9859, 8
9860, 8
9861, 8
9862, 8
9863, 8
9864, 8
9865, 8
9866, 8
9867, 8
9868, 8
9869, 8
9870, 8
9871, 8
9872, 8
9873, 8
9874, 8
9875, 8
9876, 8
9877, 8
9878, 8
9879, 8
9880, 8
9881, 8
9882, 8
9883, 8
9884, 8
9885, 8
9886, 8
9887, 8
9888, 8
9889, 8
9890, 8
9891, 8
9892, 8
9893, 8
9894, 8
9895, 8
9896, 8
9897, 8
9898, 8
9899, 8
9900, 8
9901, 8
9902, 8
9903, 8
9904, 8
9905, 8
9906, 8
9907, 8
9908, 8
9909, 8
9910, 8
9911, 8
9912, 8
9913, 8
9914, 8
9915, 8
9916, 8
9917, 8
9918, 8
9919, 8
9920, 8
9921, 8
9922, 8
9923, 8
9924, 8
9925, 8
9926, 8
9927, 8
9928, 8
9929, 8
9930, 8
9931, 8
9932, 8
9933, 8
9934, 8
9935, 8
9936, 8
9937, 8
9938, 8
9939, 8
9940, 8
9941, 8
9942, 8
9943, 8
9944, 8
9945, 8
9946, 8
9947, 8
9948, 8
9949, 8
9950, 8
9951, 8
9952, 8
9953, 8
9954, 8
9955, 8
9956, 8
9957, 8
9958, 8
9959, 8
9960, 8
9961, 8
9962, 8
9963, 8
9964, 8
9965, 8
9966, 8
9967, 8
9968, 8
9969, 8
9970, 8
9971, 8
9972, 8
9973, 8
9974, 8
9975, 8
9976, 8
9977, 8
9978, 8
9979, 8
9980, 8
9981, 8
9982, 8
9983, 8
9984, 8
9985, 8
9986, 8
9987, 8
9988, 8
9989, 8
9990, 8
9991, 8
9992, 8
9993, 8
9994, 8
9995, 8
9996, 8
9997, 8
9998, 8
9999, 9
10000, 8
10001, 8
10002, 8
10003, 8
10004, 8
10005, 8
10006, 8
10007, 8
10008, 8
10009, 8
10010, 8
10011, 8
10012, 8
10013, 8
10014, 8
10015, 8
10016, 8
10017, 8
10018, 8
10019, 8
10020, 8
10021, 8
10022, 8
10023, 8
10024, 8
10025, 8
10026, 8
10027, 8
10028, 8
10029, 8
10030, 8
10031, 8
10032, 8
10033, 8
10034, 8
10035, 8
10036, 8
10037, 8
10038, 8
10039, 8
10040, 8
10041, 8
10042, 8
10043, 8
10044, 8
10045, 8
10046, 8
10047, 8
10048, 8
10049, 8
10050, 8
10051, 8
10052, 8
10053, 8
10054, 8
10055, 8
10056, 8
10057, 8
10058, 8
10059, 8
10060, 8
10061, 8
10062, 8
10063, 8
10064, 8
10065, 8
10066, 8
10067, 8
10068, 8
10069, 8
10070, 8
10071, 8
10072, 8
10073, 8
10074, 8
10075, 8
10076, 8
10077, 8
10078, 8
10079, 8
10080, 8
10081, 8
10082, 8
10083, 8
10084, 8
10085, 8
10086, 8
10087, 8
10088, 8
10089, 8
10090, 8
10091, 8
10092, 8
10093, 8
10094, 8
10095, 8
10096, 8
10097, 8
10098, 8
10099, 8
10100, 8
10101, 8
10102, 8
10103, 8
10104, 8
10105, 8
10106, 8
10107, 8
10108, 8
10109, 8
10110, 8
10111, 8
10112, 8
10113, 8
10114, 8
10115, 8
10116, 8
10117, 8
10118, 8
10119, 8
10120, 8
10121, 8
10122, 8
10123, 8
10124, 8
10125, 8
10126, 8
10127, 8
10128, 8
10129, 8
10130, 8
10131, 8
10132, 8
10133, 8
10134, 8
10135, 8
10136, 8
10137, 8
10138, 8
10139, 8
10140, 8
10141, 8
10142, 8
10143, 8
10144, 8
10145, 8
10146, 8
10147, 8
10148, 8
10149, 8
10150, 8
10151, 8
10152, 8
10153, 8
10154, 8
10155, 8
10156, 8
10157, 8
10158, 8
10159, 8
10160, 8
10161, 8
10162, 8
10163, 8
10164, 8
10165, 8
10166, 8
10167, 8
10168, 8
10169, 8
10170, 8
10171, 8
10172, 8
10173, 8
10174, 8
10175, 8
10176, 8
10177, 8
10178, 8
10179, 8
10180, 8
10181, 8
10182, 8
10183, 8
10184, 8
10185, 8
10186, 8
10187, 8
10188, 8
10189, 8
10190, 8
10191, 8
10192, 8
10193, 8
10194, 8
10195, 8
10196, 8
10197, 8
10198, 8
10199, 8
10200, 9
10201, 8
10202, 8
10203, 8
10204, 8
10205, 8
10206, 8
10207, 8
10208, 8
10209, 8
10210, 8
10211, 8
10212, 8
10213, 8
10214, 8
10215, 8
10216, 8
10217, 8
10218, 8
10219, 8
10220, 8
10221, 8
10222, 8
10223, 8
10224, 8
10225, 8
10226, 8
10227, 8
10228, 8
10229, 8
10230, 8
10231, 8
10232, 8
10233, 8
10234, 8
10235, 8
10236, 8
10237, 8
10238, 8
10239, 8
10240, 8
10241, 8
10242, 8
10243, 8
10244, 8
10245, 8
10246, 8
10247, 8
10248, 8
10249, 8
10250, 8
10251, 8
10252, 8
10253, 8
10254, 8
10255, 8
10256, 8
10257, 8
10258, 8
10259, 8
10260, 8
10261, 8
10262, 8
10263, 8
10264, 8
10265, 8
10266, 8
10267, 8
10268, 8
10269, 8
10270, 8
10271, 8
10272, 8
10273, 8
10274, 8
10275, 8
10276, 8
10277, 8
10278, 8
10279, 8
10280, 8
10281, 8
10282, 8
10283, 8
10284, 8
10285, 8
10286, 8
10287, 8
10288, 8
10289, 8
10290, 8
10291, 8
10292, 8
10293, 8
10294, 8
10295, 8
10296, 8
10297, 8
10298, 8
10299, 8
10300, 8
10301, 8
10302, 8
10303, 8
10304, 8
10305, 8
10306, 8
10307, 8
10308, 8
10309, 8
10310, 8
10311, 8
10312, 8
10313, 8
10314, 8
10315, 8
10316, 8
10317, 8
10318, 8
10319, 8
10320, 8
10321, 8
10322, 8
10323, 8
10324, 8
10325, 8
10326, 8
10327, 8
10328, 8
10329, 8
10330, 8
10331, 8
10332, 8
10333, 8
10334, 8
10335, 8
10336, 8
10337, 8
10338, 8
10339, 8
10340, 8
10341, 8
10342, 8
10343, 8
10344, 8
10345, 8
10346, 8
10347, 8
10348, 8
10349, 8
10350, 8
10351, 8
10352, 8
10353, 8
10354, 8
10355, 8
10356, 8
10357, 8
10358, 8
10359, 8
10360, 8
10361, 8
10362, 8
10363, 8
10364, 8
10365, 8
10366, 8
10367, 8
10368, 8
10369, 8
10370, 8
10371, 8
10372, 8
10373, 8
10374, 8
10375, 8
10376, 8
10377, 8
10378, 8
10379, 8
10380, 8
10381, 8
10382, 8
10383, 8
10384, 8
10385, 8
10386, 8
10387, 8
10388, 8
10389, 8
10390, 8
10391, 8
10392, 8
10393, 8
10394, 8
10395, 8
10396, 8
10397, 8
10398, 8
10399, 8
10400, 8
10401, 8
10402, 8
10403, 9
10404, 8
10405, 8
10406, 8
10407, 8
10408, 8
10409, 8
10410, 8
10411, 8
10412, 8
10413, 8
10414, 8
10415, 8
10416, 8
10417, 8
10418, 8
10419, 8
10420, 8
10421, 8
10422, 8
10423, 8
10424, 8
10425, 8
10426, 8
10427, 8
10428, 8
10429, 8
10430, 8
10431, 8
10432, 8
10433, 8
10434, 8
10435, 8
10436, 8
10437, 8
10438, 8
10439, 8
10440, 8
10441, 8
10442, 8
10443, 8
10444, 8
10445, 8
10446, 8
10447, 8
10448, 8
10449, 8
10450, 8
10451, 8
10452, 8
10453, 8
10454, 8
10455, 8
10456, 8
10457, 8
10458, 8
10459, 8
10460, 8
10461, 8
10462, 8
10463, 8
10464, 8
10465, 8
10466, 8
10467, 8
10468, 8
10469, 8
10470, 8
10471, 8
10472, 8
10473, 8
10474, 8
10475, 8
10476, 8
10477, 8
10478, 8
10479, 8
10480, 8
10481, 8
10482, 8
10483, 8
10484, 8
10485, 8
10486, 8
10487, 8
10488, 8
10489, 8
10490, 8
10491, 8
10492, 8
10493, 8
10494, 8
10495, 8
10496, 8
10497, 8
10498, 8
10499, 8
10500, 8
10501, 8
10502, 8
10503, 8
10504, 8
10505, 8
10506, 8
10507, 8
10508, 8
10509, 8
10510, 8
10511, 8
10512, 8
10513, 8
10514, 8
10515, 8
10516, 8
10517, 8
10518, 8
10519, 8
10520, 8
10521, 8
10522, 8
10523, 8
10524, 8
10525, 8
10526, 8
10527, 8
10528, 8
10529, 8
10530, 8
10531, 8
10532, 8
10533, 8
10534, 8
10535, 8
10536, 8
10537, 8
10538, 8
10539, 8
10540, 8
10541, 8
10542, 8
10543, 8
10544, 8
10545, 8
10546, 8
10547, 8
10548, 8
10549, 8
10550, 8
10551, 8
10552, 8
10553, 8
10554, 8
10555, 8
10556, 8
10557, 8
10558, 8
10559, 8
10560, 8
10561, 8
10562, 8
10563, 8
10564, 8
10565, 8
10566, 8
10567, 8
10568, 8
10569, 8
10570, 8
10571, 8
10572, 8
10573, 8
10574, 8
10575, 8
10576, 8
10577, 8
10578, 8
10579, 8
10580, 8
10581, 8
10582, 8
10583, 8
10584, 8
10585, 8
10586, 8
10587, 8
10588, 8
10589, 8
10590, 8
10591, 8
10592, 8
10593, 8
10594, 8
10595, 8
10596, 8
10597, 8
10598, 8
10599, 8
10600, 8
10601, 8
10602, 8
10603, 8
10604, 8
10605, 8
10606, 8
10607, 9
10608, 9
10609, 8
10610, 8
10611, 8
10612, 8
10613, 8
10614, 8
10615, 8
10616, 8
10617, 8
10618, 8
10619, 8
10620, 8
10621, 8
10622, 8
10623, 8
10624, 8
10625, 8
10626, 8
10627, 8
10628, 8
10629, 8
10630, 8
10631, 8
10632, 8
10633, 8
10634, 8
10635, 8
10636, 8
10637, 8
10638, 8
10639, 8
10640, 8
10641, 8
10642, 8
10643, 8
10644, 8
10645, 8
10646, 8
10647, 8
10648, 8
10649, 8
10650, 8
10651, 8
10652, 8
10653, 8
10654, 8
10655, 8
10656, 8
10657, 8
10658, 8
10659, 8
10660, 8
10661, 8
10662, 8
10663, 8
10664, 8
10665, 8
10666, 8
10667, 8
10668, 8
10669, 8
10670, 8
10671, 8
10672, 8
10673, 8
10674, 8
10675, 8
10676, 8
10677, 8
10678, 8
10679, 8
10680, 8
10681, 8
10682, 8
10683, 8
10684, 8
10685, 8
10686, 8
10687, 8
10688, 8
10689, 8
10690, 8
10691, 8
10692, 8
10693, 8
10694, 8
10695, 8
10696, 8
10697, 8
10698, 8
10699, 8
10700, 8
10701, 8
10702, 8
10703, 8
10704, 8
10705, 8
10706, 8
10707, 8
10708, 8
10709, 8
10710, 8
10711, 8
10712, 8
10713, 8
10714, 8
10715, 8
10716, 8
10717, 8
10718, 8
10719, 8
10720, 8
10721, 8
10722, 8
10723, 8
10724, 8
10725, 8
10726, 8
10727, 8
10728, 8
10729, 8
10730, 8
10731, 8
10732, 8
10733, 8
10734, 8
10735, 8
10736, 8
10737, 8
10738, 8
10739, 8
10740, 8
10741, 8
10742, 8
10743, 8
10744, 8
10745, 8
10746, 8
10747, 8
10748, 8
10749, 8
10750, 8
10751, 8
10752, 8
10753, 8
10754, 8
10755, 8
10756, 8
10757, 8
10758, 8
10759, 8
10760, 8
10761, 8
10762, 8
10763, 8
10764, 8
10765, 8
10766, 8
10767, 8
10768, 8
10769, 8
10770, 8
10771, 8
10772, 8
10773, 8
10774, 8
10775, 8
10776, 8
10777, 8
10778, 8
10779, 8
10780, 8
10781, 8
10782, 8
10783, 8
10784, 8
10785, 8
10786, 8
10787, 8
10788, 8
10789, 8
10790, 8
10791, 8
10792, 8
10793, 8
10794, 8
10795, 8
10796, 8
10797, 8
10798, 8
10799, 8
10800, 8
10801, 8
10802, 8
10803, 8
10804, 8
10805, 8
10806, 8
10807, 8
10808, 8
10809, 8
10810, 8
10811, 8
10812, 8
10813, 8
10814, 9
10815, 9
10816, 8
10817, 8
10818, 8
10819, 8
10820, 8
10821, 8
10822, 8
10823, 8
10824, 8
10825, 8
10826, 8
10827, 8
10828, 8
10829, 8
10830, 8
10831, 8
10832, 8
10833, 8
10834, 8
10835, 8
10836, 8
10837, 8
10838, 8
10839, 8
10840, 8
10841, 8
10842, 8
10843, 8
10844, 8
10845, 8
10846, 8
10847, 8
10848, 8
10849, 8
10850, 8
10851, 8
10852, 8
10853, 8
10854, 8
10855, 8
10856, 8
10857, 8
10858, 8
10859, 8
10860, 8
10861, 8
10862, 8
10863, 8
10864, 8
10865, 8
10866, 8
10867, 8
10868, 8
10869, 8
10870, 8
10871, 8
10872, 8
10873, 8
10874, 8
10875, 8
10876, 8
10877, 8
10878, 8
10879, 8
10880, 8
10881, 8
10882, 8
10883, 8
10884, 8
10885, 8
10886, 8
10887, 8
10888, 8
10889, 8
10890, 8
10891, 8
10892, 8
10893, 8
10894, 8
10895, 8
10896, 8
10897, 8
10898, 8
10899, 8
10900, 8
10901, 8
10902, 8
10903, 8
10904, 8
10905, 8
10906, 8
10907, 8
10908, 8
10909, 8
10910, 8
10911, 8
10912, 8
10913, 8
10914, 8
10915, 8
10916, 8
10917, 8
10918, 8
10919, 8
10920, 8
10921, 8
10922, 8
10923, 8
10924, 8
10925, 8
10926, 8
10927, 8
10928, 8
10929, 8
10930, 8
10931, 8
10932, 8
10933, 8
10934, 8
10935, 8
10936, 8
10937, 8
10938, 8
10939, 8
10940, 8
10941, 8
10942, 8
10943, 8
10944, 8
10945, 8
10946, 8
10947, 8
10948, 8
10949, 8
10950, 8
10951, 8
10952, 8
10953, 8
10954, 8
10955, 8
10956, 8
10957, 8
10958, 8
10959, 8
10960, 8
10961, 8
10962, 8
10963, 8
10964, 8
10965, 8
10966, 8
10967, 8
10968, 8
10969, 8
10970, 8
10971, 8
10972, 8
10973, 8
10974, 8
10975, 8
10976, 8
10977, 8
10978, 8
10979, 8
10980, 8
10981, 8
10982, 8
10983, 8
10984, 8
10985, 8
10986, 8
10987, 8
10988, 8
10989, 8
10990, 8
10991, 8
10992, 8
10993, 8
10994, 8
10995, 8
10996, 8
10997, 8
10998, 8
10999, 8
11000, 8
11001, 8
11002, 8
11003, 8
11004, 8
11005, 8
11006, 8
11007, 8
11008, 8
11009, 8
11010, 8
11011, 8
11012, 8
11013, 8
11014, 8
11015, 8
11016, 8
11017, 8
11018, 8
11019, 8
11020, 8
11021, 8
11022, 8
11023, 9
11024, 9
11025, 8
11026, 8
11027, 8
11028, 8
11029, 8
11030, 8
11031, 8
11032, 8
11033, 8
11034, 8
11035, 8
11036, 8
11037, 8
11038, 8
11039, 8
11040, 8
11041, 8
11042, 8
11043, 8
11044, 8
11045, 8
11046, 8
11047, 8
11048, 8
11049, 8
11050, 8
11051, 8
11052, 8
11053, 8
11054, 8
11055, 8
11056, 8
11057, 8
11058, 8
11059, 8
11060, 8
11061, 8
11062, 8
11063, 8
11064, 8
11065, 8
11066, 8
11067, 8
11068, 8
11069, 8
11070, 8
11071, 8
11072, 8
11073, 8
11074, 8
11075, 8
11076, 8
11077, 8
11078, 8
11079, 8
11080, 8
11081, 8
11082, 8
11083, 8
11084, 8
11085, 8
11086, 8
11087, 8
11088, 8
11089, 8
11090, 8
11091, 8
11092, 8
11093, 8
11094, 8
11095, 8
11096, 8
11097, 8
11098, 8
11099, 8
11100, 8
11101, 8
11102, 8
11103, 8
11104, 8
11105, 8
11106, 8
11107, 8
11108, 8
11109, 8
11110, 8
11111, 8
11112, 8
11113, 8
11114, 8
11115, 8
11116, 8
11117, 8
11118, 8
11119, 8
11120, 8
11121, 8
11122, 8
11123, 8
11124, 8
11125, 8
11126, 8
11127, 8
11128, 8
11129, 8
11130, 8
11131, 8
11132, 8
11133, 8
11134, 8
11135, 8
11136, 8
11137, 8
11138, 8
11139, 8
11140, 8
11141, 8
11142, 8
11143, 8
11144, 8
11145, 8
11146, 8
11147, 8
11148, 8
11149, 8
11150, 8
11151, 8
11152, 8
11153, 8
11154, 8
11155, 8
11156, 8
11157, 8
11158, 8
11159, 8
11160, 8
11161, 8
11162, 8
11163, 8
11164, 8
11165, 8
11166, 8
11167, 8
11168, 8
11169, 8
11170, 8
11171, 8
11172, 8
11173, 8
11174, 8
11175, 8
11176, 8
11177, 8
11178, 8
11179, 8
11180, 8
11181, 8
11182, 8
11183, 8
11184, 8
11185, 8
11186, 8
11187, 8
11188, 8
11189, 8
11190, 8
11191, 8
11192, 8
11193, 8
11194, 8
11195, 8
11196, 8
11197, 8
11198, 8
11199, 8
11200, 8
11201, 8
11202, 8
11203, 8
11204, 8
11205, 8
11206, 8
11207, 8
11208, 8
11209, 8
11210, 8
11211, 8
11212, 8
11213, 8
11214, 8
11215, 8
11216, 8
11217, 8
11218, 8
11219, 8
11220, 8
11221, 8
11222, 8
11223, 8
11224, 8
11225, 8
11226, 8
11227, 8
11228, 8
11229, 8
11230, 8
11231, 8
11232, 8
11233, 8
11234, 9
11235, 9
11236, 8
11237, 8
11238, 8
11239, 8
11240, 8
11241, 8
11242, 8
11243, 8
11244, 8
11245, 8
11246, 8
11247, 8
11248, 8
11249, 8
11250, 8
11251, 8
11252, 8
11253, 8
11254, 8
11255, 8
11256, 8
11257, 8
11258, 8
11259, 8
11260, 8
11261, 8
11262, 8
11263, 8
11264, 8
11265, 8
11266, 8
11267, 8
11268, 8
11269, 8
11270, 8
11271, 8
11272, 8
11273, 8
11274, 8
11275, 8
11276, 8
11277, 8
11278, 8
11279, 8
11280, 8
11281, 8
11282, 8
11283, 8
11284, 8
11285, 8
11286, 8
11287, 8
11288, 8
11289, 8
11290, 8
11291, 8
11292, 8
11293, 8
11294, 8
11295, 8
11296, 8
11297, 8
11298, 8
11299, 8
11300, 8
11301, 8
11302, 8
11303, 8
11304, 8
11305, 8
11306, 8
11307, 8
11308, 8
11309, 8
11310, 8
11311, 8
11312, 8
11313, 8
11314, 8
11315, 8
11316, 8
11317, 8
11318, 8
11319, 8
11320, 8
11321, 8
11322, 8
11323, 8
11324, 8
11325, 8
11326, 8
11327, 8
11328, 8
11329, 8
11330, 8
11331, 8
11332, 8
11333, 8
11334, 8
11335, 8
11336, 8
11337, 8
11338, 8
11339, 8
11340, 8
11341, 8
11342, 8
11343, 8
11344, 8
11345, 8
11346, 8
11347, 8
11348, 8
11349, 8
11350, 8
11351, 8
11352, 8
11353, 8
11354, 8
11355, 8
11356, 8
11357, 8
11358, 8
11359, 8
11360, 8
11361, 8
11362, 8
11363, 8
11364, 8
11365, 8
11366, 8
11367, 8
11368, 8
11369, 8
11370, 8
11371, 8
11372, 8
11373, 8
11374, 8
11375, 8
11376, 8
11377, 8
11378, 8
11379, 8
11380, 8
11381, 8
11382, 8
11383, 8
11384, 8
11385, 8
11386, 8
11387, 8
11388, 8
11389, 8
11390, 8
11391, 8
11392, 8
11393, 8
11394, 8
11395, 8
11396, 8
11397, 8
11398, 8
11399, 8
11400, 8
11401, 8
11402, 8
11403, 8
11404, 8
11405, 8
11406, 8
11407, 8
11408, 8
11409, 8
11410, 8
11411, 8
11412, 8
11413, 8
11414, 8
11415, 8
11416, 8
11417, 8
11418, 8
11419, 8
11420, 8
11421, 8
11422, 8
11423, 8
11424, 8
11425, 8
11426, 8
11427, 8
11428, 8
11429, 8
11430, 8
11431, 8
11432, 8
11433, 8
11434, 8
11435, 8
11436, 8
11437, 8
11438, 8
11439, 8
11440, 8
11441, 8
11442, 8
11443, 8
11444, 8
11445, 8
11446, 9
11447, 9
11448, 9
11449, 8
11450, 8
11451, 8
11452, 8
11453, 8
11454, 8
11455, 8
11456, 8
11457, 8
11458, 8
11459, 8
11460, 8
11461, 8
11462, 8
11463, 8
11464, 8
11465, 8
11466, 8
11467, 8
11468, 8
11469, 8
11470, 8
11471, 8
11472, 8
11473, 8
11474, 8
11475, 8
11476, 8
11477, 8
11478, 8
11479, 8
11480, 8
11481, 8
11482, 8
11483, 8
11484, 8
11485, 8
11486, 8
11487, 8
11488, 8
11489, 8
11490, 8
11491, 8
11492, 8
11493, 8
11494, 8
11495, 8
11496, 8
11497, 8
11498, 8
11499, 8
11500, 8
11501, 8
11502, 8
11503, 8
11504, 8
11505, 8
11506, 8
11507, 8
11508, 8
11509, 8
11510, 8
11511, 8
11512, 8
11513, 8
11514, 8
11515, 8
11516, 8
11517, 8
11518, 8
11519, 8
11520, 8
11521, 8
11522, 8
11523, 8
11524, 8
11525, 8
11526, 8
11527, 8
11528, 8
11529, 8
11530, 8
11531, 8
11532, 8
11533, 8
11534, 8
11535, 8
11536, 8
11537, 8
11538, 8
11539, 8
11540, 8
11541, 8
11542, 8
11543, 8
11544, 8
11545, 8
11546, 8
11547, 8
11548, 8
11549, 8
11550, 8
11551, 8
11552, 8
11553, 8
11554, 8
11555, 8
11556, 8
11557, 8
11558, 8
11559, 8
11560, 8
11561, 8
11562, 8
11563, 8
11564, 8
11565, 8
11566, 8
11567, 8
11568, 8
11569, 8
11570, 8
11571, 8
11572, 8
11573, 8
11574, 8
11575, 8
11576, 8
11577, 8
11578, 8
11579, 8
11580, 8
11581, 8
11582, 8
11583, 8
11584, 8
11585, 8
11586, 8
11587, 8
11588, 8
11589, 8
11590, 8
11591, 8
11592, 8
11593, 8
11594, 8
11595, 8
11596, 8
11597, 8
11598, 8
11599, 8
11600, 8
11601, 8
11602, 8
11603, 8
11604, 8
11605, 8
11606, 8
11607, 8
11608, 8
11609, 8
11610, 8
11611, 8
11612, 8
11613, 8
11614, 8
11615, 8
11616, 8
11617, 8
11618, 8
11619, 8
11620, 8
11621, 8
11622, 8
11623, 8
11624, 8
11625, 8
11626, 8
11627, 8
11628, 8
11629, 8
11630, 8
11631, 8
11632, 8
11633, 8
11634, 8
11635, 8
11636, 8
11637, 8
11638, 8
11639, 8
11640, 8
11641, 8
11642, 8
11643, 8
11644, 8
11645, 8
11646, 8
11647, 8
11648, 8
11649, 8
11650, 8
11651, 8
11652, 8
11653, 8
11654, 8
11655, 8
11656, 8
11657, 8
11658, 8
11659, 8
11660, 8
11661, 9
11662, 9
11663, 9
11664, 8
11665, 8
11666, 8
11667, 8
11668, 8
11669, 8
11670, 8
11671, 8
11672, 8
11673, 8
11674, 8
11675, 8
11676, 8
11677, 8
11678, 8
11679, 8
11680, 8
11681, 8
11682, 8
11683, 8
11684, 8
11685, 8
11686, 8
11687, 8
11688, 8
11689, 8
11690, 8
11691, 8
11692, 8
11693, 8
11694, 8
11695, 8
11696, 8
11697, 8
11698, 8
11699, 8
11700, 8
11701, 8
11702, 8
11703, 8
11704, 8
11705, 8
11706, 8
11707, 8
11708, 8
11709, 8
11710, 8
11711, 8
11712, 8
11713, 8
11714, 8
11715, 8
11716, 8
11717, 8
11718, 8
11719, 8
11720, 8
11721, 8
11722, 8
11723, 8
11724, 8
11725, 8
11726, 8
11727, 8
11728, 8
11729, 8
11730, 8
11731, 8
11732, 8
11733, 8
11734, 8
11735, 8
11736, 8
11737, 8
11738, 8
11739, 8
11740, 8
11741, 8
11742, 8
11743, 8
11744, 8
11745, 8
11746, 8
11747, 8
11748, 8
11749, 8
11750, 8
11751, 8
11752, 8
11753, 8
11754, 8
11755, 8
11756, 8
11757, 8
11758, 8
11759, 8
11760, 8
11761, 8
11762, 8
11763, 8
11764, 8
11765, 8
11766, 8
11767, 8
11768, 8
11769, 8
11770, 8
11771, 8
11772, 8
11773, 8
11774, 8
11775, 8
11776, 8
11777, 8
11778, 8
11779, 8
11780, 8
11781, 8
11782, 8
11783, 8
11784, 8
11785, 8
11786, 8
11787, 8
11788, 8
11789, 8
11790, 8
11791, 8
11792, 8
11793, 8
11794, 8
11795, 8
11796, 8
11797, 8
11798, 8
11799, 8
11800, 8
11801, 8
11802, 8
11803, 8
11804, 8
11805, 8
11806, 8
11807, 8
11808, 8
11809, 8
11810, 8
11811, 8
11812, 8
11813, 8
11814, 8
11815, 8
11816, 8
11817, 8
11818, 8
11819, 8
11820, 8
11821, 8
11822, 8
11823, 8
11824, 8
11825, 8
11826, 8
11827, 8
11828, 8
11829, 8
11830, 8
11831, 8
11832, 8
11833, 8
11834, 8
11835, 8
11836, 8
11837, 8
11838, 8
11839, 8
11840, 8
11841, 8
11842, 8
11843, 8
11844, 8
11845, 8
11846, 8
11847, 8
11848, 8
11849, 8
11850, 8
11851, 8
11852, 8
11853, 8
11854, 8
11855, 8
11856, 8
11857, 8
11858, 8
11859, 8
11860, 8
11861, 8
11862, 8
11863, 8
11864, 8
11865, 8
11866, 8
11867, 8
11868, 8
11869, 8
11870, 8
11871, 8
11872, 8
11873, 8
11874, 8
11875, 8
11876, 8
11877, 8
11878, 9
11879, 9
11880, 9
11881, 8
11882, 8
11883, 8
11884, 8
11885, 8
11886, 8
11887, 8
11888, 8
11889, 8
11890, 8
11891, 8
11892, 8
11893, 8
11894, 8
11895, 8
11896, 8
11897, 8
11898, 8
11899, 8
11900, 8
11901, 8
11902, 8
11903, 8
11904, 8
11905, 8
11906, 8
11907, 8
11908, 8
11909, 8
11910, 8
11911, 8
11912, 8
11913, 8
11914, 8
11915, 8
11916, 8
11917, 8
11918, 8
11919, 8
11920, 8
11921, 8
11922, 8
11923, 8
11924, 8
11925, 8
11926, 8
11927, 8
11928, 8
11929, 8
11930, 8
11931, 8
11932, 8
11933, 8
11934, 8
11935, 8
11936, 8
11937, 8
11938, 8
11939, 8
11940, 8
11941, 8
11942, 8
11943, 8
11944, 8
11945, 8
11946, 8
11947, 8
11948, 8
11949, 8
11950, 8
11951, 8
11952, 8
11953, 8
11954, 8
11955, 8
11956, 8
11957, 8
11958, 8
11959, 8
11960, 8
11961, 8
11962, 8
11963, 8
11964, 8
11965, 8
11966, 8
11967, 8
11968, 8
11969, 8
11970, 8
11971, 8
11972, 8
11973, 8
11974, 8
11975, 8
11976, 8
11977, 8
11978, 8
11979, 8
11980, 8
11981, 8
11982, 8
11983, 8
11984, 8
11985, 8
11986, 8
11987, 8
11988, 8
11989, 8
11990, 8
11991, 8
11992, 8
11993, 8
11994, 8
11995, 8
11996, 8
11997, 8
11998, 8
11999, 8
12000, 8
12001, 8
12002, 8
12003, 8
12004, 8
12005, 8
12006, 8
12007, 8
12008, 8
12009, 8
12010, 8
12011, 8
12012, 8
12013, 8
12014, 8
12015, 8
12016, 8
12017, 8
12018, 8
12019, 8
12020, 8
12021, 8
12022, 8
12023, 8
12024, 8
12025, 8
12026, 8
12027, 8
12028, 8
12029, 8
12030, 8
12031, 8
12032, 8
12033, 8
12034, 8
12035, 8
12036, 8
12037, 8
12038, 8
12039, 8
12040, 8
12041, 8
12042, 8
12043, 8
12044, 8
12045, 8
12046, 8
12047, 8
12048, 8
12049, 8
12050, 8
12051, 8
12052, 8
12053, 8
12054, 8
12055, 8
12056, 8
12057, 8
12058, 8
12059, 8
12060, 8
12061, 8
12062, 8
12063, 8
12064, 8
12065, 8
12066, 8
12067, 8
12068, 8
12069, 8
12070, 8
12071, 8
12072, 8
12073, 8
12074, 8
12075, 8
12076, 8
12077, 8
12078, 8
12079, 8
12080, 8
12081, 8
12082, 8
12083, 8
12084, 8
12085, 8
12086, 8
12087, 8
12088, 8
12089, 8
12090, 8
12091, 8
12092, 8
12093, 8
12094, 8
12095, 8
12096, 9
12097, 9
12098, 9
12099, 9
12100, 8
12101, 8
12102, 8
12103, 8
12104, 8
12105, 8
12106, 8
12107, 8
12108, 8
12109, 8
12110, 8
12111, 8
12112, 8
12113, 8
12114, 8
12115, 8
12116, 8
12117, 8
12118, 8
12119, 8
12120, 8
12121, 8
12122, 8
12123, 8
12124, 8
12125, 8
12126, 8
12127, 8
12128, 8
12129, 8
12130, 8
12131, 8
12132, 8
12133, 8
12134, 8
12135, 8
12136, 8
12137, 8
12138, 8
12139, 8
12140, 8
12141, 8
12142, 8
12143, 8
12144, 8
12145, 8
12146, 8
12147, 8
12148, 8
12149, 8
12150, 8
12151, 8
12152, 8
12153, 8
12154, 8
12155, 8
12156, 8
12157, 8
12158, 8
12159, 8
12160, 8
12161, 8
12162, 8
12163, 8
12164, 8
12165, 8
12166, 8
12167, 8
12168, 8
12169, 8
12170, 8
12171, 8
12172, 8
12173, 8
12174, 8
12175, 8
12176, 8
12177, 8
12178, 8
12179, 8
12180, 8
12181, 8
12182, 8
12183, 8
12184, 8
12185, 8
12186, 8
12187, 8
12188, 8
12189, 8
12190, 8
12191, 8
12192, 8
12193, 8
12194, 8
12195, 8
12196, 8
12197, 8
12198, 8
12199, 8
12200, 8
12201, 8
12202, 8
12203, 8
12204, 8
12205, 8
12206, 8
12207, 8
12208, 8
12209, 8
12210, 8
12211, 8
12212, 8
12213, 8
12214, 8
12215, 8
12216, 8
12217, 8
12218, 8
12219, 8
12220, 8
12221, 8
12222, 8
12223, 8
12224, 8
12225, 8
12226, 8
12227, 8
12228, 8
12229, 8
12230, 8
12231, 8
12232, 8
12233, 8
12234, 8
12235, 8
12236, 8
12237, 8
12238, 8
12239, 8
12240, 8
12241, 8
12242, 8
12243, 8
12244, 8
12245, 8
12246, 8
12247, 8
12248, 8
12249, 8
12250, 8
12251, 8
12252, 8
12253, 8
12254, 8
12255, 8
12256, 8
12257, 8
12258, 8
12259, 8
12260, 8
12261, 8
12262, 8
12263, 8
12264, 8
12265, 8
12266, 8
12267, 8
12268, 8
12269, 8
12270, 8
12271, 8
12272, 8
12273, 8
12274, 8
12275, 8
12276, 8
12277, 8
12278, 8
12279, 8
12280, 8
12281, 8
12282, 8
12283, 8
12284, 8
12285, 8
12286, 8
12287, 8
12288, 8
12289, 8
12290, 8
12291, 8
12292, 8
12293, 8
12294, 8
12295, 8
12296, 8
12297, 8
12298, 8
12299, 8
12300, 8
12301, 8
12302, 8
12303, 8
12304, 8
12305, 8
12306, 8
12307, 8
12308, 8
12309, 8
12310, 8
12311, 8
12312, 8
12313, 8
12314, 8
12315, 8
12316, 8
12317, 9
12318, 9
12319, 9
12320, 9
12321, 8
12322, 8
12323, 8
12324, 8
12325, 8
12326, 8
12327, 8
12328, 8
12329, 8
12330, 8
12331, 8
12332, 8
12333, 8
12334, 8
12335, 8
12336, 8
12337, 8
12338, 8
12339, 8
12340, 8
12341, 8
12342, 8
12343, 8
12344, 8
12345, 8
12346, 8
12347, 8
12348, 8
12349, 8
12350, 8
12351, 8
12352, 8
12353, 8
12354, 8
12355, 8
12356, 8
12357, 8
12358, 8
12359, 8
12360, 8
12361, 8
12362, 8
12363, 8
12364, 8
12365, 8
12366, 8
12367, 8
12368, 8
12369, 8
12370, 8
12371, 8
12372, 8
12373, 8
12374, 8
12375, 8
12376, 8
12377, 8
12378, 8
12379, 8
12380, 8
12381, 8
12382, 8
12383, 8
12384, 8
12385, 8
12386, 8
12387, 8
12388, 8
12389, 8
12390, 8
12391, 8
12392, 8
12393, 8
12394, 8
12395, 8
12396, 8
12397, 8
12398, 8
12399, 8
12400, 8
12401, 8
12402, 8
12403, 8
12404, 8
12405, 8
12406, 8
12407, 8
12408, 8
12409, 8
12410, 8
12411, 8
12412, 8
12413, 8
12414, 8
12415, 8
12416, 8
12417, 8
12418, 8
12419, 8
12420, 8
12421, 8
12422, 8
12423, 8
12424, 8
12425, 8
12426, 8
12427, 8
12428, 8
12429, 8
12430, 8
12431, 8
12432, 8
12433, 8
12434, 8
12435, 8
12436, 8
12437, 8
12438, 8
12439, 8
12440, 8
12441, 8
12442, 8
12443, 8
12444, 8
12445, 8
12446, 8
12447, 8
12448, 8
12449, 8
12450, 8
12451, 8
12452, 8
12453, 8
12454, 8
12455, 8
12456, 8
12457, 8
12458, 8
12459, 8
12460, 8
12461, 8
12462, 8
12463, 8
12464, 8
12465, 8
12466, 8
12467, 8
12468, 8
12469, 8
12470, 8
12471, 8
12472, 8
12473, 8
12474, 8
12475, 8
12476, 8
12477, 8
12478, 8
12479, 8
12480, 8
12481, 8
12482, 8
12483, 8
12484, 8
12485, 8
12486, 8
12487, 8
12488, 8
12489, 8
12490, 8
12491, 8
12492, 8
12493, 8
12494, 8
12495, 8
12496, 8
12497, 8
12498, 8
12499, 8
12500, 8
12501, 8
12502, 8
12503, 8
12504, 8
12505, 8
12506, 8
12507, 8
12508, 8
12509, 8
12510, 8
12511, 8
12512, 8
12513, 8
12514, 8
12515, 8
12516, 8
12517, 8
12518, 8
12519, 8
12520, 8
12521, 8
12522, 8
12523, 8
12524, 8
12525, 8
12526, 8
12527, 8
12528, 8
12529, 8
12530, 8
12531, 8
12532, 8
12533, 8
12534, 8
12535, 8
12536, 8
12537, 8
12538, 8
12539, 9
12540, 9
12541, 9
12542, 9
12543, 9
12544, 8
12545, 8
12546, 8
12547, 8
12548, 8
12549, 8
12550, 8
12551, 8
12552, 8
12553, 8
12554, 8
12555, 8
12556, 8
12557, 8
12558, 8
12559, 8
12560, 8
12561, 8
12562, 8
12563, 8
12564, 8
12565, 8
12566, 8
12567, 8
12568, 8
12569, 8
12570, 8
12571, 8
12572, 8
12573, 8
12574, 8
12575, 8
12576, 8
12577, 8
12578, 8
12579, 8
12580, 8
12581, 8
12582, 8
12583, 8
12584, 8
12585, 8
12586, 8
12587, 8
12588, 8
12589, 8
12590, 8
12591, 8
12592, 8
12593, 8
12594, 8
12595, 8
12596, 8
12597, 8
12598, 8
12599, 8
12600, 8
12601, 8
12602, 8
12603, 8
12604, 8
12605, 8
12606, 8
12607, 8
12608, 8
12609, 8
12610, 8
12611, 8
12612, 8
12613, 8
12614, 8
12615, 8
12616, 8
12617, 8
12618, 8
12619, 8
12620, 8
12621, 8
12622, 8
12623, 8
12624, 8
12625, 8
12626, 8
12627, 8
12628, 8
12629, 8
12630, 8
12631, 8
12632, 8
12633, 8
12634, 8
12635, 8
12636, 8
12637, 8
12638, 8
12639, 8
12640, 8
12641, 8
12642, 8
12643, 8
12644, 8
12645, 8
12646, 8
12647, 8
12648, 8
12649, 8
12650, 8
12651, 8
12652, 8
12653, 8
12654, 8
12655, 8
12656, 8
12657, 8
12658, 8
12659, 8
12660, 8
12661, 8
12662, 8
12663, 8
12664, 8
12665, 8
12666, 8
12667, 8
12668, 8
12669, 8
12670, 8
12671, 8
12672, 8
12673, 8
12674, 8
12675, 8
12676, 8
12677, 8
12678, 8
12679, 8
12680, 8
12681, 8
12682, 8
12683, 8
12684, 8
12685, 8
12686, 8
12687, 8
12688, 8
12689, 8
12690, 8
12691, 8
12692, 8
12693, 8
12694, 8
12695, 8
12696, 8
12697, 8
12698, 8
12699, 8
12700, 8
12701, 8
12702, 8
12703, 8
12704, 8
12705, 8
12706, 8
12707, 8
12708, 8
12709, 8
12710, 8
12711, 8
12712, 8
12713, 8
12714, 8
12715, 8
12716, 8
12717, 8
12718, 8
12719, 8
12720, 8
12721, 8
12722, 8
12723, 8
12724, 8
12725, 8
12726, 8
12727, 8
12728, 8
12729, 8
12730, 8
12731, 8
12732, 8
12733, 8
12734, 8
12735, 8
12736, 8
12737, 8
12738, 8
12739, 8
12740, 8
12741, 8
12742, 8
12743, 8
12744, 8
12745, 8
12746, 8
12747, 8
12748, 8
12749, 8
12750, 8
12751, 8
12752, 8
12753, 8
12754, 8
12755, 8
12756, 8
12757, 8
12758, 8
12759, 8
12760, 8
12761, 8
12762, 8
12763, 8
12764, 9
12765, 9
12766, 9
12767, 9
12768, 9
12769, 8
12770, 8
12771, 8
12772, 8
12773, 8
12774, 8
12775, 8
12776, 8
12777, 8
12778, 8
12779, 8
12780, 8
12781, 8
12782, 8
12783, 8
12784, 8
12785, 8
12786, 8
12787, 8
12788, 8
12789, 8
12790, 8
12791, 8
12792, 8
12793, 8
12794, 8
12795, 8
12796, 8
12797, 8
12798, 8
12799, 8
12800, 8
12801, 8
12802, 8
12803, 8
12804, 8
12805, 8
12806, 8
12807, 8
12808, 8
12809, 8
12810, 8
12811, 8
12812, 8
12813, 8
12814, 8
12815, 8
12816, 8
12817, 8
12818, 8
12819, 8
12820, 8
12821, 8
12822, 8
12823, 8
12824, 8
12825, 8
12826, 8
12827, 8
12828, 8
12829, 8
12830, 8
12831, 8
12832, 8
12833, 8
12834, 8
12835, 8
12836, 8
12837, 8
12838, 8
12839, 8
12840, 8
12841, 8
12842, 8
12843, 8
12844, 8
12845, 8
12846, 8
12847, 8
12848, 8
12849, 8
12850, 8
12851, 8
12852, 8
12853, 8
12854, 8
12855, 8
12856, 8
12857, 8
12858, 8
12859, 8
12860, 8
12861, 8
12862, 8
12863, 8
12864, 8
12865, 8
12866, 8
12867, 8
12868, 8
12869, 8
12870, 8
12871, 8
12872, 8
12873, 8
12874, 8
12875, 8
12876, 8
12877, 8
12878, 8
12879, 8
12880, 8
12881, 8
12882, 8
12883, 8
12884, 8
12885, 8
12886, 8
12887, 8
12888, 8
12889, 8
12890, 8
12891, 8
12892, 8
12893, 8
12894, 8
12895, 8
12896, 8
12897, 8
12898, 8
12899, 8
12900, 8
12901, 8
12902, 8
12903, 8
12904, 8
12905, 8
12906, 8
12907, 8
12908, 8
12909, 8
12910, 8
12911, 8
12912, 8
12913, 8
12914, 8
12915, 8
12916, 8
12917, 8
12918, 8
12919, 8
12920, 8
12921, 8
12922, 8
12923, 8
12924, 8
12925, 8
12926, 8
12927, 8
12928, 8
12929, 8
12930, 8
12931, 8
12932, 8
12933, 8
12934, 8
12935, 8
12936, 8
12937, 8
12938, 8
12939, 8
12940, 8
12941, 8
12942, 8
12943, 8
12944, 8
12945, 8
12946, 8
12947, 8
12948, 8
12949, 8
12950, 8
12951, 8
12952, 8
12953, 8
12954, 8
12955, 8
12956, 8
12957, 8
12958, 8
12959, 8
12960, 8
12961, 8
12962, 8
12963, 8
12964, 8
12965, 8
12966, 8
12967, 8
12968, 8
12969, 8
12970, 8
12971, 8
12972, 8
12973, 8
12974, 8
12975, 8
12976, 8
12977, 8
12978, 8
12979, 8
12980, 8
12981, 8
12982, 8
12983, 8
12984, 8
12985, 8
12986, 8
12987, 8
12988, 8
12989, 8
12990, 9
12991, 9
12992, 9
12993, 9
12994, 9
12995, 9
12996, 8
12997, 8
12998, 8
12999, 8
13000, 8
13001, 8
13002, 8
13003, 8
13004, 8
13005, 8
13006, 8
13007, 8
13008, 8
13009, 8
13010, 8
13011, 8
13012, 8
13013, 8
13014, 8
13015, 8
13016, 8
13017, 8
13018, 8
13019, 8
13020, 8
13021, 8
13022, 8
13023, 8
13024, 8
13025, 8
13026, 8
13027, 8
13028, 8
13029, 8
13030, 8
13031, 8
13032, 8
13033, 8
13034, 8
13035, 8
13036, 8
13037, 8
13038, 8
13039, 8
13040, 8
13041, 8
13042, 8
13043, 8
13044, 8
13045, 8
13046, 8
13047, 8
13048, 8
13049, 8
13050, 8
13051, 8
13052, 8
13053, 8
13054, 8
13055, 8
13056, 8
13057, 8
13058, 8
13059, 8
13060, 8
13061, 8
13062, 8
13063, 8
13064, 8
13065, 8
13066, 8
13067, 8
13068, 8
13069, 8
13070, 8
13071, 8
13072, 8
13073, 8
13074, 8
13075, 8
13076, 8
13077, 8
13078, 8
13079, 8
13080, 8
13081, 8
13082, 8
13083, 8
13084, 8
13085, 8
13086, 8
13087, 8
13088, 8
13089, 8
13090, 8
13091, 8
13092, 8
13093, 8
13094, 8
13095, 8
13096, 8
13097, 8
13098, 8
13099, 8
13100, 8
13101, 8
13102, 8
13103, 8
13104, 8
13105, 8
13106, 8
13107, 8
13108, 8
13109, 8
13110, 8
13111, 8
13112, 8
13113, 8
13114, 8
13115, 8
13116, 8
13117, 8
13118, 8
13119, 8
13120, 8
13121, 8
13122, 8
13123, 8
13124, 8
13125, 8
13126, 8
13127, 8
13128, 8
13129, 8
13130, 8
13131, 8
13132, 8
13133, 8
13134, 8
13135, 8
13136, 8
13137, 8
13138, 8
13139, 8
13140, 8
13141, 8
13142, 8
13143, 8
13144, 8
13145, 8
13146, 8
13147, 8
13148, 8
13149, 8
13150, 8
13151, 8
13152, 8
13153, 8
13154, 8
13155, 8
13156, 8
13157, 8
13158, 8
13159, 8
13160, 8
13161, 8
13162, 8
13163, 8
13164, 8
13165, 8
13166, 8
13167, 8
13168, 8
13169, 8
13170, 8
13171, 8
13172, 8
13173, 8
13174, 8
13175, 8
13176, 8
13177, 8
13178, 8
13179, 8
13180, 8
13181, 8
13182, 8
13183, 8
13184, 8
13185, 8
13186, 8
13187, 8
13188, 8
13189, 8
13190, 8
13191, 8
13192, 8
13193, 8
13194, 8
13195, 8
13196, 8
13197, 8
13198, 8
13199, 8
13200, 8
13201, 8
13202, 8
13203, 8
13204, 8
13205, 8
13206, 8
13207, 8
13208, 8
13209, 8
13210, 8
13211, 8
13212, 8
13213, 8
13214, 8
13215, 8
13216, 8
13217, 8
13218, 9
13219, 9
13220, 9
13221, 9
13222, 9
13223, 9
13224, 9
13225, 8
13226, 8
13227, 8
13228, 8
13229, 8
13230, 8
13231, 8
13232, 8
13233, 8
13234, 8
13235, 8
13236, 8
13237, 8
13238, 8
13239, 8
13240, 8
13241, 8
13242, 8
13243, 8
13244, 8
13245, 8
13246, 8
13247, 8
13248, 8
13249, 8
13250, 8
13251, 8
13252, 8
13253, 8
13254, 8
13255, 8
13256, 8
13257, 8
13258, 8
13259, 8
13260, 8
13261, 8
13262, 8
13263, 8
13264, 8
13265, 8
13266, 8
13267, 8
13268, 8
13269, 8
13270, 8
13271, 8
13272, 8
13273, 8
13274, 8
13275, 8
13276, 8
13277, 8
13278, 8
13279, 8
13280, 8
13281, 8
13282, 8
13283, 8
13284, 8
13285, 8
13286, 8
13287, 8
13288, 8
13289, 8
13290, 8
13291, 8
13292, 8
13293, 8
13294, 8
13295, 8
13296, 8
13297, 8
13298, 8
13299, 8
13300, 8
13301, 8
13302, 8
13303, 8
13304, 8
13305, 8
13306, 8
13307, 8
13308, 8
13309, 8
13310, 8
13311, 8
13312, 8
13313, 8
13314, 8
13315, 8
13316, 8
13317, 8
13318, 8
13319, 8
13320, 8
13321, 8
13322, 8
13323, 8
13324, 8
13325, 8
13326, 8
13327, 8
13328, 8
13329, 8
13330, 8
13331, 8
13332, 8
13333, 8
13334, 8
13335, 8
13336, 8
13337, 8
13338, 8
13339, 8
13340, 8
13341, 8
13342, 8
13343, 8
13344, 8
13345, 8
13346, 8
13347, 8
13348, 8
13349, 8
13350, 8
13351, 8
13352, 8
13353, 8
13354, 8
13355, 8
13356, 8
13357, 8
13358, 8
13359, 8
13360, 8
13361, 8
13362, 8
13363, 8
13364, 8
13365, 8
13366, 8
13367, 8
13368, 8
13369, 8
13370, 8
13371, 8
13372, 8
13373, 8
13374, 8
13375, 8
13376, 8
13377, 8
13378, 8
13379, 8
13380, 8
13381, 8
13382, 8
13383, 8
13384, 8
13385, 8
13386, 8
13387, 8
13388, 8
13389, 8
13390, 8
13391, 8
13392, 8
13393, 8
13394, 8
13395, 8
13396, 8
13397, 8
13398, 8
13399, 8
13400, 8
13401, 8
13402, 8
13403, 8
13404, 8
13405, 8
13406, 8
13407, 8
13408, 8
13409, 8
13410, 8
13411, 8
13412, 8
13413, 8
13414, 8
13415, 8
13416, 8
13417, 8
13418, 8
13419, 8
13420, 8
13421, 8
13422, 8
13423, 8
13424, 8
13425, 8
13426, 8
13427, 8
13428, 8
13429, 8
13430, 8
13431, 8
13432, 8
13433, 8
13434, 8
13435, 8
13436, 8
13437, 8
13438, 8
13439, 8
13440, 8
13441, 8
13442, 8
13443, 8
13444, 8
13445, 8
13446, 8
13447, 8
13448, 8
13449, 9
13450, 9
13451, 9
13452, 9
13453, 9
13454, 9
13455, 9
13456, 8
13457, 8
13458, 8
13459, 8
13460, 8
13461, 8
13462, 8
13463, 8
13464, 8
13465, 8
13466, 8
13467, 8
13468, 8
13469, 8
13470, 8
13471, 8
13472, 8
13473, 8
13474, 8
13475, 8
13476, 8
13477, 8
13478, 8
13479, 8
13480, 8
13481, 8
13482, 8
13483, 8
13484, 8
13485, 8
13486, 8
13487, 8
13488, 8
13489, 8
13490, 8
13491, 8
13492, 8
13493, 8
13494, 8
13495, 8
13496, 8
13497, 8
13498, 8
13499, 8
13500, 8
13501, 8
13502, 8
13503, 8
13504, 8
13505, 8
13506, 8
13507, 8
13508, 8
13509, 8
13510, 8
13511, 8
13512, 8
13513, 8
13514, 8
13515, 8
13516, 8
13517, 8
13518, 8
13519, 8
13520, 8
13521, 8
13522, 8
13523, 8
13524, 8
13525, 8
13526, 8
13527, 8
13528, 8
13529, 8
13530, 8
13531, 8
13532, 8
13533, 8
13534, 8
13535, 8
13536, 8
13537, 8
13538, 8
13539, 8
13540, 8
13541, 8
13542, 8
13543, 8
13544, 8
13545, 8
13546, 8
13547, 8
13548, 8
13549, 8
13550, 8
13551, 8
13552, 8
13553, 8
13554, 8
13555, 8
13556, 8
13557, 8
13558, 8
13559, 8
13560, 8
13561, 8
13562, 8
13563, 8
13564, 8
13565, 8
13566, 8
13567, 8
13568, 8
13569, 8
13570, 8
13571, 8
13572, 8
13573, 8
13574, 8
13575, 8
13576, 8
13577, 8
13578, 8
13579, 8
13580, 8
13581, 8
13582, 8
13583, 8
13584, 8
13585, 8
13586, 8
13587, 8
13588, 8
13589, 8
13590, 8
13591, 8
13592, 8
13593, 8
13594, 8
13595, 8
13596, 8
13597, 8
13598, 8
13599, 8
13600, 8
13601, 8
13602, 8
13603, 8
13604, 8
13605, 8
13606, 8
13607, 8
13608, 8
13609, 8
13610, 8
13611, 8
13612, 8
13613, 8
13614, 8
13615, 8
13616, 8
13617, 8
13618, 8
13619, 8
13620, 8
13621, 8
13622, 8
13623, 8
13624, 8
13625, 8
13626, 8
13627, 8
13628, 8
13629, 8
13630, 8
13631, 8
13632, 8
13633, 8
13634, 8
13635, 8
13636, 8
13637, 8
13638, 8
13639, 8
13640, 8
13641, 8
13642, 8
13643, 8
13644, 8
13645, 8
13646, 8
13647, 8
13648, 8
13649, 8
13650, 8
13651, 8
13652, 8
13653, 8
13654, 8
13655, 8
13656, 8
13657, 8
13658, 8
13659, 8
13660, 8
13661, 8
13662, 8
13663, 8
13664, 8
13665, 8
13666, 8
13667, 8
13668, 8
13669, 8
13670, 8
13671, 8
13672, 8
13673, 8
13674, 8
13675, 8
13676, 8
13677, 8
13678, 8
13679, 8
13680, 8
13681, 9
13682, 9
13683, 9
13684, 9
13685, 9
13686, 9
13687, 9
13688, 9
13689, 8
13690, 8
13691, 8
13692, 8
13693, 8
13694, 8
13695, 8
13696, 8
13697, 8
13698, 8
13699, 8
13700, 8
13701, 8
13702, 8
13703, 8
13704, 8
13705, 8
13706, 8
13707, 8
13708, 8
13709, 8
13710, 8
13711, 8
13712, 8
13713, 8
13714, 8
13715, 8
13716, 8
13717, 8
13718, 8
13719, 8
13720, 8
13721, 8
13722, 8
13723, 8
13724, 8
13725, 8
13726, 8
13727, 8
13728, 8
13729, 8
13730, 8
13731, 8
13732, 8
13733, 8
13734, 8
13735, 8
13736, 8
13737, 8
13738, 8
13739, 8
13740, 8
13741, 8
13742, 8
13743, 8
13744, 8
13745, 8
13746, 8
13747, 8
13748, 8
13749, 8
13750, 8
13751, 8
13752, 8
13753, 8
13754, 8
13755, 8
13756, 8
13757, 8
13758, 8
13759, 8
13760, 8
13761, 8
13762, 8
13763, 8
13764, 8
13765, 8
13766, 8
13767, 8
13768, 8
13769, 8
13770, 8
13771, 8
13772, 8
13773, 8
13774, 8
13775, 8
13776, 8
13777, 8
13778, 8
13779, 8
13780, 8
13781, 8
13782, 8
13783, 8
13784, 8
13785, 8
13786, 8
13787, 8
13788, 8
13789, 8
13790, 8
13791, 8
13792, 8
13793, 8
13794, 8
13795, 8
13796, 8
13797, 8
13798, 8
13799, 8
13800, 8
13801, 8
13802, 8
13803, 8
13804, 8
13805, 8
13806, 8
13807, 8
13808, 8
13809, 8
13810, 8
13811, 8
13812, 8
13813, 8
13814, 8
13815, 8
13816, 8
13817, 8
13818, 8
13819, 8
13820, 8
13821, 8
13822, 8
13823, 8
13824, 8
13825, 8
13826, 8
13827, 8
13828, 8
13829, 8
13830, 8
13831, 8
13832, 8
13833, 8
13834, 8
13835, 8
13836, 8
13837, 8
13838, 8
13839, 8
13840, 8
13841, 8
13842, 8
13843, 8
13844, 8
13845, 8
13846, 8
13847, 8
13848, 8
13849, 8
13850, 8
13851, 8
13852, 8
13853, 8
13854, 8
13855, 8
13856, 8
13857, 8
13858, 8
13859, 8
13860, 8
13861, 8
13862, 8
13863, 8
13864, 8
13865, 8
13866, 8
13867, 8
13868, 8
13869, 8
13870, 8
13871, 8
13872, 8
13873, 8
13874, 8
13875, 8
13876, 8
13877, 8
13878, 8
13879, 8
13880, 8
13881, 8
13882, 8
13883, 8
13884, 8
13885, 8
13886, 8
13887, 8
13888, 8
13889, 8
13890, 8
13891, 8
13892, 8
13893, 8
13894, 8
13895, 8
13896, 8
13897, 8
13898, 8
13899, 8
13900, 8
13901, 8
13902, 8
13903, 8
13904, 8
13905, 8
13906, 8
13907, 8
13908, 8
13909, 8
13910, 8
13911, 8
13912, 8
13913, 8
13914, 8
13915, 9
13916, 9
13917, 9
13918, 9
13919, 9
13920, 9
13921, 9
13922, 9
13923, 9
13924, 8
13925, 8
13926, 8
13927, 8
13928, 8
13929, 8
13930, 8
13931, 8
13932, 8
13933, 8
13934, 8
13935, 8
13936, 8
13937, 8
13938, 8
13939, 8
13940, 8
13941, 8
13942, 8
13943, 8
13944, 8
13945, 8
13946, 8
13947, 8
13948, 8
13949, 8
13950, 8
13951, 8
13952, 8
13953, 8
13954, 8
13955, 8
13956, 8
13957, 8
13958, 8
13959, 8
13960, 8
13961, 8
13962, 8
13963, 8
13964, 8
13965, 8
13966, 8
13967, 8
13968, 8
13969, 8
13970, 8
13971, 8
13972, 8
13973, 8
13974, 8
13975, 8
13976, 8
13977, 8
13978, 8
13979, 8
13980, 8
13981, 8
13982, 8
13983, 8
13984, 8
13985, 8
13986, 8
13987, 8
13988, 8
13989, 8
13990, 8
13991, 8
13992, 8
13993, 8
13994, 8
13995, 8
13996, 8
13997, 8
13998, 8
13999, 8
14000, 8
14001, 8
14002, 8
14003, 8
14004, 8
14005, 8
14006, 8
14007, 8
14008, 8
14009, 8
14010, 8
14011, 8
14012, 8
14013, 8
14014, 8
14015, 8
14016, 8
14017, 8
14018, 8
14019, 8
14020, 8
14021, 8
14022, 8
14023, 8
14024, 8
14025, 8
14026, 8
14027, 8
14028, 8
14029, 8
14030, 8
14031, 8
14032, 8
14033, 8
14034, 8
14035, 8
14036, 8
14037, 8
14038, 8
14039, 8
14040, 8
14041, 8
14042, 8
14043, 8
14044, 8
14045, 8
14046, 8
14047, 8
14048, 8
14049, 8
14050, 8
14051, 8
14052, 8
14053, 8
14054, 8
14055, 8
14056, 8
14057, 8
14058, 8
14059, 8
14060, 8
14061, 8
14062, 8
14063, 8
14064, 8
14065, 8
14066, 8
14067, 8
14068, 8
14069, 8
14070, 8
14071, 8
14072, 8
14073, 8
14074, 8
14075, 8
14076, 8
14077, 8
14078, 8
14079, 8
14080, 8
14081, 8
14082, 8
14083, 8
14084, 8
14085, 8
14086, 8
14087, 8
14088, 8
14089, 8
14090, 8
14091, 8
14092, 8
14093, 8
14094, 8
14095, 8
14096, 8
14097, 8
14098, 8
14099, 8
14100, 8
14101, 8
14102, 8
14103, 8
14104, 8
14105, 8
14106, 8
14107, 8
14108, 8
14109, 8
14110, 8
14111, 8
14112, 8
14113, 8
14114, 8
14115, 8
14116, 8
14117, 8
14118, 8
14119, 8
14120, 8
14121, 8
14122, 8
14123, 8
14124, 8
14125, 8
14126, 8
14127, 8
14128, 8
14129, 8
14130, 8
14131, 8
14132, 8
14133, 8
14134, 8
14135, 8
14136, 8
14137, 8
14138, 8
14139, 8
14140, 8
14141, 8
14142, 8
14143, 8
14144, 8
14145, 8
14146, 8
14147, 8
14148, 8
14149, 8
14150, 8
14151, 9
14152, 9
14153, 9
14154, 9
14155, 9
14156, 9
14157, 9
14158, 9
14159, 9
14160, 9
14161, 8
14162, 8
14163, 8
14164, 8
14165, 8
14166, 8
14167, 8
14168, 8
14169, 8
14170, 8
14171, 8
14172, 8
14173, 8
14174, 8
14175, 8
14176, 8
14177, 8
14178, 8
14179, 8
14180, 8
14181, 8
14182, 8
14183, 8
14184, 8
14185, 8
14186, 8
14187, 8
14188, 8
14189, 8
14190, 8
14191, 8
14192, 8
14193, 8
14194, 8
14195, 8
14196, 8
14197, 8
14198, 8
14199, 8
14200, 8
14201, 8
14202, 8
14203, 8
14204, 8
14205, 8
14206, 8
14207, 8
14208, 8
14209, 8
14210, 8
14211, 8
14212, 8
14213, 8
14214, 8
14215, 8
14216, 8
14217, 8
14218, 8
14219, 8
14220, 8
14221, 8
14222, 8
14223, 8
14224, 8
14225, 8
14226, 8
14227, 8
14228, 8
14229, 8
14230, 8
14231, 8
14232, 8
14233, 8
14234, 8
14235, 8
14236, 8
14237, 8
14238, 8
14239, 8
14240, 8
14241, 8
14242, 8
14243, 8
14244, 8
14245, 8
14246, 8
14247, 8
14248, 8
14249, 8
14250, 8
14251, 8
14252, 8
14253, 8
14254, 8
14255, 8
14256, 8
14257, 8
14258, 8
14259, 8
14260, 8
14261, 8
14262, 8
14263, 8
14264, 8
14265, 8
14266, 8
14267, 8
14268, 8
14269, 8
14270, 8
14271, 8
14272, 8
14273, 8
14274, 8
14275, 8
14276, 8
14277, 8
14278, 8
14279, 8
14280, 8
14281, 8
14282, 8
14283, 8
14284, 8
14285, 8
14286, 8
14287, 8
14288, 8
14289, 8
14290, 8
14291, 8
14292, 8
14293, 8
14294, 8
14295, 8
14296, 8
14297, 8
14298, 8
14299, 8
14300, 8
14301, 8
14302, 8
14303, 8
14304, 8
14305, 8
14306, 8
14307, 8
14308, 8
14309, 8
14310, 8
14311, 8
14312, 8
14313, 8
14314, 8
14315, 8
14316, 8
14317, 8
14318, 8
14319, 8
14320, 8
14321, 8
14322, 8
14323, 8
14324, 8
14325, 8
14326, 8
14327, 8
14328, 8
14329, 8
14330, 8
14331, 8
14332, 8
14333, 8
14334, 8
14335, 8
14336, 8
14337, 8
14338, 8
14339, 8
14340, 8
14341, 8
14342, 8
14343, 8
14344, 8
14345, 8
14346, 8
14347, 8
14348, 8
14349, 8
14350, 8
14351, 8
14352, 8
14353, 8
14354, 8
14355, 8
14356, 8
14357, 8
14358, 8
14359, 8
14360, 8
14361, 8
14362, 8
14363, 8
14364, 8
14365, 8
14366, 8
14367, 8
14368, 8
14369, 8
14370, 8
14371, 8
14372, 8
14373, 8
14374, 8
14375, 8
14376, 8
14377, 8
14378, 8
14379, 8
14380, 8
14381, 8
14382, 8
14383, 8
14384, 8
14385, 8
14386, 8
14387, 8
14388, 8
14389, 9
14390, 9
14391, 9
14392, 9
14393, 9
14394, 9
14395, 9
14396, 9
14397, 9
14398, 9
14399, 9
14400, 8
14401, 8
14402, 8
14403, 8
14404, 8
14405, 8
14406, 8
14407, 8
14408, 8
14409, 8
14410, 8
14411, 8
14412, 8
14413, 8
14414, 8
14415, 8
14416, 8
14417, 8
14418, 8
14419, 8
14420, 8
14421, 8
14422, 8
14423, 8
14424, 8
14425, 8
14426, 8
14427, 8
14428, 8
14429, 8
14430, 8
14431, 8
14432, 8
14433, 8
14434, 8
14435, 8
14436, 8
14437, 8
14438, 8
14439, 8
14440, 8
14441, 8
14442, 8
14443, 8
14444, 8
14445, 8
14446, 8
14447, 8
14448, 8
14449, 8
14450, 8
14451, 8
14452, 8
14453, 8
14454, 8
14455, 8
14456, 8
14457, 8
14458, 8
14459, 8
14460, 8
14461, 8
14462, 8
14463, 8
14464, 8
14465, 8
14466, 8
14467, 8
14468, 8
14469, 8
14470, 8
14471, 8
14472, 8
14473, 8
14474, 8
14475, 8
14476, 8
14477, 8
14478, 8
14479, 8
14480, 8
14481, 8
14482, 8
14483, 8
14484, 8
14485, 8
14486, 8
14487, 8
14488, 8
14489, 8
14490, 8
14491, 8
14492, 8
14493, 8
14494, 8
14495, 8
14496, 8
14497, 8
14498, 8
14499, 8
14500, 8
14501, 8
14502, 8
14503, 8
14504, 8
14505, 8
14506, 8
14507, 8
14508, 8
14509, 8
14510, 8
14511, 8
14512, 8
14513, 8
14514, 8
14515, 8
14516, 8
14517, 8
14518, 8
14519, 8
14520, 8
14521, 8
14522, 8
14523, 8
14524, 8
14525, 8
14526, 8
14527, 8
14528, 8
14529, 8
14530, 8
14531, 8
14532, 8
14533, 8
14534, 8
14535, 8
14536, 8
14537, 8
14538, 8
14539, 8
14540, 8
14541, 8
14542, 8
14543, 8
14544, 8
14545, 8
14546, 8
14547, 8
14548, 8
14549, 8
14550, 8
14551, 8
14552, 8
14553, 8
14554, 8
14555, 8
14556, 8
14557, 8
14558, 8
14559, 8
14560, 8
14561, 8
14562, 8
14563, 8
14564, 8
14565, 8
14566, 8
14567, 8
14568, 8
14569, 8
14570, 8
14571, 8
14572, 8
14573, 8
14574, 8
14575, 8
14576, 8
14577, 8
14578, 8
14579, 8
14580, 8
14581, 8
14582, 8
14583, 8
14584, 8
14585, 8
14586, 8
14587, 8
14588, 8
14589, 8
14590, 8
14591, 8
14592, 8
14593, 8
14594, 8
14595, 8
14596, 8
14597, 8
14598, 8
14599, 8
14600, 8
14601, 8
14602, 8
14603, 8
14604, 8
14605, 8
14606, 8
14607, 8
14608, 8
14609, 8
14610, 8
14611, 8
14612, 8
14613, 8
14614, 8
14615, 8
14616, 8
14617, 8
14618, 8
14619, 8
14620, 8
14621, 8
14622, 8
14623, 8
14624, 8
14625, 8
14626, 8
14627, 8
14628, 8
14629, 9
14630, 9
14631, 9
14632, 9
14633, 9
14634, 9
14635, 9
14636, 9
14637, 9
14638, 9
14639, 9
14640, 9
14641, 8
14642, 8
14643, 8
14644, 8
14645, 8
14646, 8
14647, 8
14648, 8
14649, 8
14650, 8
14651, 8
14652, 8
14653, 8
14654, 8
14655, 8
14656, 8
14657, 8
14658, 8
14659, 8
14660, 8
14661, 8
14662, 8
14663, 8
14664, 8
14665, 8
14666, 8
14667, 8
14668, 8
14669, 8
14670, 8
14671, 8
14672, 8
14673, 8
14674, 8
14675, 8
14676, 8
14677, 8
14678, 8
14679, 8
14680, 8
14681, 8
14682, 8
14683, 8
14684, 8
14685, 8
14686, 8
14687, 8
14688, 8
14689, 8
14690, 8
14691, 8
14692, 8
14693, 8
14694, 8
14695, 8
14696, 8
14697, 8
14698, 8
14699, 8
14700, 8
14701, 8
14702, 8
14703, 8
14704, 8
14705, 8
14706, 8
14707, 8
14708, 8
14709, 8
14710, 8
14711, 8
14712, 8
14713, 8
14714, 8
14715, 8
14716, 8
14717, 8
14718, 8
14719, 8
14720, 8
14721, 8
14722, 8
14723, 8
14724, 8
14725, 8
14726, 8
14727, 8
14728, 8
14729, 8
14730, 8
14731, 8
14732, 8
14733, 8
14734, 8
14735, 8
14736, 8
14737, 8
14738, 8
14739, 8
14740, 8
14741, 8
14742, 8
14743, 8
14744, 8
14745, 8
14746, 8
14747, 8
14748, 8
14749, 8
14750, 8
14751, 8
14752, 8
14753, 8
14754, 8
14755, 8
14756, 8
14757, 8
14758, 8
14759, 8
14760, 8
14761, 8
14762, 8
14763, 8
14764, 8
14765, 8
14766, 8
14767, 8
14768, 8
14769, 8
14770, 8
14771, 8
14772, 8
14773, 8
14774, 8
14775, 8
14776, 8
14777, 8
14778, 8
14779, 8
14780, 8
14781, 8
14782, 8
14783, 8
14784, 8
14785, 8
14786, 8
14787, 8
14788, 8
14789, 8
14790, 8
14791, 8
14792, 8
14793, 8
14794, 8
14795, 8
14796, 8
14797, 8
14798, 8
14799, 8
14800, 8
14801, 8
14802, 8
14803, 8
14804, 8
14805, 8
14806, 8
14807, 8
14808, 8
14809, 8
14810, 8
14811, 8
14812, 8
14813, 8
14814, 8
14815, 8
14816, 8
14817, 8
14818, 8
14819, 8
14820, 8
14821, 8
14822, 8
14823, 8
14824, 8
14825, 8
14826, 8
14827, 8
14828, 8
14829, 8
14830, 8
14831, 8
14832, 8
14833, 8
14834, 8
14835, 8
14836, 8
14837, 8
14838, 8
14839, 8
14840, 8
14841, 8
14842, 8
14843, 8
14844, 8
14845, 8
14846, 8
14847, 8
14848, 8
14849, 8
14850, 8
14851, 8
14852, 8
14853, 8
14854, 8
14855, 8
14856, 8
14857, 8
14858, 8
14859, 8
14860, 8
14861, 8
14862, 8
14863, 8
14864, 8
14865, 8
14866, 8
14867, 8
14868, 8
14869, 8
14870, 8
14871, 9
14872, 9
14873, 9
14874, 9
14875, 9
14876, 9
14877, 9
14878, 9
14879, 9
14880, 9
14881, 9
14882, 9
14883, 9
14884, 8
14885, 8
14886, 8
14887, 8
14888, 8
14889, 8
14890, 8
14891, 8
14892, 8
14893, 8
14894, 8
14895, 8
14896, 8
14897, 8
14898, 8
14899, 8
14900, 8
14901, 8
14902, 8
14903, 8
14904, 8
14905, 8
14906, 8
14907, 8
14908, 8
14909, 8
14910, 8
14911, 8
14912, 8
14913, 8
14914, 8
14915, 8
14916, 8
14917, 8
14918, 8
14919, 8
14920, 8
14921, 8
14922, 8
14923, 8
14924, 8
14925, 8
14926, 8
14927, 8
14928, 8
14929, 8
14930, 8
14931, 8
14932, 8
14933, 8
14934, 8
14935, 8
14936, 8
14937, 8
14938, 8
14939, 8
14940, 8
14941, 8
14942, 8
14943, 8
14944, 8
14945, 8
14946, 8
14947, 8
14948, 8
14949, 8
14950, 8
14951, 8
14952, 8
14953, 8
14954, 8
14955, 8
14956, 8
14957, 8
14958, 8
14959, 8
14960, 8
14961, 8
14962, 8
14963, 8
14964, 8
14965, 8
14966, 8
14967, 8
14968, 8
14969, 8
14970, 8
14971, 8
14972, 8
14973, 8
14974, 8
14975, 8
14976, 8
14977, 8
14978, 8
14979, 8
14980, 8
14981, 8
14982, 8
14983, 8
14984, 8
14985, 8
14986, 8
14987, 8
14988, 8
14989, 8
14990, 8
14991, 8
14992, 8
14993, 8
14994, 8
14995, 8
14996, 8
14997, 8
14998, 8
14999, 8
15000, 8
15001, 8
15002, 8
15003, 8
15004, 8
15005, 8
15006, 8
15007, 8
15008, 8
15009, 8
15010, 8
15011, 8
15012, 8
15013, 8
15014, 8
15015, 8
15016, 8
15017, 8
15018, 8
15019, 8
15020, 8
15021, 8
15022, 8
15023, 8
15024, 8
15025, 8
15026, 8
15027, 8
15028, 8
15029, 8
15030, 8
15031, 8
15032, 8
15033, 8
15034, 8
15035, 8
15036, 8
15037, 8
15038, 8
15039, 8
15040, 8
15041, 8
15042, 8
15043, 8
15044, 8
15045, 8
15046, 8
15047, 8
15048, 8
15049, 8
15050, 8
15051, 8
15052, 8
15053, 8
15054, 8
15055, 8
15056, 8
15057, 8
15058, 8
15059, 8
15060, 8
15061, 8
15062, 8
15063, 8
15064, 8
15065, 8
15066, 8
15067, 8
15068, 8
15069, 8
15070, 8
15071, 8
15072, 8
15073, 8
15074, 8
15075, 8
15076, 8
15077, 8
15078, 8
15079, 8
15080, 8
15081, 8
15082, 8
15083, 8
15084, 8
15085, 8
15086, 8
15087, 8
15088, 8
15089, 8
15090, 8
15091, 8
15092, 8
15093, 8
15094, 8
15095, 8
15096, 8
15097, 8
15098, 8
15099, 8
15100, 8
15101, 8
15102, 8
15103, 8
15104, 8
15105, 8
15106, 8
15107, 8
15108, 8
15109, 8
15110, 8
15111, 8
15112, 8
15113, 8
15114, 8
15115, 9
15116, 9
15117, 9
15118, 9
15119, 9
15120, 9
15121, 9
15122, 9
15123, 9
15124, 9
15125, 9
15126, 9
15127, 9
15128, 9
15129, 8
15130, 8
15131, 8
15132, 8
15133, 8
15134, 8
15135, 8
15136, 8
15137, 8
15138, 8
15139, 8
15140, 8
15141, 8
15142, 8
15143, 8
15144, 8
15145, 8
15146, 8
15147, 8
15148, 8
15149, 8
15150, 8
15151, 8
15152, 8
15153, 8
15154, 8
15155, 8
15156, 8
15157, 8
15158, 8
15159, 8
15160, 8
15161, 8
15162, 8
15163, 8
15164, 8
15165, 8
15166, 8
15167, 8
15168, 8
15169, 8
15170, 8
15171, 8
15172, 8
15173, 8
15174, 8
15175, 8
15176, 8
15177, 8
15178, 8
15179, 8
15180, 8
15181, 8
15182, 8
15183, 8
15184, 8
15185, 8
15186, 8
15187, 8
15188, 8
15189, 8
15190, 8
15191, 8
15192, 8
15193, 8
15194, 8
15195, 8
15196, 8
15197, 8
15198, 8
15199, 8
15200, 8
15201, 8
15202, 8
15203, 8
15204, 8
15205, 8
15206, 8
15207, 8
15208, 8
15209, 8
15210, 8
15211, 8
15212, 8
15213, 8
15214, 8
15215, 8
15216, 8
15217, 8
15218, 8
15219, 8
15220, 8
15221, 8
15222, 8
15223, 8
15224, 8
15225, 8
15226, 8
15227, 8
15228, 8
15229, 8
15230, 8
15231, 8
15232, 8
15233, 8
15234, 8
15235, 8
15236, 8
15237, 8
15238, 8
15239, 8
15240, 8
15241, 8
15242, 8
15243, 8
15244, 8
15245, 8
15246, 8
15247, 8
15248, 8
15249, 8
15250, 8
15251, 8
15252, 8
15253, 8
15254, 8
15255, 8
15256, 8
15257, 8
15258, 8
15259, 8
15260, 8
15261, 8
15262, 8
15263, 8
15264, 8
15265, 8
15266, 8
15267, 8
15268, 8
15269, 8
15270, 8
15271, 8
15272, 8
15273, 8
15274, 8
15275, 8
15276, 8
15277, 8
15278, 8
15279, 8
15280, 8
15281, 8
15282, 8
15283, 8
15284, 8
15285, 8
15286, 8
15287, 8
15288, 8
15289, 8
15290, 8
15291, 8
15292, 8
15293, 8
15294, 8
15295, 8
15296, 8
15297, 8
15298, 8
15299, 8
15300, 8
15301, 8
15302, 8
15303, 8
15304, 8
15305, 8
15306, 8
15307, 8
15308, 8
15309, 8
15310, 8
15311, 8
15312, 8
15313, 8
15314, 8
15315, 8
15316, 8
15317, 8
15318, 8
15319, 8
15320, 8
15321, 8
15322, 8
15323, 8
15324, 8
15325, 8
15326, 8
15327, 8
15328, 8
15329, 8
15330, 8
15331, 8
15332, 8
15333, 8
15334, 8
15335, 8
15336, 8
15337, 8
15338, 8
15339, 8
15340, 8
15341, 8
15342, 8
15343, 8
15344, 8
15345, 8
15346, 8
15347, 8
15348, 8
15349, 8
15350, 8
15351, 8
15352, 8
15353, 8
15354, 8
15355, 8
15356, 8
15357, 8
15358, 8
15359, 8
15360, 8
15361, 9
15362, 9
15363, 9
15364, 9
15365, 9
15366, 9
15367, 9
15368, 9
15369, 9
15370, 9
15371, 9
15372, 9
15373, 9
15374, 9
15375, 9
15376, 8
15377, 8
15378, 8
15379, 8
15380, 8
15381, 8
15382, 8
15383, 8
15384, 8
15385, 8
15386, 8
15387, 8
15388, 8
15389, 8
15390, 8
15391, 8
15392, 8
15393, 8
15394, 8
15395, 8
15396, 8
15397, 8
15398, 8
15399, 8
15400, 8
15401, 8
15402, 8
15403, 8
15404, 8
15405, 8
15406, 8
15407, 8
15408, 8
15409, 8
15410, 8
15411, 8
15412, 8
15413, 8
15414, 8
15415, 8
15416, 8
15417, 8
15418, 8
15419, 8
15420, 8
15421, 8
15422, 8
15423, 8
15424, 8
15425, 8
15426, 8
15427, 8
15428, 8
15429, 8
15430, 8
15431, 8
15432, 8
15433, 8
15434, 8
15435, 8
15436, 8
15437, 8
15438, 8
15439, 8
15440, 8
15441, 8
15442, 8
15443, 8
15444, 8
15445, 8
15446, 8
15447, 8
15448, 8
15449, 8
15450, 8
15451, 8
15452, 8
15453, 8
15454, 8
15455, 8
15456, 8
15457, 8
15458, 8
15459, 8
15460, 8
15461, 8
15462, 8
15463, 8
15464, 8
15465, 8
15466, 8
15467, 8
15468, 8
15469, 8
15470, 8
15471, 8
15472, 8
15473, 8
15474, 8
15475, 8
15476, 8
15477, 8
15478, 8
15479, 8
15480, 8
15481, 8
15482, 8
15483, 8
15484, 8
15485, 8
15486, 8
15487, 8
15488, 8
15489, 8
15490, 8
15491, 8
15492, 8
15493, 8
15494, 8
15495, 8
15496, 8
15497, 8
15498, 8
15499, 8
15500, 8
15501, 8
15502, 8
15503, 8
15504, 8
15505, 8
15506, 8
15507, 8
15508, 8
15509, 8
15510, 8
15511, 8
15512, 8
15513, 8
15514, 8
15515, 8
15516, 8
15517, 8
15518, 8
15519, 8
15520, 8
15521, 8
15522, 8
15523, 8
15524, 8
15525, 8
15526, 8
15527, 8
15528, 8
15529, 8
15530, 8
15531, 8
15532, 8
15533, 8
15534, 8
15535, 8
15536, 8
15537, 8
15538, 8
15539, 8
15540, 8
15541, 8
15542, 8
15543, 8
15544, 8
15545, 8
15546, 8
15547, 8
15548, 8
15549, 8
15550, 8
15551, 8
15552, 8
15553, 8
15554, 8
15555, 8
15556, 8
15557, 8
15558, 8
15559, 8
15560, 8
15561, 8
15562, 8
15563, 8
15564, 8
15565, 8
15566, 8
15567, 8
15568, 8
15569, 8
15570, 8
15571, 8
15572, 8
15573, 8
15574, 8
15575, 8
15576, 8
15577, 8
15578, 8
15579, 8
15580, 8
15581, 8
15582, 8
15583, 8
15584, 8
15585, 8
15586, 8
15587, 8
15588, 8
15589, 8
15590, 8
15591, 8
15592, 8
15593, 8
15594, 8
15595, 8
15596, 8
15597, 8
15598, 8
15599, 8
15600, 8
15601, 8
15602, 8
15603, 8
15604, 8
15605, 8
15606, 8
15607, 8
15608, 9
15609, 9
15610, 9
15611, 9
15612, 9
15613, 9
15614, 9
15615, 9
15616, 9
15617, 9
15618, 9
15619, 9
15620, 9
15621, 9
15622, 9
15623, 9
15624, 9
15625, 8
15626, 8
15627, 8
15628, 8
15629, 8
15630, 8
15631, 8
15632, 8
15633, 8
15634, 8
15635, 8
15636, 8
15637, 8
15638, 8
15639, 8
15640, 8
15641, 8
15642, 8
15643, 8
15644, 8
15645, 8
15646, 8
15647, 8
15648, 8
15649, 8
15650, 8
15651, 8
15652, 8
15653, 8
15654, 8
15655, 8
15656, 8
15657, 8
15658, 8
15659, 8
15660, 8
15661, 8
15662, 8
15663, 8
15664, 8
15665, 8
15666, 8
15667, 8
15668, 8
15669, 8
15670, 8
15671, 8
15672, 8
15673, 8
15674, 8
15675, 8
15676, 8
15677, 8
15678, 8
15679, 8
15680, 8
15681, 8
15682, 8
15683, 8
15684, 8
15685, 8
15686, 8
15687, 8
15688, 8
15689, 8
15690, 8
15691, 8
15692, 8
15693, 8
15694, 8
15695, 8
15696, 8
15697, 8
15698, 8
15699, 8
15700, 8
15701, 8
15702, 8
15703, 8
15704, 8
15705, 8
15706, 8
15707, 8
15708, 8
15709, 8
15710, 8
15711, 8
15712, 8
15713, 8
15714, 8
15715, 8
15716, 8
15717, 8
15718, 8
15719, 8
15720, 8
15721, 8
15722, 8
15723, 8
15724, 8
15725, 8
15726, 8
15727, 8
15728, 8
15729, 8
15730, 8
15731, 8
15732, 8
15733, 8
15734, 8
15735, 8
15736, 8
15737, 8
15738, 8
15739, 8
15740, 8
15741, 8
15742, 8
15743, 8
15744, 8
15745, 8
15746, 8
15747, 8
15748, 8
15749, 8
15750, 8
15751, 8
15752, 8
15753, 8
15754, 8
15755, 8
15756, 8
15757, 8
15758, 8
15759, 8
15760, 8
15761, 8
15762, 8
15763, 8
15764, 8
15765, 8
15766, 8
15767, 8
15768, 8
15769, 8
15770, 8
15771, 8
15772, 8
15773, 8
15774, 8
15775, 8
15776, 8
15777, 8
15778, 8
15779, 8
15780, 8
15781, 8
15782, 8
15783, 8
15784, 8
15785, 8
15786, 8
15787, 8
15788, 8
15789, 8
15790, 8
15791, 8
15792, 8
15793, 8
15794, 8
15795, 8
15796, 8
15797, 8
15798, 8
15799, 8
15800, 8
15801, 8
15802, 8
15803, 8
15804, 8
15805, 8
15806, 8
15807, 8
15808, 8
15809, 8
15810, 8
15811, 8
15812, 8
15813, 8
15814, 8
15815, 8
15816, 8
15817, 8
15818, 8
15819, 8
15820, 8
15821, 8
15822, 8
15823, 8
15824, 8
15825, 8
15826, 8
15827, 8
15828, 8
15829, 8
15830, 8
15831, 8
15832, 8
15833, 8
15834, 8
15835, 8
15836, 8
15837, 8
15838, 8
15839, 8
15840, 8
15841, 8
15842, 8
15843, 8
15844, 8
15845, 8
15846, 8
15847, 8
15848, 8
15849, 8
15850, 8
15851, 8
15852, 8
15853, 8
15854, 8
15855, 8
15856, 8
15857, 8
15858, 9
15859, 9
15860, 9
15861, 9
15862, 9
15863, 9
15864, 9
15865, 9
15866, 9
15867, 9
15868, 9
15869, 9
15870, 9
15871, 9
15872, 9
15873, 9
15874, 9
15875, 9
15876, 8
15877, 8
15878, 8
15879, 8
15880, 8
15881, 8
15882, 8
15883, 8
15884, 8
15885, 8
15886, 8
15887, 8
15888, 8
15889, 8
15890, 8
15891, 8
15892, 8
15893, 8
15894, 8
15895, 8
15896, 8
15897, 8
15898, 8
15899, 8
15900, 8
15901, 8
15902, 8
15903, 8
15904, 8
15905, 8
15906, 8
15907, 8
15908, 8
15909, 8
15910, 8
15911, 8
15912, 8
15913, 8
15914, 8
15915, 8
15916, 8
15917, 8
15918, 8
15919, 8
15920, 8
15921, 8
15922, 8
15923, 8
15924, 8
15925, 8
15926, 8
15927, 8
15928, 8
15929, 8
15930, 8
15931, 8
15932, 8
15933, 8
15934, 8
15935, 8
15936, 8
15937, 8
15938, 8
15939, 8
15940, 8
15941, 8
15942, 8
15943, 8
15944, 8
15945, 8
15946, 8
15947, 8
15948, 8
15949, 8
15950, 8
15951, 8
15952, 8
15953, 8
15954, 8
15955, 8
15956, 8
15957, 8
15958, 8
15959, 8
15960, 8
15961, 8
15962, 8
15963, 8
15964, 8
15965, 8
15966, 8
15967, 8
15968, 8
15969, 8
15970, 8
15971, 8
15972, 8
15973, 8
15974, 8
15975, 8
15976, 8
15977, 8
15978, 8
15979, 8
15980, 8
15981, 8
15982, 8
15983, 8
15984, 8
15985, 8
15986, 8
15987, 8
15988, 8
15989, 8
15990, 8
15991, 8
15992, 8
15993, 8
15994, 8
15995, 8
15996, 8
15997, 8
15998, 8
15999, 8
16000, 8
16001, 8
16002, 8
16003, 8
16004, 8
16005, 8
16006, 8
16007, 8
16008, 8
16009, 8
16010, 8
16011, 8
16012, 8
16013, 8
16014, 8
16015, 8
16016, 8
16017, 8
16018, 8
16019, 8
16020, 8
16021, 8
16022, 8
16023, 8
16024, 8
16025, 8
16026, 8
16027, 8
16028, 8
16029, 8
16030, 8
16031, 8
16032, 8
16033, 8
16034, 8
16035, 8
16036, 8
16037, 8
16038, 8
16039, 8
16040, 8
16041, 8
16042, 8
16043, 8
16044, 8
16045, 8
16046, 8
16047, 8
16048, 8
16049, 8
16050, 8
16051, 8
16052, 8
16053, 8
16054, 8
16055, 8
16056, 8
16057, 8
16058, 8
16059, 8
16060, 8
16061, 8
16062, 8
16063, 8
16064, 8
16065, 8
16066, 8
16067, 8
16068, 8
16069, 8
16070, 8
16071, 8
16072, 8
16073, 8
16074, 8
16075, 8
16076, 8
16077, 8
16078, 8
16079, 8
16080, 8
16081, 8
16082, 8
16083, 8
16084, 8
16085, 8
16086, 8
16087, 8
16088, 8
16089, 8
16090, 8
16091, 8
16092, 8
16093, 8
16094, 8
16095, 8
16096, 8
16097, 8
16098, 8
16099, 8
16100, 8
16101, 8
16102, 8
16103, 8
16104, 8
16105, 8
16106, 8
16107, 8
16108, 8
16109, 9
16110, 9
16111, 9
16112, 9
16113, 9
16114, 9
16115, 9
16116, 9
16117, 9
16118, 9
16119, 9
16120, 9
16121, 9
16122, 9
16123, 9
16124, 9
16125, 9
16126, 9
16127, 9
16128, 9
16129, 8
16130, 8
16131, 8
16132, 8
16133, 8
16134, 8
16135, 8
16136, 8
16137, 8
16138, 8
16139, 8
16140, 8
16141, 8
16142, 8
16143, 8
16144, 8
16145, 8
16146, 8
16147, 8
16148, 8
16149, 8
16150, 8
16151, 8
16152, 8
16153, 8
16154, 8
16155, 8
16156, 8
16157, 8
16158, 8
16159, 8
16160, 8
16161, 8
16162, 8
16163, 8
16164, 8
16165, 8
16166, 8
16167, 8
16168, 8
16169, 8
16170, 8
16171, 8
16172, 8
16173, 8
16174, 8
16175, 8
16176, 8
16177, 8
16178, 8
16179, 8
16180, 8
16181, 8
16182, 8
16183, 8
16184, 8
16185, 8
16186, 8
16187, 8
16188, 8
16189, 8
16190, 8
16191, 8
16192, 8
16193, 8
16194, 8
16195, 8
16196, 8
16197, 8
16198, 8
16199, 8
16200, 8
16201, 8
16202, 8
16203, 8
16204, 8
16205, 8
16206, 8
16207, 8
16208, 8
16209, 8
16210, 8
16211, 8
16212, 8
16213, 8
16214, 8
16215, 8
16216, 8
16217, 8
16218, 8
16219, 8
16220, 8
16221, 8
16222, 8
16223, 8
16224, 8
16225, 8
16226, 8
16227, 8
16228, 8
16229, 8
16230, 8
16231, 8
16232, 8
16233, 8
16234, 8
16235, 8
16236, 8
16237, 8
16238, 8
16239, 8
16240, 8
16241, 8
16242, 8
16243, 8
16244, 8
16245, 8
16246, 8
16247, 8
16248, 8
16249, 8
16250, 8
16251, 8
16252, 8
16253, 8
16254, 8
16255, 8
16256, 8
16257, 8
16258, 8
16259, 8
16260, 8
16261, 8
16262, 8
16263, 8
16264, 8
16265, 8
16266, 8
16267, 8
16268, 8
16269, 8
16270, 8
16271, 8
16272, 8
16273, 8
16274, 8
16275, 8
16276, 8
16277, 8
16278, 8
16279, 8
16280, 8
16281, 8
16282, 8
16283, 8
16284, 8
16285, 8
16286, 8
16287, 8
16288, 8
16289, 8
16290, 8
16291, 8
16292, 8
16293, 8
16294, 8
16295, 8
16296, 8
16297, 8
16298, 8
16299, 8
16300, 8
16301, 8
16302, 8
16303, 8
16304, 8
16305, 8
16306, 8
16307, 8
16308, 8
16309, 8
16310, 8
16311, 8
16312, 8
16313, 8
16314, 8
16315, 8
16316, 8
16317, 8
16318, 8
16319, 8
16320, 8
16321, 8
16322, 8
16323, 8
16324, 8
16325, 8
16326, 8
16327, 8
16328, 8
16329, 8
16330, 8
16331, 8
16332, 8
16333, 8
16334, 8
16335, 8
16336, 8
16337, 8
16338, 8
16339, 8
16340, 8
16341, 8
16342, 8
16343, 8
16344, 8
16345, 8
16346, 8
16347, 8
16348, 8
16349, 8
16350, 8
16351, 8
16352, 8
16353, 8
16354, 8
16355, 8
16356, 8
16357, 8
16358, 8
16359, 8
16360, 8
16361, 8
16362, 8
16363, 9
16364, 9
16365, 9
16366, 9
16367, 9
16368, 9
16369, 9
16370, 9
16371, 9
16372, 9
16373, 9
16374, 9
16375, 9
16376, 9
16377, 9
16378, 9
16379, 9
16380, 9
16381, 9
16382, 9
16383, 9
16384, 8
16385, 8
16386, 8
16387, 8
16388, 8
16389, 8
16390, 8
16391, 8
16392, 8
16393, 8
16394, 8
16395, 8
16396, 8
16397, 8
16398, 8
16399, 8
16400, 8
16401, 8
16402, 8
16403, 8
16404, 8
16405, 8
16406, 8
16407, 8
16408, 8
16409, 8
16410, 8
16411, 8
16412, 8
16413, 8
16414, 8
16415, 8
16416, 8
16417, 8
16418, 8
16419, 8
16420, 8
16421, 8
16422, 8
16423, 8
16424, 8
16425, 8
16426, 8
16427, 8
16428, 8
16429, 8
16430, 8
16431, 8
16432, 8
16433, 8
16434, 8
16435, 8
16436, 8
16437, 8
16438, 8
16439, 8
16440, 8
16441, 8
16442, 8
16443, 8
16444, 8
16445, 8
16446, 8
16447, 8
16448, 8
16449, 8
16450, 8
16451, 8
16452, 8
16453, 8
16454, 8
16455, 8
16456, 8
16457, 8
16458, 8
16459, 8
16460, 8
16461, 8
16462, 8
16463, 8
16464, 8
16465, 8
16466, 8
16467, 8
16468, 8
16469, 8
16470, 8
16471, 8
16472, 8
16473, 8
16474, 8
16475, 8
16476, 8
16477, 8
16478, 8
16479, 8
16480, 8
16481, 8
16482, 8
16483, 8
16484, 8
16485, 8
16486, 8
16487, 8
16488, 8
16489, 8
16490, 8
16491, 8
16492, 8
16493, 8
16494, 8
16495, 8
16496, 8
16497, 8
16498, 8
16499, 8
16500, 8
16501, 8
16502, 8
16503, 8
16504, 8
16505, 8
16506, 8
16507, 8
16508, 8
16509, 8
16510, 8
16511, 8
16512, 8
16513, 8
16514, 8
16515, 8
16516, 8
16517, 8
16518, 8
16519, 8
16520, 8
16521, 8
16522, 8
16523, 8
16524, 8
16525, 8
16526, 8
16527, 8
16528, 8
16529, 8
16530, 8
16531, 8
16532, 8
16533, 8
16534, 8
16535, 8
16536, 8
16537, 8
16538, 8
16539, 8
16540, 8
16541, 8
16542, 8
16543, 8
16544, 8
16545, 8
16546, 8
16547, 8
16548, 8
16549, 8
16550, 8
16551, 8
16552, 8
16553, 8
16554, 8
16555, 8
16556, 8
16557, 8
16558, 8
16559, 8
16560, 8
16561, 8
16562, 8
16563, 8
16564, 8
16565, 8
16566, 8
16567, 8
16568, 8
16569, 8
16570, 8
16571, 8
16572, 8
16573, 8
16574, 8
16575, 8
16576, 8
16577, 8
16578, 8
16579, 8
16580, 8
16581, 8
16582, 8
16583, 8
16584, 8
16585, 8
16586, 8
16587, 8
16588, 8
16589, 8
16590, 8
16591, 8
16592, 8
16593, 8
16594, 8
16595, 8
16596, 8
16597, 8
16598, 8
16599, 8
16600, 8
16601, 8
16602, 8
16603, 8
16604, 8
16605, 8
16606, 8
16607, 8
16608, 8
16609, 8
16610, 8
16611, 8
16612, 8
16613, 8
16614, 8
16615, 8
16616, 8
16617, 8
16618, 9
16619, 9
16620, 9
16621, 9
16622, 9
16623, 9
16624, 9
16625, 9
16626, 9
16627, 9
16628, 9
16629, 9
16630, 9
16631, 9
16632, 9
16633, 9
16634, 9
16635, 9
16636, 9
16637, 9
16638, 9
16639, 9
16640, 9
16641, 8
16642, 8
16643, 8
16644, 8
16645, 8
16646, 8
16647, 8
16648, 8
16649, 8
16650, 8
16651, 8
16652, 8
16653, 8
16654, 8
16655, 8
16656, 8
16657, 8
16658, 8
16659, 8
16660, 8
16661, 8
16662, 8
16663, 8
16664, 8
16665, 8
16666, 8
16667, 8
16668, 8
16669, 8
16670, 8
16671, 8
16672, 8
16673, 8
16674, 8
16675, 8
16676, 8
16677, 8
16678, 8
16679, 8
16680, 8
16681, 8
16682, 8
16683, 8
16684, 8
16685, 8
16686, 8
16687, 8
16688, 8
16689, 8
16690, 8
16691, 8
16692, 8
16693, 8
16694, 8
16695, 8
16696, 8
16697, 8
16698, 8
16699, 8
16700, 8
16701, 8
16702, 8
16703, 8
16704, 8
16705, 8
16706, 8
16707, 8
16708, 8
16709, 8
16710, 8
16711, 8
16712, 8
16713, 8
16714, 8
16715, 8
16716, 8
16717, 8
16718, 8
16719, 8
16720, 8
16721, 8
16722, 8
16723, 8
16724, 8
16725, 8
16726, 8
16727, 8
16728, 8
16729, 8
16730, 8
16731, 8
16732, 8
16733, 8
16734, 8
16735, 8
16736, 8
16737, 8
16738, 8
16739, 8
16740, 8
16741, 8
16742, 8
16743, 8
16744, 8
16745, 8
16746, 8
16747, 8
16748, 8
16749, 8
16750, 8
16751, 8
16752, 8
16753, 8
16754, 8
16755, 8
16756, 8
16757, 8
16758, 8
16759, 8
16760, 8
16761, 8
16762, 8
16763, 8
16764, 8
16765, 8
16766, 8
16767, 8
16768, 8
16769, 8
16770, 8
16771, 8
16772, 8
16773, 8
16774, 8
16775, 8
16776, 8
16777, 8
16778, 8
16779, 8
16780, 8
16781, 8
16782, 8
16783, 8
16784, 8
16785, 8
16786, 8
16787, 8
16788, 8
16789, 8
16790, 8
16791, 8
16792, 8
16793, 8
16794, 8
16795, 8
16796, 8
16797, 8
16798, 8
16799, 8
16800, 8
16801, 8
16802, 8
16803, 8
16804, 8
16805, 8
16806, 8
16807, 8
16808, 8
16809, 8
16810, 8
16811, 8
16812, 8
16813, 8
16814, 8
16815, 8
16816, 8
16817, 8
16818, 8
16819, 8
16820, 8
16821, 8
16822, 8
16823, 8
16824, 8
16825, 8
16826, 8
16827, 8
16828, 8
16829, 8
16830, 8
16831, 8
16832, 8
16833, 8
16834, 8
16835, 8
16836, 8
16837, 8
16838, 8
16839, 8
16840, 8
16841, 8
16842, 8
16843, 8
16844, 8
16845, 8
16846, 8
16847, 8
16848, 8
16849, 8
16850, 8
16851, 8
16852, 8
16853, 8
16854, 8
16855, 8
16856, 8
16857, 8
16858, 8
16859, 8
16860, 8
16861, 8
16862, 8
16863, 8
16864, 8
16865, 8
16866, 8
16867, 8
16868, 8
16869, 8
16870, 8
16871, 8
16872, 8
16873, 8
16874, 8
16875, 9
16876, 9
16877, 9
16878, 9
16879, 9
16880, 9
16881, 9
16882, 9
16883, 9
16884, 9
16885, 9
16886, 9
16887, 9
16888, 9
16889, 9
16890, 9
16891, 9
16892, 9
16893, 9
16894, 9
16895, 9
16896, 9
16897, 9
16898, 9
16899, 9
16900, 8
16901, 8
16902, 8
16903, 8
16904, 8
16905, 8
16906, 8
16907, 8
16908, 8
16909, 8
16910, 8
16911, 8
16912, 8
16913, 8
16914, 8
16915, 8
16916, 8
16917, 8
16918, 8
16919, 8
16920, 8
16921, 8
16922, 8
16923, 8
16924, 8
16925, 8
16926, 8
16927, 8
16928, 8
16929, 8
16930, 8
16931, 8
16932, 8
16933, 8
16934, 8
16935, 8
16936, 8
16937, 8
16938, 8
16939, 8
16940, 8
16941, 8
16942, 8
16943, 8
16944, 8
16945, 8
16946, 8
16947, 8
16948, 8
16949, 8
16950, 8
16951, 8
16952, 8
16953, 8
16954, 8
16955, 8
16956, 8
16957, 8
16958, 8
16959, 8
16960, 8
16961, 8
16962, 8
16963, 8
16964, 8
16965, 8
16966, 8
16967, 8
16968, 8
16969, 8
16970, 8
16971, 8
16972, 8
16973, 8
16974, 8
16975, 8
16976, 8
16977, 8
16978, 8
16979, 8
16980, 8
16981, 8
16982, 8
16983, 8
16984, 8
16985, 8
16986, 8
16987, 8
16988, 8
16989, 8
16990, 8
16991, 8
16992, 8
16993, 8
16994, 8
16995, 8
16996, 8
16997, 8
16998, 8
16999, 8
17000, 8
17001, 8
17002, 8
17003, 8
17004, 8
17005, 8
17006, 8
17007, 8
17008, 8
17009, 8
17010, 8
17011, 8
17012, 8
17013, 8
17014, 8
17015, 8
17016, 8
17017, 8
17018, 8
17019, 8
17020, 8
17021, 8
17022, 8
17023, 8
17024, 8
17025, 8
17026, 8
17027, 8
17028, 8
17029, 8
17030, 8
17031, 8
17032, 8
17033, 8
17034, 8
17035, 8
17036, 8
17037, 8
17038, 8
17039, 8
17040, 8
17041, 8
17042, 8
17043, 8
17044, 8
17045, 8
17046, 8
17047, 8
17048, 8
17049, 8
17050, 8
17051, 8
17052, 8
17053, 8
17054, 8
17055, 8
17056, 8
17057, 8
17058, 8
17059, 8
17060, 8
17061, 8
17062, 8
17063, 8
17064, 8
17065, 8
17066, 8
17067, 8
17068, 8
17069, 8
17070, 8
17071, 8
17072, 8
17073, 8
17074, 8
17075, 8
17076, 8
17077, 8
17078, 8
17079, 8
17080, 8
17081, 8
17082, 8
17083, 8
17084, 8
17085, 8
17086, 8
17087, 8
17088, 8
17089, 8
17090, 8
17091, 8
17092, 8
17093, 8
17094, 8
17095, 8
17096, 8
17097, 8
17098, 8
17099, 8
17100, 8
17101, 8
17102, 8
17103, 8
17104, 8
17105, 8
17106, 8
17107, 8
17108, 8
17109, 8
17110, 8
17111, 8
17112, 8
17113, 8
17114, 8
17115, 8
17116, 8
17117, 8
17118, 8
17119, 8
17120, 8
17121, 8
17122, 8
17123, 8
17124, 8
17125, 8
17126, 8
17127, 8
17128, 8
17129, 8
17130, 8
17131, 8
17132, 8
17133, 8
17134, 9
17135, 9
17136, 9
17137, 9
17138, 9
17139, 9
17140, 9
17141, 9
17142, 9
17143, 9
17144, 9
17145, 9
17146, 9
17147, 9
17148, 9
17149, 9
17150, 9
17151, 9
17152, 9
17153, 9
17154, 9
17155, 9
17156, 9
17157, 9
17158, 9
17159, 9
17160, 9
17161, 8
17162, 8
17163, 8
17164, 8
17165, 8
17166, 8
17167, 8
17168, 8
17169, 8
17170, 8
17171, 8
17172, 8
17173, 8
17174, 8
17175, 8
17176, 8
17177, 8
17178, 8
17179, 8
17180, 8
17181, 8
17182, 8
17183, 8
17184, 8
17185, 8
17186, 8
17187, 8
17188, 8
17189, 8
17190, 8
17191, 8
17192, 8
17193, 8
17194, 8
17195, 8
17196, 8
17197, 8
17198, 8
17199, 8
17200, 8
17201, 8
17202, 8
17203, 8
17204, 8
17205, 8
17206, 8
17207, 8
17208, 8
17209, 8
17210, 8
17211, 8
17212, 8
17213, 8
17214, 8
17215, 8
17216, 8
17217, 8
17218, 8
17219, 8
17220, 8
17221, 8
17222, 8
17223, 8
17224, 8
17225, 8
17226, 8
17227, 8
17228, 8
17229, 8
17230, 8
17231, 8
17232, 8
17233, 8
17234, 8
17235, 8
17236, 8
17237, 8
17238, 8
17239, 8
17240, 8
17241, 8
17242, 8
17243, 8
17244, 8
17245, 8
17246, 8
17247, 8
17248, 8
17249, 8
17250, 8
17251, 8
17252, 8
17253, 8
17254, 8
17255, 8
17256, 8
17257, 8
17258, 8
17259, 8
17260, 8
17261, 8
17262, 8
17263, 8
17264, 8
17265, 8
17266, 8
17267, 8
17268, 8
17269, 8
17270, 8
17271, 8
17272, 8
17273, 8
17274, 8
17275, 8
17276, 8
17277, 8
17278, 8
17279, 8
17280, 8
17281, 8
17282, 8
17283, 8
17284, 8
17285, 8
17286, 8
17287, 8
17288, 8
17289, 8
17290, 8
17291, 8
17292, 8
17293, 8
17294, 8
17295, 8
17296, 8
17297, 8
17298, 8
17299, 8
17300, 8
17301, 8
17302, 8
17303, 8
17304, 8
17305, 8
17306, 8
17307, 8
17308, 8
17309, 8
17310, 8
17311, 8
17312, 8
17313, 8
17314, 8
17315, 8
17316, 8
17317, 8
17318, 8
17319, 8
17320, 8
17321, 8
17322, 8
17323, 8
17324, 8
17325, 8
17326, 8
17327, 8
17328, 8
17329, 8
17330, 8
17331, 8
17332, 8
17333, 8
17334, 8
17335, 8
17336, 8
17337, 8
17338, 8
17339, 8
17340, 8
17341, 8
17342, 8
17343, 8
17344, 8
17345, 8
17346, 8
17347, 8
17348, 8
17349, 8
17350, 8
17351, 8
17352, 8
17353, 8
17354, 8
17355, 8
17356, 8
17357, 8
17358, 8
17359, 8
17360, 8
17361, 8
17362, 8
17363, 8
17364, 8
17365, 8
17366, 8
17367, 8
17368, 8
17369, 8
17370, 8
17371, 8
17372, 8
17373, 8
17374, 8
17375, 8
17376, 8
17377, 8
17378, 8
17379, 8
17380, 8
17381, 8
17382, 8
17383, 8
17384, 8
17385, 8
17386, 8
17387, 8
17388, 8
17389, 8
17390, 8
17391, 8
17392, 8
17393, 8
17394, 8
17395, 9
17396, 9
17397, 9
17398, 9
17399, 9
17400, 9
17401, 9
17402, 9
17403, 9
17404, 9
17405, 9
17406, 9
17407, 9
17408, 9
17409, 9
17410, 9
17411, 9
17412, 9
17413, 9
17414, 9
17415, 9
17416, 9
17417, 9
17418, 9
17419, 9
17420, 9
17421, 9
17422, 9
17423, 9
17424, 8
17425, 8
17426, 8
17427, 8
17428, 8
17429, 8
17430, 8
17431, 8
17432, 8
17433, 8
17434, 8
17435, 8
17436, 8
17437, 8
17438, 8
17439, 8
17440, 8
17441, 8
17442, 8
17443, 8
17444, 8
17445, 8
17446, 8
17447, 8
17448, 8
17449, 8
17450, 8
17451, 8
17452, 8
17453, 8
17454, 8
17455, 8
17456, 8
17457, 8
17458, 8
17459, 8
17460, 8
17461, 8
17462, 8
17463, 8
17464, 8
17465, 8
17466, 8
17467, 8
17468, 8
17469, 8
17470, 8
17471, 8
17472, 8
17473, 8
17474, 8
17475, 8
17476, 8
17477, 8
17478, 8
17479, 8
17480, 8
17481, 8
17482, 8
17483, 8
17484, 8
17485, 8
17486, 8
17487, 8
17488, 8
17489, 8
17490, 8
17491, 8
17492, 8
17493, 8
17494, 8
17495, 8
17496, 8
17497, 8
17498, 8
17499, 8
17500, 8
17501, 8
17502, 8
17503, 8
17504, 8
17505, 8
17506, 8
17507, 8
17508, 8
17509, 8
17510, 8
17511, 8
17512, 8
17513, 8
17514, 8
17515, 8
17516, 8
17517, 8
17518, 8
17519, 8
17520, 8
17521, 8
17522, 8
17523, 8
17524, 8
17525, 8
17526, 8
17527, 8
17528, 8
17529, 8
17530, 8
17531, 8
17532, 8
17533, 8
17534, 8
17535, 8
17536, 8
17537, 8
17538, 8
17539, 8
17540, 8
17541, 8
17542, 8
17543, 8
17544, 8
17545, 8
17546, 8
17547, 8
17548, 8
17549, 8
17550, 8
17551, 8
17552, 8
17553, 8
17554, 8
17555, 8
17556, 8
17557, 8
17558, 8
17559, 8
17560, 8
17561, 8
17562, 8
17563, 8
17564, 8
17565, 8
17566, 8
17567, 8
17568, 8
17569, 8
17570, 8
17571, 8
17572, 8
17573, 8
17574, 8
17575, 8
17576, 8
17577, 8
17578, 8
17579, 8
17580, 8
17581, 8
17582, 8
17583, 8
17584, 8
17585, 8
17586, 8
17587, 8
17588, 8
17589, 8
17590, 8
17591, 8
17592, 8
17593, 8
17594, 8
17595, 8
17596, 8
17597, 8
17598, 8
17599, 8
17600, 8
17601, 8
17602, 8
17603, 8
17604, 8
17605, 8
17606, 8
17607, 8
17608, 8
17609, 8
17610, 8
17611, 8
17612, 8
17613, 8
17614, 8
17615, 8
17616, 8
17617, 8
17618, 8
17619, 8
17620, 8
17621, 8
17622, 8
17623, 8
17624, 8
17625, 8
17626, 8
17627, 8
17628, 8
17629, 8
17630, 8
17631, 8
17632, 8
17633, 8
17634, 8
17635, 8
17636, 8
17637, 8
17638, 8
17639, 8
17640, 8
17641, 8
17642, 8
17643, 8
17644, 8
17645, 8
17646, 8
17647, 8
17648, 8
17649, 8
17650, 8
17651, 8
17652, 8
17653, 8
17654, 8
17655, 8
17656, 8
17657, 8
17658, 9
17659, 9
17660, 9
17661, 9
17662, 9
17663, 9
17664, 9
17665, 9
17666, 9
17667, 9
17668, 9
17669, 9
17670, 9
17671, 9
17672, 9
17673, 9
17674, 9
17675, 9
17676, 9
17677, 9
17678, 9
17679, 9
17680, 9
17681, 9
17682, 9
17683, 9
17684, 9
17685, 9
17686, 9
17687, 9
17688, 9
17689, 8
17690, 8
17691, 8
17692, 8
17693, 8
17694, 8
17695, 8
17696, 8
17697, 8
17698, 8
17699, 8
17700, 8
17701, 8
17702, 8
17703, 8
17704, 8
17705, 8
17706, 8
17707, 8
17708, 8
17709, 8
17710, 8
17711, 8
17712, 8
17713, 8
17714, 8
17715, 8
17716, 8
17717, 8
17718, 8
17719, 8
17720, 8
17721, 8
17722, 8
17723, 8
17724, 8
17725, 8
17726, 8
17727, 8
17728, 8
17729, 8
17730, 8
17731, 8
17732, 8
17733, 8
17734, 8
17735, 8
17736, 8
17737, 8
17738, 8
17739, 8
17740, 8
17741, 8
17742, 8
17743, 8
17744, 8
17745, 8
17746, 8
17747, 8
17748, 8
17749, 8
17750, 8
17751, 8
17752, 8
17753, 8
17754, 8
17755, 8
17756, 8
17757, 8
17758, 8
17759, 8
17760, 8
17761, 8
17762, 8
17763, 8
17764, 8
17765, 8
17766, 8
17767, 8
17768, 8
17769, 8
17770, 8
17771, 8
17772, 8
17773, 8
17774, 8
17775, 8
17776, 8
17777, 8
17778, 8
17779, 8
17780, 8
17781, 8
17782, 8
17783, 8
17784, 8
17785, 8
17786, 8
17787, 8
17788, 8
17789, 8
17790, 8
17791, 8
17792, 8
17793, 8
17794, 8
17795, 8
17796, 8
17797, 8
17798, 8
17799, 8
17800, 8
17801, 8
17802, 8
17803, 8
17804, 8
17805, 8
17806, 8
17807, 8
17808, 8
17809, 8
17810, 8
17811, 8
17812, 8
17813, 8
17814, 8
17815, 8
17816, 8
17817, 8
17818, 8
17819, 8
17820, 8
17821, 8
17822, 8
17823, 8
17824, 8
17825, 8
17826, 8
17827, 8
17828, 8
17829, 8
17830, 8
17831, 8
17832, 8
17833, 8
17834, 8
17835, 8
17836, 8
17837, 8
17838, 8
17839, 8
17840, 8
17841, 8
17842, 8
17843, 8
17844, 8
17845, 8
17846, 8
17847, 8
17848, 8
17849, 8
17850, 8
17851, 8
17852, 8
17853, 8
17854, 8
17855, 8
17856, 8
17857, 8
17858, 8
17859, 8
17860, 8
17861, 8
17862, 8
17863, 8
17864, 8
17865, 8
17866, 8
17867, 8
17868, 8
17869, 8
17870, 8
17871, 8
17872, 8
17873, 8
17874, 8
17875, 8
17876, 8
17877, 8
17878, 8
17879, 8
17880, 8
17881, 8
17882, 8
17883, 8
17884, 8
17885, 8
17886, 8
17887, 8
17888, 8
17889, 8
17890, 8
17891, 8
17892, 8
17893, 8
17894, 8
17895, 8
17896, 8
17897, 8
17898, 8
17899, 8
17900, 8
17901, 8
17902, 8
17903, 8
17904, 8
17905, 8
17906, 8
17907, 8
17908, 8
17909, 8
17910, 8
17911, 8
17912, 8
17913, 8
17914, 8
17915, 8
17916, 8
17917, 8
17918, 8
17919, 8
17920, 8
17921, 8
17922, 9
17923, 9
17924, 9
17925, 9
17926, 9
17927, 9
17928, 9
17929, 9
17930, 9
17931, 9
17932, 9
17933, 9
17934, 9
17935, 9
17936, 9
17937, 9
17938, 9
17939, 9
17940, 9
17941, 9
17942, 9
17943, 9
17944, 9
17945, 9
17946, 9
17947, 9
17948, 9
17949, 9
17950, 9
17951, 9
17952, 9
17953, 9
17954, 9
17955, 9
17956, 8
17957, 8
17958, 8
17959, 8
17960, 8
17961, 8
17962, 8
17963, 8
17964, 8
17965, 8
17966, 8
17967, 8
17968, 8
17969, 8
17970, 8
17971, 8
17972, 8
17973, 8
17974, 8
17975, 8
17976, 8
17977, 8
17978, 8
17979, 8
17980, 8
17981, 8
17982, 8
17983, 8
17984, 8
17985, 8
17986, 8
17987, 8
17988, 8
17989, 8
17990, 8
17991, 8
17992, 8
17993, 8
17994, 8
17995, 8
17996, 8
17997, 8
17998, 8
17999, 8
18000, 8
18001, 8
18002, 8
18003, 8
18004, 8
18005, 8
18006, 8
18007, 8
18008, 8
18009, 8
18010, 8
18011, 8
18012, 8
18013, 8
18014, 8
18015, 8
18016, 8
18017, 8
18018, 8
18019, 8
18020, 8
18021, 8
18022, 8
18023, 8
18024, 8
18025, 8
18026, 8
18027, 8
18028, 8
18029, 8
18030, 8
18031, 8
18032, 8
18033, 8
18034, 8
18035, 8
18036, 8
18037, 8
18038, 8
18039, 8
18040, 8
18041, 8
18042, 8
18043, 8
18044, 8
18045, 8
18046, 8
18047, 8
18048, 8
18049, 8
18050, 8
18051, 8
18052, 8
18053, 8
18054, 8
18055, 8
18056, 8
18057, 8
18058, 8
18059, 8
18060, 8
18061, 8
18062, 8
18063, 8
18064, 8
18065, 8
18066, 8
18067, 8
18068, 8
18069, 8
18070, 8
18071, 8
18072, 8
18073, 8
18074, 8
18075, 8
18076, 8
18077, 8
18078, 8
18079, 8
18080, 8
18081, 8
18082, 8
18083, 8
18084, 8
18085, 8
18086, 8
18087, 8
18088, 8
18089, 8
18090, 8
18091, 8
18092, 8
18093, 8
18094, 8
18095, 8
18096, 8
18097, 8
18098, 8
18099, 8
18100, 8
18101, 8
18102, 8
18103, 8
18104, 8
18105, 8
18106, 8
18107, 8
18108, 8
18109, 8
18110, 8
18111, 8
18112, 8
18113, 8
18114, 8
18115, 8
18116, 8
18117, 8
18118, 8
18119, 8
18120, 8
18121, 8
18122, 8
18123, 8
18124, 8
18125, 8
18126, 8
18127, 8
18128, 8
18129, 8
18130, 8
18131, 8
18132, 8
18133, 8
18134, 8
18135, 8
18136, 8
18137, 8
18138, 8
18139, 8
18140, 8
18141, 8
18142, 8
18143, 8
18144, 8
18145, 8
18146, 8
18147, 8
18148, 8
18149, 8
18150, 8
18151, 8
18152, 8
18153, 8
18154, 8
18155, 8
18156, 8
18157, 8
18158, 8
18159, 8
18160, 8
18161, 8
18162, 8
18163, 8
18164, 8
18165, 8
18166, 8
18167, 8
18168, 8
18169, 8
18170, 8
18171, 8
18172, 8
18173, 8
18174, 8
18175, 8
18176, 8
18177, 8
18178, 8
18179, 8
18180, 8
18181, 8
18182, 8
18183, 8
18184, 8
18185, 8
18186, 8
18187, 8
18188, 8
18189, 9
18190, 9
18191, 9
18192, 9
18193, 9
18194, 9
18195, 9
18196, 9
18197, 9
18198, 9
18199, 9
18200, 9
18201, 9
18202, 9
18203, 9
18204, 9
18205, 9
18206, 9
18207, 9
18208, 9
18209, 9
18210, 9
18211, 9
18212, 9
18213, 9
18214, 9
18215, 9
18216, 9
18217, 9
18218, 9
18219, 9
18220, 9
18221, 9
18222, 9
18223, 9
18224, 9
18225, 8
18226, 8
18227, 8
18228, 8
18229, 8
18230, 8
18231, 8
18232, 8
18233, 8
18234, 8
18235, 8
18236, 8
18237, 8
18238, 8
18239, 8
18240, 8
18241, 8
18242, 8
18243, 8
18244, 8
18245, 8
18246, 8
18247, 8
18248, 8
18249, 8
18250, 8
18251, 8
18252, 8
18253, 8
18254, 8
18255, 8
18256, 8
18257, 8
18258, 8
18259, 8
18260, 8
18261, 8
18262, 8
18263, 8
18264, 8
18265, 8
18266, 8
18267, 8
18268, 8
18269, 8
18270, 8
18271, 8
18272, 8
18273, 8
18274, 8
18275, 8
18276, 8
18277, 8
18278, 8
18279, 8
18280, 8
18281, 8
18282, 8
18283, 8
18284, 8
18285, 8
18286, 8
18287, 8
18288, 8
18289, 8
18290, 8
18291, 8
18292, 8
18293, 8
18294, 8
18295, 8
18296, 8
18297, 8
18298, 8
18299, 8
18300, 8
18301, 8
18302, 8
18303, 8
18304, 8
18305, 8
18306, 8
18307, 8
18308, 8
18309, 8
18310, 8
18311, 8
18312, 8
18313, 8
18314, 8
18315, 8
18316, 8
18317, 8
18318, 8
18319, 8
18320, 8
18321, 8
18322, 8
18323, 8
18324, 8
18325, 8
18326, 8
18327, 8
18328, 8
18329, 8
18330, 8
18331, 8
18332, 8
18333, 8
18334, 8
18335, 8
18336, 8
18337, 8
18338, 8
18339, 8
18340, 8
18341, 8
18342, 8
18343, 8
18344, 8
18345, 8
18346, 8
18347, 8
18348, 8
18349, 8
18350, 8
18351, 8
18352, 8
18353, 8
18354, 8
18355, 8
18356, 8
18357, 8
18358, 8
18359, 8
18360, 8
18361, 8
18362, 8
18363, 8
18364, 8
18365, 8
18366, 8
18367, 8
18368, 8
18369, 8
18370, 8
18371, 8
18372, 8
18373, 8
18374, 8
18375, 8
18376, 8
18377, 8
18378, 8
18379, 8
18380, 8
18381, 8
18382, 8
18383, 8
18384, 8
18385, 8
18386, 8
18387, 8
18388, 8
18389, 8
18390, 8
18391, 8
18392, 8
18393, 8
18394, 8
18395, 8
18396, 8
18397, 8
18398, 8
18399, 8
18400, 8
18401, 8
18402, 8
18403, 8
18404, 8
18405, 8
18406, 8
18407, 8
18408, 8
18409, 8
18410, 8
18411, 8
18412, 8
18413, 8
18414, 8
18415, 8
18416, 8
18417, 8
18418, 8
18419, 8
18420, 8
18421, 8
18422, 8
18423, 8
18424, 8
18425, 8
18426, 8
18427, 8
18428, 8
18429, 8
18430, 8
18431, 8
18432, 8
18433, 8
18434, 8
18435, 8
18436, 8
18437, 8
18438, 8
18439, 8
18440, 8
18441, 8
18442, 8
18443, 8
18444, 8
18445, 8
18446, 8
18447, 8
18448, 8
18449, 8
18450, 8
18451, 8
18452, 8
18453, 8
18454, 8
18455, 8
18456, 8
18457, 9
18458, 9
18459, 9
18460, 9
18461, 9
18462, 9
18463, 9
18464, 9
18465, 9
18466, 9
18467, 9
18468, 9
18469, 9
18470, 9
18471, 9
18472, 9
18473, 9
18474, 9
18475, 9
18476, 9
18477, 9
18478, 9
18479, 9
18480, 9
18481, 9
18482, 9
18483, 9
18484, 9
18485, 9
18486, 9
18487, 9
18488, 9
18489, 9
18490, 9
18491, 9
18492, 9
18493, 9
18494, 9
18495, 9
18496, 8
18497, 8
18498, 8
18499, 8
18500, 8
18501, 8
18502, 8
18503, 8
18504, 8
18505, 8
18506, 8
18507, 8
18508, 8
18509, 8
18510, 8
18511, 8
18512, 8
18513, 8
18514, 8
18515, 8
18516, 8
18517, 8
18518, 8
18519, 8
18520, 8
18521, 8
18522, 8
18523, 8
18524, 8
18525, 8
18526, 8
18527, 8
18528, 8
18529, 8
18530, 8
18531, 8
18532, 8
18533, 8
18534, 8
18535, 8
18536, 8
18537, 8
18538, 8
18539, 8
18540, 8
18541, 8
18542, 8
18543, 8
18544, 8
18545, 8
18546, 8
18547, 8
18548, 8
18549, 8
18550, 8
18551, 8
18552, 8
18553, 8
18554, 8
18555, 8
18556, 8
18557, 8
18558, 8
18559, 8
18560, 8
18561, 8
18562, 8
18563, 8
18564, 8
18565, 8
18566, 8
18567, 8
18568, 8
18569, 8
18570, 8
18571, 8
18572, 8
18573, 8
18574, 8
18575, 8
18576, 8
18577, 8
18578, 8
18579, 8
18580, 8
18581, 8
18582, 8
18583, 8
18584, 8
18585, 8
18586, 8
18587, 8
18588, 8
18589, 8
18590, 8
18591, 8
18592, 8
18593, 8
18594, 8
18595, 8
18596, 8
18597, 8
18598, 8
18599, 8
18600, 8
18601, 8
18602, 8
18603, 8
18604, 8
18605, 8
18606, 8
18607, 8
18608, 8
18609, 8
18610, 8
18611, 8
18612, 8
18613, 8
18614, 8
18615, 8
18616, 8
18617, 8
18618, 8
18619, 8
18620, 8
18621, 8
18622, 8
18623, 8
18624, 8
18625, 8
18626, 8
18627, 8
18628, 8
18629, 8
18630, 8
18631, 8
18632, 8
18633, 8
18634, 8
18635, 8
18636, 8
18637, 8
18638, 8
18639, 8
18640, 8
18641, 8
18642, 8
18643, 8
18644, 8
18645, 8
18646, 8
18647, 8
18648, 8
18649, 8
18650, 8
18651, 8
18652, 8
18653, 8
18654, 8
18655, 8
18656, 8
18657, 8
18658, 8
18659, 8
18660, 8
18661, 8
18662, 8
18663, 8
18664, 8
18665, 8
18666, 8
18667, 8
18668, 8
18669, 8
18670, 8
18671, 8
18672, 8
18673, 8
18674, 8
18675, 8
18676, 8
18677, 8
18678, 8
18679, 8
18680, 8
18681, 8
18682, 8
18683, 8
18684, 8
18685, 8
18686, 8
18687, 8
18688, 8
18689, 8
18690, 8
18691, 8
18692, 8
18693, 8
18694, 8
18695, 8
18696, 8
18697, 8
18698, 8
18699, 8
18700, 8
18701, 8
18702, 8
18703, 8
18704, 8
18705, 8
18706, 8
18707, 8
18708, 8
18709, 8
18710, 8
18711, 8
18712, 8
18713, 8
18714, 8
18715, 8
18716, 8
18717, 8
18718, 8
18719, 8
18720, 8
18721, 8
18722, 8
18723, 8
18724, 8
18725, 8
18726, 8
18727, 9
18728, 9
18729, 9
18730, 9
18731, 9
18732, 9
18733, 9
18734, 9
18735, 9
18736, 9
18737, 9
18738, 9
18739, 9
18740, 9
18741, 9
18742, 9
18743, 9
18744, 9
18745, 9
18746, 9
18747, 9
18748, 9
18749, 9
18750, 9
18751, 9
18752, 9
18753, 9
18754, 9
18755, 9
18756, 9
18757, 9
18758, 9
18759, 9
18760, 9
18761, 9
18762, 9
18763, 9
18764, 9
18765, 9
18766, 9
18767, 9
18768, 9
18769, 8
18770, 8
18771, 8
18772, 8
18773, 8
18774, 8
18775, 8
18776, 8
18777, 8
18778, 8
18779, 8
18780, 8
18781, 8
18782, 8
18783, 8
18784, 8
18785, 8
18786, 8
18787, 8
18788, 8
18789, 8
18790, 8
18791, 8
18792, 8
18793, 8
18794, 8
18795, 8
18796, 8
18797, 8
18798, 8
18799, 8
18800, 8
18801, 8
18802, 8
18803, 8
18804, 8
18805, 8
18806, 8
18807, 8
18808, 8
18809, 8
18810, 8
18811, 8
18812, 8
18813, 8
18814, 8
18815, 8
18816, 8
18817, 8
18818, 8
18819, 8
18820, 8
18821, 8
18822, 8
18823, 8
18824, 8
18825, 8
18826, 8
18827, 8
18828, 8
18829, 8
18830, 8
18831, 8
18832, 8
18833, 8
18834, 8
18835, 8
18836, 8
18837, 8
18838, 8
18839, 8
18840, 8
18841, 8
18842, 8
18843, 8
18844, 8
18845, 8
18846, 8
18847, 8
18848, 8
18849, 8
18850, 8
18851, 8
18852, 8
18853, 8
18854, 8
18855, 8
18856, 8
18857, 8
18858, 8
18859, 8
18860, 8
18861, 8
18862, 8
18863, 8
18864, 8
18865, 8
18866, 8
18867, 8
18868, 8
18869, 8
18870, 8
18871, 8
18872, 8
18873, 8
18874, 8
18875, 8
18876, 8
18877, 8
18878, 8
18879, 8
18880, 8
18881, 8
18882, 8
18883, 8
18884, 8
18885, 8
18886, 8
18887, 8
18888, 8
18889, 8
18890, 8
18891, 8
18892, 8
18893, 8
18894, 8
18895, 8
18896, 8
18897, 8
18898, 8
18899, 8
18900, 8
18901, 8
18902, 8
18903, 8
18904, 8
18905, 8
18906, 8
18907, 8
18908, 8
18909, 8
18910, 8
18911, 8
18912, 8
18913, 8
18914, 8
18915, 8
18916, 8
18917, 8
18918, 8
18919, 8
18920, 8
18921, 8
18922, 8
18923, 8
18924, 8
18925, 8
18926, 8
18927, 8
18928, 8
18929, 8
18930, 8
18931, 8
18932, 8
18933, 8
18934, 8
18935, 8
18936, 8
18937, 8
18938, 8
18939, 8
18940, 8
18941, 8
18942, 8
18943, 8
18944, 8
18945, 8
18946, 8
18947, 8
18948, 8
18949, 8
18950, 8
18951, 8
18952, 8
18953, 8
18954, 8
18955, 8
18956, 8
18957, 8
18958, 8
18959, 8
18960, 8
18961, 8
18962, 8
18963, 8
18964, 8
18965, 8
18966, 8
18967, 8
18968, 8
18969, 8
18970, 8
18971, 8
18972, 8
18973, 8
18974, 8
18975, 8
18976, 8
18977, 8
18978, 8
18979, 8
18980, 8
18981, 8
18982, 8
18983, 8
18984, 8
18985, 8
18986, 8
18987, 8
18988, 8
18989, 8
18990, 8
18991, 8
18992, 8
18993, 8
18994, 8
18995, 8
18996, 8
18997, 8
18998, 8
18999, 9
19000, 9
19001, 9
19002, 9
19003, 9
19004, 9
19005, 9
19006, 9
19007, 9
19008, 9
19009, 9
19010, 9
19011, 9
19012, 9
19013, 9
19014, 9
19015, 9
19016, 9
19017, 9
19018, 9
19019, 9
19020, 9
19021, 9
19022, 9
19023, 9
19024, 9
19025, 9
19026, 9
19027, 9
19028, 9
19029, 9
19030, 9
19031, 9
19032, 9
19033, 9
19034, 9
19035, 9
19036, 9
19037, 9
19038, 9
19039, 9
19040, 9
19041, 9
19042, 9
19043, 9
19044, 8
19045, 8
19046, 8
19047, 8
19048, 8
19049, 8
19050, 8
19051, 8
19052, 8
19053, 8
19054, 8
19055, 8
19056, 8
19057, 8
19058, 8
19059, 8
19060, 8
19061, 8
19062, 8
19063, 8
19064, 8
19065, 8
19066, 8
19067, 8
19068, 8
19069, 8
19070, 8
19071, 8
19072, 8
19073, 8
19074, 8
19075, 8
19076, 8
19077, 8
19078, 8
19079, 8
19080, 8
19081, 8
19082, 8
19083, 8
19084, 8
19085, 8
19086, 8
19087, 8
19088, 8
19089, 8
19090, 8
19091, 8
19092, 8
19093, 8
19094, 8
19095, 8
19096, 8
19097, 8
19098, 8
19099, 8
19100, 8
19101, 8
19102, 8
19103, 8
19104, 8
19105, 8
19106, 8
19107, 8
19108, 8
19109, 8
19110, 8
19111, 8
19112, 8
19113, 8
19114, 8
19115, 8
19116, 8
19117, 8
19118, 8
19119, 8
19120, 8
19121, 8
19122, 8
19123, 8
19124, 8
19125, 8
19126, 8
19127, 8
19128, 8
19129, 8
19130, 8
19131, 8
19132, 8
19133, 8
19134, 8
19135, 8
19136, 8
19137, 8
19138, 8
19139, 8
19140, 8
19141, 8
19142, 8
19143, 8
19144, 8
19145, 8
19146, 8
19147, 8
19148, 8
19149, 8
19150, 8
19151, 8
19152, 8
19153, 8
19154, 8
19155, 8
19156, 8
19157, 8
19158, 8
19159, 8
19160, 8
19161, 8
19162, 8
19163, 8
19164, 8
19165, 8
19166, 8
19167, 8
19168, 8
19169, 8
19170, 8
19171, 8
19172, 8
19173, 8
19174, 8
19175, 8
19176, 8
19177, 8
19178, 8
19179, 8
19180, 8
19181, 8
19182, 8
19183, 8
19184, 8
19185, 8
19186, 8
19187, 8
19188, 8
19189, 8
19190, 8
19191, 8
19192, 8
19193, 8
19194, 8
19195, 8
19196, 8
19197, 8
19198, 8
19199, 8
19200, 8
19201, 8
19202, 8
19203, 8
19204, 8
19205, 8
19206, 8
19207, 8
19208, 8
19209, 8
19210, 8
19211, 8
19212, 8
19213, 8
19214, 8
19215, 8
19216, 8
19217, 8
19218, 8
19219, 8
19220, 8
19221, 8
19222, 8
19223, 8
19224, 8
19225, 8
19226, 8
19227, 8
19228, 8
19229, 8
19230, 8
19231, 8
19232, 8
19233, 8
19234, 8
19235, 8
19236, 8
19237, 8
19238, 8
19239, 8
19240, 8
19241, 8
19242, 8
19243, 8
19244, 8
19245, 8
19246, 8
19247, 8
19248, 8
19249, 8
19250, 8
19251, 8
19252, 8
19253, 8
19254, 8
19255, 8
19256, 8
19257, 8
19258, 8
19259, 8
19260, 8
19261, 8
19262, 8
19263, 8
19264, 8
19265, 8
19266, 8
19267, 8
19268, 8
19269, 8
19270, 8
19271, 8
19272, 8
19273, 9
19274, 9
19275, 9
19276, 9
19277, 9
19278, 9
19279, 9
19280, 9
19281, 9
19282, 9
19283, 9
19284, 9
19285, 9
19286, 9
19287, 9
19288, 9
19289, 9
19290, 9
19291, 9
19292, 9
19293, 9
19294, 9
19295, 9
19296, 9
19297, 9
19298, 9
19299, 9
19300, 9
19301, 9
19302, 9
19303, 9
19304, 9
19305, 9
19306, 9
19307, 9
19308, 9
19309, 9
19310, 9
19311, 9
19312, 9
19313, 9
19314, 9
19315, 9
19316, 9
19317, 9
19318, 9
19319, 9
19320, 9
19321, 8
19322, 8
19323, 8
19324, 8
19325, 8
19326, 8
19327, 8
19328, 8
19329, 8
19330, 8
19331, 8
19332, 8
19333, 8
19334, 8
19335, 8
19336, 8
19337, 8
19338, 8
19339, 8
19340, 8
19341, 8
19342, 8
19343, 8
19344, 8
19345, 8
19346, 8
19347, 8
19348, 8
19349, 8
19350, 8
19351, 8
19352, 8
19353, 8
19354, 8
19355, 8
19356, 8
19357, 8
19358, 8
19359, 8
19360, 8
19361, 8
19362, 8
19363, 8
19364, 8
19365, 8
19366, 8
19367, 8
19368, 8
19369, 8
19370, 8
19371, 8
19372, 8
19373, 8
19374, 8
19375, 8
19376, 8
19377, 8
19378, 8
19379, 8
19380, 8
19381, 8
19382, 8
19383, 8
19384, 8
19385, 8
19386, 8
19387, 8
19388, 8
19389, 8
19390, 8
19391, 8
19392, 8
19393, 8
19394, 8
19395, 8
19396, 8
19397, 8
19398, 8
19399, 8
19400, 8
19401, 8
19402, 8
19403, 8
19404, 8
19405, 8
19406, 8
19407, 8
19408, 8
19409, 8
19410, 8
19411, 8
19412, 8
19413, 8
19414, 8
19415, 8
19416, 8
19417, 8
19418, 8
19419, 8
19420, 8
19421, 8
19422, 8
19423, 8
19424, 8
19425, 8
19426, 8
19427, 8
19428, 8
19429, 8
19430, 8
19431, 8
19432, 8
19433, 8
19434, 8
19435, 8
19436, 8
19437, 8
19438, 8
19439, 8
19440, 8
19441, 8
19442, 8
19443, 8
19444, 8
19445, 8
19446, 8
19447, 8
19448, 8
19449, 8
19450, 8
19451, 8
19452, 8
19453, 8
19454, 8
19455, 8
19456, 8
19457, 8
19458, 8
19459, 8
19460, 8
19461, 8
19462, 8
19463, 8
19464, 8
19465, 8
19466, 8
19467, 8
19468, 8
19469, 8
19470, 8
19471, 8
19472, 8
19473, 8
19474, 8
19475, 8
19476, 8
19477, 8
19478, 8
19479, 8
19480, 8
19481, 8
19482, 8
19483, 8
19484, 8
19485, 8
19486, 8
19487, 8
19488, 8
19489, 8
19490, 8
19491, 8
19492, 8
19493, 8
19494, 8
19495, 8
19496, 8
19497, 8
19498, 8
19499, 8
19500, 8
19501, 8
19502, 8
19503, 8
19504, 8
19505, 8
19506, 8
19507, 8
19508, 8
19509, 8
19510, 8
19511, 8
19512, 8
19513, 8
19514, 8
19515, 8
19516, 8
19517, 8
19518, 8
19519, 8
19520, 8
19521, 8
19522, 8
19523, 8
19524, 8
19525, 8
19526, 8
19527, 8
19528, 8
19529, 8
19530, 8
19531, 8
19532, 8
19533, 8
19534, 8
19535, 8
19536, 8
19537, 8
19538, 8
19539, 8
19540, 8
19541, 8
19542, 8
19543, 8
19544, 8
19545, 8
19546, 8
19547, 8
19548, 8
19549, 9
19550, 9
19551, 9
19552, 9
19553, 9
19554, 9
19555, 9
19556, 9
19557, 9
19558, 9
19559, 9
19560, 9
19561, 9
19562, 9
19563, 9
19564, 9
19565, 9
19566, 9
19567, 9
19568, 9
19569, 9
19570, 9
19571, 9
19572, 9
19573, 9
19574, 9
19575, 9
19576, 9
19577, 9
19578, 9
19579, 9
19580, 9
19581, 9
19582, 9
19583, 9
19584, 9
19585, 9
19586, 9
19587, 9
19588, 9
19589, 9
19590, 9
19591, 9
19592, 9
19593, 9
19594, 9
19595, 9
19596, 9
19597, 9
19598, 9
19599, 9
19600, 8
19601, 8
19602, 8
19603, 8
19604, 8
19605, 8
19606, 8
19607, 8
19608, 8
19609, 8
19610, 8
19611, 8
19612, 8
19613, 8
19614, 8
19615, 8
19616, 8
19617, 8
19618, 8
19619, 8
19620, 8
19621, 8
19622, 8
19623, 8
19624, 8
19625, 8
19626, 8
19627, 8
19628, 8
19629, 8
19630, 8
19631, 8
19632, 8
19633, 8
19634, 8
19635, 8
19636, 8
19637, 8
19638, 8
19639, 8
19640, 8
19641, 8
19642, 8
19643, 8
19644, 8
19645, 8
19646, 8
19647, 8
19648, 8
19649, 8
19650, 8
19651, 8
19652, 8
19653, 8
19654, 8
19655, 8
19656, 8
19657, 8
19658, 8
19659, 8
19660, 8
19661, 8
19662, 8
19663, 8
19664, 8
19665, 8
19666, 8
19667, 8
19668, 8
19669, 8
19670, 8
19671, 8
19672, 8
19673, 8
19674, 8
19675, 8
19676, 8
19677, 8
19678, 8
19679, 8
19680, 8
19681, 8
19682, 8
19683, 8
19684, 8
19685, 8
19686, 8
19687, 8
19688, 8
19689, 8
19690, 8
19691, 8
19692, 8
19693, 8
19694, 8
19695, 8
19696, 8
19697, 8
19698, 8
19699, 8
19700, 8
19701, 8
19702, 8
19703, 8
19704, 8
19705, 8
19706, 8
19707, 8
19708, 8
19709, 8
19710, 8
19711, 8
19712, 8
19713, 8
19714, 8
19715, 8
19716, 8
19717, 8
19718, 8
19719, 8
19720, 8
19721, 8
19722, 8
19723, 8
19724, 8
19725, 8
19726, 8
19727, 8
19728, 8
19729, 8
19730, 8
19731, 8
19732, 8
19733, 8
19734, 8
19735, 8
19736, 8
19737, 8
19738, 8
19739, 8
19740, 8
19741, 8
19742, 8
19743, 8
19744, 8
19745, 8
19746, 8
19747, 8
19748, 8
19749, 8
19750, 8
19751, 8
19752, 8
19753, 8
19754, 8
19755, 8
19756, 8
19757, 8
19758, 8
19759, 8
19760, 8
19761, 8
19762, 8
19763, 8
19764, 8
19765, 8
19766, 8
19767, 8
19768, 8
19769, 8
19770, 8
19771, 8
19772, 8
19773, 8
19774, 8
19775, 8
19776, 8
19777, 8
19778, 8
19779, 8
19780, 8
19781, 8
19782, 8
19783, 8
19784, 8
19785, 8
19786, 8
19787, 8
19788, 8
19789, 8
19790, 8
19791, 8
19792, 8
19793, 8
19794, 8
19795, 8
19796, 8
19797, 8
19798, 8
19799, 8
19800, 8
19801, 8
19802, 8
19803, 8
19804, 8
19805, 8
19806, 8
19807, 8
19808, 8
19809, 8
19810, 8
19811, 8
19812, 8
19813, 8
19814, 8
19815, 8
19816, 8
19817, 8
19818, 8
19819, 8
19820, 8
19821, 8
19822, 8
19823, 8
19824, 8
19825, 8
19826, 9
19827, 9
19828, 9
19829, 9
19830, 9
19831, 9
19832, 9
19833, 9
19834, 9
19835, 9
19836, 9
19837, 9
19838, 9
19839, 9
19840, 9
19841, 9
19842, 9
19843, 9
19844, 9
19845, 9
19846, 9
19847, 9
19848, 9
19849, 9
19850, 9
19851, 9
19852, 9
19853, 9
19854, 9
19855, 9
19856, 9
19857, 9
19858, 9
19859, 9
19860, 9
19861, 9
19862, 9
19863, 9
19864, 9
19865, 9
19866, 9
19867, 9
19868, 9
19869, 9
19870, 9
19871, 9
19872, 9
19873, 9
19874, 9
19875, 9
19876, 9
19877, 9
19878, 9
19879, 9
19880, 9
19881, 8
19882, 8
19883, 8
19884, 8
19885, 8
19886, 8
19887, 8
19888, 8
19889, 8
19890, 8
19891, 8
19892, 8
19893, 8
19894, 8
19895, 8
19896, 8
19897, 8
19898, 8
19899, 8
19900, 8
19901, 8
19902, 8
19903, 8
19904, 8
19905, 8
19906, 8
19907, 8
19908, 8
19909, 8
19910, 8
19911, 8
19912, 8
19913, 8
19914, 8
19915, 8
19916, 8
19917, 8
19918, 8
19919, 8
19920, 8
19921, 8
19922, 8
19923, 8
19924, 8
19925, 8
19926, 8
19927, 8
19928, 8
19929, 8
19930, 8
19931, 8
19932, 8
19933, 8
19934, 8
19935, 8
19936, 8
19937, 8
19938, 8
19939, 8
19940, 8
19941, 8
19942, 8
19943, 8
19944, 8
19945, 8
19946, 8
19947, 8
19948, 8
19949, 8
19950, 8
19951, 8
19952, 8
19953, 8
19954, 8
19955, 8
19956, 8
19957, 8
19958, 8
19959, 8
19960, 8
19961, 8
19962, 8
19963, 8
19964, 8
19965, 8
19966, 8
19967, 8
19968, 8
19969, 8
19970, 8
19971, 8
19972, 8
19973, 8
19974, 8
19975, 8
19976, 8
19977, 8
19978, 8
19979, 8
19980, 8
19981, 8
19982, 8
19983, 8
19984, 8
19985, 8
19986, 8
19987, 8
19988, 8
19989, 8
19990, 8
19991, 8
19992, 8
19993, 8
19994, 8
19995, 8
19996, 8
19997, 8
19998, 8
19999, 8
20000, 8
20001, 8
20002, 8
20003, 8
20004, 8
20005, 8
20006, 8
20007, 8
20008, 8
20009, 8
20010, 8
20011, 8
20012, 8
20013, 8
20014, 8
20015, 8
20016, 8
20017, 8
20018, 8
20019, 8
20020, 8
20021, 8
20022, 8
20023, 8
20024, 8
20025, 8
20026, 8
20027, 8
20028, 8
20029, 8
20030, 8
20031, 8
20032, 8
20033, 8
20034, 8
20035, 8
20036, 8
20037, 8
20038, 8
20039, 8
20040, 8
20041, 8
20042, 8
20043, 8
20044, 8
20045, 8
20046, 8
20047, 8
20048, 8
20049, 8
20050, 8
20051, 8
20052, 8
20053, 8
20054, 8
20055, 8
20056, 8
20057, 8
20058, 8
20059, 8
20060, 8
20061, 8
20062, 8
20063, 8
20064, 8
20065, 8
20066, 8
20067, 8
20068, 8
20069, 8
20070, 8
20071, 8
20072, 8
20073, 8
20074, 8
20075, 8
20076, 8
20077, 8
20078, 8
20079, 8
20080, 8
20081, 8
20082, 8
20083, 8
20084, 8
20085, 8
20086, 8
20087, 8
20088, 8
20089, 8
20090, 8
20091, 8
20092, 8
20093, 8
20094, 8
20095, 8
20096, 8
20097, 8
20098, 8
20099, 8
20100, 8
20101, 8
20102, 8
20103, 8
20104, 8
20105, 8
20106, 9
20107, 9
20108, 9
20109, 9
20110, 9
20111, 9
20112, 9
20113, 9
20114, 9
20115, 9
20116, 9
20117, 9
20118, 9
20119, 9
20120, 9
20121, 9
20122, 9
20123, 9
20124, 9
20125, 9
20126, 9
20127, 9
20128, 9
20129, 9
20130, 9
20131, 9
20132, 9
20133, 9
20134, 9
20135, 9
20136, 9
20137, 9
20138, 9
20139, 9
20140, 9
20141, 9
20142, 9
20143, 9
20144, 9
20145, 9
20146, 9
20147, 9
20148, 9
20149, 9
20150, 9
20151, 9
20152, 9
20153, 9
20154, 9
20155, 9
20156, 9
20157, 9
20158, 9
20159, 9
20160, 9
20161, 9
20162, 9
20163, 9
20164, 8
20165, 8
20166, 8
20167, 8
20168, 8
20169, 8
20170, 8
20171, 8
20172, 8
20173, 8
20174, 8
20175, 8
20176, 8
20177, 8
20178, 8
20179, 8
20180, 8
20181, 8
20182, 8
20183, 8
20184, 8
20185, 8
20186, 8
20187, 8
20188, 8
20189, 8
20190, 8
20191, 8
20192, 8
20193, 8
20194, 8
20195, 8
20196, 8
20197, 8
20198, 8
20199, 8
20200, 8
20201, 8
20202, 8
20203, 8
20204, 8
20205, 8
20206, 8
20207, 8
20208, 8
20209, 8
20210, 8
20211, 8
20212, 8
20213, 8
20214, 8
20215, 8
20216, 8
20217, 8
20218, 8
20219, 8
20220, 8
20221, 8
20222, 8
20223, 8
20224, 8
20225, 8
20226, 8
20227, 8
20228, 8
20229, 8
20230, 8
20231, 8
20232, 8
20233, 8
20234, 8
20235, 8
20236, 8
20237, 8
20238, 8
20239, 8
20240, 8
20241, 8
20242, 8
20243, 8
20244, 8
20245, 8
20246, 8
20247, 8
20248, 8
20249, 8
20250, 8
20251, 8
20252, 8
20253, 8
20254, 8
20255, 8
20256, 8
20257, 8
20258, 8
20259, 8
20260, 8
20261, 8
20262, 8
20263, 8
20264, 8
20265, 8
20266, 8
20267, 8
20268, 8
20269, 8
20270, 8
20271, 8
20272, 8
20273, 8
20274, 8
20275, 8
20276, 8
20277, 8
20278, 8
20279, 8
20280, 8
20281, 8
20282, 8
20283, 8
20284, 8
20285, 8
20286, 8
20287, 8
20288, 8
20289, 8
20290, 8
20291, 8
20292, 8
20293, 8
20294, 8
20295, 8
20296, 8
20297, 8
20298, 8
20299, 8
20300, 8
20301, 8
20302, 8
20303, 8
20304, 8
20305, 8
20306, 8
20307, 8
20308, 8
20309, 8
20310, 8
20311, 8
20312, 8
20313, 8
20314, 8
20315, 8
20316, 8
20317, 8
20318, 8
20319, 8
20320, 8
20321, 8
20322, 8
20323, 8
20324, 8
20325, 8
20326, 8
20327, 8
20328, 8
20329, 8
20330, 8
20331, 8
20332, 8
20333, 8
20334, 8
20335, 8
20336, 8
20337, 8
20338, 8
20339, 8
20340, 8
20341, 8
20342, 8
20343, 8
20344, 8
20345, 8
20346, 8
20347, 8
20348, 8
20349, 8
20350, 8
20351, 8
20352, 8
20353, 8
20354, 8
20355, 8
20356, 8
20357, 8
20358, 8
20359, 8
20360, 8
20361, 8
20362, 8
20363, 8
20364, 8
20365, 8
20366, 8
20367, 8
20368, 8
20369, 8
20370, 8
20371, 8
20372, 8
20373, 8
20374, 8
20375, 8
20376, 8
20377, 8
20378, 8
20379, 8
20380, 8
20381, 8
20382, 8
20383, 8
20384, 8
20385, 8
20386, 8
20387, 9
20388, 9
20389, 9
20390, 9
20391, 9
20392, 9
20393, 9
20394, 9
20395, 9
20396, 9
20397, 9
20398, 9
20399, 9
20400, 9
20401, 9
20402, 9
20403, 9
20404, 9
20405, 9
20406, 9
20407, 9
20408, 9
20409, 9
20410, 9
20411, 9
20412, 9
20413, 9
20414, 9
20415, 9
20416, 9
20417, 9
20418, 9
20419, 9
20420, 9
20421, 9
20422, 9
20423, 9
20424, 9
20425, 9
20426, 9
20427, 9
20428, 9
20429, 9
20430, 9
20431, 9
20432, 9
20433, 9
20434, 9
20435, 9
20436, 9
20437, 9
20438, 9
20439, 9
20440, 9
20441, 9
20442, 9
20443, 9
20444, 9
20445, 9
20446, 9
20447, 9
20448, 9
20449, 8
20450, 8
20451, 8
20452, 8
20453, 8
20454, 8
20455, 8
20456, 8
20457, 8
20458, 8
20459, 8
20460, 8
20461, 8
20462, 8
20463, 8
20464, 8
20465, 8
20466, 8
20467, 8
20468, 8
20469, 8
20470, 8
20471, 8
20472, 8
20473, 8
20474, 8
20475, 8
20476, 8
20477, 8
20478, 8
20479, 8
20480, 8
20481, 8
20482, 8
20483, 8
20484, 8
20485, 8
20486, 8
20487, 8
20488, 8
20489, 8
20490, 8
20491, 8
20492, 8
20493, 8
20494, 8
20495, 8
20496, 8
20497, 8
20498, 8
20499, 8
20500, 8
20501, 8
20502, 8
20503, 8
20504, 8
20505, 8
20506, 8
20507, 8
20508, 8
20509, 8
20510, 8
20511, 8
20512, 8
20513, 8
20514, 8
20515, 8
20516, 8
20517, 8
20518, 8
20519, 8
20520, 8
20521, 8
20522, 8
20523, 8
20524, 8
20525, 8
20526, 8
20527, 8
20528, 8
20529, 8
20530, 8
20531, 8
20532, 8
20533, 8
20534, 8
20535, 8
20536, 8
20537, 8
20538, 8
20539, 8
20540, 8
20541, 8
20542, 8
20543, 8
20544, 8
20545, 8
20546, 8
20547, 8
20548, 8
20549, 8
20550, 8
20551, 8
20552, 8
20553, 8
20554, 8
20555, 8
20556, 8
20557, 8
20558, 8
20559, 8
20560, 8
20561, 8
20562, 8
20563, 8
20564, 8
20565, 8
20566, 8
20567, 8
20568, 8
20569, 8
20570, 8
20571, 8
20572, 8
20573, 8
20574, 8
20575, 8
20576, 8
20577, 8
20578, 8
20579, 8
20580, 8
20581, 8
20582, 8
20583, 8
20584, 8
20585, 8
20586, 8
20587, 8
20588, 8
20589, 8
20590, 8
20591, 8
20592, 8
20593, 8
20594, 8
20595, 8
20596, 8
20597, 8
20598, 8
20599, 8
20600, 8
20601, 8
20602, 8
20603, 8
20604, 8
20605, 8
20606, 8
20607, 8
20608, 8
20609, 8
20610, 8
20611, 8
20612, 8
20613, 8
20614, 8
20615, 8
20616, 8
20617, 8
20618, 8
20619, 8
20620, 8
20621, 8
20622, 8
20623, 8
20624, 8
20625, 8
20626, 8
20627, 8
20628, 8
20629, 8
20630, 8
20631, 8
20632, 8
20633, 8
20634, 8
20635, 8
20636, 8
20637, 8
20638, 8
20639, 8
20640, 8
20641, 8
20642, 8
20643, 8
20644, 8
20645, 8
20646, 8
20647, 8
20648, 8
20649, 8
20650, 8
20651, 8
20652, 8
20653, 8
20654, 8
20655, 8
20656, 8
20657, 8
20658, 8
20659, 8
20660, 8
20661, 8
20662, 8
20663, 8
20664, 8
20665, 8
20666, 8
20667, 8
20668, 8
20669, 8
20670, 9
20671, 9
20672, 9
20673, 9
20674, 9
20675, 9
20676, 9
20677, 9
20678, 9
20679, 9
20680, 9
20681, 9
20682, 9
20683, 9
20684, 9
20685, 9
20686, 9
20687, 9
20688, 9
20689, 9
20690, 9
20691, 9
20692, 9
20693, 9
20694, 9
20695, 9
20696, 9
20697, 9
20698, 9
20699, 9
20700, 9
20701, 9
20702, 9
20703, 9
20704, 9
20705, 9
20706, 9
20707, 9
20708, 9
20709, 9
20710, 9
20711, 9
20712, 9
20713, 9
20714, 9
20715, 9
20716, 9
20717, 9
20718, 9
20719, 9
20720, 9
20721, 9
20722, 9
20723, 9
20724, 9
20725, 9
20726, 9
20727, 9
20728, 9
20729, 9
20730, 9
20731, 9
20732, 9
20733, 9
20734, 9
20735, 9
20736, 8
20737, 8
20738, 8
20739, 8
20740, 8
20741, 8
20742, 8
20743, 8
20744, 8
20745, 8
20746, 8
20747, 8
20748, 8
20749, 8
20750, 8
20751, 8
20752, 8
20753, 8
20754, 8
20755, 8
20756, 8
20757, 8
20758, 8
20759, 8
20760, 8
20761, 8
20762, 8
20763, 8
20764, 8
20765, 8
20766, 8
20767, 8
20768, 8
20769, 8
20770, 8
20771, 8
20772, 8
20773, 8
20774, 8
20775, 8
20776, 8
20777, 8
20778, 8
20779, 8
20780, 8
20781, 8
20782, 8
20783, 8
20784, 8
20785, 8
20786, 8
20787, 8
20788, 8
20789, 8
20790, 8
20791, 8
20792, 8
20793, 8
20794, 8
20795, 8
20796, 8
20797, 8
20798, 8
20799, 8
20800, 8
20801, 8
20802, 8
20803, 8
20804, 8
20805, 8
20806, 8
20807, 8
20808, 8
20809, 8
20810, 8
20811, 8
20812, 8
20813, 8
20814, 8
20815, 8
20816, 8
20817, 8
20818, 8
20819, 8
20820, 8
20821, 8
20822, 8
20823, 8
20824, 8
20825, 8
20826, 8
20827, 8
20828, 8
20829, 8
20830, 8
20831, 8
20832, 8
20833, 8
20834, 8
20835, 8
20836, 8
20837, 8
20838, 8
20839, 8
20840, 8
20841, 8
20842, 8
20843, 8
20844, 8
20845, 8
20846, 8
20847, 8
20848, 8
20849, 8
20850, 8
20851, 8
20852, 8
20853, 8
20854, 8
20855, 8
20856, 8
20857, 8
20858, 8
20859, 8
20860, 8
20861, 8
20862, 8
20863, 8
20864, 8
20865, 8
20866, 8
20867, 8
20868, 8
20869, 8
20870, 8
20871, 8
20872, 8
20873, 8
20874, 8
20875, 8
20876, 8
20877, 8
20878, 8
20879, 8
20880, 8
20881, 8
20882, 8
20883, 8
20884, 8
20885, 8
20886, 8
20887, 8
20888, 8
20889, 8
20890, 8
20891, 8
20892, 8
20893, 8
20894, 8
20895, 8
20896, 8
20897, 8
20898, 8
20899, 8
20900, 8
20901, 8
20902, 8
20903, 8
20904, 8
20905, 8
20906, 8
20907, 8
20908, 8
20909, 8
20910, 8
20911, 8
20912, 8
20913, 8
20914, 8
20915, 8
20916, 8
20917, 8
20918, 8
20919, 8
20920, 8
20921, 8
20922, 8
20923, 8
20924, 8
20925, 8
20926, 8
20927, 8
20928, 8
20929, 8
20930, 8
20931, 8
20932, 8
20933, 8
20934, 8
20935, 8
20936, 8
20937, 8
20938, 8
20939, 8
20940, 8
20941, 8
20942, 8
20943, 8
20944, 8
20945, 8
20946, 8
20947, 8
20948, 8
20949, 8
20950, 8
20951, 8
20952, 8
20953, 8
20954, 9
20955, 9
20956, 9
20957, 9
20958, 9
20959, 9
20960, 9
20961, 9
20962, 9
20963, 9
20964, 9
20965, 9
20966, 9
20967, 9
20968, 9
20969, 9
20970, 9
20971, 9
20972, 9
20973, 9
20974, 9
20975, 9
20976, 9
20977, 9
20978, 9
20979, 9
20980, 9
20981, 9
20982, 9
20983, 9
20984, 9
20985, 9
20986, 9
20987, 9
20988, 9
20989, 9
20990, 9
20991, 9
20992, 9
20993, 9
20994, 9
20995, 9
20996, 9
20997, 9
20998, 9
20999, 9
21000, 9
21001, 9
21002, 9
21003, 9
21004, 9
21005, 9
21006, 9
21007, 9
21008, 9
21009, 9
21010, 9
21011, 9
21012, 9
21013, 9
21014, 9
21015, 9
21016, 9
21017, 9
21018, 9
21019, 9
21020, 9
21021, 9
21022, 9
21023, 9
21024, 9
21025, 8
21026, 8
21027, 8
21028, 8
21029, 8
21030, 8
21031, 8
21032, 8
21033, 8
21034, 8
21035, 8
21036, 8
21037, 8
21038, 8
21039, 8
21040, 8
21041, 8
21042, 8
21043, 8
21044, 8
21045, 8
21046, 8
21047, 8
21048, 8
21049, 8
21050, 8
21051, 8
21052, 8
21053, 8
21054, 8
21055, 8
21056, 8
21057, 8
21058, 8
21059, 8
21060, 8
21061, 8
21062, 8
21063, 8
21064, 8
21065, 8
21066, 8
21067, 8
21068, 8
21069, 8
21070, 8
21071, 8
21072, 8
21073, 8
21074, 8
21075, 8
21076, 8
21077, 8
21078, 8
21079, 8
21080, 8
21081, 8
21082, 8
21083, 8
21084, 8
21085, 8
21086, 8
21087, 8
21088, 8
21089, 8
21090, 8
21091, 8
21092, 8
21093, 8
21094, 8
21095, 8
21096, 8
21097, 8
21098, 8
21099, 8
21100, 8
21101, 8
21102, 8
21103, 8
21104, 8
21105, 8
21106, 8
21107, 8
21108, 8
21109, 8
21110, 8
21111, 8
21112, 8
21113, 8
21114, 8
21115, 8
21116, 8
21117, 8
21118, 8
21119, 8
21120, 8
21121, 8
21122, 8
21123, 8
21124, 8
21125, 8
21126, 8
21127, 8
21128, 8
21129, 8
21130, 8
21131, 8
21132, 8
21133, 8
21134, 8
21135, 8
21136, 8
21137, 8
21138, 8
21139, 8
21140, 8
21141, 8
21142, 8
21143, 8
21144, 8
21145, 8
21146, 8
21147, 8
21148, 8
21149, 8
21150, 8
21151, 8
21152, 8
21153, 8
21154, 8
21155, 8
21156, 8
21157, 8
21158, 8
21159, 8
21160, 8
21161, 8
21162, 8
21163, 8
21164, 8
21165, 8
21166, 8
21167, 8
21168, 8
21169, 8
21170, 8
21171, 8
21172, 8
21173, 8
21174, 8
21175, 8
21176, 8
21177, 8
21178, 8
21179, 8
21180, 8
21181, 8
21182, 8
21183, 8
21184, 8
21185, 8
21186, 8
21187, 8
21188, 8
21189, 8
21190, 8
21191, 8
21192, 8
21193, 8
21194, 8
21195, 8
21196, 8
21197, 8
21198, 8
21199, 8
21200, 8
21201, 8
21202, 8
21203, 8
21204, 8
21205, 8
21206, 8
21207, 8
21208, 8
21209, 8
21210, 8
21211, 8
21212, 8
21213, 8
21214, 8
21215, 8
21216, 8
21217, 8
21218, 8
21219, 8
21220, 8
21221, 8
21222, 8
21223, 8
21224, 8
21225, 8
21226, 8
21227, 8
21228, 8
21229, 8
21230, 8
21231, 8
21232, 8
21233, 8
21234, 8
21235, 8
21236, 8
21237, 8
21238, 8
21239, 8
21240, 8
21241, 9
21242, 9
21243, 9
21244, 9
21245, 9
21246, 9
21247, 9
21248, 9
21249, 9
21250, 9
21251, 9
21252, 9
21253, 9
21254, 9
21255, 9
21256, 9
21257, 9
21258, 9
21259, 9
21260, 9
21261, 9
21262, 9
21263, 9
21264, 9
21265, 9
21266, 9
21267, 9
21268, 9
21269, 9
21270, 9
21271, 9
21272, 9
21273, 9
21274, 9
21275, 9
21276, 9
21277, 9
21278, 9
21279, 9
21280, 9
21281, 9
21282, 9
21283, 9
21284, 9
21285, 9
21286, 9
21287, 9
21288, 9
21289, 9
21290, 9
21291, 9
21292, 9
21293, 9
21294, 9
21295, 9
21296, 9
21297, 9
21298, 9
21299, 9
21300, 9
21301, 9
21302, 9
21303, 9
21304, 9
21305, 9
21306, 9
21307, 9
21308, 9
21309, 9
21310, 9
21311, 9
21312, 9
21313, 9
21314, 9
21315, 9
21316, 8
21317, 8
21318, 8
21319, 8
21320, 8
21321, 8
21322, 8
21323, 8
21324, 8
21325, 8
21326, 8
21327, 8
21328, 8
21329, 8
21330, 8
21331, 8
21332, 8
21333, 8
21334, 8
21335, 8
21336, 8
21337, 8
21338, 8
21339, 8
21340, 8
21341, 8
21342, 8
21343, 8
21344, 8
21345, 8
21346, 8
21347, 8
21348, 8
21349, 8
21350, 8
21351, 8
21352, 8
21353, 8
21354, 8
21355, 8
21356, 8
21357, 8
21358, 8
21359, 8
21360, 8
21361, 8
21362, 8
21363, 8
21364, 8
21365, 8
21366, 8
21367, 8
21368, 8
21369, 8
21370, 8
21371, 8
21372, 8
21373, 8
21374, 8
21375, 8
21376, 8
21377, 8
21378, 8
21379, 8
21380, 8
21381, 8
21382, 8
21383, 8
21384, 8
21385, 8
21386, 8
21387, 8
21388, 8
21389, 8
21390, 8
21391, 8
21392, 8
21393, 8
21394, 8
21395, 8
21396, 8
21397, 8
21398, 8
21399, 8
21400, 8
21401, 8
21402, 8
21403, 8
21404, 8
21405, 8
21406, 8
21407, 8
21408, 8
21409, 8
21410, 8
21411, 8
21412, 8
21413, 8
21414, 8
21415, 8
21416, 8
21417, 8
21418, 8
21419, 8
21420, 8
21421, 8
21422, 8
21423, 8
21424, 8
21425, 8
21426, 8
21427, 8
21428, 8
21429, 8
21430, 8
21431, 8
21432, 8
21433, 8
21434, 8
21435, 8
21436, 8
21437, 8
21438, 8
21439, 8
21440, 8
21441, 8
21442, 8
21443, 8
21444, 8
21445, 8
21446, 8
21447, 8
21448, 8
21449, 8
21450, 8
21451, 8
21452, 8
21453, 8
21454, 8
21455, 8
21456, 8
21457, 8
21458, 8
21459, 8
21460, 8
21461, 8
21462, 8
21463, 8
21464, 8
21465, 8
21466, 8
21467, 8
21468, 8
21469, 8
21470, 8
21471, 8
21472, 8
21473, 8
21474, 8
21475, 8
21476, 8
21477, 8
21478, 8
21479, 8
21480, 8
21481, 8
21482, 8
21483, 8
21484, 8
21485, 8
21486, 8
21487, 8
21488, 8
21489, 8
21490, 8
21491, 8
21492, 8
21493, 8
21494, 8
21495, 8
21496, 8
21497, 8
21498, 8
21499, 8
21500, 8
21501, 8
21502, 8
21503, 8
21504, 8
21505, 8
21506, 8
21507, 8
21508, 8
21509, 8
21510, 8
21511, 8
21512, 8
21513, 8
21514, 8
21515, 8
21516, 8
21517, 8
21518, 8
21519, 8
21520, 8
21521, 8
21522, 8
21523, 8
21524, 8
21525, 8
21526, 8
21527, 8
21528, 8
21529, 9
21530, 9
21531, 9
21532, 9
21533, 9
21534, 9
21535, 9
21536, 9
21537, 9
21538, 9
21539, 9
21540, 9
21541, 9
21542, 9
21543, 9
21544, 9
21545, 9
21546, 9
21547, 9
21548, 9
21549, 9
21550, 9
21551, 9
21552, 9
21553, 9
21554, 9
21555, 9
21556, 9
21557, 9
21558, 9
21559, 9
21560, 9
21561, 9
21562, 9
21563, 9
21564, 9
21565, 9
21566, 9
21567, 9
21568, 9
21569, 9
21570, 9
21571, 9
21572, 9
21573, 9
21574, 9
21575, 9
21576, 9
21577, 9
21578, 9
21579, 9
21580, 9
21581, 9
21582, 9
21583, 9
21584, 9
21585, 9
21586, 9
21587, 9
21588, 9
21589, 9
21590, 9
21591, 9
21592, 9
21593, 9
21594, 9
21595, 9
21596, 9
21597, 9
21598, 9
21599, 9
21600, 9
21601, 9
21602, 9
21603, 9
21604, 9
21605, 9
21606, 9
21607, 9
21608, 9
21609, 8
21610, 8
21611, 8
21612, 8
21613, 8
21614, 8
21615, 8
21616, 8
21617, 8
21618, 8
21619, 8
21620, 8
21621, 8
21622, 8
21623, 8
21624, 8
21625, 8
21626, 8
21627, 8
21628, 8
21629, 8
21630, 8
21631, 8
21632, 8
21633, 8
21634, 8
21635, 8
21636, 8
21637, 8
21638, 8
21639, 8
21640, 8
21641, 8
21642, 8
21643, 8
21644, 8
21645, 8
21646, 8
21647, 8
21648, 8
21649, 8
21650, 8
21651, 8
21652, 8
21653, 8
21654, 8
21655, 8
21656, 8
21657, 8
21658, 8
21659, 8
21660, 8
21661, 8
21662, 8
21663, 8
21664, 8
21665, 8
21666, 8
21667, 8
21668, 8
21669, 8
21670, 8
21671, 8
21672, 8
21673, 8
21674, 8
21675, 8
21676, 8
21677, 8
21678, 8
21679, 8
21680, 8
21681, 8
21682, 8
21683, 8
21684, 8
21685, 8
21686, 8
21687, 8
21688, 8
21689, 8
21690, 8
21691, 8
21692, 8
21693, 8
21694, 8
21695, 8
21696, 8
21697, 8
21698, 8
21699, 8
21700, 8
21701, 8
21702, 8
21703, 8
21704, 8
21705, 8
21706, 8
21707, 8
21708, 8
21709, 8
21710, 8
21711, 8
21712, 8
21713, 8
21714, 8
21715, 8
21716, 8
21717, 8
21718, 8
21719, 8
21720, 8
21721, 8
21722, 8
21723, 8
21724, 8
21725, 8
21726, 8
21727, 8
21728, 8
21729, 8
21730, 8
21731, 8
21732, 8
21733, 8
21734, 8
21735, 8
21736, 8
21737, 8
21738, 8
21739, 8
21740, 8
21741, 8
21742, 8
21743, 8
21744, 8
21745, 8
21746, 8
21747, 8
21748, 8
21749, 8
21750, 8
21751, 8
21752, 8
21753, 8
21754, 8
21755, 8
21756, 8
21757, 8
21758, 8
21759, 8
21760, 8
21761, 8
21762, 8
21763, 8
21764, 8
21765, 8
21766, 8
21767, 8
21768, 8
21769, 8
21770, 8
21771, 8
21772, 8
21773, 8
21774, 8
21775, 8
21776, 8
21777, 8
21778, 8
21779, 8
21780, 8
21781, 8
21782, 8
21783, 8
21784, 8
21785, 8
21786, 8
21787, 8
21788, 8
21789, 8
21790, 8
21791, 8
21792, 8
21793, 8
21794, 8
21795, 8
21796, 8
21797, 8
21798, 8
21799, 8
21800, 8
21801, 8
21802, 8
21803, 8
21804, 8
21805, 8
21806, 8
21807, 8
21808, 8
21809, 8
21810, 8
21811, 8
21812, 8
21813, 8
21814, 8
21815, 8
21816, 8
21817, 8
21818, 8
21819, 9
21820, 9
21821, 9
21822, 9
21823, 9
21824, 9
21825, 9
21826, 9
21827, 9
21828, 9
21829, 9
21830, 9
21831, 9
21832, 9
21833, 9
21834, 9
21835, 9
21836, 9
21837, 9
21838, 9
21839, 9
21840, 9
21841, 9
21842, 9
21843, 9
21844, 9
21845, 9
21846, 9
21847, 9
21848, 9
21849, 9
21850, 9
21851, 9
21852, 9
21853, 9
21854, 9
21855, 9
21856, 9
21857, 9
21858, 9
21859, 9
21860, 9
21861, 9
21862, 9
21863, 9
21864, 9
21865, 9
21866, 9
21867, 9
21868, 9
21869, 9
21870, 9
21871, 9
21872, 9
21873, 9
21874, 9
21875, 9
21876, 9
21877, 9
21878, 9
21879, 9
21880, 9
21881, 9
21882, 9
21883, 9
21884, 9
21885, 9
21886, 9
21887, 9
21888, 9
21889, 9
21890, 9
21891, 9
21892, 9
21893, 9
21894, 9
21895, 9
21896, 9
21897, 9
21898, 9
21899, 9
21900, 9
21901, 9
21902, 9
21903, 9
21904, 8
21905, 8
21906, 8
21907, 8
21908, 8
21909, 8
21910, 8
21911, 8
21912, 8
21913, 8
21914, 8
21915, 8
21916, 8
21917, 8
21918, 8
21919, 8
21920, 8
21921, 8
21922, 8
21923, 8
21924, 8
21925, 8
21926, 8
21927, 8
21928, 8
21929, 8
21930, 8
21931, 8
21932, 8
21933, 8
21934, 8
21935, 8
21936, 8
21937, 8
21938, 8
21939, 8
21940, 8
21941, 8
21942, 8
21943, 8
21944, 8
21945, 8
21946, 8
21947, 8
21948, 8
21949, 8
21950, 8
21951, 8
21952, 8
21953, 8
21954, 8
21955, 8
21956, 8
21957, 8
21958, 8
21959, 8
21960, 8
21961, 8
21962, 8
21963, 8
21964, 8
21965, 8
21966, 8
21967, 8
21968, 8
21969, 8
21970, 8
21971, 8
21972, 8
21973, 8
21974, 8
21975, 8
21976, 8
21977, 8
21978, 8
21979, 8
21980, 8
21981, 8
21982, 8
21983, 8
21984, 8
21985, 8
21986, 8
21987, 8
21988, 8
21989, 8
21990, 8
21991, 8
21992, 8
21993, 8
21994, 8
21995, 8
21996, 8
21997, 8
21998, 8
21999, 8
22000, 8
22001, 8
22002, 8
22003, 8
22004, 8
22005, 8
22006, 8
22007, 8
22008, 8
22009, 8
22010, 8
22011, 8
22012, 8
22013, 8
22014, 8
22015, 8
22016, 8
22017, 8
22018, 8
22019, 8
22020, 8
22021, 8
22022, 8
22023, 8
22024, 8
22025, 8
22026, 8
22027, 8
22028, 8
22029, 8
22030, 8
22031, 8
22032, 8
22033, 8
22034, 8
22035, 8
22036, 8
22037, 8
22038, 8
22039, 8
22040, 8
22041, 8
22042, 8
22043, 8
22044, 8
22045, 8
22046, 8
22047, 8
22048, 8
22049, 8
22050, 8
22051, 8
22052, 8
22053, 8
22054, 8
22055, 8
22056, 8
22057, 8
22058, 8
22059, 8
22060, 8
22061, 8
22062, 8
22063, 8
22064, 8
22065, 8
22066, 8
22067, 8
22068, 8
22069, 8
22070, 8
22071, 8
22072, 8
22073, 8
22074, 8
22075, 8
22076, 8
22077, 8
22078, 8
22079, 8
22080, 8
22081, 8
22082, 8
22083, 8
22084, 8
22085, 8
22086, 8
22087, 8
22088, 8
22089, 8
22090, 8
22091, 8
22092, 8
22093, 8
22094, 8
22095, 8
22096, 8
22097, 8
22098, 8
22099, 8
22100, 8
22101, 8
22102, 8
22103, 8
22104, 8
22105, 8
22106, 8
22107, 8
22108, 8
22109, 8
22110, 8
22111, 9
22112, 9
22113, 9
22114, 9
22115, 9
22116, 9
22117, 9
22118, 9
22119, 9
22120, 9
22121, 9
22122, 9
22123, 9
22124, 9
22125, 9
22126, 9
22127, 9
22128, 9
22129, 9
22130, 9
22131, 9
22132, 9
22133, 9
22134, 9
22135, 9
22136, 9
22137, 9
22138, 9
22139, 9
22140, 9
22141, 9
22142, 9
22143, 9
22144, 9
22145, 9
22146, 9
22147, 9
22148, 9
22149, 9
22150, 9
22151, 9
22152, 9
22153, 9
22154, 9
22155, 9
22156, 9
22157, 9
22158, 9
22159, 9
22160, 9
22161, 9
22162, 9
22163, 9
22164, 9
22165, 9
22166, 9
22167, 9
22168, 9
22169, 9
22170, 9
22171, 9
22172, 9
22173, 9
22174, 9
22175, 9
22176, 9
22177, 9
22178, 9
22179, 9
22180, 9
22181, 9
22182, 9
22183, 9
22184, 9
22185, 9
22186, 9
22187, 9
22188, 9
22189, 9
22190, 9
22191, 9
22192, 9
22193, 9
22194, 9
22195, 9
22196, 9
22197, 9
22198, 9
22199, 9
22200, 9
22201, 8
22202, 8
22203, 8
22204, 8
22205, 8
22206, 8
22207, 8
22208, 8
22209, 8
22210, 8
22211, 8
22212, 8
22213, 8
22214, 8
22215, 8
22216, 8
22217, 8
22218, 8
22219, 8
22220, 8
22221, 8
22222, 8
22223, 8
22224, 8
22225, 8
22226, 8
22227, 8
22228, 8
22229, 8
22230, 8
22231, 8
22232, 8
22233, 8
22234, 8
22235, 8
22236, 8
22237, 8
22238, 8
22239, 8
22240, 8
22241, 8
22242, 8
22243, 8
22244, 8
22245, 8
22246, 8
22247, 8
22248, 8
22249, 8
22250, 8
22251, 8
22252, 8
22253, 8
22254, 8
22255, 8
22256, 8
22257, 8
22258, 8
22259, 8
22260, 8
22261, 8
22262, 8
22263, 8
22264, 8
22265, 8
22266, 8
22267, 8
22268, 8
22269, 8
22270, 8
22271, 8
22272, 8
22273, 8
22274, 8
22275, 8
22276, 8
22277, 8
22278, 8
22279, 8
22280, 8
22281, 8
22282, 8
22283, 8
22284, 8
22285, 8
22286, 8
22287, 8
22288, 8
22289, 8
22290, 8
22291, 8
22292, 8
22293, 8
22294, 8
22295, 8
22296, 8
22297, 8
22298, 8
22299, 8
22300, 8
22301, 8
22302, 8
22303, 8
22304, 8
22305, 8
22306, 8
22307, 8
22308, 8
22309, 8
22310, 8
22311, 8
22312, 8
22313, 8
22314, 8
22315, 8
22316, 8
22317, 8
22318, 8
22319, 8
22320, 8
22321, 8
22322, 8
22323, 8
22324, 8
22325, 8
22326, 8
22327, 8
22328, 8
22329, 8
22330, 8
22331, 8
22332, 8
22333, 8
22334, 8
22335, 8
22336, 8
22337, 8
22338, 8
22339, 8
22340, 8
22341, 8
22342, 8
22343, 8
22344, 8
22345, 8
22346, 8
22347, 8
22348, 8
22349, 8
22350, 8
22351, 8
22352, 8
22353, 8
22354, 8
22355, 8
22356, 8
22357, 8
22358, 8
22359, 8
22360, 8
22361, 8
22362, 8
22363, 8
22364, 8
22365, 8
22366, 8
22367, 8
22368, 8
22369, 8
22370, 8
22371, 8
22372, 8
22373, 8
22374, 8
22375, 8
22376, 8
22377, 8
22378, 8
22379, 8
22380, 8
22381, 8
22382, 8
22383, 8
22384, 8
22385, 8
22386, 8
22387, 8
22388, 8
22389, 8
22390, 8
22391, 8
22392, 8
22393, 8
22394, 8
22395, 8
22396, 8
22397, 8
22398, 8
22399, 8
22400, 8
22401, 8
22402, 8
22403, 8
22404, 8
22405, 9
22406, 9
22407, 9
22408, 9
22409, 9
22410, 9
22411, 9
22412, 9
22413, 9
22414, 9
22415, 9
22416, 9
22417, 9
22418, 9
22419, 9
22420, 9
22421, 9
22422, 9
22423, 9
22424, 9
22425, 9
22426, 9
22427, 9
22428, 9
22429, 9
22430, 9
22431, 9
22432, 9
22433, 9
22434, 9
22435, 9
22436, 9
22437, 9
22438, 9
22439, 9
22440, 9
22441, 9
22442, 9
22443, 9
22444, 9
22445, 9
22446, 9
22447, 9
22448, 9
22449, 9
22450, 9
22451, 9
22452, 9
22453, 9
22454, 9
22455, 9
22456, 9
22457, 9
22458, 9
22459, 9
22460, 9
22461, 9
22462, 9
22463, 9
22464, 9
22465, 9
22466, 9
22467, 9
22468, 9
22469, 9
22470, 9
22471, 9
22472, 9
22473, 9
22474, 9
22475, 9
22476, 9
22477, 9
22478, 9
22479, 9
22480, 9
22481, 9
22482, 9
22483, 9
22484, 9
22485, 9
22486, 9
22487, 9
22488, 9
22489, 9
22490, 9
22491, 9
22492, 9
22493, 9
22494, 9
22495, 9
22496, 9
22497, 9
22498, 9
22499, 9
22500, 8
22501, 8
22502, 8
22503, 8
22504, 8
22505, 8
22506, 8
22507, 8
22508, 8
22509, 8
22510, 8
22511, 8
22512, 8
22513, 8
22514, 8
22515, 8
22516, 8
22517, 8
22518, 8
22519, 8
22520, 8
22521, 8
22522, 8
22523, 8
22524, 8
22525, 8
22526, 8
22527, 8
22528, 8
22529, 8
22530, 8
22531, 8
22532, 8
22533, 8
22534, 8
22535, 8
22536, 8
22537, 8
22538, 8
22539, 8
22540, 8
22541, 8
22542, 8
22543, 8
22544, 8
22545, 8
22546, 8
22547, 8
22548, 8
22549, 8
22550, 8
22551, 8
22552, 8
22553, 8
22554, 8
22555, 8
22556, 8
22557, 8
22558, 8
22559, 8
22560, 8
22561, 8
22562, 8
22563, 8
22564, 8
22565, 8
22566, 8
22567, 8
22568, 8
22569, 8
22570, 8
22571, 8
22572, 8
22573, 8
22574, 8
22575, 8
22576, 8
22577, 8
22578, 8
22579, 8
22580, 8
22581, 8
22582, 8
22583, 8
22584, 8
22585, 8
22586, 8
22587, 8
22588, 8
22589, 8
22590, 8
22591, 8
22592, 8
22593, 8
22594, 8
22595, 8
22596, 8
22597, 8
22598, 8
22599, 8
22600, 8
22601, 8
22602, 8
22603, 8
22604, 8
22605, 8
22606, 8
22607, 8
22608, 8
22609, 8
22610, 8
22611, 8
22612, 8
22613, 8
22614, 8
22615, 8
22616, 8
22617, 8
22618, 8
22619, 8
22620, 8
22621, 8
22622, 8
22623, 8
22624, 8
22625, 8
22626, 8
22627, 8
22628, 8
22629, 8
22630, 8
22631, 8
22632, 8
22633, 8
22634, 8
22635, 8
22636, 8
22637, 8
22638, 8
22639, 8
22640, 8
22641, 8
22642, 8
22643, 8
22644, 8
22645, 8
22646, 8
22647, 8
22648, 8
22649, 8
22650, 8
22651, 8
22652, 8
22653, 8
22654, 8
22655, 8
22656, 8
22657, 8
22658, 8
22659, 8
22660, 8
22661, 8
22662, 8
22663, 8
22664, 8
22665, 8
22666, 8
22667, 8
22668, 8
22669, 8
22670, 8
22671, 8
22672, 8
22673, 8
22674, 8
22675, 8
22676, 8
22677, 8
22678, 8
22679, 8
22680, 8
22681, 8
22682, 8
22683, 8
22684, 8
22685, 8
22686, 8
22687, 8
22688, 8
22689, 8
22690, 8
22691, 8
22692, 8
22693, 8
22694, 8
22695, 8
22696, 8
22697, 8
22698, 8
22699, 8
22700, 9
22701, 9
22702, 9
22703, 9
22704, 9
22705, 9
22706, 9
22707, 9
22708, 9
22709, 9
22710, 9
22711, 9
22712, 9
22713, 9
22714, 9
22715, 9
22716, 9
22717, 9
22718, 9
22719, 9
22720, 9
22721, 9
22722, 9
22723, 9
22724, 9
22725, 9
22726, 9
22727, 9
22728, 9
22729, 9
22730, 9
22731, 9
22732, 9
22733, 9
22734, 9
22735, 9
22736, 9
22737, 9
22738, 9
22739, 9
22740, 9
22741, 9
22742, 9
22743, 9
22744, 9
22745, 9
22746, 9
22747, 9
22748, 9
22749, 9
22750, 9
22751, 9
22752, 9
22753, 9
22754, 9
22755, 9
22756, 9
22757, 9
22758, 9
22759, 9
22760, 9
22761, 9
22762, 9
22763, 9
22764, 9
22765, 9
22766, 9
22767, 9
22768, 9
22769, 9
22770, 9
22771, 9
22772, 9
22773, 9
22774, 9
22775, 9
22776, 9
22777, 9
22778, 9
22779, 9
22780, 9
22781, 9
22782, 9
22783, 9
22784, 9
22785, 9
22786, 9
22787, 9
22788, 9
22789, 9
22790, 9
22791, 9
22792, 9
22793, 9
22794, 9
22795, 9
22796, 9
22797, 9
22798, 9
22799, 9
22800, 9
22801, 8
22802, 8
22803, 8
22804, 8
22805, 8
22806, 8
22807, 8
22808, 8
22809, 8
22810, 8
22811, 8
22812, 8
22813, 8
22814, 8
22815, 8
22816, 8
22817, 8
22818, 8
22819, 8
22820, 8
22821, 8
22822, 8
22823, 8
22824, 8
22825, 8
22826, 8
22827, 8
22828, 8
22829, 8
22830, 8
22831, 8
22832, 8
22833, 8
22834, 8
22835, 8
22836, 8
22837, 8
22838, 8
22839, 8
22840, 8
22841, 8
22842, 8
22843, 8
22844, 8
22845, 8
22846, 8
22847, 8
22848, 8
22849, 8
22850, 8
22851, 8
22852, 8
22853, 8
22854, 8
22855, 8
22856, 8
22857, 8
22858, 8
22859, 8
22860, 8
22861, 8
22862, 8
22863, 8
22864, 8
22865, 8
22866, 8
22867, 8
22868, 8
22869, 8
22870, 8
22871, 8
22872, 8
22873, 8
22874, 8
22875, 8
22876, 8
22877, 8
22878, 8
22879, 8
22880, 8
22881, 8
22882, 8
22883, 8
22884, 8
22885, 8
22886, 8
22887, 8
22888, 8
22889, 8
22890, 8
22891, 8
22892, 8
22893, 8
22894, 8
22895, 8
22896, 8
22897, 8
22898, 8
22899, 8
22900, 8
22901, 8
22902, 8
22903, 8
22904, 8
22905, 8
22906, 8
22907, 8
22908, 8
22909, 8
22910, 8
22911, 8
22912, 8
22913, 8
22914, 8
22915, 8
22916, 8
22917, 8
22918, 8
22919, 8
22920, 8
22921, 8
22922, 8
22923, 8
22924, 8
22925, 8
22926, 8
22927, 8
22928, 8
22929, 8
22930, 8
22931, 8
22932, 8
22933, 8
22934, 8
22935, 8
22936, 8
22937, 8
22938, 8
22939, 8
22940, 8
22941, 8
22942, 8
22943, 8
22944, 8
22945, 8
22946, 8
22947, 8
22948, 8
22949, 8
22950, 8
22951, 8
22952, 8
22953, 8
22954, 8
22955, 8
22956, 8
22957, 8
22958, 8
22959, 8
22960, 8
22961, 8
22962, 8
22963, 8
22964, 8
22965, 8
22966, 8
22967, 8
22968, 8
22969, 8
22970, 8
22971, 8
22972, 8
22973, 8
22974, 8
22975, 8
22976, 8
22977, 8
22978, 8
22979, 8
22980, 8
22981, 8
22982, 8
22983, 8
22984, 8
22985, 8
22986, 8
22987, 8
22988, 8
22989, 8
22990, 8
22991, 8
22992, 8
22993, 8
22994, 8
22995, 8
22996, 8
22997, 9
22998, 9
22999, 9
23000, 9
23001, 9
23002, 9
23003, 9
23004, 9
23005, 9
23006, 9
23007, 9
23008, 9
23009, 9
23010, 9
23011, 9
23012, 9
23013, 9
23014, 9
23015, 9
23016, 9
23017, 9
23018, 9
23019, 9
23020, 9
23021, 9
23022, 9
23023, 9
23024, 9
23025, 9
23026, 9
23027, 9
23028, 9
23029, 9
23030, 9
23031, 9
23032, 9
23033, 9
23034, 9
23035, 9
23036, 9
23037, 9
23038, 9
23039, 9
23040, 9
23041, 9
23042, 9
23043, 9
23044, 9
23045, 9
23046, 9
23047, 9
23048, 9
23049, 9
23050, 9
23051, 9
23052, 9
23053, 9
23054, 9
23055, 9
23056, 9
23057, 9
23058, 9
23059, 9
23060, 9
23061, 9
23062, 9
23063, 9
23064, 9
23065, 9
23066, 9
23067, 9
23068, 9
23069, 9
23070, 9
23071, 9
23072, 9
23073, 9
23074, 9
23075, 9
23076, 9
23077, 9
23078, 9
23079, 9
23080, 9
23081, 9
23082, 9
23083, 9
23084, 9
23085, 9
23086, 9
23087, 9
23088, 9
23089, 9
23090, 9
23091, 9
23092, 9
23093, 9
23094, 9
23095, 9
23096, 9
23097, 9
23098, 9
23099, 9
23100, 9
23101, 9
23102, 9
23103, 9
23104, 8
23105, 8
23106, 8
23107, 8
23108, 8
23109, 8
23110, 8
23111, 8
23112, 8
23113, 8
23114, 8
23115, 8
23116, 8
23117, 8
23118, 8
23119, 8
23120, 8
23121, 8
23122, 8
23123, 8
23124, 8
23125, 8
23126, 8
23127, 8
23128, 8
23129, 8
23130, 8
23131, 8
23132, 8
23133, 8
23134, 8
23135, 8
23136, 8
23137, 8
23138, 8
23139, 8
23140, 8
23141, 8
23142, 8
23143, 8
23144, 8
23145, 8
23146, 8
23147, 8
23148, 8
23149, 8
23150, 8
23151, 8
23152, 8
23153, 8
23154, 8
23155, 8
23156, 8
23157, 8
23158, 8
23159, 8
23160, 8
23161, 8
23162, 8
23163, 8
23164, 8
23165, 8
23166, 8
23167, 8
23168, 8
23169, 8
23170, 8
23171, 8
23172, 8
23173, 8
23174, 8
23175, 8
23176, 8
23177, 8
23178, 8
23179, 8
23180, 8
23181, 8
23182, 8
23183, 8
23184, 8
23185, 8
23186, 8
23187, 8
23188, 8
23189, 8
23190, 8
23191, 8
23192, 8
23193, 8
23194, 8
23195, 8
23196, 8
23197, 8
23198, 8
23199, 8
23200, 8
23201, 8
23202, 8
23203, 8
23204, 8
23205, 8
23206, 8
23207, 8
23208, 8
23209, 8
23210, 8
23211, 8
23212, 8
23213, 8
23214, 8
23215, 8
23216, 8
23217, 8
23218, 8
23219, 8
23220, 8
23221, 8
23222, 8
23223, 8
23224, 8
23225, 8
23226, 8
23227, 8
23228, 8
23229, 8
23230, 8
23231, 8
23232, 8
23233, 8
23234, 8
23235, 8
23236, 8
23237, 8
23238, 8
23239, 8
23240, 8
23241, 8
23242, 8
23243, 8
23244, 8
23245, 8
23246, 8
23247, 8
23248, 8
23249, 8
23250, 8
23251, 8
23252, 8
23253, 8
23254, 8
23255, 8
23256, 8
23257, 8
23258, 8
23259, 8
23260, 8
23261, 8
23262, 8
23263, 8
23264, 8
23265, 8
23266, 8
23267, 8
23268, 8
23269, 8
23270, 8
23271, 8
23272, 8
23273, 8
23274, 8
23275, 8
23276, 8
23277, 8
23278, 8
23279, 8
23280, 8
23281, 8
23282, 8
23283, 8
23284, 8
23285, 8
23286, 8
23287, 8
23288, 8
23289, 8
23290, 8
23291, 8
23292, 8
23293, 8
23294, 8
23295, 8
23296, 9
23297, 9
23298, 9
23299, 9
23300, 9
23301, 9
23302, 9
23303, 9
23304, 9
23305, 9
23306, 9
23307, 9
23308, 9
23309, 9
23310, 9
23311, 9
23312, 9
23313, 9
23314, 9
23315, 9
23316, 9
23317, 9
23318, 9
23319, 9
23320, 9
23321, 9
23322, 9
23323, 9
23324, 9
23325, 9
23326, 9
23327, 9
23328, 9
23329, 9
23330, 9
23331, 9
23332, 9
23333, 9
23334, 9
23335, 9
23336, 9
23337, 9
23338, 9
23339, 9
23340, 9
23341, 9
23342, 9
23343, 9
23344, 9
23345, 9
23346, 9
23347, 9
23348, 9
23349, 9
23350, 9
23351, 9
23352, 9
23353, 9
23354, 9
23355, 9
23356, 9
23357, 9
23358, 9
23359, 9
23360, 9
23361, 9
23362, 9
23363, 9
23364, 9
23365, 9
23366, 9
23367, 9
23368, 9
23369, 9
23370, 9
23371, 9
23372, 9
23373, 9
23374, 9
23375, 9
23376, 9
23377, 9
23378, 9
23379, 9
23380, 9
23381, 9
23382, 9
23383, 9
23384, 9
23385, 9
23386, 9
23387, 9
23388, 9
23389, 9
23390, 9
23391, 9
23392, 9
23393, 9
23394, 9
23395, 9
23396, 9
23397, 9
23398, 9
23399, 9
23400, 9
23401, 9
23402, 9
23403, 9
23404, 9
23405, 9
23406, 9
23407, 9
23408, 9
23409, 8
23410, 8
23411, 8
23412, 8
23413, 8
23414, 8
23415, 8
23416, 8
23417, 8
23418, 8
23419, 8
23420, 8
23421, 8
23422, 8
23423, 8
23424, 8
23425, 8
23426, 8
23427, 8
23428, 8
23429, 8
23430, 8
23431, 8
23432, 8
23433, 8
23434, 8
23435, 8
23436, 8
23437, 8
23438, 8
23439, 8
23440, 8
23441, 8
23442, 8
23443, 8
23444, 8
23445, 8
23446, 8
23447, 8
23448, 8
23449, 8
23450, 8
23451, 8
23452, 8
23453, 8
23454, 8
23455, 8
23456, 8
23457, 8
23458, 8
23459, 8
23460, 8
23461, 8
23462, 8
23463, 8
23464, 8
23465, 8
23466, 8
23467, 8
23468, 8
23469, 8
23470, 8
23471, 8
23472, 8
23473, 8
23474, 8
23475, 8
23476, 8
23477, 8
23478, 8
23479, 8
23480, 8
23481, 8
23482, 8
23483, 8
23484, 8
23485, 8
23486, 8
23487, 8
23488, 8
23489, 8
23490, 8
23491, 8
23492, 8
23493, 8
23494, 8
23495, 8
23496, 8
23497, 8
23498, 8
23499, 8
23500, 8
23501, 8
23502, 8
23503, 8
23504, 8
23505, 8
23506, 8
23507, 8
23508, 8
23509, 8
23510, 8
23511, 8
23512, 8
23513, 8
23514, 8
23515, 8
23516, 8
23517, 8
23518, 8
23519, 8
23520, 8
23521, 8
23522, 8
23523, 8
23524, 8
23525, 8
23526, 8
23527, 8
23528, 8
23529, 8
23530, 8
23531, 8
23532, 8
23533, 8
23534, 8
23535, 8
23536, 8
23537, 8
23538, 8
23539, 8
23540, 8
23541, 8
23542, 8
23543, 8
23544, 8
23545, 8
23546, 8
23547, 8
23548, 8
23549, 8
23550, 8
23551, 8
23552, 8
23553, 8
23554, 8
23555, 8
23556, 8
23557, 8
23558, 8
23559, 8
23560, 8
23561, 8
23562, 8
23563, 8
23564, 8
23565, 8
23566, 8
23567, 8
23568, 8
23569, 8
23570, 8
23571, 8
23572, 8
23573, 8
23574, 8
23575, 8
23576, 8
23577, 8
23578, 8
23579, 8
23580, 8
23581, 8
23582, 8
23583, 8
23584, 8
23585, 8
23586, 8
23587, 8
23588, 8
23589, 8
23590, 8
23591, 8
23592, 8
23593, 8
23594, 8
23595, 8
23596, 9
23597, 9
23598, 9
23599, 9
23600, 9
23601, 9
23602, 9
23603, 9
23604, 9
23605, 9
23606, 9
23607, 9
23608, 9
23609, 9
23610, 9
23611, 9
23612, 9
23613, 9
23614, 9
23615, 9
23616, 9
23617, 9
23618, 9
23619, 9
23620, 9
23621, 9
23622, 9
23623, 9
23624, 9
23625, 9
23626, 9
23627, 9
23628, 9
23629, 9
23630, 9
23631, 9
23632, 9
23633, 9
23634, 9
23635, 9
23636, 9
23637, 9
23638, 9
23639, 9
23640, 9
23641, 9
23642, 9
23643, 9
23644, 9
23645, 9
23646, 9
23647, 9
23648, 9
23649, 9
23650, 9
23651, 9
23652, 9
23653, 9
23654, 9
23655, 9
23656, 9
23657, 9
23658, 9
23659, 9
23660, 9
23661, 9
23662, 9
23663, 9
23664, 9
23665, 9
23666, 9
23667, 9
23668, 9
23669, 9
23670, 9
23671, 9
23672, 9
23673, 9
23674, 9
23675, 9
23676, 9
23677, 9
23678, 9
23679, 9
23680, 9
23681, 9
23682, 9
23683, 9
23684, 9
23685, 9
23686, 9
23687, 9
23688, 9
23689, 9
23690, 9
23691, 9
23692, 9
23693, 9
23694, 9
23695, 9
23696, 9
23697, 9
23698, 9
23699, 9
23700, 9
23701, 9
23702, 9
23703, 9
23704, 9
23705, 9
23706, 9
23707, 9
23708, 9
23709, 9
23710, 9
23711, 9
23712, 9
23713, 9
23714, 9
23715, 9
23716, 8
23717, 8
23718, 8
23719, 8
23720, 8
23721, 8
23722, 8
23723, 8
23724, 8
23725, 8
23726, 8
23727, 8
23728, 8
23729, 8
23730, 8
23731, 8
23732, 8
23733, 8
23734, 8
23735, 8
23736, 8
23737, 8
23738, 8
23739, 8
23740, 8
23741, 8
23742, 8
23743, 8
23744, 8
23745, 8
23746, 8
23747, 8
23748, 8
23749, 8
23750, 8
23751, 8
23752, 8
23753, 8
23754, 8
23755, 8
23756, 8
23757, 8
23758, 8
23759, 8
23760, 8
23761, 8
23762, 8
23763, 8
23764, 8
23765, 8
23766, 8
23767, 8
23768, 8
23769, 8
23770, 8
23771, 8
23772, 8
23773, 8
23774, 8
23775, 8
23776, 8
23777, 8
23778, 8
23779, 8
23780, 8
23781, 8
23782, 8
23783, 8
23784, 8
23785, 8
23786, 8
23787, 8
23788, 8
23789, 8
23790, 8
23791, 8
23792, 8
23793, 8
23794, 8
23795, 8
23796, 8
23797, 8
23798, 8
23799, 8
23800, 8
23801, 8
23802, 8
23803, 8
23804, 8
23805, 8
23806, 8
23807, 8
23808, 8
23809, 8
23810, 8
23811, 8
23812, 8
23813, 8
23814, 8
23815, 8
23816, 8
23817, 8
23818, 8
23819, 8
23820, 8
23821, 8
23822, 8
23823, 8
23824, 8
23825, 8
23826, 8
23827, 8
23828, 8
23829, 8
23830, 8
23831, 8
23832, 8
23833, 8
23834, 8
23835, 8
23836, 8
23837, 8
23838, 8
23839, 8
23840, 8
23841, 8
23842, 8
23843, 8
23844, 8
23845, 8
23846, 8
23847, 8
23848, 8
23849, 8
23850, 8
23851, 8
23852, 8
23853, 8
23854, 8
23855, 8
23856, 8
23857, 8
23858, 8
23859, 8
23860, 8
23861, 8
23862, 8
23863, 8
23864, 8
23865, 8
23866, 8
23867, 8
23868, 8
23869, 8
23870, 8
23871, 8
23872, 8
23873, 8
23874, 8
23875, 8
23876, 8
23877, 8
23878, 8
23879, 8
23880, 8
23881, 8
23882, 8
23883, 8
23884, 8
23885, 8
23886, 8
23887, 8
23888, 8
23889, 8
23890, 8
23891, 8
23892, 8
23893, 8
23894, 8
23895, 8
23896, 8
23897, 8
23898, 9
23899, 9
23900, 9
23901, 9
23902, 9
23903, 9
23904, 9
23905, 9
23906, 9
23907, 9
23908, 9
23909, 9
23910, 9
23911, 9
23912, 9
23913, 9
23914, 9
23915, 9
23916, 9
23917, 9
23918, 9
23919, 9
23920, 9
23921, 9
23922, 9
23923, 9
23924, 9
23925, 9
23926, 9
23927, 9
23928, 9
23929, 9
23930, 9
23931, 9
23932, 9
23933, 9
23934, 9
23935, 9
23936, 9
23937, 9
23938, 9
23939, 9
23940, 9
23941, 9
23942, 9
23943, 9
23944, 9
23945, 9
23946, 9
23947, 9
23948, 9
23949, 9
23950, 9
23951, 9
23952, 9
23953, 9
23954, 9
23955, 9
23956, 9
23957, 9
23958, 9
23959, 9
23960, 9
23961, 9
23962, 9
23963, 9
23964, 9
23965, 9
23966, 9
23967, 9
23968, 9
23969, 9
23970, 9
23971, 9
23972, 9
23973, 9
23974, 9
23975, 9
23976, 9
23977, 9
23978, 9
23979, 9
23980, 9
23981, 9
23982, 9
23983, 9
23984, 9
23985, 9
23986, 9
23987, 9
23988, 9
23989, 9
23990, 9
23991, 9
23992, 9
23993, 9
23994, 9
23995, 9
23996, 9
23997, 9
23998, 9
23999, 9
24000, 9
24001, 9
24002, 9
24003, 9
24004, 9
24005, 9
24006, 9
24007, 9
24008, 9
24009, 9
24010, 9
24011, 9
24012, 9
24013, 9
24014, 9
24015, 9
24016, 9
24017, 9
24018, 9
24019, 9
24020, 9
24021, 9
24022, 9
24023, 9
24024, 9
24025, 8
24026, 8
24027, 8
24028, 8
24029, 8
24030, 8
24031, 8
24032, 8
24033, 8
24034, 8
24035, 8
24036, 8
24037, 8
24038, 8
24039, 8
24040, 8
24041, 8
24042, 8
24043, 8
24044, 8
24045, 8
24046, 8
24047, 8
24048, 8
24049, 8
24050, 8
24051, 8
24052, 8
24053, 8
24054, 8
24055, 8
24056, 8
24057, 8
24058, 8
24059, 8
24060, 8
24061, 8
24062, 8
24063, 8
24064, 8
24065, 8
24066, 8
24067, 8
24068, 8
24069, 8
24070, 8
24071, 8
24072, 8
24073, 8
24074, 8
24075, 8
24076, 8
24077, 8
24078, 8
24079, 8
24080, 8
24081, 8
24082, 8
24083, 8
24084, 8
24085, 8
24086, 8
24087, 8
24088, 8
24089, 8
24090, 8
24091, 8
24092, 8
24093, 8
24094, 8
24095, 8
24096, 8
24097, 8
24098, 8
24099, 8
24100, 8
24101, 8
24102, 8
24103, 8
24104, 8
24105, 8
24106, 8
24107, 8
24108, 8
24109, 8
24110, 8
24111, 8
24112, 8
24113, 8
24114, 8
24115, 8
24116, 8
24117, 8
24118, 8
24119, 8
24120, 8
24121, 8
24122, 8
24123, 8
24124, 8
24125, 8
24126, 8
24127, 8
24128, 8
24129, 8
24130, 8
24131, 8
24132, 8
24133, 8
24134, 8
24135, 8
24136, 8
24137, 8
24138, 8
24139, 8
24140, 8
24141, 8
24142, 8
24143, 8
24144, 8
24145, 8
24146, 8
24147, 8
24148, 8
24149, 8
24150, 8
24151, 8
24152, 8
24153, 8
24154, 8
24155, 8
24156, 8
24157, 8
24158, 8
24159, 8
24160, 8
24161, 8
24162, 8
24163, 8
24164, 8
24165, 8
24166, 8
24167, 8
24168, 8
24169, 8
24170, 8
24171, 8
24172, 8
24173, 8
24174, 8
24175, 8
24176, 8
24177, 8
24178, 8
24179, 8
24180, 8
24181, 8
24182, 8
24183, 8
24184, 8
24185, 8
24186, 8
24187, 8
24188, 8
24189, 8
24190, 8
24191, 8
24192, 8
24193, 8
24194, 8
24195, 8
24196, 8
24197, 8
24198, 8
24199, 8
24200, 8
24201, 8
24202, 9
24203, 9
24204, 9
24205, 9
24206, 9
24207, 9
24208, 9
24209, 9
24210, 9
24211, 9
24212, 9
24213, 9
24214, 9
24215, 9
24216, 9
24217, 9
24218, 9
24219, 9
24220, 9
24221, 9
24222, 9
24223, 9
24224, 9
24225, 9
24226, 9
24227, 9
24228, 9
24229, 9
24230, 9
24231, 9
24232, 9
24233, 9
24234, 9
24235, 9
24236, 9
24237, 9
24238, 9
24239, 9
24240, 9
24241, 9
24242, 9
24243, 9
24244, 9
24245, 9
24246, 9
24247, 9
24248, 9
24249, 9
24250, 9
24251, 9
24252, 9
24253, 9
24254, 9
24255, 9
24256, 9
24257, 9
24258, 9
24259, 9
24260, 9
24261, 9
24262, 9
24263, 9
24264, 9
24265, 9
24266, 9
24267, 9
24268, 9
24269, 9
24270, 9
24271, 9
24272, 9
24273, 9
24274, 9
24275, 9
24276, 9
24277, 9
24278, 9
24279, 9
24280, 9
24281, 9
24282, 9
24283, 9
24284, 9
24285, 9
24286, 9
24287, 9
24288, 9
24289, 9
24290, 9
24291, 9
24292, 9
24293, 9
24294, 9
24295, 9
24296, 9
24297, 9
24298, 9
24299, 9
24300, 9
24301, 9
24302, 9
24303, 9
24304, 9
24305, 9
24306, 9
24307, 9
24308, 9
24309, 9
24310, 9
24311, 9
24312, 9
24313, 9
24314, 9
24315, 9
24316, 9
24317, 9
24318, 9
24319, 9
24320, 9
24321, 9
24322, 9
24323, 9
24324, 9
24325, 9
24326, 9
24327, 9
24328, 9
24329, 9
24330, 9
24331, 9
24332, 9
24333, 9
24334, 9
24335, 9
24336, 8
24337, 8
24338, 8
24339, 8
24340, 8
24341, 8
24342, 8
24343, 8
24344, 8
24345, 8
24346, 8
24347, 8
24348, 8
24349, 8
24350, 8
24351, 8
24352, 8
24353, 8
24354, 8
24355, 8
24356, 8
24357, 8
24358, 8
24359, 8
24360, 8
24361, 8
24362, 8
24363, 8
24364, 8
24365, 8
24366, 8
24367, 8
24368, 8
24369, 8
24370, 8
24371, 8
24372, 8
24373, 8
24374, 8
24375, 8
24376, 8
24377, 8
24378, 8
24379, 8
24380, 8
24381, 8
24382, 8
24383, 8
24384, 8
24385, 8
24386, 8
24387, 8
24388, 8
24389, 8
24390, 8
24391, 8
24392, 8
24393, 8
24394, 8
24395, 8
24396, 8
24397, 8
24398, 8
24399, 8
24400, 8
24401, 8
24402, 8
24403, 8
24404, 8
24405, 8
24406, 8
24407, 8
24408, 8
24409, 8
24410, 8
24411, 8
24412, 8
24413, 8
24414, 8
24415, 8
24416, 8
24417, 8
24418, 8
24419, 8
24420, 8
24421, 8
24422, 8
24423, 8
24424, 8
24425, 8
24426, 8
24427, 8
24428, 8
24429, 8
24430, 8
24431, 8
24432, 8
24433, 8
24434, 8
24435, 8
24436, 8
24437, 8
24438, 8
24439, 8
24440, 8
24441, 8
24442, 8
24443, 8
24444, 8
24445, 8
24446, 8
24447, 8
24448, 8
24449, 8
24450, 8
24451, 8
24452, 8
24453, 8
24454, 8
24455, 8
24456, 8
24457, 8
24458, 8
24459, 8
24460, 8
24461, 8
24462, 8
24463, 8
24464, 8
24465, 8
24466, 8
24467, 8
24468, 8
24469, 8
24470, 8
24471, 8
24472, 8
24473, 8
24474, 8
24475, 8
24476, 8
24477, 8
24478, 8
24479, 8
24480, 8
24481, 8
24482, 8
24483, 8
24484, 8
24485, 8
24486, 8
24487, 8
24488, 8
24489, 8
24490, 8
24491, 8
24492, 8
24493, 8
24494, 8
24495, 8
24496, 8
24497, 8
24498, 8
24499, 8
24500, 8
24501, 8
24502, 8
24503, 8
24504, 8
24505, 8
24506, 8
24507, 8
24508, 9
24509, 9
24510, 9
24511, 9
24512, 9
24513, 9
24514, 9
24515, 9
24516, 9
24517, 9
24518, 9
24519, 9
24520, 9
24521, 9
24522, 9
24523, 9
24524, 9
24525, 9
24526, 9
24527, 9
24528, 9
24529, 9
24530, 9
24531, 9
24532, 9
24533, 9
24534, 9
24535, 9
24536, 9
24537, 9
24538, 9
24539, 9
24540, 9
24541, 9
24542, 9
24543, 9
24544, 9
24545, 9
24546, 9
24547, 9
24548, 9
24549, 9
24550, 9
24551, 9
24552, 9
24553, 9
24554, 9
24555, 9
24556, 9
24557, 9
24558, 9
24559, 9
24560, 9
24561, 9
24562, 9
24563, 9
24564, 9
24565, 9
24566, 9
24567, 9
24568, 9
24569, 9
24570, 9
24571, 9
24572, 9
24573, 9
24574, 9
24575, 9
24576, 9
24577, 9
24578, 9
24579, 9
24580, 9
24581, 9
24582, 9
24583, 9
24584, 9
24585, 9
24586, 9
24587, 9
24588, 9
24589, 9
24590, 9
24591, 9
24592, 9
24593, 9
24594, 9
24595, 9
24596, 9
24597, 9
24598, 9
24599, 9
24600, 9
24601, 9
24602, 9
24603, 9
24604, 9
24605, 9
24606, 9
24607, 9
24608, 9
24609, 9
24610, 9
24611, 9
24612, 9
24613, 9
24614, 9
24615, 9
24616, 9
24617, 9
24618, 9
24619, 9
24620, 9
24621, 9
24622, 9
24623, 9
24624, 9
24625, 9
24626, 9
24627, 9
24628, 9
24629, 9
24630, 9
24631, 9
24632, 9
24633, 9
24634, 9
24635, 9
24636, 9
24637, 9
24638, 9
24639, 9
24640, 9
24641, 9
24642, 9
24643, 9
24644, 9
24645, 9
24646, 9
24647, 9
24648, 9
24649, 8
24650, 8
24651, 8
24652, 8
24653, 8
24654, 8
24655, 8
24656, 8
24657, 8
24658, 8
24659, 8
24660, 8
24661, 8
24662, 8
24663, 8
24664, 8
24665, 8
24666, 8
24667, 8
24668, 8
24669, 8
24670, 8
24671, 8
24672, 8
24673, 8
24674, 8
24675, 8
24676, 8
24677, 8
24678, 8
24679, 8
24680, 8
24681, 8
24682, 8
24683, 8
24684, 8
24685, 8
24686, 8
24687, 8
24688, 8
24689, 8
24690, 8
24691, 8
24692, 8
24693, 8
24694, 8
24695, 8
24696, 8
24697, 8
24698, 8
24699, 8
24700, 8
24701, 8
24702, 8
24703, 8
24704, 8
24705, 8
24706, 8
24707, 8
24708, 8
24709, 8
24710, 8
24711, 8
24712, 8
24713, 8
24714, 8
24715, 8
24716, 8
24717, 8
24718, 8
24719, 8
24720, 8
24721, 8
24722, 8
24723, 8
24724, 8
24725, 8
24726, 8
24727, 8
24728, 8
24729, 8
24730, 8
24731, 8
24732, 8
24733, 8
24734, 8
24735, 8
24736, 8
24737, 8
24738, 8
24739, 8
24740, 8
24741, 8
24742, 8
24743, 8
24744, 8
24745, 8
24746, 8
24747, 8
24748, 8
24749, 8
24750, 8
24751, 8
24752, 8
24753, 8
24754, 8
24755, 8
24756, 8
24757, 8
24758, 8
24759, 8
24760, 8
24761, 8
24762, 8
24763, 8
24764, 8
24765, 8
24766, 8
24767, 8
24768, 8
24769, 8
24770, 8
24771, 8
24772, 8
24773, 8
24774, 8
24775, 8
24776, 8
24777, 8
24778, 8
24779, 8
24780, 8
24781, 8
24782, 8
24783, 8
24784, 8
24785, 8
24786, 8
24787, 8
24788, 8
24789, 8
24790, 8
24791, 8
24792, 8
24793, 8
24794, 8
24795, 8
24796, 8
24797, 8
24798, 8
24799, 8
24800, 8
24801, 8
24802, 8
24803, 8
24804, 8
24805, 8
24806, 8
24807, 8
24808, 8
24809, 8
24810, 8
24811, 8
24812, 8
24813, 8
24814, 8
24815, 9
24816, 9
24817, 9
24818, 9
24819, 9
24820, 9
24821, 9
24822, 9
24823, 9
24824, 9
24825, 9
24826, 9
24827, 9
24828, 9
24829, 9
24830, 9
24831, 9
24832, 9
24833, 9
24834, 9
24835, 9
24836, 9
24837, 9
24838, 9
24839, 9
24840, 9
24841, 9
24842, 9
24843, 9
24844, 9
24845, 9
24846, 9
24847, 9
24848, 9
24849, 9
24850, 9
24851, 9
24852, 9
24853, 9
24854, 9
24855, 9
24856, 9
24857, 9
24858, 9
24859, 9
24860, 9
24861, 9
24862, 9
24863, 9
24864, 9
24865, 9
24866, 9
24867, 9
24868, 9
24869, 9
24870, 9
24871, 9
24872, 9
24873, 9
24874, 9
24875, 9
24876, 9
24877, 9
24878, 9
24879, 9
24880, 9
24881, 9
24882, 9
24883, 9
24884, 9
24885, 9
24886, 9
24887, 9
24888, 9
24889, 9
24890, 9
24891, 9
24892, 9
24893, 9
24894, 9
24895, 9
24896, 9
24897, 9
24898, 9
24899, 9
24900, 9
24901, 9
24902, 9
24903, 9
24904, 9
24905, 9
24906, 9
24907, 9
24908, 9
24909, 9
24910, 9
24911, 9
24912, 9
24913, 9
24914, 9
24915, 9
24916, 9
24917, 9
24918, 9
24919, 9
24920, 9
24921, 9
24922, 9
24923, 9
24924, 9
24925, 9
24926, 9
24927, 9
24928, 9
24929, 9
24930, 9
24931, 9
24932, 9
24933, 9
24934, 9
24935, 9
24936, 9
24937, 9
24938, 9
24939, 9
24940, 9
24941, 9
24942, 9
24943, 9
24944, 9
24945, 9
24946, 9
24947, 9
24948, 9
24949, 9
24950, 9
24951, 9
24952, 9
24953, 9
24954, 9
24955, 9
24956, 9
24957, 9
24958, 9
24959, 9
24960, 9
24961, 9
24962, 9
24963, 9
24964, 8
24965, 8
24966, 8
24967, 8
24968, 8
24969, 8
24970, 8
24971, 8
24972, 8
24973, 8
24974, 8
24975, 8
24976, 8
24977, 8
24978, 8
24979, 8
24980, 8
24981, 8
24982, 8
24983, 8
24984, 8
24985, 8
24986, 8
24987, 8
24988, 8
24989, 8
24990, 8
24991, 8
24992, 8
24993, 8
24994, 8
24995, 8
24996, 8
24997, 8
24998, 8
24999, 8
25000, 8
25001, 8
25002, 8
25003, 8
25004, 8
25005, 8
25006, 8
25007, 8
25008, 8
25009, 8
25010, 8
25011, 8
25012, 8
25013, 8
25014, 8
25015, 8
25016, 8
25017, 8
25018, 8
25019, 8
25020, 8
25021, 8
25022, 8
25023, 8
25024, 8
25025, 8
25026, 8
25027, 8
25028, 8
25029, 8
25030, 8
25031, 8
25032, 8
25033, 8
25034, 8
25035, 8
25036, 8
25037, 8
25038, 8
25039, 8
25040, 8
25041, 8
25042, 8
25043, 8
25044, 8
25045, 8
25046, 8
25047, 8
25048, 8
25049, 8
25050, 8
25051, 8
25052, 8
25053, 8
25054, 8
25055, 8
25056, 8
25057, 8
25058, 8
25059, 8
25060, 8
25061, 8
25062, 8
25063, 8
25064, 8
25065, 8
25066, 8
25067, 8
25068, 8
25069, 8
25070, 8
25071, 8
25072, 8
25073, 8
25074, 8
25075, 8
25076, 8
25077, 8
25078, 8
25079, 8
25080, 8
25081, 8
25082, 8
25083, 8
25084, 8
25085, 8
25086, 8
25087, 8
25088, 8
25089, 8
25090, 8
25091, 8
25092, 8
25093, 8
25094, 8
25095, 8
25096, 8
25097, 8
25098, 8
25099, 8
25100, 8
25101, 8
25102, 8
25103, 8
25104, 8
25105, 8
25106, 8
25107, 8
25108, 8
25109, 8
25110, 8
25111, 8
25112, 8
25113, 8
25114, 8
25115, 8
25116, 8
25117, 8
25118, 8
25119, 8
25120, 8
25121, 8
25122, 8
25123, 8
25124, 9
25125, 9
25126, 9
25127, 9
25128, 9
25129, 9
25130, 9
25131, 9
25132, 9
25133, 9
25134, 9
25135, 9
25136, 9
25137, 9
25138, 9
25139, 9
25140, 9
25141, 9
25142, 9
25143, 9
25144, 9
25145, 9
25146, 9
25147, 9
25148, 9
25149, 9
25150, 9
25151, 9
25152, 9
25153, 9
25154, 9
25155, 9
25156, 9
25157, 9
25158, 9
25159, 9
25160, 9
25161, 9
25162, 9
25163, 9
25164, 9
25165, 9
25166, 9
25167, 9
25168, 9
25169, 9
25170, 9
25171, 9
25172, 9
25173, 9
25174, 9
25175, 9
25176, 9
25177, 9
25178, 9
25179, 9
25180, 9
25181, 9
25182, 9
25183, 9
25184, 9
25185, 9
25186, 9
25187, 9
25188, 9
25189, 9
25190, 9
25191, 9
25192, 9
25193, 9
25194, 9
25195, 9
25196, 9
25197, 9
25198, 9
25199, 9
25200, 9
25201, 9
25202, 9
25203, 9
25204, 9
25205, 9
25206, 9
25207, 9
25208, 9
25209, 9
25210, 9
25211, 9
25212, 9
25213, 9
25214, 9
25215, 9
25216, 9
25217, 9
25218, 9
25219, 9
25220, 9
25221, 9
25222, 9
25223, 9
25224, 9
25225, 9
25226, 9
25227, 9
25228, 9
25229, 9
25230, 9
25231, 9
25232, 9
25233, 9
25234, 9
25235, 9
25236, 9
25237, 9
25238, 9
25239, 9
25240, 9
25241, 9
25242, 9
25243, 9
25244, 9
25245, 9
25246, 9
25247, 9
25248, 9
25249, 9
25250, 9
25251, 9
25252, 9
25253, 9
25254, 9
25255, 9
25256, 9
25257, 9
25258, 9
25259, 9
25260, 9
25261, 9
25262, 9
25263, 9
25264, 9
25265, 9
25266, 9
25267, 9
25268, 9
25269, 9
25270, 9
25271, 9
25272, 9
25273, 9
25274, 9
25275, 9
25276, 9
25277, 9
25278, 9
25279, 9
25280, 9
25281, 8
25282, 8
25283, 8
25284, 8
25285, 8
25286, 8
25287, 8
25288, 8
25289, 8
25290, 8
25291, 8
25292, 8
25293, 8
25294, 8
25295, 8
25296, 8
25297, 8
25298, 8
25299, 8
25300, 8
25301, 8
25302, 8
25303, 8
25304, 8
25305, 8
25306, 8
25307, 8
25308, 8
25309, 8
25310, 8
25311, 8
25312, 8
25313, 8
25314, 8
25315, 8
25316, 8
25317, 8
25318, 8
25319, 8
25320, 8
25321, 8
25322, 8
25323, 8
25324, 8
25325, 8
25326, 8
25327, 8
25328, 8
25329, 8
25330, 8
25331, 8
25332, 8
25333, 8
25334, 8
25335, 8
25336, 8
25337, 8
25338, 8
25339, 8
25340, 8
25341, 8
25342, 8
25343, 8
25344, 8
25345, 8
25346, 8
25347, 8
25348, 8
25349, 8
25350, 8
25351, 8
25352, 8
25353, 8
25354, 8
25355, 8
25356, 8
25357, 8
25358, 8
25359, 8
25360, 8
25361, 8
25362, 8
25363, 8
25364, 8
25365, 8
25366, 8
25367, 8
25368, 8
25369, 8
25370, 8
25371, 8
25372, 8
25373, 8
25374, 8
25375, 8
25376, 8
25377, 8
25378, 8
25379, 8
25380, 8
25381, 8
25382, 8
25383, 8
25384, 8
25385, 8
25386, 8
25387, 8
25388, 8
25389, 8
25390, 8
25391, 8
25392, 8
25393, 8
25394, 8
25395, 8
25396, 8
25397, 8
25398, 8
25399, 8
25400, 8
25401, 8
25402, 8
25403, 8
25404, 8
25405, 8
25406, 8
25407, 8
25408, 8
25409, 8
25410, 8
25411, 8
25412, 8
25413, 8
25414, 8
25415, 8
25416, 8
25417, 8
25418, 8
25419, 8
25420, 8
25421, 8
25422, 8
25423, 8
25424, 8
25425, 8
25426, 8
25427, 8
25428, 8
25429, 8
25430, 8
25431, 8
25432, 8
25433, 8
25434, 9
25435, 9
25436, 9
25437, 9
25438, 9
25439, 9
25440, 9
25441, 9
25442, 9
25443, 9
25444, 9
25445, 9
25446, 9
25447, 9
25448, 9
25449, 9
25450, 9
25451, 9
25452, 9
25453, 9
25454, 9
25455, 9
25456, 9
25457, 9
25458, 9
25459, 9
25460, 9
25461, 9
25462, 9
25463, 9
25464, 9
25465, 9
25466, 9
25467, 9
25468, 9
25469, 9
25470, 9
25471, 9
25472, 9
25473, 9
25474, 9
25475, 9
25476, 9
25477, 9
25478, 9
25479, 9
25480, 9
25481, 9
25482, 9
25483, 9
25484, 9
25485, 9
25486, 9
25487, 9
25488, 9
25489, 9
25490, 9
25491, 9
25492, 9
25493, 9
25494, 9
25495, 9
25496, 9
25497, 9
25498, 9
25499, 9
25500, 9
25501, 9
25502, 9
25503, 9
25504, 9
25505, 9
25506, 9
25507, 9
25508, 9
25509, 9
25510, 9
25511, 9
25512, 9
25513, 9
25514, 9
25515, 9
25516, 9
25517, 9
25518, 9
25519, 9
25520, 9
25521, 9
25522, 9
25523, 9
25524, 9
25525, 9
25526, 9
25527, 9
25528, 9
25529, 9
25530, 9
25531, 9
25532, 9
25533, 9
25534, 9
25535, 9
25536, 9
25537, 9
25538, 9
25539, 9
25540, 9
25541, 9
25542, 9
25543, 9
25544, 9
25545, 9
25546, 9
25547, 9
25548, 9
25549, 9
25550, 9
25551, 9
25552, 9
25553, 9
25554, 9
25555, 9
25556, 9
25557, 9
25558, 9
25559, 9
25560, 9
25561, 9
25562, 9
25563, 9
25564, 9
25565, 9
25566, 9
25567, 9
25568, 9
25569, 9
25570, 9
25571, 9
25572, 9
25573, 9
25574, 9
25575, 9
25576, 9
25577, 9
25578, 9
25579, 9
25580, 9
25581, 9
25582, 9
25583, 9
25584, 9
25585, 9
25586, 9
25587, 9
25588, 9
25589, 9
25590, 9
25591, 9
25592, 9
25593, 9
25594, 9
25595, 9
25596, 9
25597, 9
25598, 9
25599, 9
25600, 8
25601, 8
25602, 8
25603, 8
25604, 8
25605, 8
25606, 8
25607, 8
25608, 8
25609, 8
25610, 8
25611, 8
25612, 8
25613, 8
25614, 8
25615, 8
25616, 8
25617, 8
25618, 8
25619, 8
25620, 8
25621, 8
25622, 8
25623, 8
25624, 8
25625, 8
25626, 8
25627, 8
25628, 8
25629, 8
25630, 8
25631, 8
25632, 8
25633, 8
25634, 8
25635, 8
25636, 8
25637, 8
25638, 8
25639, 8
25640, 8
25641, 8
25642, 8
25643, 8
25644, 8
25645, 8
25646, 8
25647, 8
25648, 8
25649, 8
25650, 8
25651, 8
25652, 8
25653, 8
25654, 8
25655, 8
25656, 8
25657, 8
25658, 8
25659, 8
25660, 8
25661, 8
25662, 8
25663, 8
25664, 8
25665, 8
25666, 8
25667, 8
25668, 8
25669, 8
25670, 8
25671, 8
25672, 8
25673, 8
25674, 8
25675, 8
25676, 8
25677, 8
25678, 8
25679, 8
25680, 8
25681, 8
25682, 8
25683, 8
25684, 8
25685, 8
25686, 8
25687, 8
25688, 8
25689, 8
25690, 8
25691, 8
25692, 8
25693, 8
25694, 8
25695, 8
25696, 8
25697, 8
25698, 8
25699, 8
25700, 8
25701, 8
25702, 8
25703, 8
25704, 8
25705, 8
25706, 8
25707, 8
25708, 8
25709, 8
25710, 8
25711, 8
25712, 8
25713, 8
25714, 8
25715, 8
25716, 8
25717, 8
25718, 8
25719, 8
25720, 8
25721, 8
25722, 8
25723, 8
25724, 8
25725, 8
25726, 8
25727, 8
25728, 8
25729, 8
25730, 8
25731, 8
25732, 8
25733, 8
25734, 8
25735, 8
25736, 8
25737, 8
25738, 8
25739, 8
25740, 8
25741, 8
25742, 8
25743, 8
25744, 8
25745, 8
25746, 8
25747, 9
25748, 9
25749, 9
25750, 9
25751, 9
25752, 9
25753, 9
25754, 9
25755, 9
25756, 9
25757, 9
25758, 9
25759, 9
25760, 9
25761, 9
25762, 9
25763, 9
25764, 9
25765, 9
25766, 9
25767, 9
25768, 9
25769, 9
25770, 9
25771, 9
25772, 9
25773, 9
25774, 9
25775, 9
25776, 9
25777, 9
25778, 9
25779, 9
25780, 9
25781, 9
25782, 9
25783, 9
25784, 9
25785, 9
25786, 9
25787, 9
25788, 9
25789, 9
25790, 9
25791, 9
25792, 9
25793, 9
25794, 9
25795, 9
25796, 9
25797, 9
25798, 9
25799, 9
25800, 9
25801, 9
25802, 9
25803, 9
25804, 9
25805, 9
25806, 9
25807, 9
25808, 9
25809, 9
25810, 9
25811, 9
25812, 9
25813, 9
25814, 9
25815, 9
25816, 9
25817, 9
25818, 9
25819, 9
25820, 9
25821, 9
25822, 9
25823, 9
25824, 9
25825, 9
25826, 9
25827, 9
25828, 9
25829, 9
25830, 9
25831, 9
25832, 9
25833, 9
25834, 9
25835, 9
25836, 9
25837, 9
25838, 9
25839, 9
25840, 9
25841, 9
25842, 9
25843, 9
25844, 9
25845, 9
25846, 9
25847, 9
25848, 9
25849, 9
25850, 9
25851, 9
25852, 9
25853, 9
25854, 9
25855, 9
25856, 9
25857, 9
25858, 9
25859, 9
25860, 9
25861, 9
25862, 9
25863, 9
25864, 9
25865, 9
25866, 9
25867, 9
25868, 9
25869, 9
25870, 9
25871, 9
25872, 9
25873, 9
25874, 9
25875, 9
25876, 9
25877, 9
25878, 9
25879, 9
25880, 9
25881, 9
25882, 9
25883, 9
25884, 9
25885, 9
25886, 9
25887, 9
25888, 9
25889, 9
25890, 9
25891, 9
25892, 9
25893, 9
25894, 9
25895, 9
25896, 9
25897, 9
25898, 9
25899, 9
25900, 9
25901, 9
25902, 9
25903, 9
25904, 9
25905, 9
25906, 9
25907, 9
25908, 9
25909, 9
25910, 9
25911, 9
25912, 9
25913, 9
25914, 9
25915, 9
25916, 9
25917, 9
25918, 9
25919, 9
25920, 9
25921, 8
25922, 8
25923, 8
25924, 8
25925, 8
25926, 8
25927, 8
25928, 8
25929, 8
25930, 8
25931, 8
25932, 8
25933, 8
25934, 8
25935, 8
25936, 8
25937, 8
25938, 8
25939, 8
25940, 8
25941, 8
25942, 8
25943, 8
25944, 8
25945, 8
25946, 8
25947, 8
25948, 8
25949, 8
25950, 8
25951, 8
25952, 8
25953, 8
25954, 8
25955, 8
25956, 8
25957, 8
25958, 8
25959, 8
25960, 8
25961, 8
25962, 8
25963, 8
25964, 8
25965, 8
25966, 8
25967, 8
25968, 8
25969, 8
25970, 8
25971, 8
25972, 8
25973, 8
25974, 8
25975, 8
25976, 8
25977, 8
25978, 8
25979, 8
25980, 8
25981, 8
25982, 8
25983, 8
25984, 8
25985, 8
25986, 8
25987, 8
25988, 8
25989, 8
25990, 8
25991, 8
25992, 8
25993, 8
25994, 8
25995, 8
25996, 8
25997, 8
25998, 8
25999, 8
26000, 8
26001, 8
26002, 8
26003, 8
26004, 8
26005, 8
26006, 8
26007, 8
26008, 8
26009, 8
26010, 8
26011, 8
26012, 8
26013, 8
26014, 8
26015, 8
26016, 8
26017, 8
26018, 8
26019, 8
26020, 8
26021, 8
26022, 8
26023, 8
26024, 8
26025, 8
26026, 8
26027, 8
26028, 8
26029, 8
26030, 8
26031, 8
26032, 8
26033, 8
26034, 8
26035, 8
26036, 8
26037, 8
26038, 8
26039, 8
26040, 8
26041, 8
26042, 8
26043, 8
26044, 8
26045, 8
26046, 8
26047, 8
26048, 8
26049, 8
26050, 8
26051, 8
26052, 8
26053, 8
26054, 8
26055, 8
26056, 8
26057, 8
26058, 8
26059, 8
26060, 8
26061, 9
26062, 9
26063, 9
26064, 9
26065, 9
26066, 9
26067, 9
26068, 9
26069, 9
26070, 9
26071, 9
26072, 9
26073, 9
26074, 9
26075, 9
26076, 9
26077, 9
26078, 9
26079, 9
26080, 9
26081, 9
26082, 9
26083, 9
26084, 9
26085, 9
26086, 9
26087, 9
26088, 9
26089, 9
26090, 9
26091, 9
26092, 9
26093, 9
26094, 9
26095, 9
26096, 9
26097, 9
26098, 9
26099, 9
26100, 9
26101, 9
26102, 9
26103, 9
26104, 9
26105, 9
26106, 9
26107, 9
26108, 9
26109, 9
26110, 9
26111, 9
26112, 9
26113, 9
26114, 9
26115, 9
26116, 9
26117, 9
26118, 9
26119, 9
26120, 9
26121, 9
26122, 9
26123, 9
26124, 9
26125, 9
26126, 9
26127, 9
26128, 9
26129, 9
26130, 9
26131, 9
26132, 9
26133, 9
26134, 9
26135, 9
26136, 9
26137, 9
26138, 9
26139, 9
26140, 9
26141, 9
26142, 9
26143, 9
26144, 9
26145, 9
26146, 9
26147, 9
26148, 9
26149, 9
26150, 9
26151, 9
26152, 9
26153, 9
26154, 9
26155, 9
26156, 9
26157, 9
26158, 9
26159, 9
26160, 9
26161, 9
26162, 9
26163, 9
26164, 9
26165, 9
26166, 9
26167, 9
26168, 9
26169, 9
26170, 9
26171, 9
26172, 9
26173, 9
26174, 9
26175, 9
26176, 9
26177, 9
26178, 9
26179, 9
26180, 9
26181, 9
26182, 9
26183, 9
26184, 9
26185, 9
26186, 9
26187, 9
26188, 9
26189, 9
26190, 9
26191, 9
26192, 9
26193, 9
26194, 9
26195, 9
26196, 9
26197, 9
26198, 9
26199, 9
26200, 9
26201, 9
26202, 9
26203, 9
26204, 9
26205, 9
26206, 9
26207, 9
26208, 9
26209, 9
26210, 9
26211, 9
26212, 9
26213, 9
26214, 9
26215, 9
26216, 9
26217, 9
26218, 9
26219, 9
26220, 9
26221, 9
26222, 9
26223, 9
26224, 9
26225, 9
26226, 9
26227, 9
26228, 9
26229, 9
26230, 9
26231, 9
26232, 9
26233, 9
26234, 9
26235, 9
26236, 9
26237, 9
26238, 9
26239, 9
26240, 9
26241, 9
26242, 9
26243, 9
26244, 8
26245, 8
26246, 8
26247, 8
26248, 8
26249, 8
26250, 8
26251, 8
26252, 8
26253, 8
26254, 8
26255, 8
26256, 8
26257, 8
26258, 8
26259, 8
26260, 8
26261, 8
26262, 8
26263, 8
26264, 8
26265, 8
26266, 8
26267, 8
26268, 8
26269, 8
26270, 8
26271, 8
26272, 8
26273, 8
26274, 8
26275, 8
26276, 8
26277, 8
26278, 8
26279, 8
26280, 8
26281, 8
26282, 8
26283, 8
26284, 8
26285, 8
26286, 8
26287, 8
26288, 8
26289, 8
26290, 8
26291, 8
26292, 8
26293, 8
26294, 8
26295, 8
26296, 8
26297, 8
26298, 8
26299, 8
26300, 8
26301, 8
26302, 8
26303, 8
26304, 8
26305, 8
26306, 8
26307, 8
26308, 8
26309, 8
26310, 8
26311, 8
26312, 8
26313, 8
26314, 8
26315, 8
26316, 8
26317, 8
26318, 8
26319, 8
26320, 8
26321, 8
26322, 8
26323, 8
26324, 8
26325, 8
26326, 8
26327, 8
26328, 8
26329, 8
26330, 8
26331, 8
26332, 8
26333, 8
26334, 8
26335, 8
26336, 8
26337, 8
26338, 8
26339, 8
26340, 8
26341, 8
26342, 8
26343, 8
26344, 8
26345, 8
26346, 8
26347, 8
26348, 8
26349, 8
26350, 8
26351, 8
26352, 8
26353, 8
26354, 8
26355, 8
26356, 8
26357, 8
26358, 8
26359, 8
26360, 8
26361, 8
26362, 8
26363, 8
26364, 8
26365, 8
26366, 8
26367, 8
26368, 8
26369, 8
26370, 8
26371, 8
26372, 8
26373, 8
26374, 8
26375, 8
26376, 9
26377, 9
26378, 9
26379, 9
26380, 9
26381, 9
26382, 9
26383, 9
26384, 9
26385, 9
26386, 9
26387, 9
26388, 9
26389, 9
26390, 9
26391, 9
26392, 9
26393, 9
26394, 9
26395, 9
26396, 9
26397, 9
26398, 9
26399, 9
26400, 9
26401, 9
26402, 9
26403, 9
26404, 9
26405, 9
26406, 9
26407, 9
26408, 9
26409, 9
26410, 9
26411, 9
26412, 9
26413, 9
26414, 9
26415, 9
26416, 9
26417, 9
26418, 9
26419, 9
26420, 9
26421, 9
26422, 9
26423, 9
26424, 9
26425, 9
26426, 9
26427, 9
26428, 9
26429, 9
26430, 9
26431, 9
26432, 9
26433, 9
26434, 9
26435, 9
26436, 9
26437, 9
26438, 9
26439, 9
26440, 9
26441, 9
26442, 9
26443, 9
26444, 9
26445, 9
26446, 9
26447, 9
26448, 9
26449, 9
26450, 9
26451, 9
26452, 9
26453, 9
26454, 9
26455, 9
26456, 9
26457, 9
26458, 9
26459, 9
26460, 9
26461, 9
26462, 9
26463, 9
26464, 9
26465, 9
26466, 9
26467, 9
26468, 9
26469, 9
26470, 9
26471, 9
26472, 9
26473, 9
26474, 9
26475, 9
26476, 9
26477, 9
26478, 9
26479, 9
26480, 9
26481, 9
26482, 9
26483, 9
26484, 9
26485, 9
26486, 9
26487, 9
26488, 9
26489, 9
26490, 9
26491, 9
26492, 9
26493, 9
26494, 9
26495, 9
26496, 9
26497, 9
26498, 9
26499, 9
26500, 9
26501, 9
26502, 9
26503, 9
26504, 9
26505, 9
26506, 9
26507, 9
26508, 9
26509, 9
26510, 9
26511, 9
26512, 9
26513, 9
26514, 9
26515, 9
26516, 9
26517, 9
26518, 9
26519, 9
26520, 9
26521, 9
26522, 9
26523, 9
26524, 9
26525, 9
26526, 9
26527, 9
26528, 9
26529, 9
26530, 9
26531, 9
26532, 9
26533, 9
26534, 9
26535, 9
26536, 9
26537, 9
26538, 9
26539, 9
26540, 9
26541, 9
26542, 9
26543, 9
26544, 9
26545, 9
26546, 9
26547, 9
26548, 9
26549, 9
26550, 9
26551, 9
26552, 9
26553, 9
26554, 9
26555, 9
26556, 9
26557, 9
26558, 9
26559, 9
26560, 9
26561, 9
26562, 9
26563, 9
26564, 9
26565, 9
26566, 9
26567, 9
26568, 9
26569, 8
26570, 8
26571, 8
26572, 8
26573, 8
26574, 8
26575, 8
26576, 8
26577, 8
26578, 8
26579, 8
26580, 8
26581, 8
26582, 8
26583, 8
26584, 8
26585, 8
26586, 8
26587, 8
26588, 8
26589, 8
26590, 8
26591, 8
26592, 8
26593, 8
26594, 8
26595, 8
26596, 8
26597, 8
26598, 8
26599, 8
26600, 8
26601, 8
26602, 8
26603, 8
26604, 8
26605, 8
26606, 8
26607, 8
26608, 8
26609, 8
26610, 8
26611, 8
26612, 8
26613, 8
26614, 8
26615, 8
26616, 8
26617, 8
26618, 8
26619, 8
26620, 8
26621, 8
26622, 8
26623, 8
26624, 8
26625, 8
26626, 8
26627, 8
26628, 8
26629, 8
26630, 8
26631, 8
26632, 8
26633, 8
26634, 8
26635, 8
26636, 8
26637, 8
26638, 8
26639, 8
26640, 8
26641, 8
26642, 8
26643, 8
26644, 8
26645, 8
26646, 8
26647, 8
26648, 8
26649, 8
26650, 8
26651, 8
26652, 8
26653, 8
26654, 8
26655, 8
26656, 8
26657, 8
26658, 8
26659, 8
26660, 8
26661, 8
26662, 8
26663, 8
26664, 8
26665, 8
26666, 8
26667, 8
26668, 8
26669, 8
26670, 8
26671, 8
26672, 8
26673, 8
26674, 8
26675, 8
26676, 8
26677, 8
26678, 8
26679, 8
26680, 8
26681, 8
26682, 8
26683, 8
26684, 8
26685, 8
26686, 8
26687, 8
26688, 8
26689, 8
26690, 8
26691, 8
26692, 8
26693, 9
26694, 9
26695, 9
26696, 9
26697, 9
26698, 9
26699, 9
26700, 9
26701, 9
26702, 9
26703, 9
26704, 9
26705, 9
26706, 9
26707, 9
26708, 9
26709, 9
26710, 9
26711, 9
26712, 9
26713, 9
26714, 9
26715, 9
26716, 9
26717, 9
26718, 9
26719, 9
26720, 9
26721, 9
26722, 9
26723, 9
26724, 9
26725, 9
26726, 9
26727, 9
26728, 9
26729, 9
26730, 9
26731, 9
26732, 9
26733, 9
26734, 9
26735, 9
26736, 9
26737, 9
26738, 9
26739, 9
26740, 9
26741, 9
26742, 9
26743, 9
26744, 9
26745, 9
26746, 9
26747, 9
26748, 9
26749, 9
26750, 9
26751, 9
26752, 9
26753, 9
26754, 9
26755, 9
26756, 9
26757, 9
26758, 9
26759, 9
26760, 9
26761, 9
26762, 9
26763, 9
26764, 9
26765, 9
26766, 9
26767, 9
26768, 9
26769, 9
26770, 9
26771, 9
26772, 9
26773, 9
26774, 9
26775, 9
26776, 9
26777, 9
26778, 9
26779, 9
26780, 9
26781, 9
26782, 9
26783, 9
26784, 9
26785, 9
26786, 9
26787, 9
26788, 9
26789, 9
26790, 9
26791, 9
26792, 9
26793, 9
26794, 9
26795, 9
26796, 9
26797, 9
26798, 9
26799, 9
26800, 9
26801, 9
26802, 9
26803, 9
26804, 9
26805, 9
26806, 9
26807, 9
26808, 9
26809, 9
26810, 9
26811, 9
26812, 9
26813, 9
26814, 9
26815, 9
26816, 9
26817, 9
26818, 9
26819, 9
26820, 9
26821, 9
26822, 9
26823, 9
26824, 9
26825, 9
26826, 9
26827, 9
26828, 9
26829, 9
26830, 9
26831, 9
26832, 9
26833, 9
26834, 9
26835, 9
26836, 9
26837, 9
26838, 9
26839, 9
26840, 9
26841, 9
26842, 9
26843, 9
26844, 9
26845, 9
26846, 9
26847, 9
26848, 9
26849, 9
26850, 9
26851, 9
26852, 9
26853, 9
26854, 9
26855, 9
26856, 9
26857, 9
26858, 9
26859, 9
26860, 9
26861, 9
26862, 9
26863, 9
26864, 9
26865, 9
26866, 9
26867, 9
26868, 9
26869, 9
26870, 9
26871, 9
26872, 9
26873, 9
26874, 9
26875, 9
26876, 9
26877, 9
26878, 9
26879, 9
26880, 9
26881, 9
26882, 9
26883, 9
26884, 9
26885, 9
26886, 9
26887, 9
26888, 9
26889, 9
26890, 9
26891, 9
26892, 9
26893, 9
26894, 9
26895, 9
26896, 8
26897, 8
26898, 8
26899, 8
26900, 8
26901, 8
26902, 8
26903, 8
26904, 8
26905, 8
26906, 8
26907, 8
26908, 8
26909, 8
26910, 8
26911, 8
26912, 8
26913, 8
26914, 8
26915, 8
26916, 8
26917, 8
26918, 8
26919, 8
26920, 8
26921, 8
26922, 8
26923, 8
26924, 8
26925, 8
26926, 8
26927, 8
26928, 8
26929, 8
26930, 8
26931, 8
26932, 8
26933, 8
26934, 8
26935, 8
26936, 8
26937, 8
26938, 8
26939, 8
26940, 8
26941, 8
26942, 8
26943, 8
26944, 8
26945, 8
26946, 8
26947, 8
26948, 8
26949, 8
26950, 8
26951, 8
26952, 8
26953, 8
26954, 8
26955, 8
26956, 8
26957, 8
26958, 8
26959, 8
26960, 8
26961, 8
26962, 8
26963, 8
26964, 8
26965, 8
26966, 8
26967, 8
26968, 8
26969, 8
26970, 8
26971, 8
26972, 8
26973, 8
26974, 8
26975, 8
26976, 8
26977, 8
26978, 8
26979, 8
26980, 8
26981, 8
26982, 8
26983, 8
26984, 8
26985, 8
26986, 8
26987, 8
26988, 8
26989, 8
26990, 8
26991, 8
26992, 8
26993, 8
26994, 8
26995, 8
26996, 8
26997, 8
26998, 8
26999, 8
27000, 8
27001, 8
27002, 8
27003, 8
27004, 8
27005, 8
27006, 8
27007, 8
27008, 8
27009, 8
27010, 8
27011, 8
27012, 9
27013, 9
27014, 9
27015, 9
27016, 9
27017, 9
27018, 9
27019, 9
27020, 9
27021, 9
27022, 9
27023, 9
27024, 9
27025, 9
27026, 9
27027, 9
27028, 9
27029, 9
27030, 9
27031, 9
27032, 9
27033, 9
27034, 9
27035, 9
27036, 9
27037, 9
27038, 9
27039, 9
27040, 9
27041, 9
27042, 9
27043, 9
27044, 9
27045, 9
27046, 9
27047, 9
27048, 9
27049, 9
27050, 9
27051, 9
27052, 9
27053, 9
27054, 9
27055, 9
27056, 9
27057, 9
27058, 9
27059, 9
27060, 9
27061, 9
27062, 9
27063, 9
27064, 9
27065, 9
27066, 9
27067, 9
27068, 9
27069, 9
27070, 9
27071, 9
27072, 9
27073, 9
27074, 9
27075, 9
27076, 9
27077, 9
27078, 9
27079, 9
27080, 9
27081, 9
27082, 9
27083, 9
27084, 9
27085, 9
27086, 9
27087, 9
27088, 9
27089, 9
27090, 9
27091, 9
27092, 9
27093, 9
27094, 9
27095, 9
27096, 9
27097, 9
27098, 9
27099, 9
27100, 9
27101, 9
27102, 9
27103, 9
27104, 9
27105, 9
27106, 9
27107, 9
27108, 9
27109, 9
27110, 9
27111, 9
27112, 9
27113, 9
27114, 9
27115, 9
27116, 9
27117, 9
27118, 9
27119, 9
27120, 9
27121, 9
27122, 9
27123, 9
27124, 9
27125, 9
27126, 9
27127, 9
27128, 9
27129, 9
27130, 9
27131, 9
27132, 9
27133, 9
27134, 9
27135, 9
27136, 9
27137, 9
27138, 9
27139, 9
27140, 9
27141, 9
27142, 9
27143, 9
27144, 9
27145, 9
27146, 9
27147, 9
27148, 9
27149, 9
27150, 9
27151, 9
27152, 9
27153, 9
27154, 9
27155, 9
27156, 9
27157, 9
27158, 9
27159, 9
27160, 9
27161, 9
27162, 9
27163, 9
27164, 9
27165, 9
27166, 9
27167, 9
27168, 9
27169, 9
27170, 9
27171, 9
27172, 9
27173, 9
27174, 9
27175, 9
27176, 9
27177, 9
27178, 9
27179, 9
27180, 9
27181, 9
27182, 9
27183, 9
27184, 9
27185, 9
27186, 9
27187, 9
27188, 9
27189, 9
27190, 9
27191, 9
27192, 9
27193, 9
27194, 9
27195, 9
27196, 9
27197, 9
27198, 9
27199, 9
27200, 9
27201, 9
27202, 9
27203, 9
27204, 9
27205, 9
27206, 9
27207, 9
27208, 9
27209, 9
27210, 9
27211, 9
27212, 9
27213, 9
27214, 9
27215, 9
27216, 9
27217, 9
27218, 9
27219, 9
27220, 9
27221, 9
27222, 9
27223, 9
27224, 9
27225, 8
27226, 8
27227, 8
27228, 8
27229, 8
27230, 8
27231, 8
27232, 8
27233, 8
27234, 8
27235, 8
27236, 8
27237, 8
27238, 8
27239, 8
27240, 8
27241, 8
27242, 8
27243, 8
27244, 8
27245, 8
27246, 8
27247, 8
27248, 8
27249, 8
27250, 8
27251, 8
27252, 8
27253, 8
27254, 8
27255, 8
27256, 8
27257, 8
27258, 8
27259, 8
27260, 8
27261, 8
27262, 8
27263, 8
27264, 8
27265, 8
27266, 8
27267, 8
27268, 8
27269, 8
27270, 8
27271, 8
27272, 8
27273, 8
27274, 8
27275, 8
27276, 8
27277, 8
27278, 8
27279, 8
27280, 8
27281, 8
27282, 8
27283, 8
27284, 8
27285, 8
27286, 8
27287, 8
27288, 8
27289, 8
27290, 8
27291, 8
27292, 8
27293, 8
27294, 8
27295, 8
27296, 8
27297, 8
27298, 8
27299, 8
27300, 8
27301, 8
27302, 8
27303, 8
27304, 8
27305, 8
27306, 8
27307, 8
27308, 8
27309, 8
27310, 8
27311, 8
27312, 8
27313, 8
27314, 8
27315, 8
27316, 8
27317, 8
27318, 8
27319, 8
27320, 8
27321, 8
27322, 8
27323, 8
27324, 8
27325, 8
27326, 8
27327, 8
27328, 8
27329, 8
27330, 8
27331, 8
27332, 9
27333, 9
27334, 9
27335, 9
27336, 9
27337, 9
27338, 9
27339, 9
27340, 9
27341, 9
27342, 9
27343, 9
27344, 9
27345, 9
27346, 9
27347, 9
27348, 9
27349, 9
27350, 9
27351, 9
27352, 9
27353, 9
27354, 9
27355, 9
27356, 9
27357, 9
27358, 9
27359, 9
27360, 9
27361, 9
27362, 9
27363, 9
27364, 9
27365, 9
27366, 9
27367, 9
27368, 9
27369, 9
27370, 9
27371, 9
27372, 9
27373, 9
27374, 9
27375, 9
27376, 9
27377, 9
27378, 9
27379, 9
27380, 9
27381, 9
27382, 9
27383, 9
27384, 9
27385, 9
27386, 9
27387, 9
27388, 9
27389, 9
27390, 9
27391, 9
27392, 9
27393, 9
27394, 9
27395, 9
27396, 9
27397, 9
27398, 9
27399, 9
27400, 9
27401, 9
27402, 9
27403, 9
27404, 9
27405, 9
27406, 9
27407, 9
27408, 9
27409, 9
27410, 9
27411, 9
27412, 9
27413, 9
27414, 9
27415, 9
27416, 9
27417, 9
27418, 9
27419, 9
27420, 9
27421, 9
27422, 9
27423, 9
27424, 9
27425, 9
27426, 9
27427, 9
27428, 9
27429, 9
27430, 9
27431, 9
27432, 9
27433, 9
27434, 9
27435, 9
27436, 9
27437, 9
27438, 9
27439, 9
27440, 9
27441, 9
27442, 9
27443, 9
27444, 9
27445, 9
27446, 9
27447, 9
27448, 9
27449, 9
27450, 9
27451, 9
27452, 9
27453, 9
27454, 9
27455, 9
27456, 9
27457, 9
27458, 9
27459, 9
27460, 9
27461, 9
27462, 9
27463, 9
27464, 9
27465, 9
27466, 9
27467, 9
27468, 9
27469, 9
27470, 9
27471, 9
27472, 9
27473, 9
27474, 9
27475, 9
27476, 9
27477, 9
27478, 9
27479, 9
27480, 9
27481, 9
27482, 9
27483, 9
27484, 9
27485, 9
27486, 9
27487, 9
27488, 9
27489, 9
27490, 9
27491, 9
27492, 9
27493, 9
27494, 9
27495, 9
27496, 9
27497, 9
27498, 9
27499, 9
27500, 9
27501, 9
27502, 9
27503, 9
27504, 9
27505, 9
27506, 9
27507, 9
27508, 9
27509, 9
27510, 9
27511, 9
27512, 9
27513, 9
27514, 9
27515, 9
27516, 9
27517, 9
27518, 9
27519, 9
27520, 9
27521, 9
27522, 9
27523, 9
27524, 9
27525, 9
27526, 9
27527, 9
27528, 9
27529, 9
27530, 9
27531, 9
27532, 9
27533, 9
27534, 9
27535, 9
27536, 9
27537, 9
27538, 9
27539, 9
27540, 9
27541, 9
27542, 9
27543, 9
27544, 9
27545, 9
27546, 9
27547, 9
27548, 9
27549, 9
27550, 9
27551, 9
27552, 9
27553, 9
27554, 9
27555, 9
27556, 8
27557, 8
27558, 8
27559, 8
27560, 8
27561, 8
27562, 8
27563, 8
27564, 8
27565, 8
27566, 8
27567, 8
27568, 8
27569, 8
27570, 8
27571, 8
27572, 8
27573, 8
27574, 8
27575, 8
27576, 8
27577, 8
27578, 8
27579, 8
27580, 8
27581, 8
27582, 8
27583, 8
27584, 8
27585, 8
27586, 8
27587, 8
27588, 8
27589, 8
27590, 8
27591, 8
27592, 8
27593, 8
27594, 8
27595, 8
27596, 8
27597, 8
27598, 8
27599, 8
27600, 8
27601, 8
27602, 8
27603, 8
27604, 8
27605, 8
27606, 8
27607, 8
27608, 8
27609, 8
27610, 8
27611, 8
27612, 8
27613, 8
27614, 8
27615, 8
27616, 8
27617, 8
27618, 8
27619, 8
27620, 8
27621, 8
27622, 8
27623, 8
27624, 8
27625, 8
27626, 8
27627, 8
27628, 8
27629, 8
27630, 8
27631, 8
27632, 8
27633, 8
27634, 8
27635, 8
27636, 8
27637, 8
27638, 8
27639, 8
27640, 8
27641, 8
27642, 8
27643, 8
27644, 8
27645, 8
27646, 8
27647, 8
27648, 8
27649, 8
27650, 8
27651, 8
27652, 8
27653, 8
27654, 9
27655, 9
27656, 9
27657, 9
27658, 9
27659, 9
27660, 9
27661, 9
27662, 9
27663, 9
27664, 9
27665, 9
27666, 9
27667, 9
27668, 9
27669, 9
27670, 9
27671, 9
27672, 9
27673, 9
27674, 9
27675, 9
27676, 9
27677, 9
27678, 9
27679, 9
27680, 9
27681, 9
27682, 9
27683, 9
27684, 9
27685, 9
27686, 9
27687, 9
27688, 9
27689, 9
27690, 9
27691, 9
27692, 9
27693, 9
27694, 9
27695, 9
27696, 9
27697, 9
27698, 9
27699, 9
27700, 9
27701, 9
27702, 9
27703, 9
27704, 9
27705, 9
27706, 9
27707, 9
27708, 9
27709, 9
27710, 9
27711, 9
27712, 9
27713, 9
27714, 9
27715, 9
27716, 9
27717, 9
27718, 9
27719, 9
27720, 9
27721, 9
27722, 9
27723, 9
27724, 9
27725, 9
27726, 9
27727, 9
27728, 9
27729, 9
27730, 9
27731, 9
27732, 9
27733, 9
27734, 9
27735, 9
27736, 9
27737, 9
27738, 9
27739, 9
27740, 9
27741, 9
27742, 9
27743, 9
27744, 9
27745, 9
27746, 9
27747, 9
27748, 9
27749, 9
27750, 9
27751, 9
27752, 9
27753, 9
27754, 9
27755, 9
27756, 9
27757, 9
27758, 9
27759, 9
27760, 9
27761, 9
27762, 9
27763, 9
27764, 9
27765, 9
27766, 9
27767, 9
27768, 9
27769, 9
27770, 9
27771, 9
27772, 9
27773, 9
27774, 9
27775, 9
27776, 9
27777, 9
27778, 9
27779, 9
27780, 9
27781, 9
27782, 9
27783, 9
27784, 9
27785, 9
27786, 9
27787, 9
27788, 9
27789, 9
27790, 9
27791, 9
27792, 9
27793, 9
27794, 9
27795, 9
27796, 9
27797, 9
27798, 9
27799, 9
27800, 9
27801, 9
27802, 9
27803, 9
27804, 9
27805, 9
27806, 9
27807, 9
27808, 9
27809, 9
27810, 9
27811, 9
27812, 9
27813, 9
27814, 9
27815, 9
27816, 9
27817, 9
27818, 9
27819, 9
27820, 9
27821, 9
27822, 9
27823, 9
27824, 9
27825, 9
27826, 9
27827, 9
27828, 9
27829, 9
27830, 9
27831, 9
27832, 9
27833, 9
27834, 9
27835, 9
27836, 9
27837, 9
27838, 9
27839, 9
27840, 9
27841, 9
27842, 9
27843, 9
27844, 9
27845, 9
27846, 9
27847, 9
27848, 9
27849, 9
27850, 9
27851, 9
27852, 9
27853, 9
27854, 9
27855, 9
27856, 9
27857, 9
27858, 9
27859, 9
27860, 9
27861, 9
27862, 9
27863, 9
27864, 9
27865, 9
27866, 9
27867, 9
27868, 9
27869, 9
27870, 9
27871, 9
27872, 9
27873, 9
27874, 9
27875, 9
27876, 9
27877, 9
27878, 9
27879, 9
27880, 9
27881, 9
27882, 9
27883, 9
27884, 9
27885, 9
27886, 9
27887, 9
27888, 9
27889, 8
27890, 8
27891, 8
27892, 8
27893, 8
27894, 8
27895, 8
27896, 8
27897, 8
27898, 8
27899, 8
27900, 8
27901, 8
27902, 8
27903, 8
27904, 8
27905, 8
27906, 8
27907, 8
27908, 8
27909, 8
27910, 8
27911, 8
27912, 8
27913, 8
27914, 8
27915, 8
27916, 8
27917, 8
27918, 8
27919, 8
27920, 8
27921, 8
27922, 8
27923, 8
27924, 8
27925, 8
27926, 8
27927, 8
27928, 8
27929, 8
27930, 8
27931, 8
27932, 8
27933, 8
27934, 8
27935, 8
27936, 8
27937, 8
27938, 8
27939, 8
27940, 8
27941, 8
27942, 8
27943, 8
27944, 8
27945, 8
27946, 8
27947, 8
27948, 8
27949, 8
27950, 8
27951, 8
27952, 8
27953, 8
27954, 8
27955, 8
27956, 8
27957, 8
27958, 8
27959, 8
27960, 8
27961, 8
27962, 8
27963, 8
27964, 8
27965, 8
27966, 8
27967, 8
27968, 8
27969, 8
27970, 8
27971, 8
27972, 8
27973, 8
27974, 8
27975, 8
27976, 8
27977, 8
27978, 9
27979, 9
27980, 9
27981, 9
27982, 9
27983, 9
27984, 9
27985, 9
27986, 9
27987, 9
27988, 9
27989, 9
27990, 9
27991, 9
27992, 9
27993, 9
27994, 9
27995, 9
27996, 9
27997, 9
27998, 9
27999, 9
28000, 9
28001, 9
28002, 9
28003, 9
28004, 9
28005, 9
28006, 9
28007, 9
28008, 9
28009, 9
28010, 9
28011, 9
28012, 9
28013, 9
28014, 9
28015, 9
28016, 9
28017, 9
28018, 9
28019, 9
28020, 9
28021, 9
28022, 9
28023, 9
28024, 9
28025, 9
28026, 9
28027, 9
28028, 9
28029, 9
28030, 9
28031, 9
28032, 9
28033, 9
28034, 9
28035, 9
28036, 9
28037, 9
28038, 9
28039, 9
28040, 9
28041, 9
28042, 9
28043, 9
28044, 9
28045, 9
28046, 9
28047, 9
28048, 9
28049, 9
28050, 9
28051, 9
28052, 9
28053, 9
28054, 9
28055, 9
28056, 9
28057, 9
28058, 9
28059, 9
28060, 9
28061, 9
28062, 9
28063, 9
28064, 9
28065, 9
28066, 9
28067, 9
28068, 9
28069, 9
28070, 9
28071, 9
28072, 9
28073, 9
28074, 9
28075, 9
28076, 9
28077, 9
28078, 9
28079, 9
28080, 9
28081, 9
28082, 9
28083, 9
28084, 9
28085, 9
28086, 9
28087, 9
28088, 9
28089, 9
28090, 9
28091, 9
28092, 9
28093, 9
28094, 9
28095, 9
28096, 9
28097, 9
28098, 9
28099, 9
28100, 9
28101, 9
28102, 9
28103, 9
28104, 9
28105, 9
28106, 9
28107, 9
28108, 9
28109, 9
28110, 9
28111, 9
28112, 9
28113, 9
28114, 9
28115, 9
28116, 9
28117, 9
28118, 9
28119, 9
28120, 9
28121, 9
28122, 9
28123, 9
28124, 9
28125, 9
28126, 9
28127, 9
28128, 9
28129, 9
28130, 9
28131, 9
28132, 9
28133, 9
28134, 9
28135, 9
28136, 9
28137, 9
28138, 9
28139, 9
28140, 9
28141, 9
28142, 9
28143, 9
28144, 9
28145, 9
28146, 9
28147, 9
28148, 9
28149, 9
28150, 9
28151, 9
28152, 9
28153, 9
28154, 9
28155, 9
28156, 9
28157, 9
28158, 9
28159, 9
28160, 9
28161, 9
28162, 9
28163, 9
28164, 9
28165, 9
28166, 9
28167, 9
28168, 9
28169, 9
28170, 9
28171, 9
28172, 9
28173, 9
28174, 9
28175, 9
28176, 9
28177, 9
28178, 9
28179, 9
28180, 9
28181, 9
28182, 9
28183, 9
28184, 9
28185, 9
28186, 9
28187, 9
28188, 9
28189, 9
28190, 9
28191, 9
28192, 9
28193, 9
28194, 9
28195, 9
28196, 9
28197, 9
28198, 9
28199, 9
28200, 9
28201, 9
28202, 9
28203, 9
28204, 9
28205, 9
28206, 9
28207, 9
28208, 9
28209, 9
28210, 9
28211, 9
28212, 9
28213, 9
28214, 9
28215, 9
28216, 9
28217, 9
28218, 9
28219, 9
28220, 9
28221, 9
28222, 9
28223, 9
28224, 8
28225, 8
28226, 8
28227, 8
28228, 8
28229, 8
28230, 8
28231, 8
28232, 8
28233, 8
28234, 8
28235, 8
28236, 8
28237, 8
28238, 8
28239, 8
28240, 8
28241, 8
28242, 8
28243, 8
28244, 8
28245, 8
28246, 8
28247, 8
28248, 8
28249, 8
28250, 8
28251, 8
28252, 8
28253, 8
28254, 8
28255, 8
28256, 8
28257, 8
28258, 8
28259, 8
28260, 8
28261, 8
28262, 8
28263, 8
28264, 8
28265, 8
28266, 8
28267, 8
28268, 8
28269, 8
28270, 8
28271, 8
28272, 8
28273, 8
28274, 8
28275, 8
28276, 8
28277, 8
28278, 8
28279, 8
28280, 8
28281, 8
28282, 8
28283, 8
28284, 8
28285, 8
28286, 8
28287, 8
28288, 8
28289, 8
28290, 8
28291, 8
28292, 8
28293, 8
28294, 8
28295, 8
28296, 8
28297, 8
28298, 8
28299, 8
28300, 8
28301, 8
28302, 8
28303, 9
28304, 9
28305, 9
28306, 9
28307, 9
28308, 9
28309, 9
28310, 9
28311, 9
28312, 9
28313, 9
28314, 9
28315, 9
28316, 9
28317, 9
28318, 9
28319, 9
28320, 9
28321, 9
28322, 9
28323, 9
28324, 9
28325, 9
28326, 9
28327, 9
28328, 9
28329, 9
28330, 9
28331, 9
28332, 9
28333, 9
28334, 9
28335, 9
28336, 9
28337, 9
28338, 9
28339, 9
28340, 9
28341, 9
28342, 9
28343, 9
28344, 9
28345, 9
28346, 9
28347, 9
28348, 9
28349, 9
28350, 9
28351, 9
28352, 9
28353, 9
28354, 9
28355, 9
28356, 9
28357, 9
28358, 9
28359, 9
28360, 9
28361, 9
28362, 9
28363, 9
28364, 9
28365, 9
28366, 9
28367, 9
28368, 9
28369, 9
28370, 9
28371, 9
28372, 9
28373, 9
28374, 9
28375, 9
28376, 9
28377, 9
28378, 9
28379, 9
28380, 9
28381, 9
28382, 9
28383, 9
28384, 9
28385, 9
28386, 9
28387, 9
28388, 9
28389, 9
28390, 9
28391, 9
28392, 9
28393, 9
28394, 9
28395, 9
28396, 9
28397, 9
28398, 9
28399, 9
28400, 9
28401, 9
28402, 9
28403, 9
28404, 9
28405, 9
28406, 9
28407, 9
28408, 9
28409, 9
28410, 9
28411, 9
28412, 9
28413, 9
28414, 9
28415, 9
28416, 9
28417, 9
28418, 9
28419, 9
28420, 9
28421, 9
28422, 9
28423, 9
28424, 9
28425, 9
28426, 9
28427, 9
28428, 9
28429, 9
28430, 9
28431, 9
28432, 9
28433, 9
28434, 9
28435, 9
28436, 9
28437, 9
28438, 9
28439, 9
28440, 9
28441, 9
28442, 9
28443, 9
28444, 9
28445, 9
28446, 9
28447, 9
28448, 9
28449, 9
28450, 9
28451, 9
28452, 9
28453, 9
28454, 9
28455, 9
28456, 9
28457, 9
28458, 9
28459, 9
28460, 9
28461, 9
28462, 9
28463, 9
28464, 9
28465, 9
28466, 9
28467, 9
28468, 9
28469, 9
28470, 9
28471, 9
28472, 9
28473, 9
28474, 9
28475, 9
28476, 9
28477, 9
28478, 9
28479, 9
28480, 9
28481, 9
28482, 9
28483, 9
28484, 9
28485, 9
28486, 9
28487, 9
28488, 9
28489, 9
28490, 9
28491, 9
28492, 9
28493, 9
28494, 9
28495, 9
28496, 9
28497, 9
28498, 9
28499, 9
28500, 9
28501, 9
28502, 9
28503, 9
28504, 9
28505, 9
28506, 9
28507, 9
28508, 9
28509, 9
28510, 9
28511, 9
28512, 9
28513, 9
28514, 9
28515, 9
28516, 9
28517, 9
28518, 9
28519, 9
28520, 9
28521, 9
28522, 9
28523, 9
28524, 9
28525, 9
28526, 9
28527, 9
28528, 9
28529, 9
28530, 9
28531, 9
28532, 9
28533, 9
28534, 9
28535, 9
28536, 9
28537, 9
28538, 9
28539, 9
28540, 9
28541, 9
28542, 9
28543, 9
28544, 9
28545, 9
28546, 9
28547, 9
28548, 9
28549, 9
28550, 9
28551, 9
28552, 9
28553, 9
28554, 9
28555, 9
28556, 9
28557, 9
28558, 9
28559, 9
28560, 9
28561, 8
28562, 8
28563, 8
28564, 8
28565, 8
28566, 8
28567, 8
28568, 8
28569, 8
28570, 8
28571, 8
28572, 8
28573, 8
28574, 8
28575, 8
28576, 8
28577, 8
28578, 8
28579, 8
28580, 8
28581, 8
28582, 8
28583, 8
28584, 8
28585, 8
28586, 8
28587, 8
28588, 8
28589, 8
28590, 8
28591, 8
28592, 8
28593, 8
28594, 8
28595, 8
28596, 8
28597, 8
28598, 8
28599, 8
28600, 8
28601, 8
28602, 8
28603, 8
28604, 8
28605, 8
28606, 8
28607, 8
28608, 8
28609, 8
28610, 8
28611, 8
28612, 8
28613, 8
28614, 8
28615, 8
28616, 8
28617, 8
28618, 8
28619, 8
28620, 8
28621, 8
28622, 8
28623, 8
28624, 8
28625, 8
28626, 8
28627, 8
28628, 8
28629, 8
28630, 9
28631, 9
28632, 9
28633, 9
28634, 9
28635, 9
28636, 9
28637, 9
28638, 9
28639, 9
28640, 9
28641, 9
28642, 9
28643, 9
28644, 9
28645, 9
28646, 9
28647, 9
28648, 9
28649, 9
28650, 9
28651, 9
28652, 9
28653, 9
28654, 9
28655, 9
28656, 9
28657, 9
28658, 9
28659, 9
28660, 9
28661, 9
28662, 9
28663, 9
28664, 9
28665, 9
28666, 9
28667, 9
28668, 9
28669, 9
28670, 9
28671, 9
28672, 9
28673, 9
28674, 9
28675, 9
28676, 9
28677, 9
28678, 9
28679, 9
28680, 9
28681, 9
28682, 9
28683, 9
28684, 9
28685, 9
28686, 9
28687, 9
28688, 9
28689, 9
28690, 9
28691, 9
28692, 9
28693, 9
28694, 9
28695, 9
28696, 9
28697, 9
28698, 9
28699, 9
28700, 9
28701, 9
28702, 9
28703, 9
28704, 9
28705, 9
28706, 9
28707, 9
28708, 9
28709, 9
28710, 9
28711, 9
28712, 9
28713, 9
28714, 9
28715, 9
28716, 9
28717, 9
28718, 9
28719, 9
28720, 9
28721, 9
28722, 9
28723, 9
28724, 9
28725, 9
28726, 9
28727, 9
28728, 9
28729, 9
28730, 9
28731, 9
28732, 9
28733, 9
28734, 9
28735, 9
28736, 9
28737, 9
28738, 9
28739, 9
28740, 9
28741, 9
28742, 9
28743, 9
28744, 9
28745, 9
28746, 9
28747, 9
28748, 9
28749, 9
28750, 9
28751, 9
28752, 9
28753, 9
28754, 9
28755, 9
28756, 9
28757, 9
28758, 9
28759, 9
28760, 9
28761, 9
28762, 9
28763, 9
28764, 9
28765, 9
28766, 9
28767, 9
28768, 9
28769, 9
28770, 9
28771, 9
28772, 9
28773, 9
28774, 9
28775, 9
28776, 9
28777, 9
28778, 9
28779, 9
28780, 9
28781, 9
28782, 9
28783, 9
28784, 9
28785, 9
28786, 9
28787, 9
28788, 9
28789, 9
28790, 9
28791, 9
28792, 9
28793, 9
28794, 9
28795, 9
28796, 9
28797, 9
28798, 9
28799, 9
28800, 9
28801, 9
28802, 9
28803, 9
28804, 9
28805, 9
28806, 9
28807, 9
28808, 9
28809, 9
28810, 9
28811, 9
28812, 9
28813, 9
28814, 9
28815, 9
28816, 9
28817, 9
28818, 9
28819, 9
28820, 9
28821, 9
28822, 9
28823, 9
28824, 9
28825, 9
28826, 9
28827, 9
28828, 9
28829, 9
28830, 9
28831, 9
28832, 9
28833, 9
28834, 9
28835, 9
28836, 9
28837, 9
28838, 9
28839, 9
28840, 9
28841, 9
28842, 9
28843, 9
28844, 9
28845, 9
28846, 9
28847, 9
28848, 9
28849, 9
28850, 9
28851, 9
28852, 9
28853, 9
28854, 9
28855, 9
28856, 9
28857, 9
28858, 9
28859, 9
28860, 9
28861, 9
28862, 9
28863, 9
28864, 9
28865, 9
28866, 9
28867, 9
28868, 9
28869, 9
28870, 9
28871, 9
28872, 9
28873, 9
28874, 9
28875, 9
28876, 9
28877, 9
28878, 9
28879, 9
28880, 9
28881, 9
28882, 9
28883, 9
28884, 9
28885, 9
28886, 9
28887, 9
28888, 9
28889, 9
28890, 9
28891, 9
28892, 9
28893, 9
28894, 9
28895, 9
28896, 9
28897, 9
28898, 9
28899, 9
28900, 8
28901, 8
28902, 8
28903, 8
28904, 8
28905, 8
28906, 8
28907, 8
28908, 8
28909, 8
28910, 8
28911, 8
28912, 8
28913, 8
28914, 8
28915, 8
28916, 8
28917, 8
28918, 8
28919, 8
28920, 8
28921, 8
28922, 8
28923, 8
28924, 8
28925, 8
28926, 8
28927, 8
28928, 8
28929, 8
28930, 8
28931, 8
28932, 8
28933, 8
28934, 8
28935, 8
28936, 8
28937, 8
28938, 8
28939, 8
28940, 8
28941, 8
28942, 8
28943, 8
28944, 8
28945, 8
28946, 8
28947, 8
28948, 8
28949, 8
28950, 8
28951, 8
28952, 8
28953, 8
28954, 8
28955, 8
28956, 8
28957, 8
28958, 9
28959, 9
28960, 9
28961, 9
28962, 9
28963, 9
28964, 9
28965, 9
28966, 9
28967, 9
28968, 9
28969, 9
28970, 9
28971, 9
28972, 9
28973, 9
28974, 9
28975, 9
28976, 9
28977, 9
28978, 9
28979, 9
28980, 9
28981, 9
28982, 9
28983, 9
28984, 9
28985, 9
28986, 9
28987, 9
28988, 9
28989, 9
28990, 9
28991, 9
28992, 9
28993, 9
28994, 9
28995, 9
28996, 9
28997, 9
28998, 9
28999, 9
29000, 9
29001, 9
29002, 9
29003, 9
29004, 9
29005, 9
29006, 9
29007, 9
29008, 9
29009, 9
29010, 9
29011, 9
29012, 9
29013, 9
29014, 9
29015, 9
29016, 9
29017, 9
29018, 9
29019, 9
29020, 9
29021, 9
29022, 9
29023, 9
29024, 9
29025, 9
29026, 9
29027, 9
29028, 9
29029, 9
29030, 9
29031, 9
29032, 9
29033, 9
29034, 9
29035, 9
29036, 9
29037, 9
29038, 9
29039, 9
29040, 9
29041, 9
29042, 9
29043, 9
29044, 9
29045, 9
29046, 9
29047, 9
29048, 9
29049, 9
29050, 9
29051, 9
29052, 9
29053, 9
29054, 9
29055, 9
29056, 9
29057, 9
29058, 9
29059, 9
29060, 9
29061, 9
29062, 9
29063, 9
29064, 9
29065, 9
29066, 9
29067, 9
29068, 9
29069, 9
29070, 9
29071, 9
29072, 9
29073, 9
29074, 9
29075, 9
29076, 9
29077, 9
29078, 9
29079, 9
29080, 9
29081, 9
29082, 9
29083, 9
29084, 9
29085, 9
29086, 9
29087, 9
29088, 9
29089, 9
29090, 9
29091, 9
29092, 9
29093, 9
29094, 9
29095, 9
29096, 9
29097, 9
29098, 9
29099, 9
29100, 9
29101, 9
29102, 9
29103, 9
29104, 9
29105, 9
29106, 9
29107, 9
29108, 9
29109, 9
29110, 9
29111, 9
29112, 9
29113, 9
29114, 9
29115, 9
29116, 9
29117, 9
29118, 9
29119, 9
29120, 9
29121, 9
29122, 9
29123, 9
29124, 9
29125, 9
29126, 9
29127, 9
29128, 9
29129, 9
29130, 9
29131, 9
29132, 9
29133, 9
29134, 9
29135, 9
29136, 9
29137, 9
29138, 9
29139, 9
29140, 9
29141, 9
29142, 9
29143, 9
29144, 9
29145, 9
29146, 9
29147, 9
29148, 9
29149, 9
29150, 9
29151, 9
29152, 9
29153, 9
29154, 9
29155, 9
29156, 9
29157, 9
29158, 9
29159, 9
29160, 9
29161, 9
29162, 9
29163, 9
29164, 9
29165, 9
29166, 9
29167, 9
29168, 9
29169, 9
29170, 9
29171, 9
29172, 9
29173, 9
29174, 9
29175, 9
29176, 9
29177, 9
29178, 9
29179, 9
29180, 9
29181, 9
29182, 9
29183, 9
29184, 9
29185, 9
29186, 9
29187, 9
29188, 9
29189, 9
29190, 9
29191, 9
29192, 9
29193, 9
29194, 9
29195, 9
29196, 9
29197, 9
29198, 9
29199, 9
29200, 9
29201, 9
29202, 9
29203, 9
29204, 9
29205, 9
29206, 9
29207, 9
29208, 9
29209, 9
29210, 9
29211, 9
29212, 9
29213, 9
29214, 9
29215, 9
29216, 9
29217, 9
29218, 9
29219, 9
29220, 9
29221, 9
29222, 9
29223, 9
29224, 9
29225, 9
29226, 9
29227, 9
29228, 9
29229, 9
29230, 9
29231, 9
29232, 9
29233, 9
29234, 9
29235, 9
29236, 9
29237, 9
29238, 9
29239, 9
29240, 9
29241, 8
29242, 8
29243, 8
29244, 8
29245, 8
29246, 8
29247, 8
29248, 8
29249, 8
29250, 8
29251, 8
29252, 8
29253, 8
29254, 8
29255, 8
29256, 8
29257, 8
29258, 8
29259, 8
29260, 8
29261, 8
29262, 8
29263, 8
29264, 8
29265, 8
29266, 8
29267, 8
29268, 8
29269, 8
29270, 8
29271, 8
29272, 8
29273, 8
29274, 8
29275, 8
29276, 8
29277, 8
29278, 8
29279, 8
29280, 8
29281, 8
29282, 8
29283, 8
29284, 8
29285, 8
29286, 8
29287, 8
29288, 9
29289, 9
29290, 9
29291, 9
29292, 9
29293, 9
29294, 9
29295, 9
29296, 9
29297, 9
29298, 9
29299, 9
29300, 9
29301, 9
29302, 9
29303, 9
29304, 9
29305, 9
29306, 9
29307, 9
29308, 9
29309, 9
29310, 9
29311, 9
29312, 9
29313, 9
29314, 9
29315, 9
29316, 9
29317, 9
29318, 9
29319, 9
29320, 9
29321, 9
29322, 9
29323, 9
29324, 9
29325, 9
29326, 9
29327, 9
29328, 9
29329, 9
29330, 9
29331, 9
29332, 9
29333, 9
29334, 9
29335, 9
29336, 9
29337, 9
29338, 9
29339, 9
29340, 9
29341, 9
29342, 9
29343, 9
29344, 9
29345, 9
29346, 9
29347, 9
29348, 9
29349, 9
29350, 9
29351, 9
29352, 9
29353, 9
29354, 9
29355, 9
29356, 9
29357, 9
29358, 9
29359, 9
29360, 9
29361, 9
29362, 9
29363, 9
29364, 9
29365, 9
29366, 9
29367, 9
29368, 9
29369, 9
29370, 9
29371, 9
29372, 9
29373, 9
29374, 9
29375, 9
29376, 9
29377, 9
29378, 9
29379, 9
29380, 9
29381, 9
29382, 9
29383, 9
29384, 9
29385, 9
29386, 9
29387, 9
29388, 9
29389, 9
29390, 9
29391, 9
29392, 9
29393, 9
29394, 9
29395, 9
29396, 9
29397, 9
29398, 9
29399, 9
29400, 9
29401, 9
29402, 9
29403, 9
29404, 9
29405, 9
29406, 9
29407, 9
29408, 9
29409, 9
29410, 9
29411, 9
29412, 9
29413, 9
29414, 9
29415, 9
29416, 9
29417, 9
29418, 9
29419, 9
29420, 9
29421, 9
29422, 9
29423, 9
29424, 9
29425, 9
29426, 9
29427, 9
29428, 9
29429, 9
29430, 9
29431, 9
29432, 9
29433, 9
29434, 9
29435, 9
29436, 9
29437, 9
29438, 9
29439, 9
29440, 9
29441, 9
29442, 9
29443, 9
29444, 9
29445, 9
29446, 9
29447, 9
29448, 9
29449, 9
29450, 9
29451, 9
29452, 9
29453, 9
29454, 9
29455, 9
29456, 9
29457, 9
29458, 9
29459, 9
29460, 9
29461, 9
29462, 9
29463, 9
29464, 9
29465, 9
29466, 9
29467, 9
29468, 9
29469, 9
29470, 9
29471, 9
29472, 9
29473, 9
29474, 9
29475, 9
29476, 9
29477, 9
29478, 9
29479, 9
29480, 9
29481, 9
29482, 9
29483, 9
29484, 9
29485, 9
29486, 9
29487, 9
29488, 9
29489, 9
29490, 9
29491, 9
29492, 9
29493, 9
29494, 9
29495, 9
29496, 9
29497, 9
29498, 9
29499, 9
29500, 9
29501, 9
29502, 9
29503, 9
29504, 9
29505, 9
29506, 9
29507, 9
29508, 9
29509, 9
29510, 9
29511, 9
29512, 9
29513, 9
29514, 9
29515, 9
29516, 9
29517, 9
29518, 9
29519, 9
29520, 9
29521, 9
29522, 9
29523, 9
29524, 9
29525, 9
29526, 9
29527, 9
29528, 9
29529, 9
29530, 9
29531, 9
29532, 9
29533, 9
29534, 9
29535, 9
29536, 9
29537, 9
29538, 9
29539, 9
29540, 9
29541, 9
29542, 9
29543, 9
29544, 9
29545, 9
29546, 9
29547, 9
29548, 9
29549, 9
29550, 9
29551, 9
29552, 9
29553, 9
29554, 9
29555, 9
29556, 9
29557, 9
29558, 9
29559, 9
29560, 9
29561, 9
29562, 9
29563, 9
29564, 9
29565, 9
29566, 9
29567, 9
29568, 9
29569, 9
29570, 9
29571, 9
29572, 9
29573, 9
29574, 9
29575, 9
29576, 9
29577, 9
29578, 9
29579, 9
29580, 9
29581, 9
29582, 9
29583, 9
29584, 8
29585, 8
29586, 8
29587, 8
29588, 8
29589, 8
29590, 8
29591, 8
29592, 8
29593, 8
29594, 8
29595, 8
29596, 8
29597, 8
29598, 8
29599, 8
29600, 8
29601, 8
29602, 8
29603, 8
29604, 8
29605, 8
29606, 8
29607, 8
29608, 8
29609, 8
29610, 8
29611, 8
29612, 8
29613, 8
29614, 8
29615, 8
29616, 8
29617, 8
29618, 8
29619, 9
29620, 9
29621, 9
29622, 9
29623, 9
29624, 9
29625, 9
29626, 9
29627, 9
29628, 9
29629, 9
29630, 9
29631, 9
29632, 9
29633, 9
29634, 9
29635, 9
29636, 9
29637, 9
29638, 9
29639, 9
29640, 9
29641, 9
29642, 9
29643, 9
29644, 9
29645, 9
29646, 9
29647, 9
29648, 9
29649, 9
29650, 9
29651, 9
29652, 9
29653, 9
29654, 9
29655, 9
29656, 9
29657, 9
29658, 9
29659, 9
29660, 9
29661, 9
29662, 9
29663, 9
29664, 9
29665, 9
29666, 9
29667, 9
29668, 9
29669, 9
29670, 9
29671, 9
29672, 9
29673, 9
29674, 9
29675, 9
29676, 9
29677, 9
29678, 9
29679, 9
29680, 9
29681, 9
29682, 9
29683, 9
29684, 9
29685, 9
29686, 9
29687, 9
29688, 9
29689, 9
29690, 9
29691, 9
29692, 9
29693, 9
29694, 9
29695, 9
29696, 9
29697, 9
29698, 9
29699, 9
29700, 9
29701, 9
29702, 9
29703, 9
29704, 9
29705, 9
29706, 9
29707, 9
29708, 9
29709, 9
29710, 9
29711, 9
29712, 9
29713, 9
29714, 9
29715, 9
29716, 9
29717, 9
29718, 9
29719, 9
29720, 9
29721, 9
29722, 9
29723, 9
29724, 9
29725, 9
29726, 9
29727, 9
29728, 9
29729, 9
29730, 9
29731, 9
29732, 9
29733, 9
29734, 9
29735, 9
29736, 9
29737, 9
29738, 9
29739, 9
29740, 9
29741, 9
29742, 9
29743, 9
29744, 9
29745, 9
29746, 9
29747, 9
29748, 9
29749, 9
29750, 9
29751, 9
29752, 9
29753, 9
29754, 9
29755, 9
29756, 9
29757, 9
29758, 9
29759, 9
29760, 9
29761, 9
29762, 9
29763, 9
29764, 9
29765, 9
29766, 9
29767, 9
29768, 9
29769, 9
29770, 9
29771, 9
29772, 9
29773, 9
29774, 9
29775, 9
29776, 9
29777, 9
29778, 9
29779, 9
29780, 9
29781, 9
29782, 9
29783, 9
29784, 9
29785, 9
29786, 9
29787, 9
29788, 9
29789, 9
29790, 9
29791, 9
29792, 9
29793, 9
29794, 9
29795, 9
29796, 9
29797, 9
29798, 9
29799, 9
29800, 9
29801, 9
29802, 9
29803, 9
29804, 9
29805, 9
29806, 9
29807, 9
29808, 9
29809, 9
29810, 9
29811, 9
29812, 9
29813, 9
29814, 9
29815, 9
29816, 9
29817, 9
29818, 9
29819, 9
29820, 9
29821, 9
29822, 9
29823, 9
29824, 9
29825, 9
29826, 9
29827, 9
29828, 9
29829, 9
29830, 9
29831, 9
29832, 9
29833, 9
29834, 9
29835, 9
29836, 9
29837, 9
29838, 9
29839, 9
29840, 9
29841, 9
29842, 9
29843, 9
29844, 9
29845, 9
29846, 9
29847, 9
29848, 9
29849, 9
29850, 9
29851, 9
29852, 9
29853, 9
29854, 9
29855, 9
29856, 9
29857, 9
29858, 9
29859, 9
29860, 9
29861, 9
29862, 9
29863, 9
29864, 9
29865, 9
29866, 9
29867, 9
29868, 9
29869, 9
29870, 9
29871, 9
29872, 9
29873, 9
29874, 9
29875, 9
29876, 9
29877, 9
29878, 9
29879, 9
29880, 9
29881, 9
29882, 9
29883, 9
29884, 9
29885, 9
29886, 9
29887, 9
29888, 9
29889, 9
29890, 9
29891, 9
29892, 9
29893, 9
29894, 9
29895, 9
29896, 9
29897, 9
29898, 9
29899, 9
29900, 9
29901, 9
29902, 9
29903, 9
29904, 9
29905, 9
29906, 9
29907, 9
29908, 9
29909, 9
29910, 9
29911, 9
29912, 9
29913, 9
29914, 9
29915, 9
29916, 9
29917, 9
29918, 9
29919, 9
29920, 9
29921, 9
29922, 9
29923, 9
29924, 9
29925, 9
29926, 9
29927, 9
29928, 9
29929, 8
29930, 8
29931, 8
29932, 8
29933, 8
29934, 8
29935, 8
29936, 8
29937, 8
29938, 8
29939, 8
29940, 8
29941, 8
29942, 8
29943, 8
29944, 8
29945, 8
29946, 8
29947, 8
29948, 8
29949, 8
29950, 8
29951, 8
29952, 9
29953, 9
29954, 9
29955, 9
29956, 9
29957, 9
29958, 9
29959, 9
29960, 9
29961, 9
29962, 9
29963, 9
29964, 9
29965, 9
29966, 9
29967, 9
29968, 9
29969, 9
29970, 9
29971, 9
29972, 9
29973, 9
29974, 9
29975, 9
29976, 9
29977, 9
29978, 9
29979, 9
29980, 9
29981, 9
29982, 9
29983, 9
29984, 9
29985, 9
29986, 9
29987, 9
29988, 9
29989, 9
29990, 9
29991, 9
29992, 9
29993, 9
29994, 9
29995, 9
29996, 9
29997, 9
29998, 9
29999, 9
30000, 9
30001, 9
30002, 9
30003, 9
30004, 9
30005, 9
30006, 9
30007, 9
30008, 9
30009, 9
30010, 9
30011, 9
30012, 9
30013, 9
30014, 9
30015, 9
30016, 9
30017, 9
30018, 9
30019, 9
30020, 9
30021, 9
30022, 9
30023, 9
30024, 9
30025, 9
30026, 9
30027, 9
30028, 9
30029, 9
30030, 9
30031, 9
30032, 9
30033, 9
30034, 9
30035, 9
30036, 9
30037, 9
30038, 9
30039, 9
30040, 9
30041, 9
30042, 9
30043, 9
30044, 9
30045, 9
30046, 9
30047, 9
30048, 9
30049, 9
30050, 9
30051, 9
30052, 9
30053, 9
30054, 9
30055, 9
30056, 9
30057, 9
30058, 9
30059, 9
30060, 9
30061, 9
30062, 9
30063, 9
30064, 9
30065, 9
30066, 9
30067, 9
30068, 9
30069, 9
30070, 9
30071, 9
30072, 9
30073, 9
30074, 9
30075, 9
30076, 9
30077, 9
30078, 9
30079, 9
30080, 9
30081, 9
30082, 9
30083, 9
30084, 9
30085, 9
30086, 9
30087, 9
30088, 9
30089, 9
30090, 9
30091, 9
30092, 9
30093, 9
30094, 9
30095, 9
30096, 9
30097, 9
30098, 9
30099, 9
30100, 9
30101, 9
30102, 9
30103, 9
30104, 9
30105, 9
30106, 9
30107, 9
30108, 9
30109, 9
30110, 9
30111, 9
30112, 9
30113, 9
30114, 9
30115, 9
30116, 9
30117, 9
30118, 9
30119, 9
30120, 9
30121, 9
30122, 9
30123, 9
30124, 9
30125, 9
30126, 9
30127, 9
30128, 9
30129, 9
30130, 9
30131, 9
30132, 9
30133, 9
30134, 9
30135, 9
30136, 9
30137, 9
30138, 9
30139, 9
30140, 9
30141, 9
30142, 9
30143, 9
30144, 9
30145, 9
30146, 9
30147, 9
30148, 9
30149, 9
30150, 9
30151, 9
30152, 9
30153, 9
30154, 9
30155, 9
30156, 9
30157, 9
30158, 9
30159, 9
30160, 9
30161, 9
30162, 9
30163, 9
30164, 9
30165, 9
30166, 9
30167, 9
30168, 9
30169, 9
30170, 9
30171, 9
30172, 9
30173, 9
30174, 9
30175, 9
30176, 9
30177, 9
30178, 9
30179, 9
30180, 9
30181, 9
30182, 9
30183, 9
30184, 9
30185, 9
30186, 9
30187, 9
30188, 9
30189, 9
30190, 9
30191, 9
30192, 9
30193, 9
30194, 9
30195, 9
30196, 9
30197, 9
30198, 9
30199, 9
30200, 9
30201, 9
30202, 9
30203, 9
30204, 9
30205, 9
30206, 9
30207, 9
30208, 9
30209, 9
30210, 9
30211, 9
30212, 9
30213, 9
30214, 9
30215, 9
30216, 9
30217, 9
30218, 9
30219, 9
30220, 9
30221, 9
30222, 9
30223, 9
30224, 9
30225, 9
30226, 9
30227, 9
30228, 9
30229, 9
30230, 9
30231, 9
30232, 9
30233, 9
30234, 9
30235, 9
30236, 9
30237, 9
30238, 9
30239, 9
30240, 9
30241, 9
30242, 9
30243, 9
30244, 9
30245, 9
30246, 9
30247, 9
30248, 9
30249, 9
30250, 9
30251, 9
30252, 9
30253, 9
30254, 9
30255, 9
30256, 9
30257, 9
30258, 9
30259, 9
30260, 9
30261, 9
30262, 9
30263, 9
30264, 9
30265, 9
30266, 9
30267, 9
30268, 9
30269, 9
30270, 9
30271, 9
30272, 9
30273, 9
30274, 9
30275, 9
30276, 8
30277, 8
30278, 8
30279, 8
30280, 8
30281, 8
30282, 8
30283, 8
30284, 8
30285, 8
30286, 8
30287, 9
30288, 9
30289, 9
30290, 9
30291, 9
30292, 9
30293, 9
30294, 9
30295, 9
30296, 9
30297, 9
30298, 9
30299, 9
30300, 9
30301, 9
30302, 9
30303, 9
30304, 9
30305, 9
30306, 9
30307, 9
30308, 9
30309, 9
30310, 9
30311, 9
30312, 9
30313, 9
30314, 9
30315, 9
30316, 9
30317, 9
30318, 9
30319, 9
30320, 9
30321, 9
30322, 9
30323, 9
30324, 9
30325, 9
30326, 9
30327, 9
30328, 9
30329, 9
30330, 9
30331, 9
30332, 9
30333, 9
30334, 9
30335, 9
30336, 9
30337, 9
30338, 9
30339, 9
30340, 9
30341, 9
30342, 9
30343, 9
30344, 9
30345, 9
30346, 9
30347, 9
30348, 9
30349, 9
30350, 9
30351, 9
30352, 9
30353, 9
30354, 9
30355, 9
30356, 9
30357, 9
30358, 9
30359, 9
30360, 9
30361, 9
30362, 9
30363, 9
30364, 9
30365, 9
30366, 9
30367, 9
30368, 9
30369, 9
30370, 9
30371, 9
30372, 9
30373, 9
30374, 9
30375, 9
30376, 9
30377, 9
30378, 9
30379, 9
30380, 9
30381, 9
30382, 9
30383, 9
30384, 9
30385, 9
30386, 9
30387, 9
30388, 9
30389, 9
30390, 9
30391, 9
30392, 9
30393, 9
30394, 9
30395, 9
30396, 9
30397, 9
30398, 9
30399, 9
30400, 9
30401, 9
30402, 9
30403, 9
30404, 9
30405, 9
30406, 9
30407, 9
30408, 9
30409, 9
30410, 9
30411, 9
30412, 9
30413, 9
30414, 9
30415, 9
30416, 9
30417, 9
30418, 9
30419, 9
30420, 9
30421, 9
30422, 9
30423, 9
30424, 9
30425, 9
30426, 9
30427, 9
30428, 9
30429, 9
30430, 9
30431, 9
30432, 9
30433, 9
30434, 9
30435, 9
30436, 9
30437, 9
30438, 9
30439, 9
30440, 9
30441, 9
30442, 9
30443, 9
30444, 9
30445, 9
30446, 9
30447, 9
30448, 9
30449, 9
30450, 9
30451, 9
30452, 9
30453, 9
30454, 9
30455, 9
30456, 9
30457, 9
30458, 9
30459, 9
30460, 9
30461, 9
30462, 9
30463, 9
30464, 9
30465, 9
30466, 9
30467, 9
30468, 9
30469, 9
30470, 9
30471, 9
30472, 9
30473, 9
30474, 9
30475, 9
30476, 9
30477, 9
30478, 9
30479, 9
30480, 9
30481, 9
30482, 9
30483, 9
30484, 9
30485, 9
30486, 9
30487, 9
30488, 9
30489, 9
30490, 9
30491, 9
30492, 9
30493, 9
30494, 9
30495, 9
30496, 9
30497, 9
30498, 9
30499, 9
30500, 9
30501, 9
30502, 9
30503, 9
30504, 9
30505, 9
30506, 9
30507, 9
30508, 9
30509, 9
30510, 9
30511, 9
30512, 9
30513, 9
30514, 9
30515, 9
30516, 9
30517, 9
30518, 9
30519, 9
30520, 9
30521, 9
30522, 9
30523, 9
30524, 9
30525, 9
30526, 9
30527, 9
30528, 9
30529, 9
30530, 9
30531, 9
30532, 9
30533, 9
30534, 9
30535, 9
30536, 9
30537, 9
30538, 9
30539, 9
30540, 9
30541, 9
30542, 9
30543, 9
30544, 9
30545, 9
30546, 9
30547, 9
30548, 9
30549, 9
30550, 9
30551, 9
30552, 9
30553, 9
30554, 9
30555, 9
30556, 9
30557, 9
30558, 9
30559, 9
30560, 9
30561, 9
30562, 9
30563, 9
30564, 9
30565, 9
30566, 9
30567, 9
30568, 9
30569, 9
30570, 9
30571, 9
30572, 9
30573, 9
30574, 9
30575, 9
30576, 9
30577, 9
30578, 9
30579, 9
30580, 9
30581, 9
30582, 9
30583, 9
30584, 9
30585, 9
30586, 9
30587, 9
30588, 9
30589, 9
30590, 9
30591, 9
30592, 9
30593, 9
30594, 9
30595, 9
30596, 9
30597, 9
30598, 9
30599, 9
30600, 9
30601, 9
30602, 9
30603, 9
30604, 9
30605, 9
30606, 9
30607, 9
30608, 9
30609, 9
30610, 9
30611, 9
30612, 9
30613, 9
30614, 9
30615, 9
30616, 9
30617, 9
30618, 9
30619, 9
30620, 9
30621, 9
30622, 9
30623, 9
30624, 10
30625, 9
30626, 9
30627, 9
30628, 9
30629, 9
30630, 9
30631, 9
30632, 9
30633, 9
30634, 9
30635, 9
30636, 9
30637, 9
30638, 9
30639, 9
30640, 9
30641, 9
30642, 9
30643, 9
30644, 9
30645, 9
30646, 9
30647, 9
30648, 9
30649, 9
30650, 9
30651, 9
30652, 9
30653, 9
30654, 9
30655, 9
30656, 9
30657, 9
30658, 9
30659, 9
30660, 9
30661, 9
30662, 9
30663, 9
30664, 9
30665, 9
30666, 9
30667, 9
30668, 9
30669, 9
30670, 9
30671, 9
30672, 9
30673, 9
30674, 9
30675, 9
30676, 9
30677, 9
30678, 9
30679, 9
30680, 9
30681, 9
30682, 9
30683, 9
30684, 9
30685, 9
30686, 9
30687, 9
30688, 9
30689, 9
30690, 9
30691, 9
30692, 9
30693, 9
30694, 9
30695, 9
30696, 9
30697, 9
30698, 9
30699, 9
30700, 9
30701, 9
30702, 9
30703, 9
30704, 9
30705, 9
30706, 9
30707, 9
30708, 9
30709, 9
30710, 9
30711, 9
30712, 9
30713, 9
30714, 9
30715, 9
30716, 9
30717, 9
30718, 9
30719, 9
30720, 9
30721, 9
30722, 9
30723, 9
30724, 9
30725, 9
30726, 9
30727, 9
30728, 9
30729, 9
30730, 9
30731, 9
30732, 9
30733, 9
30734, 9
30735, 9
30736, 9
30737, 9
30738, 9
30739, 9
30740, 9
30741, 9
30742, 9
30743, 9
30744, 9
30745, 9
30746, 9
30747, 9
30748, 9
30749, 9
30750, 9
30751, 9
30752, 9
30753, 9
30754, 9
30755, 9
30756, 9
30757, 9
30758, 9
30759, 9
30760, 9
30761, 9
30762, 9
30763, 9
30764, 9
30765, 9
30766, 9
30767, 9
30768, 9
30769, 9
30770, 9
30771, 9
30772, 9
30773, 9
30774, 9
30775, 9
30776, 9
30777, 9
30778, 9
30779, 9
30780, 9
30781, 9
30782, 9
30783, 9
30784, 9
30785, 9
30786, 9
30787, 9
30788, 9
30789, 9
30790, 9
30791, 9
30792, 9
30793, 9
30794, 9
30795, 9
30796, 9
30797, 9
30798, 9
30799, 9
30800, 9
30801, 9
30802, 9
30803, 9
30804, 9
30805, 9
30806, 9
30807, 9
30808, 9
30809, 9
30810, 9
30811, 9
30812, 9
30813, 9
30814, 9
30815, 9
30816, 9
30817, 9
30818, 9
30819, 9
30820, 9
30821, 9
30822, 9
30823, 9
30824, 9
30825, 9
30826, 9
30827, 9
30828, 9
30829, 9
30830, 9
30831, 9
30832, 9
30833, 9
30834, 9
30835, 9
30836, 9
30837, 9
30838, 9
30839, 9
30840, 9
30841, 9
30842, 9
30843, 9
30844, 9
30845, 9
30846, 9
30847, 9
30848, 9
30849, 9
30850, 9
30851, 9
30852, 9
30853, 9
30854, 9
30855, 9
30856, 9
30857, 9
30858, 9
30859, 9
30860, 9
30861, 9
30862, 9
30863, 9
30864, 9
30865, 9
30866, 9
30867, 9
30868, 9
30869, 9
30870, 9
30871, 9
30872, 9
30873, 9
30874, 9
30875, 9
30876, 9
30877, 9
30878, 9
30879, 9
30880, 9
30881, 9
30882, 9
30883, 9
30884, 9
30885, 9
30886, 9
30887, 9
30888, 9
30889, 9
30890, 9
30891, 9
30892, 9
30893, 9
30894, 9
30895, 9
30896, 9
30897, 9
30898, 9
30899, 9
30900, 9
30901, 9
30902, 9
30903, 9
30904, 9
30905, 9
30906, 9
30907, 9
30908, 9
30909, 9
30910, 9
30911, 9
30912, 9
30913, 9
30914, 9
30915, 9
30916, 9
30917, 9
30918, 9
30919, 9
30920, 9
30921, 9
30922, 9
30923, 9
30924, 9
30925, 9
30926, 9
30927, 9
30928, 9
30929, 9
30930, 9
30931, 9
30932, 9
30933, 9
30934, 9
30935, 9
30936, 9
30937, 9
30938, 9
30939, 9
30940, 9
30941, 9
30942, 9
30943, 9
30944, 9
30945, 9
30946, 9
30947, 9
30948, 9
30949, 9
30950, 9
30951, 9
30952, 9
30953, 9
30954, 9
30955, 9
30956, 9
30957, 9
30958, 9
30959, 9
30960, 9
30961, 9
30962, 9
30963, 9
30964, 9
30965, 9
30966, 9
30967, 9
30968, 9
30969, 9
30970, 9
30971, 9
30972, 9
30973, 9
30974, 9
30975, 10
30976, 9
30977, 9
30978, 9
30979, 9
30980, 9
30981, 9
30982, 9
30983, 9
30984, 9
30985, 9
30986, 9
30987, 9
30988, 9
30989, 9
30990, 9
30991, 9
30992, 9
30993, 9
30994, 9
30995, 9
30996, 9
30997, 9
30998, 9
30999, 9
31000, 9
31001, 9
31002, 9
31003, 9
31004, 9
31005, 9
31006, 9
31007, 9
31008, 9
31009, 9
31010, 9
31011, 9
31012, 9
31013, 9
31014, 9
31015, 9
31016, 9
31017, 9
31018, 9
31019, 9
31020, 9
31021, 9
31022, 9
31023, 9
31024, 9
31025, 9
31026, 9
31027, 9
31028, 9
31029, 9
31030, 9
31031, 9
31032, 9
31033, 9
31034, 9
31035, 9
31036, 9
31037, 9
31038, 9
31039, 9
31040, 9
31041, 9
31042, 9
31043, 9
31044, 9
31045, 9
31046, 9
31047, 9
31048, 9
31049, 9
31050, 9
31051, 9
31052, 9
31053, 9
31054, 9
31055, 9
31056, 9
31057, 9
31058, 9
31059, 9
31060, 9
31061, 9
31062, 9
31063, 9
31064, 9
31065, 9
31066, 9
31067, 9
31068, 9
31069, 9
31070, 9
31071, 9
31072, 9
31073, 9
31074, 9
31075, 9
31076, 9
31077, 9
31078, 9
31079, 9
31080, 9
31081, 9
31082, 9
31083, 9
31084, 9
31085, 9
31086, 9
31087, 9
31088, 9
31089, 9
31090, 9
31091, 9
31092, 9
31093, 9
31094, 9
31095, 9
31096, 9
31097, 9
31098, 9
31099, 9
31100, 9
31101, 9
31102, 9
31103, 9
31104, 9
31105, 9
31106, 9
31107, 9
31108, 9
31109, 9
31110, 9
31111, 9
31112, 9
31113, 9
31114, 9
31115, 9
31116, 9
31117, 9
31118, 9
31119, 9
31120, 9
31121, 9
31122, 9
31123, 9
31124, 9
31125, 9
31126, 9
31127, 9
31128, 9
31129, 9
31130, 9
31131, 9
31132, 9
31133, 9
31134, 9
31135, 9
31136, 9
31137, 9
31138, 9
31139, 9
31140, 9
31141, 9
31142, 9
31143, 9
31144, 9
31145, 9
31146, 9
31147, 9
31148, 9
31149, 9
31150, 9
31151, 9
31152, 9
31153, 9
31154, 9
31155, 9
31156, 9
31157, 9
31158, 9
31159, 9
31160, 9
31161, 9
31162, 9
31163, 9
31164, 9
31165, 9
31166, 9
31167, 9
31168, 9
31169, 9
31170, 9
31171, 9
31172, 9
31173, 9
31174, 9
31175, 9
31176, 9
31177, 9
31178, 9
31179, 9
31180, 9
31181, 9
31182, 9
31183, 9
31184, 9
31185, 9
31186, 9
31187, 9
31188, 9
31189, 9
31190, 9
31191, 9
31192, 9
31193, 9
31194, 9
31195, 9
31196, 9
31197, 9
31198, 9
31199, 9
31200, 9
31201, 9
31202, 9
31203, 9
31204, 9
31205, 9
31206, 9
31207, 9
31208, 9
31209, 9
31210, 9
31211, 9
31212, 9
31213, 9
31214, 9
31215, 9
31216, 9
31217, 9
31218, 9
31219, 9
31220, 9
31221, 9
31222, 9
31223, 9
31224, 9
31225, 9
31226, 9
31227, 9
31228, 9
31229, 9
31230, 9
31231, 9
31232, 9
31233, 9
31234, 9
31235, 9
31236, 9
31237, 9
31238, 9
31239, 9
31240, 9
31241, 9
31242, 9
31243, 9
31244, 9
31245, 9
31246, 9
31247, 9
31248, 9
31249, 9
31250, 9
31251, 9
31252, 9
31253, 9
31254, 9
31255, 9
31256, 9
31257, 9
31258, 9
31259, 9
31260, 9
31261, 9
31262, 9
31263, 9
31264, 9
31265, 9
31266, 9
31267, 9
31268, 9
31269, 9
31270, 9
31271, 9
31272, 9
31273, 9
31274, 9
31275, 9
31276, 9
31277, 9
31278, 9
31279, 9
31280, 9
31281, 9
31282, 9
31283, 9
31284, 9
31285, 9
31286, 9
31287, 9
31288, 9
31289, 9
31290, 9
31291, 9
31292, 9
31293, 9
31294, 9
31295, 9
31296, 9
31297, 9
31298, 9
31299, 9
31300, 9
31301, 9
31302, 9
31303, 9
31304, 9
31305, 9
31306, 9
31307, 9
31308, 9
31309, 9
31310, 9
31311, 9
31312, 9
31313, 9
31314, 9
31315, 9
31316, 9
31317, 9
31318, 9
31319, 9
31320, 9
31321, 9
31322, 9
31323, 9
31324, 9
31325, 9
31326, 9
31327, 9
31328, 10
31329, 9
31330, 9
31331, 9
31332, 9
31333, 9
31334, 9
31335, 9
31336, 9
31337, 9
31338, 9
31339, 9
31340, 9
31341, 9
31342, 9
31343, 9
31344, 9
31345, 9
31346, 9
31347, 9
31348, 9
31349, 9
31350, 9
31351, 9
31352, 9
31353, 9
31354, 9
31355, 9
31356, 9
31357, 9
31358, 9
31359, 9
31360, 9
31361, 9
31362, 9
31363, 9
31364, 9
31365, 9
31366, 9
31367, 9
31368, 9
31369, 9
31370, 9
31371, 9
31372, 9
31373, 9
31374, 9
31375, 9
31376, 9
31377, 9
31378, 9
31379, 9
31380, 9
31381, 9
31382, 9
31383, 9
31384, 9
31385, 9
31386, 9
31387, 9
31388, 9
31389, 9
31390, 9
31391, 9
31392, 9
31393, 9
31394, 9
31395, 9
31396, 9
31397, 9
31398, 9
31399, 9
31400, 9
31401, 9
31402, 9
31403, 9
31404, 9
31405, 9
31406, 9
31407, 9
31408, 9
31409, 9
31410, 9
31411, 9
31412, 9
31413, 9
31414, 9
31415, 9
31416, 9
31417, 9
31418, 9
31419, 9
31420, 9
31421, 9
31422, 9
31423, 9
31424, 9
31425, 9
31426, 9
31427, 9
31428, 9
31429, 9
31430, 9
31431, 9
31432, 9
31433, 9
31434, 9
31435, 9
31436, 9
31437, 9
31438, 9
31439, 9
31440, 9
31441, 9
31442, 9
31443, 9
31444, 9
31445, 9
31446, 9
31447, 9
31448, 9
31449, 9
31450, 9
31451, 9
31452, 9
31453, 9
31454, 9
31455, 9
31456, 9
31457, 9
31458, 9
31459, 9
31460, 9
31461, 9
31462, 9
31463, 9
31464, 9
31465, 9
31466, 9
31467, 9
31468, 9
31469, 9
31470, 9
31471, 9
31472, 9
31473, 9
31474, 9
31475, 9
31476, 9
31477, 9
31478, 9
31479, 9
31480, 9
31481, 9
31482, 9
31483, 9
31484, 9
31485, 9
31486, 9
31487, 9
31488, 9
31489, 9
31490, 9
31491, 9
31492, 9
31493, 9
31494, 9
31495, 9
31496, 9
31497, 9
31498, 9
31499, 9
31500, 9
31501, 9
31502, 9
31503, 9
31504, 9
31505, 9
31506, 9
31507, 9
31508, 9
31509, 9
31510, 9
31511, 9
31512, 9
31513, 9
31514, 9
31515, 9
31516, 9
31517, 9
31518, 9
31519, 9
31520, 9
31521, 9
31522, 9
31523, 9
31524, 9
31525, 9
31526, 9
31527, 9
31528, 9
31529, 9
31530, 9
31531, 9
31532, 9
31533, 9
31534, 9
31535, 9
31536, 9
31537, 9
31538, 9
31539, 9
31540, 9
31541, 9
31542, 9
31543, 9
31544, 9
31545, 9
31546, 9
31547, 9
31548, 9
31549, 9
31550, 9
31551, 9
31552, 9
31553, 9
31554, 9
31555, 9
31556, 9
31557, 9
31558, 9
31559, 9
31560, 9
31561, 9
31562, 9
31563, 9
31564, 9
31565, 9
31566, 9
31567, 9
31568, 9
31569, 9
31570, 9
31571, 9
31572, 9
31573, 9
31574, 9
31575, 9
31576, 9
31577, 9
31578, 9
31579, 9
31580, 9
31581, 9
31582, 9
31583, 9
31584, 9
31585, 9
31586, 9
31587, 9
31588, 9
31589, 9
31590, 9
31591, 9
31592, 9
31593, 9
31594, 9
31595, 9
31596, 9
31597, 9
31598, 9
31599, 9
31600, 9
31601, 9
31602, 9
31603, 9
31604, 9
31605, 9
31606, 9
31607, 9
31608, 9
31609, 9
31610, 9
31611, 9
31612, 9
31613, 9
31614, 9
31615, 9
31616, 9
31617, 9
31618, 9
31619, 9
31620, 9
31621, 9
31622, 9
31623, 9
31624, 9
31625, 9
31626, 9
31627, 9
31628, 9
31629, 9
31630, 9
31631, 9
31632, 9
31633, 9
31634, 9
31635, 9
31636, 9
31637, 9
31638, 9
31639, 9
31640, 9
31641, 9
31642, 9
31643, 9
31644, 9
31645, 9
31646, 9
31647, 9
31648, 9
31649, 9
31650, 9
31651, 9
31652, 9
31653, 9
31654, 9
31655, 9
31656, 9
31657, 9
31658, 9
31659, 9
31660, 9
31661, 9
31662, 9
31663, 9
31664, 9
31665, 9
31666, 9
31667, 9
31668, 9
31669, 9
31670, 9
31671, 9
31672, 9
31673, 9
31674, 9
31675, 9
31676, 9
31677, 9
31678, 9
31679, 9
31680, 9
31681, 9
31682, 9
31683, 10
31684, 9
31685, 9
31686, 9
31687, 9
31688, 9
31689, 9
31690, 9
31691, 9
31692, 9
31693, 9
31694, 9
31695, 9
31696, 9
31697, 9
31698, 9
31699, 9
31700, 9
31701, 9
31702, 9
31703, 9
31704, 9
31705, 9
31706, 9
31707, 9
31708, 9
31709, 9
31710, 9
31711, 9
31712, 9
31713, 9
31714, 9
31715, 9
31716, 9
31717, 9
31718, 9
31719, 9
31720, 9
31721, 9
31722, 9
31723, 9
31724, 9
31725, 9
31726, 9
31727, 9
31728, 9
31729, 9
31730, 9
31731, 9
31732, 9
31733, 9
31734, 9
31735, 9
31736, 9
31737, 9
31738, 9
31739, 9
31740, 9
31741, 9
31742, 9
31743, 9
31744, 9
31745, 9
31746, 9
31747, 9
31748, 9
31749, 9
31750, 9
31751, 9
31752, 9
31753, 9
31754, 9
31755, 9
31756, 9
31757, 9
31758, 9
31759, 9
31760, 9
31761, 9
31762, 9
31763, 9
31764, 9
31765, 9
31766, 9
31767, 9
31768, 9
31769, 9
31770, 9
31771, 9
31772, 9
31773, 9
31774, 9
31775, 9
31776, 9
31777, 9
31778, 9
31779, 9
31780, 9
31781, 9
31782, 9
31783, 9
31784, 9
31785, 9
31786, 9
31787, 9
31788, 9
31789, 9
31790, 9
31791, 9
31792, 9
31793, 9
31794, 9
31795, 9
31796, 9
31797, 9
31798, 9
31799, 9
31800, 9
31801, 9
31802, 9
31803, 9
31804, 9
31805, 9
31806, 9
31807, 9
31808, 9
31809, 9
31810, 9
31811, 9
31812, 9
31813, 9
31814, 9
31815, 9
31816, 9
31817, 9
31818, 9
31819, 9
31820, 9
31821, 9
31822, 9
31823, 9
31824, 9
31825, 9
31826, 9
31827, 9
31828, 9
31829, 9
31830, 9
31831, 9
31832, 9
31833, 9
31834, 9
31835, 9
31836, 9
31837, 9
31838, 9
31839, 9
31840, 9
31841, 9
31842, 9
31843, 9
31844, 9
31845, 9
31846, 9
31847, 9
31848, 9
31849, 9
31850, 9
31851, 9
31852, 9
31853, 9
31854, 9
31855, 9
31856, 9
31857, 9
31858, 9
31859, 9
31860, 9
31861, 9
31862, 9
31863, 9
31864, 9
31865, 9
31866, 9
31867, 9
31868, 9
31869, 9
31870, 9
31871, 9
31872, 9
31873, 9
31874, 9
31875, 9
31876, 9
31877, 9
31878, 9
31879, 9
31880, 9
31881, 9
31882, 9
31883, 9
31884, 9
31885, 9
31886, 9
31887, 9
31888, 9
31889, 9
31890, 9
31891, 9
31892, 9
31893, 9
31894, 9
31895, 9
31896, 9
31897, 9
31898, 9
31899, 9
31900, 9
31901, 9
31902, 9
31903, 9
31904, 9
31905, 9
31906, 9
31907, 9
31908, 9
31909, 9
31910, 9
31911, 9
31912, 9
31913, 9
31914, 9
31915, 9
31916, 9
31917, 9
31918, 9
31919, 9
31920, 9
31921, 9
31922, 9
31923, 9
31924, 9
31925, 9
31926, 9
31927, 9
31928, 9
31929, 9
31930, 9
31931, 9
31932, 9
31933, 9
31934, 9
31935, 9
31936, 9
31937, 9
31938, 9
31939, 9
31940, 9
31941, 9
31942, 9
31943, 9
31944, 9
31945, 9
31946, 9
31947, 9
31948, 9
31949, 9
31950, 9
31951, 9
31952, 9
31953, 9
31954, 9
31955, 9
31956, 9
31957, 9
31958, 9
31959, 9
31960, 9
31961, 9
31962, 9
31963, 9
31964, 9
31965, 9
31966, 9
31967, 9
31968, 9
31969, 9
31970, 9
31971, 9
31972, 9
31973, 9
31974, 9
31975, 9
31976, 9
31977, 9
31978, 9
31979, 9
31980, 9
31981, 9
31982, 9
31983, 9
31984, 9
31985, 9
31986, 9
31987, 9
31988, 9
31989, 9
31990, 9
31991, 9
31992, 9
31993, 9
31994, 9
31995, 9
31996, 9
31997, 9
31998, 9
31999, 9
32000, 9
32001, 9
32002, 9
32003, 9
32004, 9
32005, 9
32006, 9
32007, 9
32008, 9
32009, 9
32010, 9
32011, 9
32012, 9
32013, 9
32014, 9
32015, 9
32016, 9
32017, 9
32018, 9
32019, 9
32020, 9
32021, 9
32022, 9
32023, 9
32024, 9
32025, 9
32026, 9
32027, 9
32028, 9
32029, 9
32030, 9
32031, 9
32032, 9
32033, 9
32034, 9
32035, 9
32036, 9
32037, 9
32038, 9
32039, 9
32040, 10
32041, 9
32042, 9
32043, 9
32044, 9
32045, 9
32046, 9
32047, 9
32048, 9
32049, 9
32050, 9
32051, 9
32052, 9
32053, 9
32054, 9
32055, 9
32056, 9
32057, 9
32058, 9
32059, 9
32060, 9
32061, 9
32062, 9
32063, 9
32064, 9
32065, 9
32066, 9
32067, 9
32068, 9
32069, 9
32070, 9
32071, 9
32072, 9
32073, 9
32074, 9
32075, 9
32076, 9
32077, 9
32078, 9
32079, 9
32080, 9
32081, 9
32082, 9
32083, 9
32084, 9
32085, 9
32086, 9
32087, 9
32088, 9
32089, 9
32090, 9
32091, 9
32092, 9
32093, 9
32094, 9
32095, 9
32096, 9
32097, 9
32098, 9
32099, 9
32100, 9
32101, 9
32102, 9
32103, 9
32104, 9
32105, 9
32106, 9
32107, 9
32108, 9
32109, 9
32110, 9
32111, 9
32112, 9
32113, 9
32114, 9
32115, 9
32116, 9
32117, 9
32118, 9
32119, 9
32120, 9
32121, 9
32122, 9
32123, 9
32124, 9
32125, 9
32126, 9
32127, 9
32128, 9
32129, 9
32130, 9
32131, 9
32132, 9
32133, 9
32134, 9
32135, 9
32136, 9
32137, 9
32138, 9
32139, 9
32140, 9
32141, 9
32142, 9
32143, 9
32144, 9
32145, 9
32146, 9
32147, 9
32148, 9
32149, 9
32150, 9
32151, 9
32152, 9
32153, 9
32154, 9
32155, 9
32156, 9
32157, 9
32158, 9
32159, 9
32160, 9
32161, 9
32162, 9
32163, 9
32164, 9
32165, 9
32166, 9
32167, 9
32168, 9
32169, 9
32170, 9
32171, 9
32172, 9
32173, 9
32174, 9
32175, 9
32176, 9
32177, 9
32178, 9
32179, 9
32180, 9
32181, 9
32182, 9
32183, 9
32184, 9
32185, 9
32186, 9
32187, 9
32188, 9
32189, 9
32190, 9
32191, 9
32192, 9
32193, 9
32194, 9
32195, 9
32196, 9
32197, 9
32198, 9
32199, 9
32200, 9
32201, 9
32202, 9
32203, 9
32204, 9
32205, 9
32206, 9
32207, 9
32208, 9
32209, 9
32210, 9
32211, 9
32212, 9
32213, 9
32214, 9
32215, 9
32216, 9
32217, 9
32218, 9
32219, 9
32220, 9
32221, 9
32222, 9
32223, 9
32224, 9
32225, 9
32226, 9
32227, 9
32228, 9
32229, 9
32230, 9
32231, 9
32232, 9
32233, 9
32234, 9
32235, 9
32236, 9
32237, 9
32238, 9
32239, 9
32240, 9
32241, 9
32242, 9
32243, 9
32244, 9
32245, 9
32246, 9
32247, 9
32248, 9
32249, 9
32250, 9
32251, 9
32252, 9
32253, 9
32254, 9
32255, 9
32256, 9
32257, 9
32258, 9
32259, 9
32260, 9
32261, 9
32262, 9
32263, 9
32264, 9
32265, 9
32266, 9
32267, 9
32268, 9
32269, 9
32270, 9
32271, 9
32272, 9
32273, 9
32274, 9
32275, 9
32276, 9
32277, 9
32278, 9
32279, 9
32280, 9
32281, 9
32282, 9
32283, 9
32284, 9
32285, 9
32286, 9
32287, 9
32288, 9
32289, 9
32290, 9
32291, 9
32292, 9
32293, 9
32294, 9
32295, 9
32296, 9
32297, 9
32298, 9
32299, 9
32300, 9
32301, 9
32302, 9
32303, 9
32304, 9
32305, 9
32306, 9
32307, 9
32308, 9
32309, 9
32310, 9
32311, 9
32312, 9
32313, 9
32314, 9
32315, 9
32316, 9
32317, 9
32318, 9
32319, 9
32320, 9
32321, 9
32322, 9
32323, 9
32324, 9
32325, 9
32326, 9
32327, 9
32328, 9
32329, 9
32330, 9
32331, 9
32332, 9
32333, 9
32334, 9
32335, 9
32336, 9
32337, 9
32338, 9
32339, 9
32340, 9
32341, 9
32342, 9
32343, 9
32344, 9
32345, 9
32346, 9
32347, 9
32348, 9
32349, 9
32350, 9
32351, 9
32352, 9
32353, 9
32354, 9
32355, 9
32356, 9
32357, 9
32358, 9
32359, 9
32360, 9
32361, 9
32362, 9
32363, 9
32364, 9
32365, 9
32366, 9
32367, 9
32368, 9
32369, 9
32370, 9
32371, 9
32372, 9
32373, 9
32374, 9
32375, 9
32376, 9
32377, 9
32378, 9
32379, 9
32380, 9
32381, 9
32382, 9
32383, 9
32384, 9
32385, 9
32386, 9
32387, 9
32388, 9
32389, 9
32390, 9
32391, 9
32392, 9
32393, 9
32394, 9
32395, 9
32396, 9
32397, 9
32398, 9
32399, 10
32400, 9
32401, 9
32402, 9
32403, 9
32404, 9
32405, 9
32406, 9
32407, 9
32408, 9
32409, 9
32410, 9
32411, 9
32412, 9
32413, 9
32414, 9
32415, 9
32416, 9
32417, 9
32418, 9
32419, 9
32420, 9
32421, 9
32422, 9
32423, 9
32424, 9
32425, 9
32426, 9
32427, 9
32428, 9
32429, 9
32430, 9
32431, 9
32432, 9
32433, 9
32434, 9
32435, 9
32436, 9
32437, 9
32438, 9
32439, 9
32440, 9
32441, 9
32442, 9
32443, 9
32444, 9
32445, 9
32446, 9
32447, 9
32448, 9
32449, 9
32450, 9
32451, 9
32452, 9
32453, 9
32454, 9
32455, 9
32456, 9
32457, 9
32458, 9
32459, 9
32460, 9
32461, 9
32462, 9
32463, 9
32464, 9
32465, 9
32466, 9
32467, 9
32468, 9
32469, 9
32470, 9
32471, 9
32472, 9
32473, 9
32474, 9
32475, 9
32476, 9
32477, 9
32478, 9
32479, 9
32480, 9
32481, 9
32482, 9
32483, 9
32484, 9
32485, 9
32486, 9
32487, 9
32488, 9
32489, 9
32490, 9
32491, 9
32492, 9
32493, 9
32494, 9
32495, 9
32496, 9
32497, 9
32498, 9
32499, 9
32500, 9
32501, 9
32502, 9
32503, 9
32504, 9
32505, 9
32506, 9
32507, 9
32508, 9
32509, 9
32510, 9
32511, 9
32512, 9
32513, 9
32514, 9
32515, 9
32516, 9
32517, 9
32518, 9
32519, 9
32520, 9
32521, 9
32522, 9
32523, 9
32524, 9
32525, 9
32526, 9
32527, 9
32528, 9
32529, 9
32530, 9
32531, 9
32532, 9
32533, 9
32534, 9
32535, 9
32536, 9
32537, 9
32538, 9
32539, 9
32540, 9
32541, 9
32542, 9
32543, 9
32544, 9
32545, 9
32546, 9
32547, 9
32548, 9
32549, 9
32550, 9
32551, 9
32552, 9
32553, 9
32554, 9
32555, 9
32556, 9
32557, 9
32558, 9
32559, 9
32560, 9
32561, 9
32562, 9
32563, 9
32564, 9
32565, 9
32566, 9
32567, 9
32568, 9
32569, 9
32570, 9
32571, 9
32572, 9
32573, 9
32574, 9
32575, 9
32576, 9
32577, 9
32578, 9
32579, 9
32580, 9
32581, 9
32582, 9
32583, 9
32584, 9
32585, 9
32586, 9
32587, 9
32588, 9
32589, 9
32590, 9
32591, 9
32592, 9
32593, 9
32594, 9
32595, 9
32596, 9
32597, 9
32598, 9
32599, 9
32600, 9
32601, 9
32602, 9
32603, 9
32604, 9
32605, 9
32606, 9
32607, 9
32608, 9
32609, 9
32610, 9
32611, 9
32612, 9
32613, 9
32614, 9
32615, 9
32616, 9
32617, 9
32618, 9
32619, 9
32620, 9
32621, 9
32622, 9
32623, 9
32624, 9
32625, 9
32626, 9
32627, 9
32628, 9
32629, 9
32630, 9
32631, 9
32632, 9
32633, 9
32634, 9
32635, 9
32636, 9
32637, 9
32638, 9
32639, 9
32640, 9
32641, 9
32642, 9
32643, 9
32644, 9
32645, 9
32646, 9
32647, 9
32648, 9
32649, 9
32650, 9
32651, 9
32652, 9
32653, 9
32654, 9
32655, 9
32656, 9
32657, 9
32658, 9
32659, 9
32660, 9
32661, 9
32662, 9
32663, 9
32664, 9
32665, 9
32666, 9
32667, 9
32668, 9
32669, 9
32670, 9
32671, 9
32672, 9
32673, 9
32674, 9
32675, 9
32676, 9
32677, 9
32678, 9
32679, 9
32680, 9
32681, 9
32682, 9
32683, 9
32684, 9
32685, 9
32686, 9
32687, 9
32688, 9
32689, 9
32690, 9
32691, 9
32692, 9
32693, 9
32694, 9
32695, 9
32696, 9
32697, 9
32698, 9
32699, 9
32700, 9
32701, 9
32702, 9
32703, 9
32704, 9
32705, 9
32706, 9
32707, 9
32708, 9
32709, 9
32710, 9
32711, 9
32712, 9
32713, 9
32714, 9
32715, 9
32716, 9
32717, 9
32718, 9
32719, 9
32720, 9
32721, 9
32722, 9
32723, 9
32724, 9
32725, 9
32726, 9
32727, 9
32728, 9
32729, 9
32730, 9
32731, 9
32732, 9
32733, 9
32734, 9
32735, 9
32736, 9
32737, 9
32738, 9
32739, 9
32740, 9
32741, 9
32742, 9
32743, 9
32744, 9
32745, 9
32746, 9
32747, 9
32748, 9
32749, 9
32750, 9
32751, 9
32752, 9
32753, 9
32754, 9
32755, 9
32756, 9
32757, 9
32758, 9
32759, 9
32760, 10
32761, 9
32762, 9
32763, 9
32764, 9
32765, 9
32766, 9
32767, 9
32768, 9
32769, 9
32770, 9
32771, 9
32772, 9
32773, 9
32774, 9
32775, 9
32776, 9
32777, 9
32778, 9
32779, 9
32780, 9
32781, 9
32782, 9
32783, 9
32784, 9
32785, 9
32786, 9
32787, 9
32788, 9
32789, 9
32790, 9
32791, 9
32792, 9
32793, 9
32794, 9
32795, 9
32796, 9
32797, 9
32798, 9
32799, 9
32800, 9
32801, 9
32802, 9
32803, 9
32804, 9
32805, 9
32806, 9
32807, 9
32808, 9
32809, 9
32810, 9
32811, 9
32812, 9
32813, 9
32814, 9
32815, 9
32816, 9
32817, 9
32818, 9
32819, 9
32820, 9
32821, 9
32822, 9
32823, 9
32824, 9
32825, 9
32826, 9
32827, 9
32828, 9
32829, 9
32830, 9
32831, 9
32832, 9
32833, 9
32834, 9
32835, 9
32836, 9
32837, 9
32838, 9
32839, 9
32840, 9
32841, 9
32842, 9
32843, 9
32844, 9
32845, 9
32846, 9
32847, 9
32848, 9
32849, 9
32850, 9
32851, 9
32852, 9
32853, 9
32854, 9
32855, 9
32856, 9
32857, 9
32858, 9
32859, 9
32860, 9
32861, 9
32862, 9
32863, 9
32864, 9
32865, 9
32866, 9
32867, 9
32868, 9
32869, 9
32870, 9
32871, 9
32872, 9
32873, 9
32874, 9
32875, 9
32876, 9
32877, 9
32878, 9
32879, 9
32880, 9
32881, 9
32882, 9
32883, 9
32884, 9
32885, 9
32886, 9
32887, 9
32888, 9
32889, 9
32890, 9
32891, 9
32892, 9
32893, 9
32894, 9
32895, 9
32896, 9
32897, 9
32898, 9
32899, 9
32900, 9
32901, 9
32902, 9
32903, 9
32904, 9
32905, 9
32906, 9
32907, 9
32908, 9
32909, 9
32910, 9
32911, 9
32912, 9
32913, 9
32914, 9
32915, 9
32916, 9
32917, 9
32918, 9
32919, 9
32920, 9
32921, 9
32922, 9
32923, 9
32924, 9
32925, 9
32926, 9
32927, 9
32928, 9
32929, 9
32930, 9
32931, 9
32932, 9
32933, 9
32934, 9
32935, 9
32936, 9
32937, 9
32938, 9
32939, 9
32940, 9
32941, 9
32942, 9
32943, 9
32944, 9
32945, 9
32946, 9
32947, 9
32948, 9
32949, 9
32950, 9
32951, 9
32952, 9
32953, 9
32954, 9
32955, 9
32956, 9
32957, 9
32958, 9
32959, 9
32960, 9
32961, 9
32962, 9
32963, 9
32964, 9
32965, 9
32966, 9
32967, 9
32968, 9
32969, 9
32970, 9
32971, 9
32972, 9
32973, 9
32974, 9
32975, 9
32976, 9
32977, 9
32978, 9
32979, 9
32980, 9
32981, 9
32982, 9
32983, 9
32984, 9
32985, 9
32986, 9
32987, 9
32988, 9
32989, 9
32990, 9
32991, 9
32992, 9
32993, 9
32994, 9
32995, 9
32996, 9
32997, 9
32998, 9
32999, 9
33000, 9
33001, 9
33002, 9
33003, 9
33004, 9
33005, 9
33006, 9
33007, 9
33008, 9
33009, 9
33010, 9
33011, 9
33012, 9
33013, 9
33014, 9
33015, 9
33016, 9
33017, 9
33018, 9
33019, 9
33020, 9
33021, 9
33022, 9
33023, 9
33024, 9
33025, 9
33026, 9
33027, 9
33028, 9
33029, 9
33030, 9
33031, 9
33032, 9
33033, 9
33034, 9
33035, 9
33036, 9
33037, 9
33038, 9
33039, 9
33040, 9
33041, 9
33042, 9
33043, 9
33044, 9
33045, 9
33046, 9
33047, 9
33048, 9
33049, 9
33050, 9
33051, 9
33052, 9
33053, 9
33054, 9
33055, 9
33056, 9
33057, 9
33058, 9
33059, 9
33060, 9
33061, 9
33062, 9
33063, 9
33064, 9
33065, 9
33066, 9
33067, 9
33068, 9
33069, 9
33070, 9
33071, 9
33072, 9
33073, 9
33074, 9
33075, 9
33076, 9
33077, 9
33078, 9
33079, 9
33080, 9
33081, 9
33082, 9
33083, 9
33084, 9
33085, 9
33086, 9
33087, 9
33088, 9
33089, 9
33090, 9
33091, 9
33092, 9
33093, 9
33094, 9
33095, 9
33096, 9
33097, 9
33098, 9
33099, 9
33100, 9
33101, 9
33102, 9
33103, 9
33104, 9
33105, 9
33106, 9
33107, 9
33108, 9
33109, 9
33110, 9
33111, 9
33112, 9
33113, 9
33114, 9
33115, 9
33116, 9
33117, 9
33118, 9
33119, 9
33120, 9
33121, 9
33122, 9
33123, 10
33124, 9
33125, 9
33126, 9
33127, 9
33128, 9
33129, 9
33130, 9
33131, 9
33132, 9
33133, 9
33134, 9
33135, 9
33136, 9
33137, 9
33138, 9
33139, 9
33140, 9
33141, 9
33142, 9
33143, 9
33144, 9
33145, 9
33146, 9
33147, 9
33148, 9
33149, 9
33150, 9
33151, 9
33152, 9
33153, 9
33154, 9
33155, 9
33156, 9
33157, 9
33158, 9
33159, 9
33160, 9
33161, 9
33162, 9
33163, 9
33164, 9
33165, 9
33166, 9
33167, 9
33168, 9
33169, 9
33170, 9
33171, 9
33172, 9
33173, 9
33174, 9
33175, 9
33176, 9
33177, 9
33178, 9
33179, 9
33180, 9
33181, 9
33182, 9
33183, 9
33184, 9
33185, 9
33186, 9
33187, 9
33188, 9
33189, 9
33190, 9
33191, 9
33192, 9
33193, 9
33194, 9
33195, 9
33196, 9
33197, 9
33198, 9
33199, 9
33200, 9
33201, 9
33202, 9
33203, 9
33204, 9
33205, 9
33206, 9
33207, 9
33208, 9
33209, 9
33210, 9
33211, 9
33212, 9
33213, 9
33214, 9
33215, 9
33216, 9
33217, 9
33218, 9
33219, 9
33220, 9
33221, 9
33222, 9
33223, 9
33224, 9
33225, 9
33226, 9
33227, 9
33228, 9
33229, 9
33230, 9
33231, 9
33232, 9
33233, 9
33234, 9
33235, 9
33236, 9
33237, 9
33238, 9
33239, 9
33240, 9
33241, 9
33242, 9
33243, 9
33244, 9
33245, 9
33246, 9
33247, 9
33248, 9
33249, 9
33250, 9
33251, 9
33252, 9
33253, 9
33254, 9
33255, 9
33256, 9
33257, 9
33258, 9
33259, 9
33260, 9
33261, 9
33262, 9
33263, 9
33264, 9
33265, 9
33266, 9
33267, 9
33268, 9
33269, 9
33270, 9
33271, 9
33272, 9
33273, 9
33274, 9
33275, 9
33276, 9
33277, 9
33278, 9
33279, 9
33280, 9
33281, 9
33282, 9
33283, 9
33284, 9
33285, 9
33286, 9
33287, 9
33288, 9
33289, 9
33290, 9
33291, 9
33292, 9
33293, 9
33294, 9
33295, 9
33296, 9
33297, 9
33298, 9
33299, 9
33300, 9
33301, 9
33302, 9
33303, 9
33304, 9
33305, 9
33306, 9
33307, 9
33308, 9
33309, 9
33310, 9
33311, 9
33312, 9
33313, 9
33314, 9
33315, 9
33316, 9
33317, 9
33318, 9
33319, 9
33320, 9
33321, 9
33322, 9
33323, 9
33324, 9
33325, 9
33326, 9
33327, 9
33328, 9
33329, 9
33330, 9
33331, 9
33332, 9
33333, 9
33334, 9
33335, 9
33336, 9
33337, 9
33338, 9
33339, 9
33340, 9
33341, 9
33342, 9
33343, 9
33344, 9
33345, 9
33346, 9
33347, 9
33348, 9
33349, 9
33350, 9
33351, 9
33352, 9
33353, 9
33354, 9
33355, 9
33356, 9
33357, 9
33358, 9
33359, 9
33360, 9
33361, 9
33362, 9
33363, 9
33364, 9
33365, 9
33366, 9
33367, 9
33368, 9
33369, 9
33370, 9
33371, 9
33372, 9
33373, 9
33374, 9
33375, 9
33376, 9
33377, 9
33378, 9
33379, 9
33380, 9
33381, 9
33382, 9
33383, 9
33384, 9
33385, 9
33386, 9
33387, 9
33388, 9
33389, 9
33390, 9
33391, 9
33392, 9
33393, 9
33394, 9
33395, 9
33396, 9
33397, 9
33398, 9
33399, 9
33400, 9
33401, 9
33402, 9
33403, 9
33404, 9
33405, 9
33406, 9
33407, 9
33408, 9
33409, 9
33410, 9
33411, 9
33412, 9
33413, 9
33414, 9
33415, 9
33416, 9
33417, 9
33418, 9
33419, 9
33420, 9
33421, 9
33422, 9
33423, 9
33424, 9
33425, 9
33426, 9
33427, 9
33428, 9
33429, 9
33430, 9
33431, 9
33432, 9
33433, 9
33434, 9
33435, 9
33436, 9
33437, 9
33438, 9
33439, 9
33440, 9
33441, 9
33442, 9
33443, 9
33444, 9
33445, 9
33446, 9
33447, 9
33448, 9
33449, 9
33450, 9
33451, 9
33452, 9
33453, 9
33454, 9
33455, 9
33456, 9
33457, 9
33458, 9
33459, 9
33460, 9
33461, 9
33462, 9
33463, 9
33464, 9
33465, 9
33466, 9
33467, 9
33468, 9
33469, 9
33470, 9
33471, 9
33472, 9
33473, 9
33474, 9
33475, 9
33476, 9
33477, 9
33478, 9
33479, 9
33480, 9
33481, 9
33482, 9
33483, 9
33484, 9
33485, 9
33486, 9
33487, 9
33488, 10
33489, 9
33490, 9
33491, 9
33492, 9
33493, 9
33494, 9
33495, 9
33496, 9
33497, 9
33498, 9
33499, 9
33500, 9
33501, 9
33502, 9
33503, 9
33504, 9
33505, 9
33506, 9
33507, 9
33508, 9
33509, 9
33510, 9
33511, 9
33512, 9
33513, 9
33514, 9
33515, 9
33516, 9
33517, 9
33518, 9
33519, 9
33520, 9
33521, 9
33522, 9
33523, 9
33524, 9
33525, 9
33526, 9
33527, 9
33528, 9
33529, 9
33530, 9
33531, 9
33532, 9
33533, 9
33534, 9
33535, 9
33536, 9
33537, 9
33538, 9
33539, 9
33540, 9
33541, 9
33542, 9
33543, 9
33544, 9
33545, 9
33546, 9
33547, 9
33548, 9
33549, 9
33550, 9
33551, 9
33552, 9
33553, 9
33554, 9
33555, 9
33556, 9
33557, 9
33558, 9
33559, 9
33560, 9
33561, 9
33562, 9
33563, 9
33564, 9
33565, 9
33566, 9
33567, 9
33568, 9
33569, 9
33570, 9
33571, 9
33572, 9
33573, 9
33574, 9
33575, 9
33576, 9
33577, 9
33578, 9
33579, 9
33580, 9
33581, 9
33582, 9
33583, 9
33584, 9
33585, 9
33586, 9
33587, 9
33588, 9
33589, 9
33590, 9
33591, 9
33592, 9
33593, 9
33594, 9
33595, 9
33596, 9
33597, 9
33598, 9
33599, 9
33600, 9
33601, 9
33602, 9
33603, 9
33604, 9
33605, 9
33606, 9
33607, 9
33608, 9
33609, 9
33610, 9
33611, 9
33612, 9
33613, 9
33614, 9
33615, 9
33616, 9
33617, 9
33618, 9
33619, 9
33620, 9
33621, 9
33622, 9
33623, 9
33624, 9
33625, 9
33626, 9
33627, 9
33628, 9
33629, 9
33630, 9
33631, 9
33632, 9
33633, 9
33634, 9
33635, 9
33636, 9
33637, 9
33638, 9
33639, 9
33640, 9
33641, 9
33642, 9
33643, 9
33644, 9
33645, 9
33646, 9
33647, 9
33648, 9
33649, 9
33650, 9
33651, 9
33652, 9
33653, 9
33654, 9
33655, 9
33656, 9
33657, 9
33658, 9
33659, 9
33660, 9
33661, 9
33662, 9
33663, 9
33664, 9
33665, 9
33666, 9
33667, 9
33668, 9
33669, 9
33670, 9
33671, 9
33672, 9
33673, 9
33674, 9
33675, 9
33676, 9
33677, 9
33678, 9
33679, 9
33680, 9
33681, 9
33682, 9
33683, 9
33684, 9
33685, 9
33686, 9
33687, 9
33688, 9
33689, 9
33690, 9
33691, 9
33692, 9
33693, 9
33694, 9
33695, 9
33696, 9
33697, 9
33698, 9
33699, 9
33700, 9
33701, 9
33702, 9
33703, 9
33704, 9
33705, 9
33706, 9
33707, 9
33708, 9
33709, 9
33710, 9
33711, 9
33712, 9
33713, 9
33714, 9
33715, 9
33716, 9
33717, 9
33718, 9
33719, 9
33720, 9
33721, 9
33722, 9
33723, 9
33724, 9
33725, 9
33726, 9
33727, 9
33728, 9
33729, 9
33730, 9
33731, 9
33732, 9
33733, 9
33734, 9
33735, 9
33736, 9
33737, 9
33738, 9
33739, 9
33740, 9
33741, 9
33742, 9
33743, 9
33744, 9
33745, 9
33746, 9
33747, 9
33748, 9
33749, 9
33750, 9
33751, 9
33752, 9
33753, 9
33754, 9
33755, 9
33756, 9
33757, 9
33758, 9
33759, 9
33760, 9
33761, 9
33762, 9
33763, 9
33764, 9
33765, 9
33766, 9
33767, 9
33768, 9
33769, 9
33770, 9
33771, 9
33772, 9
33773, 9
33774, 9
33775, 9
33776, 9
33777, 9
33778, 9
33779, 9
33780, 9
33781, 9
33782, 9
33783, 9
33784, 9
33785, 9
33786, 9
33787, 9
33788, 9
33789, 9
33790, 9
33791, 9
33792, 9
33793, 9
33794, 9
33795, 9
33796, 9
33797, 9
33798, 9
33799, 9
33800, 9
33801, 9
33802, 9
33803, 9
33804, 9
33805, 9
33806, 9
33807, 9
33808, 9
33809, 9
33810, 9
33811, 9
33812, 9
33813, 9
33814, 9
33815, 9
33816, 9
33817, 9
33818, 9
33819, 9
33820, 9
33821, 9
33822, 9
33823, 9
33824, 9
33825, 9
33826, 9
33827, 9
33828, 9
33829, 9
33830, 9
33831, 9
33832, 9
33833, 9
33834, 9
33835, 9
33836, 9
33837, 9
33838, 9
33839, 9
33840, 9
33841, 9
33842, 9
33843, 9
33844, 9
33845, 9
33846, 9
33847, 9
33848, 9
33849, 9
33850, 9
33851, 9
33852, 9
33853, 9
33854, 9
33855, 10
33856, 9
33857, 9
33858, 9
33859, 9
33860, 9
33861, 9
33862, 9
33863, 9
33864, 9
33865, 9
33866, 9
33867, 9
33868, 9
33869, 9
33870, 9
33871, 9
33872, 9
33873, 9
33874, 9
33875, 9
33876, 9
33877, 9
33878, 9
33879, 9
33880, 9
33881, 9
33882, 9
33883, 9
33884, 9
33885, 9
33886, 9
33887, 9
33888, 9
33889, 9
33890, 9
33891, 9
33892, 9
33893, 9
33894, 9
33895, 9
33896, 9
33897, 9
33898, 9
33899, 9
33900, 9
33901, 9
33902, 9
33903, 9
33904, 9
33905, 9
33906, 9
33907, 9
33908, 9
33909, 9
33910, 9
33911, 9
33912, 9
33913, 9
33914, 9
33915, 9
33916, 9
33917, 9
33918, 9
33919, 9
33920, 9
33921, 9
33922, 9
33923, 9
33924, 9
33925, 9
33926, 9
33927, 9
33928, 9
33929, 9
33930, 9
33931, 9
33932, 9
33933, 9
33934, 9
33935, 9
33936, 9
33937, 9
33938, 9
33939, 9
33940, 9
33941, 9
33942, 9
33943, 9
33944, 9
33945, 9
33946, 9
33947, 9
33948, 9
33949, 9
33950, 9
33951, 9
33952, 9
33953, 9
33954, 9
33955, 9
33956, 9
33957, 9
33958, 9
33959, 9
33960, 9
33961, 9
33962, 9
33963, 9
33964, 9
33965, 9
33966, 9
33967, 9
33968, 9
33969, 9
33970, 9
33971, 9
33972, 9
33973, 9
33974, 9
33975, 9
33976, 9
33977, 9
33978, 9
33979, 9
33980, 9
33981, 9
33982, 9
33983, 9
33984, 9
33985, 9
33986, 9
33987, 9
33988, 9
33989, 9
33990, 9
33991, 9
33992, 9
33993, 9
33994, 9
33995, 9
33996, 9
33997, 9
33998, 9
33999, 9
34000, 9
34001, 9
34002, 9
34003, 9
34004, 9
34005, 9
34006, 9
34007, 9
34008, 9
34009, 9
34010, 9
34011, 9
34012, 9
34013, 9
34014, 9
34015, 9
34016, 9
34017, 9
34018, 9
34019, 9
34020, 9
34021, 9
34022, 9
34023, 9
34024, 9
34025, 9
34026, 9
34027, 9
34028, 9
34029, 9
34030, 9
34031, 9
34032, 9
34033, 9
34034, 9
34035, 9
34036, 9
34037, 9
34038, 9
34039, 9
34040, 9
34041, 9
34042, 9
34043, 9
34044, 9
34045, 9
34046, 9
34047, 9
34048, 9
34049, 9
34050, 9
34051, 9
34052, 9
34053, 9
34054, 9
34055, 9
34056, 9
34057, 9
34058, 9
34059, 9
34060, 9
34061, 9
34062, 9
34063, 9
34064, 9
34065, 9
34066, 9
34067, 9
34068, 9
34069, 9
34070, 9
34071, 9
34072, 9
34073, 9
34074, 9
34075, 9
34076, 9
34077, 9
34078, 9
34079, 9
34080, 9
34081, 9
34082, 9
34083, 9
34084, 9
34085, 9
34086, 9
34087, 9
34088, 9
34089, 9
34090, 9
34091, 9
34092, 9
34093, 9
34094, 9
34095, 9
34096, 9
34097, 9
34098, 9
34099, 9
34100, 9
34101, 9
34102, 9
34103, 9
34104, 9
34105, 9
34106, 9
34107, 9
34108, 9
34109, 9
34110, 9
34111, 9
34112, 9
34113, 9
34114, 9
34115, 9
34116, 9
34117, 9
34118, 9
34119, 9
34120, 9
34121, 9
34122, 9
34123, 9
34124, 9
34125, 9
34126, 9
34127, 9
34128, 9
34129, 9
34130, 9
34131, 9
34132, 9
34133, 9
34134, 9
34135, 9
34136, 9
34137, 9
34138, 9
34139, 9
34140, 9
34141, 9
34142, 9
34143, 9
34144, 9
34145, 9
34146, 9
34147, 9
34148, 9
34149, 9
34150, 9
34151, 9
34152, 9
34153, 9
34154, 9
34155, 9
34156, 9
34157, 9
34158, 9
34159, 9
34160, 9
34161, 9
34162, 9
34163, 9
34164, 9
34165, 9
34166, 9
34167, 9
34168, 9
34169, 9
34170, 9
34171, 9
34172, 9
34173, 9
34174, 9
34175, 9
34176, 9
34177, 9
34178, 9
34179, 9
34180, 9
34181, 9
34182, 9
34183, 9
34184, 9
34185, 9
34186, 9
34187, 9
34188, 9
34189, 9
34190, 9
34191, 9
34192, 9
34193, 9
34194, 9
34195, 9
34196, 9
34197, 9
34198, 9
34199, 9
34200, 9
34201, 9
34202, 9
34203, 9
34204, 9
34205, 9
34206, 9
34207, 9
34208, 9
34209, 9
34210, 9
34211, 9
34212, 9
34213, 9
34214, 9
34215, 9
34216, 9
34217, 9
34218, 9
34219, 9
34220, 9
34221, 9
34222, 9
34223, 10
34224, 10
34225, 9
34226, 9
34227, 9
34228, 9
34229, 9
34230, 9
34231, 9
34232, 9
34233, 9
34234, 9
34235, 9
34236, 9
34237, 9
34238, 9
34239, 9
34240, 9
34241, 9
34242, 9
34243, 9
34244, 9
34245, 9
34246, 9
34247, 9
34248, 9
34249, 9
34250, 9
34251, 9
34252, 9
34253, 9
34254, 9
34255, 9
34256, 9
34257, 9
34258, 9
34259, 9
34260, 9
34261, 9
34262, 9
34263, 9
34264, 9
34265, 9
34266, 9
34267, 9
34268, 9
34269, 9
34270, 9
34271, 9
34272, 9
34273, 9
34274, 9
34275, 9
34276, 9
34277, 9
34278, 9
34279, 9
34280, 9
34281, 9
34282, 9
34283, 9
34284, 9
34285, 9
34286, 9
34287, 9
34288, 9
34289, 9
34290, 9
34291, 9
34292, 9
34293, 9
34294, 9
34295, 9
34296, 9
34297, 9
34298, 9
34299, 9
34300, 9
34301, 9
34302, 9
34303, 9
34304, 9
34305, 9
34306, 9
34307, 9
34308, 9
34309, 9
34310, 9
34311, 9
34312, 9
34313, 9
34314, 9
34315, 9
34316, 9
34317, 9
34318, 9
34319, 9
34320, 9
34321, 9
34322, 9
34323, 9
34324, 9
34325, 9
34326, 9
34327, 9
34328, 9
34329, 9
34330, 9
34331, 9
34332, 9
34333, 9
34334, 9
34335, 9
34336, 9
34337, 9
34338, 9
34339, 9
34340, 9
34341, 9
34342, 9
34343, 9
34344, 9
34345, 9
34346, 9
34347, 9
34348, 9
34349, 9
34350, 9
34351, 9
34352, 9
34353, 9
34354, 9
34355, 9
34356, 9
34357, 9
34358, 9
34359, 9
34360, 9
34361, 9
34362, 9
34363, 9
34364, 9
34365, 9
34366, 9
34367, 9
34368, 9
34369, 9
34370, 9
34371, 9
34372, 9
34373, 9
34374, 9
34375, 9
34376, 9
34377, 9
34378, 9
34379, 9
34380, 9
34381, 9
34382, 9
34383, 9
34384, 9
34385, 9
34386, 9
34387, 9
34388, 9
34389, 9
34390, 9
34391, 9
34392, 9
34393, 9
34394, 9
34395, 9
34396, 9
34397, 9
34398, 9
34399, 9
34400, 9
34401, 9
34402, 9
34403, 9
34404, 9
34405, 9
34406, 9
34407, 9
34408, 9
34409, 9
34410, 9
34411, 9
34412, 9
34413, 9
34414, 9
34415, 9
34416, 9
34417, 9
34418, 9
34419, 9
34420, 9
34421, 9
34422, 9
34423, 9
34424, 9
34425, 9
34426, 9
34427, 9
34428, 9
34429, 9
34430, 9
34431, 9
34432, 9
34433, 9
34434, 9
34435, 9
34436, 9
34437, 9
34438, 9
34439, 9
34440, 9
34441, 9
34442, 9
34443, 9
34444, 9
34445, 9
34446, 9
34447, 9
34448, 9
34449, 9
34450, 9
34451, 9
34452, 9
34453, 9
34454, 9
34455, 9
34456, 9
34457, 9
34458, 9
34459, 9
34460, 9
34461, 9
34462, 9
34463, 9
34464, 9
34465, 9
34466, 9
34467, 9
34468, 9
34469, 9
34470, 9
34471, 9
34472, 9
34473, 9
34474, 9
34475, 9
34476, 9
34477, 9
34478, 9
34479, 9
34480, 9
34481, 9
34482, 9
34483, 9
34484, 9
34485, 9
34486, 9
34487, 9
34488, 9
34489, 9
34490, 9
34491, 9
34492, 9
34493, 9
34494, 9
34495, 9
34496, 9
34497, 9
34498, 9
34499, 9
34500, 9
34501, 9
34502, 9
34503, 9
34504, 9
34505, 9
34506, 9
34507, 9
34508, 9
34509, 9
34510, 9
34511, 9
34512, 9
34513, 9
34514, 9
34515, 9
34516, 9
34517, 9
34518, 9
34519, 9
34520, 9
34521, 9
34522, 9
34523, 9
34524, 9
34525, 9
34526, 9
34527, 9
34528, 9
34529, 9
34530, 9
34531, 9
34532, 9
34533, 9
34534, 9
34535, 9
34536, 9
34537, 9
34538, 9
34539, 9
34540, 9
34541, 9
34542, 9
34543, 9
34544, 9
34545, 9
34546, 9
34547, 9
34548, 9
34549, 9
34550, 9
34551, 9
34552, 9
34553, 9
34554, 9
34555, 9
34556, 9
34557, 9
34558, 9
34559, 9
34560, 9
34561, 9
34562, 9
34563, 9
34564, 9
34565, 9
34566, 9
34567, 9
34568, 9
34569, 9
34570, 9
34571, 9
34572, 9
34573, 9
34574, 9
34575, 9
34576, 9
34577, 9
34578, 9
34579, 9
34580, 9
34581, 9
34582, 9
34583, 9
34584, 9
34585, 9
34586, 9
34587, 9
34588, 9
34589, 9
34590, 9
34591, 9
34592, 9
34593, 9
34594, 10
34595, 10
34596, 9
34597, 9
34598, 9
34599, 9
34600, 9
34601, 9
34602, 9
34603, 9
34604, 9
34605, 9
34606, 9
34607, 9
34608, 9
34609, 9
34610, 9
34611, 9
34612, 9
34613, 9
34614, 9
34615, 9
34616, 9
34617, 9
34618, 9
34619, 9
34620, 9
34621, 9
34622, 9
34623, 9
34624, 9
34625, 9
34626, 9
34627, 9
34628, 9
34629, 9
34630, 9
34631, 9
34632, 9
34633, 9
34634, 9
34635, 9
34636, 9
34637, 9
34638, 9
34639, 9
34640, 9
34641, 9
34642, 9
34643, 9
34644, 9
34645, 9
34646, 9
34647, 9
34648, 9
34649, 9
34650, 9
34651, 9
34652, 9
34653, 9
34654, 9
34655, 9
34656, 9
34657, 9
34658, 9
34659, 9
34660, 9
34661, 9
34662, 9
34663, 9
34664, 9
34665, 9
34666, 9
34667, 9
34668, 9
34669, 9
34670, 9
34671, 9
34672, 9
34673, 9
34674, 9
34675, 9
34676, 9
34677, 9
34678, 9
34679, 9
34680, 9
34681, 9
34682, 9
34683, 9
34684, 9
34685, 9
34686, 9
34687, 9
34688, 9
34689, 9
34690, 9
34691, 9
34692, 9
34693, 9
34694, 9
34695, 9
34696, 9
34697, 9
34698, 9
34699, 9
34700, 9
34701, 9
34702, 9
34703, 9
34704, 9
34705, 9
34706, 9
34707, 9
34708, 9
34709, 9
34710, 9
34711, 9
34712, 9
34713, 9
34714, 9
34715, 9
34716, 9
34717, 9
34718, 9
34719, 9
34720, 9
34721, 9
34722, 9
34723, 9
34724, 9
34725, 9
34726, 9
34727, 9
34728, 9
34729, 9
34730, 9
34731, 9
34732, 9
34733, 9
34734, 9
34735, 9
34736, 9
34737, 9
34738, 9
34739, 9
34740, 9
34741, 9
34742, 9
34743, 9
34744, 9
34745, 9
34746, 9
34747, 9
34748, 9
34749, 9
34750, 9
34751, 9
34752, 9
34753, 9
34754, 9
34755, 9
34756, 9
34757, 9
34758, 9
34759, 9
34760, 9
34761, 9
34762, 9
34763, 9
34764, 9
34765, 9
34766, 9
34767, 9
34768, 9
34769, 9
34770, 9
34771, 9
34772, 9
34773, 9
34774, 9
34775, 9
34776, 9
34777, 9
34778, 9
34779, 9
34780, 9
34781, 9
34782, 9
34783, 9
34784, 9
34785, 9
34786, 9
34787, 9
34788, 9
34789, 9
34790, 9
34791, 9
34792, 9
34793, 9
34794, 9
34795, 9
34796, 9
34797, 9
34798, 9
34799, 9
34800, 9
34801, 9
34802, 9
34803, 9
34804, 9
34805, 9
34806, 9
34807, 9
34808, 9
34809, 9
34810, 9
34811, 9
34812, 9
34813, 9
34814, 9
34815, 9
34816, 9
34817, 9
34818, 9
34819, 9
34820, 9
34821, 9
34822, 9
34823, 9
34824, 9
34825, 9
34826, 9
34827, 9
34828, 9
34829, 9
34830, 9
34831, 9
34832, 9
34833, 9
34834, 9
34835, 9
34836, 9
34837, 9
34838, 9
34839, 9
34840, 9
34841, 9
34842, 9
34843, 9
34844, 9
34845, 9
34846, 9
34847, 9
34848, 9
34849, 9
34850, 9
34851, 9
34852, 9
34853, 9
34854, 9
34855, 9
34856, 9
34857, 9
34858, 9
34859, 9
34860, 9
34861, 9
34862, 9
34863, 9
34864, 9
34865, 9
34866, 9
34867, 9
34868, 9
34869, 9
34870, 9
34871, 9
34872, 9
34873, 9
34874, 9
34875, 9
34876, 9
34877, 9
34878, 9
34879, 9
34880, 9
34881, 9
34882, 9
34883, 9
34884, 9
34885, 9
34886, 9
34887, 9
34888, 9
34889, 9
34890, 9
34891, 9
34892, 9
34893, 9
34894, 9
34895, 9
34896, 9
34897, 9
34898, 9
34899, 9
34900, 9
34901, 9
34902, 9
34903, 9
34904, 9
34905, 9
34906, 9
34907, 9
34908, 9
34909, 9
34910, 9
34911, 9
34912, 9
34913, 9
34914, 9
34915, 9
34916, 9
34917, 9
34918, 9
34919, 9
34920, 9
34921, 9
34922, 9
34923, 9
34924, 9
34925, 9
34926, 9
34927, 9
34928, 9
34929, 9
34930, 9
34931, 9
34932, 9
34933, 9
34934, 9
34935, 9
34936, 9
34937, 9
34938, 9
34939, 9
34940, 9
34941, 9
34942, 9
34943, 9
34944, 9
34945, 9
34946, 9
34947, 9
34948, 9
34949, 9
34950, 9
34951, 9
34952, 9
34953, 9
34954, 9
34955, 9
34956, 9
34957, 9
34958, 9
34959, 9
34960, 9
34961, 9
34962, 9
34963, 9
34964, 9
34965, 9
34966, 9
34967, 10
34968, 10
34969, 9
34970, 9
34971, 9
34972, 9
34973, 9
34974, 9
34975, 9
34976, 9
34977, 9
34978, 9
34979, 9
34980, 9
34981, 9
34982, 9
34983, 9
34984, 9
34985, 9
34986, 9
34987, 9
34988, 9
34989, 9
34990, 9
34991, 9
34992, 9
34993, 9
34994, 9
34995, 9
34996, 9
34997, 9
34998, 9
34999, 9
35000, 9
35001, 9
35002, 9
35003, 9
35004, 9
35005, 9
35006, 9
35007, 9
35008, 9
35009, 9
35010, 9
35011, 9
35012, 9
35013, 9
35014, 9
35015, 9
35016, 9
35017, 9
35018, 9
35019, 9
35020, 9
35021, 9
35022, 9
35023, 9
35024, 9
35025, 9
35026, 9
35027, 9
35028, 9
35029, 9
35030, 9
35031, 9
35032, 9
35033, 9
35034, 9
35035, 9
35036, 9
35037, 9
35038, 9
35039, 9
35040, 9
35041, 9
35042, 9
35043, 9
35044, 9
35045, 9
35046, 9
35047, 9
35048, 9
35049, 9
35050, 9
35051, 9
35052, 9
35053, 9
35054, 9
35055, 9
35056, 9
35057, 9
35058, 9
35059, 9
35060, 9
35061, 9
35062, 9
35063, 9
35064, 9
35065, 9
35066, 9
35067, 9
35068, 9
35069, 9
35070, 9
35071, 9
35072, 9
35073, 9
35074, 9
35075, 9
35076, 9
35077, 9
35078, 9
35079, 9
35080, 9
35081, 9
35082, 9
35083, 9
35084, 9
35085, 9
35086, 9
35087, 9
35088, 9
35089, 9
35090, 9
35091, 9
35092, 9
35093, 9
35094, 9
35095, 9
35096, 9
35097, 9
35098, 9
35099, 9
35100, 9
35101, 9
35102, 9
35103, 9
35104, 9
35105, 9
35106, 9
35107, 9
35108, 9
35109, 9
35110, 9
35111, 9
35112, 9
35113, 9
35114, 9
35115, 9
35116, 9
35117, 9
35118, 9
35119, 9
35120, 9
35121, 9
35122, 9
35123, 9
35124, 9
35125, 9
35126, 9
35127, 9
35128, 9
35129, 9
35130, 9
35131, 9
35132, 9
35133, 9
35134, 9
35135, 9
35136, 9
35137, 9
35138, 9
35139, 9
35140, 9
35141, 9
35142, 9
35143, 9
35144, 9
35145, 9
35146, 9
35147, 9
35148, 9
35149, 9
35150, 9
35151, 9
35152, 9
35153, 9
35154, 9
35155, 9
35156, 9
35157, 9
35158, 9
35159, 9
35160, 9
35161, 9
35162, 9
35163, 9
35164, 9
35165, 9
35166, 9
35167, 9
35168, 9
35169, 9
35170, 9
35171, 9
35172, 9
35173, 9
35174, 9
35175, 9
35176, 9
35177, 9
35178, 9
35179, 9
35180, 9
35181, 9
35182, 9
35183, 9
35184, 9
35185, 9
35186, 9
35187, 9
35188, 9
35189, 9
35190, 9
35191, 9
35192, 9
35193, 9
35194, 9
35195, 9
35196, 9
35197, 9
35198, 9
35199, 9
35200, 9
35201, 9
35202, 9
35203, 9
35204, 9
35205, 9
35206, 9
35207, 9
35208, 9
35209, 9
35210, 9
35211, 9
35212, 9
35213, 9
35214, 9
35215, 9
35216, 9
35217, 9
35218, 9
35219, 9
35220, 9
35221, 9
35222, 9
35223, 9
35224, 9
35225, 9
35226, 9
35227, 9
35228, 9
35229, 9
35230, 9
35231, 9
35232, 9
35233, 9
35234, 9
35235, 9
35236, 9
35237, 9
35238, 9
35239, 9
35240, 9
35241, 9
35242, 9
35243, 9
35244, 9
35245, 9
35246, 9
35247, 9
35248, 9
35249, 9
35250, 9
35251, 9
35252, 9
35253, 9
35254, 9
35255, 9
35256, 9
35257, 9
35258, 9
35259, 9
35260, 9
35261, 9
35262, 9
35263, 9
35264, 9
35265, 9
35266, 9
35267, 9
35268, 9
35269, 9
35270, 9
35271, 9
35272, 9
35273, 9
35274, 9
35275, 9
35276, 9
35277, 9
35278, 9
35279, 9
35280, 9
35281, 9
35282, 9
35283, 9
35284, 9
35285, 9
35286, 9
35287, 9
35288, 9
35289, 9
35290, 9
35291, 9
35292, 9
35293, 9
35294, 9
35295, 9
35296, 9
35297, 9
35298, 9
35299, 9
35300, 9
35301, 9
35302, 9
35303, 9
35304, 9
35305, 9
35306, 9
35307, 9
35308, 9
35309, 9
35310, 9
35311, 9
35312, 9
35313, 9
35314, 9
35315, 9
35316, 9
35317, 9
35318, 9
35319, 9
35320, 9
35321, 9
35322, 9
35323, 9
35324, 9
35325, 9
35326, 9
35327, 9
35328, 9
35329, 9
35330, 9
35331, 9
35332, 9
35333, 9
35334, 9
35335, 9
35336, 9
35337, 9
35338, 9
35339, 9
35340, 9
35341, 9
35342, 10
35343, 10
35344, 9
35345, 9
35346, 9
35347, 9
35348, 9
35349, 9
35350, 9
35351, 9
35352, 9
35353, 9
35354, 9
35355, 9
35356, 9
35357, 9
35358, 9
35359, 9
35360, 9
35361, 9
35362, 9
35363, 9
35364, 9
35365, 9
35366, 9
35367, 9
35368, 9
35369, 9
35370, 9
35371, 9
35372, 9
35373, 9
35374, 9
35375, 9
35376, 9
35377, 9
35378, 9
35379, 9
35380, 9
35381, 9
35382, 9
35383, 9
35384, 9
35385, 9
35386, 9
35387, 9
35388, 9
35389, 9
35390, 9
35391, 9
35392, 9
35393, 9
35394, 9
35395, 9
35396, 9
35397, 9
35398, 9
35399, 9
35400, 9
35401, 9
35402, 9
35403, 9
35404, 9
35405, 9
35406, 9
35407, 9
35408, 9
35409, 9
35410, 9
35411, 9
35412, 9
35413, 9
35414, 9
35415, 9
35416, 9
35417, 9
35418, 9
35419, 9
35420, 9
35421, 9
35422, 9
35423, 9
35424, 9
35425, 9
35426, 9
35427, 9
35428, 9
35429, 9
35430, 9
35431, 9
35432, 9
35433, 9
35434, 9
35435, 9
35436, 9
35437, 9
35438, 9
35439, 9
35440, 9
35441, 9
35442, 9
35443, 9
35444, 9
35445, 9
35446, 9
35447, 9
35448, 9
35449, 9
35450, 9
35451, 9
35452, 9
35453, 9
35454, 9
35455, 9
35456, 9
35457, 9
35458, 9
35459, 9
35460, 9
35461, 9
35462, 9
35463, 9
35464, 9
35465, 9
35466, 9
35467, 9
35468, 9
35469, 9
35470, 9
35471, 9
35472, 9
35473, 9
35474, 9
35475, 9
35476, 9
35477, 9
35478, 9
35479, 9
35480, 9
35481, 9
35482, 9
35483, 9
35484, 9
35485, 9
35486, 9
35487, 9
35488, 9
35489, 9
35490, 9
35491, 9
35492, 9
35493, 9
35494, 9
35495, 9
35496, 9
35497, 9
35498, 9
35499, 9
35500, 9
35501, 9
35502, 9
35503, 9
35504, 9
35505, 9
35506, 9
35507, 9
35508, 9
35509, 9
35510, 9
35511, 9
35512, 9
35513, 9
35514, 9
35515, 9
35516, 9
35517, 9
35518, 9
35519, 9
35520, 9
35521, 9
35522, 9
35523, 9
35524, 9
35525, 9
35526, 9
35527, 9
35528, 9
35529, 9
35530, 9
35531, 9
35532, 9
35533, 9
35534, 9
35535, 9
35536, 9
35537, 9
35538, 9
35539, 9
35540, 9
35541, 9
35542, 9
35543, 9
35544, 9
35545, 9
35546, 9
35547, 9
35548, 9
35549, 9
35550, 9
35551, 9
35552, 9
35553, 9
35554, 9
35555, 9
35556, 9
35557, 9
35558, 9
35559, 9
35560, 9
35561, 9
35562, 9
35563, 9
35564, 9
35565, 9
35566, 9
35567, 9
35568, 9
35569, 9
35570, 9
35571, 9
35572, 9
35573, 9
35574, 9
35575, 9
35576, 9
35577, 9
35578, 9
35579, 9
35580, 9
35581, 9
35582, 9
35583, 9
35584, 9
35585, 9
35586, 9
35587, 9
35588, 9
35589, 9
35590, 9
35591, 9
35592, 9
35593, 9
35594, 9
35595, 9
35596, 9
35597, 9
35598, 9
35599, 9
35600, 9
35601, 9
35602, 9
35603, 9
35604, 9
35605, 9
35606, 9
35607, 9
35608, 9
35609, 9
35610, 9
35611, 9
35612, 9
35613, 9
35614, 9
35615, 9
35616, 9
35617, 9
35618, 9
35619, 9
35620, 9
35621, 9
35622, 9
35623, 9
35624, 9
35625, 9
35626, 9
35627, 9
35628, 9
35629, 9
35630, 9
35631, 9
35632, 9
35633, 9
35634, 9
35635, 9
35636, 9
35637, 9
35638, 9
35639, 9
35640, 9
35641, 9
35642, 9
35643, 9
35644, 9
35645, 9
35646, 9
35647, 9
35648, 9
35649, 9
35650, 9
35651, 9
35652, 9
35653, 9
35654, 9
35655, 9
35656, 9
35657, 9
35658, 9
35659, 9
35660, 9
35661, 9
35662, 9
35663, 9
35664, 9
35665, 9
35666, 9
35667, 9
35668, 9
35669, 9
35670, 9
35671, 9
35672, 9
35673, 9
35674, 9
35675, 9
35676, 9
35677, 9
35678, 9
35679, 9
35680, 9
35681, 9
35682, 9
35683, 9
35684, 9
35685, 9
35686, 9
35687, 9
35688, 9
35689, 9
35690, 9
35691, 9
35692, 9
35693, 9
35694, 9
35695, 9
35696, 9
35697, 9
35698, 9
35699, 9
35700, 9
35701, 9
35702, 9
35703, 9
35704, 9
35705, 9
35706, 9
35707, 9
35708, 9
35709, 9
35710, 9
35711, 9
35712, 9
35713, 9
35714, 9
35715, 9
35716, 9
35717, 9
35718, 9
35719, 10
35720, 10
35721, 9
35722, 9
35723, 9
35724, 9
35725, 9
35726, 9
35727, 9
35728, 9
35729, 9
35730, 9
35731, 9
35732, 9
35733, 9
35734, 9
35735, 9
35736, 9
35737, 9
35738, 9
35739, 9
35740, 9
35741, 9
35742, 9
35743, 9
35744, 9
35745, 9
35746, 9
35747, 9
35748, 9
35749, 9
35750, 9
35751, 9
35752, 9
35753, 9
35754, 9
35755, 9
35756, 9
35757, 9
35758, 9
35759, 9
35760, 9
35761, 9
35762, 9
35763, 9
35764, 9
35765, 9
35766, 9
35767, 9
35768, 9
35769, 9
35770, 9
35771, 9
35772, 9
35773, 9
35774, 9
35775, 9
35776, 9
35777, 9
35778, 9
35779, 9
35780, 9
35781, 9
35782, 9
35783, 9
35784, 9
35785, 9
35786, 9
35787, 9
35788, 9
35789, 9
35790, 9
35791, 9
35792, 9
35793, 9
35794, 9
35795, 9
35796, 9
35797, 9
35798, 9
35799, 9
35800, 9
35801, 9
35802, 9
35803, 9
35804, 9
35805, 9
35806, 9
35807, 9
35808, 9
35809, 9
35810, 9
35811, 9
35812, 9
35813, 9
35814, 9
35815, 9
35816, 9
35817, 9
35818, 9
35819, 9
35820, 9
35821, 9
35822, 9
35823, 9
35824, 9
35825, 9
35826, 9
35827, 9
35828, 9
35829, 9
35830, 9
35831, 9
35832, 9
35833, 9
35834, 9
35835, 9
35836, 9
35837, 9
35838, 9
35839, 9
35840, 9
35841, 9
35842, 9
35843, 9
35844, 9
35845, 9
35846, 9
35847, 9
35848, 9
35849, 9
35850, 9
35851, 9
35852, 9
35853, 9
35854, 9
35855, 9
35856, 9
35857, 9
35858, 9
35859, 9
35860, 9
35861, 9
35862, 9
35863, 9
35864, 9
35865, 9
35866, 9
35867, 9
35868, 9
35869, 9
35870, 9
35871, 9
35872, 9
35873, 9
35874, 9
35875, 9
35876, 9
35877, 9
35878, 9
35879, 9
35880, 9
35881, 9
35882, 9
35883, 9
35884, 9
35885, 9
35886, 9
35887, 9
35888, 9
35889, 9
35890, 9
35891, 9
35892, 9
35893, 9
35894, 9
35895, 9
35896, 9
35897, 9
35898, 9
35899, 9
35900, 9
35901, 9
35902, 9
35903, 9
35904, 9
35905, 9
35906, 9
35907, 9
35908, 9
35909, 9
35910, 9
35911, 9
35912, 9
35913, 9
35914, 9
35915, 9
35916, 9
35917, 9
35918, 9
35919, 9
35920, 9
35921, 9
35922, 9
35923, 9
35924, 9
35925, 9
35926, 9
35927, 9
35928, 9
35929, 9
35930, 9
35931, 9
35932, 9
35933, 9
35934, 9
35935, 9
35936, 9
35937, 9
35938, 9
35939, 9
35940, 9
35941, 9
35942, 9
35943, 9
35944, 9
35945, 9
35946, 9
35947, 9
35948, 9
35949, 9
35950, 9
35951, 9
35952, 9
35953, 9
35954, 9
35955, 9
35956, 9
35957, 9
35958, 9
35959, 9
35960, 9
35961, 9
35962, 9
35963, 9
35964, 9
35965, 9
35966, 9
35967, 9
35968, 9
35969, 9
35970, 9
35971, 9
35972, 9
35973, 9
35974, 9
35975, 9
35976, 9
35977, 9
35978, 9
35979, 9
35980, 9
35981, 9
35982, 9
35983, 9
35984, 9
35985, 9
35986, 9
35987, 9
35988, 9
35989, 9
35990, 9
35991, 9
35992, 9
35993, 9
35994, 9
35995, 9
35996, 9
35997, 9
35998, 9
35999, 9
36000, 9
36001, 9
36002, 9
36003, 9
36004, 9
36005, 9
36006, 9
36007, 9
36008, 9
36009, 9
36010, 9
36011, 9
36012, 9
36013, 9
36014, 9
36015, 9
36016, 9
36017, 9
36018, 9
36019, 9
36020, 9
36021, 9
36022, 9
36023, 9
36024, 9
36025, 9
36026, 9
36027, 9
36028, 9
36029, 9
36030, 9
36031, 9
36032, 9
36033, 9
36034, 9
36035, 9
36036, 9
36037, 9
36038, 9
36039, 9
36040, 9
36041, 9
36042, 9
36043, 9
36044, 9
36045, 9
36046, 9
36047, 9
36048, 9
36049, 9
36050, 9
36051, 9
36052, 9
36053, 9
36054, 9
36055, 9
36056, 9
36057, 9
36058, 9
36059, 9
36060, 9
36061, 9
36062, 9
36063, 9
36064, 9
36065, 9
36066, 9
36067, 9
36068, 9
36069, 9
36070, 9
36071, 9
36072, 9
36073, 9
36074, 9
36075, 9
36076, 9
36077, 9
36078, 9
36079, 9
36080, 9
36081, 9
36082, 9
36083, 9
36084, 9
36085, 9
36086, 9
36087, 9
36088, 9
36089, 9
36090, 9
36091, 9
36092, 9
36093, 9
36094, 9
36095, 9
36096, 9
36097, 10
36098, 10
36099, 10
36100, 9
36101, 9
36102, 9
36103, 9
36104, 9
36105, 9
36106, 9
36107, 9
36108, 9
36109, 9
36110, 9
36111, 9
36112, 9
36113, 9
36114, 9
36115, 9
36116, 9
36117, 9
36118, 9
36119, 9
36120, 9
36121, 9
36122, 9
36123, 9
36124, 9
36125, 9
36126, 9
36127, 9
36128, 9
36129, 9
36130, 9
36131, 9
36132, 9
36133, 9
36134, 9
36135, 9
36136, 9
36137, 9
36138, 9
36139, 9
36140, 9
36141, 9
36142, 9
36143, 9
36144, 9
36145, 9
36146, 9
36147, 9
36148, 9
36149, 9
36150, 9
36151, 9
36152, 9
36153, 9
36154, 9
36155, 9
36156, 9
36157, 9
36158, 9
36159, 9
36160, 9
36161, 9
36162, 9
36163, 9
36164, 9
36165, 9
36166, 9
36167, 9
36168, 9
36169, 9
36170, 9
36171, 9
36172, 9
36173, 9
36174, 9
36175, 9
36176, 9
36177, 9
36178, 9
36179, 9
36180, 9
36181, 9
36182, 9
36183, 9
36184, 9
36185, 9
36186, 9
36187, 9
36188, 9
36189, 9
36190, 9
36191, 9
36192, 9
36193, 9
36194, 9
36195, 9
36196, 9
36197, 9
36198, 9
36199, 9
36200, 9
36201, 9
36202, 9
36203, 9
36204, 9
36205, 9
36206, 9
36207, 9
36208, 9
36209, 9
36210, 9
36211, 9
36212, 9
36213, 9
36214, 9
36215, 9
36216, 9
36217, 9
36218, 9
36219, 9
36220, 9
36221, 9
36222, 9
36223, 9
36224, 9
36225, 9
36226, 9
36227, 9
36228, 9
36229, 9
36230, 9
36231, 9
36232, 9
36233, 9
36234, 9
36235, 9
36236, 9
36237, 9
36238, 9
36239, 9
36240, 9
36241, 9
36242, 9
36243, 9
36244, 9
36245, 9
36246, 9
36247, 9
36248, 9
36249, 9
36250, 9
36251, 9
36252, 9
36253, 9
36254, 9
36255, 9
36256, 9
36257, 9
36258, 9
36259, 9
36260, 9
36261, 9
36262, 9
36263, 9
36264, 9
36265, 9
36266, 9
36267, 9
36268, 9
36269, 9
36270, 9
36271, 9
36272, 9
36273, 9
36274, 9
36275, 9
36276, 9
36277, 9
36278, 9
36279, 9
36280, 9
36281, 9
36282, 9
36283, 9
36284, 9
36285, 9
36286, 9
36287, 9
36288, 9
36289, 9
36290, 9
36291, 9
36292, 9
36293, 9
36294, 9
36295, 9
36296, 9
36297, 9
36298, 9
36299, 9
36300, 9
36301, 9
36302, 9
36303, 9
36304, 9
36305, 9
36306, 9
36307, 9
36308, 9
36309, 9
36310, 9
36311, 9
36312, 9
36313, 9
36314, 9
36315, 9
36316, 9
36317, 9
36318, 9
36319, 9
36320, 9
36321, 9
36322, 9
36323, 9
36324, 9
36325, 9
36326, 9
36327, 9
36328, 9
36329, 9
36330, 9
36331, 9
36332, 9
36333, 9
36334, 9
36335, 9
36336, 9
36337, 9
36338, 9
36339, 9
36340, 9
36341, 9
36342, 9
36343, 9
36344, 9
36345, 9
36346, 9
36347, 9
36348, 9
36349, 9
36350, 9
36351, 9
36352, 9
36353, 9
36354, 9
36355, 9
36356, 9
36357, 9
36358, 9
36359, 9
36360, 9
36361, 9
36362, 9
36363, 9
36364, 9
36365, 9
36366, 9
36367, 9
36368, 9
36369, 9
36370, 9
36371, 9
36372, 9
36373, 9
36374, 9
36375, 9
36376, 9
36377, 9
36378, 9
36379, 9
36380, 9
36381, 9
36382, 9
36383, 9
36384, 9
36385, 9
36386, 9
36387, 9
36388, 9
36389, 9
36390, 9
36391, 9
36392, 9
36393, 9
36394, 9
36395, 9
36396, 9
36397, 9
36398, 9
36399, 9
36400, 9
36401, 9
36402, 9
36403, 9
36404, 9
36405, 9
36406, 9
36407, 9
36408, 9
36409, 9
36410, 9
36411, 9
36412, 9
36413, 9
36414, 9
36415, 9
36416, 9
36417, 9
36418, 9
36419, 9
36420, 9
36421, 9
36422, 9
36423, 9
36424, 9
36425, 9
36426, 9
36427, 9
36428, 9
36429, 9
36430, 9
36431, 9
36432, 9
36433, 9
36434, 9
36435, 9
36436, 9
36437, 9
36438, 9
36439, 9
36440, 9
36441, 9
36442, 9
36443, 9
36444, 9
36445, 9
36446, 9
36447, 9
36448, 9
36449, 9
36450, 9
36451, 9
36452, 9
36453, 9
36454, 9
36455, 9
36456, 9
36457, 9
36458, 9
36459, 9
36460, 9
36461, 9
36462, 9
36463, 9
36464, 9
36465, 9
36466, 9
36467, 9
36468, 9
36469, 9
36470, 9
36471, 9
36472, 9
36473, 9
36474, 9
36475, 9
36476, 9
36477, 9
36478, 10
36479, 10
36480, 10
36481, 9
36482, 9
36483, 9
36484, 9
36485, 9
36486, 9
36487, 9
36488, 9
36489, 9
36490, 9
36491, 9
36492, 9
36493, 9
36494, 9
36495, 9
36496, 9
36497, 9
36498, 9
36499, 9
36500, 9
36501, 9
36502, 9
36503, 9
36504, 9
36505, 9
36506, 9
36507, 9
36508, 9
36509, 9
36510, 9
36511, 9
36512, 9
36513, 9
36514, 9
36515, 9
36516, 9
36517, 9
36518, 9
36519, 9
36520, 9
36521, 9
36522, 9
36523, 9
36524, 9
36525, 9
36526, 9
36527, 9
36528, 9
36529, 9
36530, 9
36531, 9
36532, 9
36533, 9
36534, 9
36535, 9
36536, 9
36537, 9
36538, 9
36539, 9
36540, 9
36541, 9
36542, 9
36543, 9
36544, 9
36545, 9
36546, 9
36547, 9
36548, 9
36549, 9
36550, 9
36551, 9
36552, 9
36553, 9
36554, 9
36555, 9
36556, 9
36557, 9
36558, 9
36559, 9
36560, 9
36561, 9
36562, 9
36563, 9
36564, 9
36565, 9
36566, 9
36567, 9
36568, 9
36569, 9
36570, 9
36571, 9
36572, 9
36573, 9
36574, 9
36575, 9
36576, 9
36577, 9
36578, 9
36579, 9
36580, 9
36581, 9
36582, 9
36583, 9
36584, 9
36585, 9
36586, 9
36587, 9
36588, 9
36589, 9
36590, 9
36591, 9
36592, 9
36593, 9
36594, 9
36595, 9
36596, 9
36597, 9
36598, 9
36599, 9
36600, 9
36601, 9
36602, 9
36603, 9
36604, 9
36605, 9
36606, 9
36607, 9
36608, 9
36609, 9
36610, 9
36611, 9
36612, 9
36613, 9
36614, 9
36615, 9
36616, 9
36617, 9
36618, 9
36619, 9
36620, 9
36621, 9
36622, 9
36623, 9
36624, 9
36625, 9
36626, 9
36627, 9
36628, 9
36629, 9
36630, 9
36631, 9
36632, 9
36633, 9
36634, 9
36635, 9
36636, 9
36637, 9
36638, 9
36639, 9
36640, 9
36641, 9
36642, 9
36643, 9
36644, 9
36645, 9
36646, 9
36647, 9
36648, 9
36649, 9
36650, 9
36651, 9
36652, 9
36653, 9
36654, 9
36655, 9
36656, 9
36657, 9
36658, 9
36659, 9
36660, 9
36661, 9
36662, 9
36663, 9
36664, 9
36665, 9
36666, 9
36667, 9
36668, 9
36669, 9
36670, 9
36671, 9
36672, 9
36673, 9
36674, 9
36675, 9
36676, 9
36677, 9
36678, 9
36679, 9
36680, 9
36681, 9
36682, 9
36683, 9
36684, 9
36685, 9
36686, 9
36687, 9
36688, 9
36689, 9
36690, 9
36691, 9
36692, 9
36693, 9
36694, 9
36695, 9
36696, 9
36697, 9
36698, 9
36699, 9
36700, 9
36701, 9
36702, 9
36703, 9
36704, 9
36705, 9
36706, 9
36707, 9
36708, 9
36709, 9
36710, 9
36711, 9
36712, 9
36713, 9
36714, 9
36715, 9
36716, 9
36717, 9
36718, 9
36719, 9
36720, 9
36721, 9
36722, 9
36723, 9
36724, 9
36725, 9
36726, 9
36727, 9
36728, 9
36729, 9
36730, 9
36731, 9
36732, 9
36733, 9
36734, 9
36735, 9
36736, 9
36737, 9
36738, 9
36739, 9
36740, 9
36741, 9
36742, 9
36743, 9
36744, 9
36745, 9
36746, 9
36747, 9
36748, 9
36749, 9
36750, 9
36751, 9
36752, 9
36753, 9
36754, 9
36755, 9
36756, 9
36757, 9
36758, 9
36759, 9
36760, 9
36761, 9
36762, 9
36763, 9
36764, 9
36765, 9
36766, 9
36767, 9
36768, 9
36769, 9
36770, 9
36771, 9
36772, 9
36773, 9
36774, 9
36775, 9
36776, 9
36777, 9
36778, 9
36779, 9
36780, 9
36781, 9
36782, 9
36783, 9
36784, 9
36785, 9
36786, 9
36787, 9
36788, 9
36789, 9
36790, 9
36791, 9
36792, 9
36793, 9
36794, 9
36795, 9
36796, 9
36797, 9
36798, 9
36799, 9
36800, 9
36801, 9
36802, 9
36803, 9
36804, 9
36805, 9
36806, 9
36807, 9
36808, 9
36809, 9
36810, 9
36811, 9
36812, 9
36813, 9
36814, 9
36815, 9
36816, 9
36817, 9
36818, 9
36819, 9
36820, 9
36821, 9
36822, 9
36823, 9
36824, 9
36825, 9
36826, 9
36827, 9
36828, 9
36829, 9
36830, 9
36831, 9
36832, 9
36833, 9
36834, 9
36835, 9
36836, 9
36837, 9
36838, 9
36839, 9
36840, 9
36841, 9
36842, 9
36843, 9
36844, 9
36845, 9
36846, 9
36847, 9
36848, 9
36849, 9
36850, 9
36851, 9
36852, 9
36853, 9
36854, 9
36855, 9
36856, 9
36857, 9
36858, 9
36859, 9
36860, 9
36861, 10
36862, 10
36863, 10
36864, 9
36865, 9
36866, 9
36867, 9
36868, 9
36869, 9
36870, 9
36871, 9
36872, 9
36873, 9
36874, 9
36875, 9
36876, 9
36877, 9
36878, 9
36879, 9
36880, 9
36881, 9
36882, 9
36883, 9
36884, 9
36885, 9
36886, 9
36887, 9
36888, 9
36889, 9
36890, 9
36891, 9
36892, 9
36893, 9
36894, 9
36895, 9
36896, 9
36897, 9
36898, 9
36899, 9
36900, 9
36901, 9
36902, 9
36903, 9
36904, 9
36905, 9
36906, 9
36907, 9
36908, 9
36909, 9
36910, 9
36911, 9
36912, 9
36913, 9
36914, 9
36915, 9
36916, 9
36917, 9
36918, 9
36919, 9
36920, 9
36921, 9
36922, 9
36923, 9
36924, 9
36925, 9
36926, 9
36927, 9
36928, 9
36929, 9
36930, 9
36931, 9
36932, 9
36933, 9
36934, 9
36935, 9
36936, 9
36937, 9
36938, 9
36939, 9
36940, 9
36941, 9
36942, 9
36943, 9
36944, 9
36945, 9
36946, 9
36947, 9
36948, 9
36949, 9
36950, 9
36951, 9
36952, 9
36953, 9
36954, 9
36955, 9
36956, 9
36957, 9
36958, 9
36959, 9
36960, 9
36961, 9
36962, 9
36963, 9
36964, 9
36965, 9
36966, 9
36967, 9
36968, 9
36969, 9
36970, 9
36971, 9
36972, 9
36973, 9
36974, 9
36975, 9
36976, 9
36977, 9
36978, 9
36979, 9
36980, 9
36981, 9
36982, 9
36983, 9
36984, 9
36985, 9
36986, 9
36987, 9
36988, 9
36989, 9
36990, 9
36991, 9
36992, 9
36993, 9
36994, 9
36995, 9
36996, 9
36997, 9
36998, 9
36999, 9
37000, 9
37001, 9
37002, 9
37003, 9
37004, 9
37005, 9
37006, 9
37007, 9
37008, 9
37009, 9
37010, 9
37011, 9
37012, 9
37013, 9
37014, 9
37015, 9
37016, 9
37017, 9
37018, 9
37019, 9
37020, 9
37021, 9
37022, 9
37023, 9
37024, 9
37025, 9
37026, 9
37027, 9
37028, 9
37029, 9
37030, 9
37031, 9
37032, 9
37033, 9
37034, 9
37035, 9
37036, 9
37037, 9
37038, 9
37039, 9
37040, 9
37041, 9
37042, 9
37043, 9
37044, 9
37045, 9
37046, 9
37047, 9
37048, 9
37049, 9
37050, 9
37051, 9
37052, 9
37053, 9
37054, 9
37055, 9
37056, 9
37057, 9
37058, 9
37059, 9
37060, 9
37061, 9
37062, 9
37063, 9
37064, 9
37065, 9
37066, 9
37067, 9
37068, 9
37069, 9
37070, 9
37071, 9
37072, 9
37073, 9
37074, 9
37075, 9
37076, 9
37077, 9
37078, 9
37079, 9
37080, 9
37081, 9
37082, 9
37083, 9
37084, 9
37085, 9
37086, 9
37087, 9
37088, 9
37089, 9
37090, 9
37091, 9
37092, 9
37093, 9
37094, 9
37095, 9
37096, 9
37097, 9
37098, 9
37099, 9
37100, 9
37101, 9
37102, 9
37103, 9
37104, 9
37105, 9
37106, 9
37107, 9
37108, 9
37109, 9
37110, 9
37111, 9
37112, 9
37113, 9
37114, 9
37115, 9
37116, 9
37117, 9
37118, 9
37119, 9
37120, 9
37121, 9
37122, 9
37123, 9
37124, 9
37125, 9
37126, 9
37127, 9
37128, 9
37129, 9
37130, 9
37131, 9
37132, 9
37133, 9
37134, 9
37135, 9
37136, 9
37137, 9
37138, 9
37139, 9
37140, 9
37141, 9
37142, 9
37143, 9
37144, 9
37145, 9
37146, 9
37147, 9
37148, 9
37149, 9
37150, 9
37151, 9
37152, 9
37153, 9
37154, 9
37155, 9
37156, 9
37157, 9
37158, 9
37159, 9
37160, 9
37161, 9
37162, 9
37163, 9
37164, 9
37165, 9
37166, 9
37167, 9
37168, 9
37169, 9
37170, 9
37171, 9
37172, 9
37173, 9
37174, 9
37175, 9
37176, 9
37177, 9
37178, 9
37179, 9
37180, 9
37181, 9
37182, 9
37183, 9
37184, 9
37185, 9
37186, 9
37187, 9
37188, 9
37189, 9
37190, 9
37191, 9
37192, 9
37193, 9
37194, 9
37195, 9
37196, 9
37197, 9
37198, 9
37199, 9
37200, 9
37201, 9
37202, 9
37203, 9
37204, 9
37205, 9
37206, 9
37207, 9
37208, 9
37209, 9
37210, 9
37211, 9
37212, 9
37213, 9
37214, 9
37215, 9
37216, 9
37217, 9
37218, 9
37219, 9
37220, 9
37221, 9
37222, 9
37223, 9
37224, 9
37225, 9
37226, 9
37227, 9
37228, 9
37229, 9
37230, 9
37231, 9
37232, 9
37233, 9
37234, 9
37235, 9
37236, 9
37237, 9
37238, 9
37239, 9
37240, 9
37241, 9
37242, 9
37243, 9
37244, 9
37245, 9
37246, 10
37247, 10
37248, 10
37249, 9
37250, 9
37251, 9
37252, 9
37253, 9
37254, 9
37255, 9
37256, 9
37257, 9
37258, 9
37259, 9
37260, 9
37261, 9
37262, 9
37263, 9
37264, 9
37265, 9
37266, 9
37267, 9
37268, 9
37269, 9
37270, 9
37271, 9
37272, 9
37273, 9
37274, 9
37275, 9
37276, 9
37277, 9
37278, 9
37279, 9
37280, 9
37281, 9
37282, 9
37283, 9
37284, 9
37285, 9
37286, 9
37287, 9
37288, 9
37289, 9
37290, 9
37291, 9
37292, 9
37293, 9
37294, 9
37295, 9
37296, 9
37297, 9
37298, 9
37299, 9
37300, 9
37301, 9
37302, 9
37303, 9
37304, 9
37305, 9
37306, 9
37307, 9
37308, 9
37309, 9
37310, 9
37311, 9
37312, 9
37313, 9
37314, 9
37315, 9
37316, 9
37317, 9
37318, 9
37319, 9
37320, 9
37321, 9
37322, 9
37323, 9
37324, 9
37325, 9
37326, 9
37327, 9
37328, 9
37329, 9
37330, 9
37331, 9
37332, 9
37333, 9
37334, 9
37335, 9
37336, 9
37337, 9
37338, 9
37339, 9
37340, 9
37341, 9
37342, 9
37343, 9
37344, 9
37345, 9
37346, 9
37347, 9
37348, 9
37349, 9
37350, 9
37351, 9
37352, 9
37353, 9
37354, 9
37355, 9
37356, 9
37357, 9
37358, 9
37359, 9
37360, 9
37361, 9
37362, 9
37363, 9
37364, 9
37365, 9
37366, 9
37367, 9
37368, 9
37369, 9
37370, 9
37371, 9
37372, 9
37373, 9
37374, 9
37375, 9
37376, 9
37377, 9
37378, 9
37379, 9
37380, 9
37381, 9
37382, 9
37383, 9
37384, 9
37385, 9
37386, 9
37387, 9
37388, 9
37389, 9
37390, 9
37391, 9
37392, 9
37393, 9
37394, 9
37395, 9
37396, 9
37397, 9
37398, 9
37399, 9
37400, 9
37401, 9
37402, 9
37403, 9
37404, 9
37405, 9
37406, 9
37407, 9
37408, 9
37409, 9
37410, 9
37411, 9
37412, 9
37413, 9
37414, 9
37415, 9
37416, 9
37417, 9
37418, 9
37419, 9
37420, 9
37421, 9
37422, 9
37423, 9
37424, 9
37425, 9
37426, 9
37427, 9
37428, 9
37429, 9
37430, 9
37431, 9
37432, 9
37433, 9
37434, 9
37435, 9
37436, 9
37437, 9
37438, 9
37439, 9
37440, 9
37441, 9
37442, 9
37443, 9
37444, 9
37445, 9
37446, 9
37447, 9
37448, 9
37449, 9
37450, 9
37451, 9
37452, 9
37453, 9
37454, 9
37455, 9
37456, 9
37457, 9
37458, 9
37459, 9
37460, 9
37461, 9
37462, 9
37463, 9
37464, 9
37465, 9
37466, 9
37467, 9
37468, 9
37469, 9
37470, 9
37471, 9
37472, 9
37473, 9
37474, 9
37475, 9
37476, 9
37477, 9
37478, 9
37479, 9
37480, 9
37481, 9
37482, 9
37483, 9
37484, 9
37485, 9
37486, 9
37487, 9
37488, 9
37489, 9
37490, 9
37491, 9
37492, 9
37493, 9
37494, 9
37495, 9
37496, 9
37497, 9
37498, 9
37499, 9
37500, 9
37501, 9
37502, 9
37503, 9
37504, 9
37505, 9
37506, 9
37507, 9
37508, 9
37509, 9
37510, 9
37511, 9
37512, 9
37513, 9
37514, 9
37515, 9
37516, 9
37517, 9
37518, 9
37519, 9
37520, 9
37521, 9
37522, 9
37523, 9
37524, 9
37525, 9
37526, 9
37527, 9
37528, 9
37529, 9
37530, 9
37531, 9
37532, 9
37533, 9
37534, 9
37535, 9
37536, 9
37537, 9
37538, 9
37539, 9
37540, 9
37541, 9
37542, 9
37543, 9
37544, 9
37545, 9
37546, 9
37547, 9
37548, 9
37549, 9
37550, 9
37551, 9
37552, 9
37553, 9
37554, 9
37555, 9
37556, 9
37557, 9
37558, 9
37559, 9
37560, 9
37561, 9
37562, 9
37563, 9
37564, 9
37565, 9
37566, 9
37567, 9
37568, 9
37569, 9
37570, 9
37571, 9
37572, 9
37573, 9
37574, 9
37575, 9
37576, 9
37577, 9
37578, 9
37579, 9
37580, 9
37581, 9
37582, 9
37583, 9
37584, 9
37585, 9
37586, 9
37587, 9
37588, 9
37589, 9
37590, 9
37591, 9
37592, 9
37593, 9
37594, 9
37595, 9
37596, 9
37597, 9
37598, 9
37599, 9
37600, 9
37601, 9
37602, 9
37603, 9
37604, 9
37605, 9
37606, 9
37607, 9
37608, 9
37609, 9
37610, 9
37611, 9
37612, 9
37613, 9
37614, 9
37615, 9
37616, 9
37617, 9
37618, 9
37619, 9
37620, 9
37621, 9
37622, 9
37623, 9
37624, 9
37625, 9
37626, 9
37627, 9
37628, 9
37629, 9
37630, 9
37631, 9
37632, 9
37633, 10
37634, 10
37635, 10
37636, 9
37637, 9
37638, 9
37639, 9
37640, 9
37641, 9
37642, 9
37643, 9
37644, 9
37645, 9
37646, 9
37647, 9
37648, 9
37649, 9
37650, 9
37651, 9
37652, 9
37653, 9
37654, 9
37655, 9
37656, 9
37657, 9
37658, 9
37659, 9
37660, 9
37661, 9
37662, 9
37663, 9
37664, 9
37665, 9
37666, 9
37667, 9
37668, 9
37669, 9
37670, 9
37671, 9
37672, 9
37673, 9
37674, 9
37675, 9
37676, 9
37677, 9
37678, 9
37679, 9
37680, 9
37681, 9
37682, 9
37683, 9
37684, 9
37685, 9
37686, 9
37687, 9
37688, 9
37689, 9
37690, 9
37691, 9
37692, 9
37693, 9
37694, 9
37695, 9
37696, 9
37697, 9
37698, 9
37699, 9
37700, 9
37701, 9
37702, 9
37703, 9
37704, 9
37705, 9
37706, 9
37707, 9
37708, 9
37709, 9
37710, 9
37711, 9
37712, 9
37713, 9
37714, 9
37715, 9
37716, 9
37717, 9
37718, 9
37719, 9
37720, 9
37721, 9
37722, 9
37723, 9
37724, 9
37725, 9
37726, 9
37727, 9
37728, 9
37729, 9
37730, 9
37731, 9
37732, 9
37733, 9
37734, 9
37735, 9
37736, 9
37737, 9
37738, 9
37739, 9
37740, 9
37741, 9
37742, 9
37743, 9
37744, 9
37745, 9
37746, 9
37747, 9
37748, 9
37749, 9
37750, 9
37751, 9
37752, 9
37753, 9
37754, 9
37755, 9
37756, 9
37757, 9
37758, 9
37759, 9
37760, 9
37761, 9
37762, 9
37763, 9
37764, 9
37765, 9
37766, 9
37767, 9
37768, 9
37769, 9
37770, 9
37771, 9
37772, 9
37773, 9
37774, 9
37775, 9
37776, 9
37777, 9
37778, 9
37779, 9
37780, 9
37781, 9
37782, 9
37783, 9
37784, 9
37785, 9
37786, 9
37787, 9
37788, 9
37789, 9
37790, 9
37791, 9
37792, 9
37793, 9
37794, 9
37795, 9
37796, 9
37797, 9
37798, 9
37799, 9
37800, 9
37801, 9
37802, 9
37803, 9
37804, 9
37805, 9
37806, 9
37807, 9
37808, 9
37809, 9
37810, 9
37811, 9
37812, 9
37813, 9
37814, 9
37815, 9
37816, 9
37817, 9
37818, 9
37819, 9
37820, 9
37821, 9
37822, 9
37823, 9
37824, 9
37825, 9
37826, 9
37827, 9
37828, 9
37829, 9
37830, 9
37831, 9
37832, 9
37833, 9
37834, 9
37835, 9
37836, 9
37837, 9
37838, 9
37839, 9
37840, 9
37841, 9
37842, 9
37843, 9
37844, 9
37845, 9
37846, 9
37847, 9
37848, 9
37849, 9
37850, 9
37851, 9
37852, 9
37853, 9
37854, 9
37855, 9
37856, 9
37857, 9
37858, 9
37859, 9
37860, 9
37861, 9
37862, 9
37863, 9
37864, 9
37865, 9
37866, 9
37867, 9
37868, 9
37869, 9
37870, 9
37871, 9
37872, 9
37873, 9
37874, 9
37875, 9
37876, 9
37877, 9
37878, 9
37879, 9
37880, 9
37881, 9
37882, 9
37883, 9
37884, 9
37885, 9
37886, 9
37887, 9
37888, 9
37889, 9
37890, 9
37891, 9
37892, 9
37893, 9
37894, 9
37895, 9
37896, 9
37897, 9
37898, 9
37899, 9
37900, 9
37901, 9
37902, 9
37903, 9
37904, 9
37905, 9
37906, 9
37907, 9
37908, 9
37909, 9
37910, 9
37911, 9
37912, 9
37913, 9
37914, 9
37915, 9
37916, 9
37917, 9
37918, 9
37919, 9
37920, 9
37921, 9
37922, 9
37923, 9
37924, 9
37925, 9
37926, 9
37927, 9
37928, 9
37929, 9
37930, 9
37931, 9
37932, 9
37933, 9
37934, 9
37935, 9
37936, 9
37937, 9
37938, 9
37939, 9
37940, 9
37941, 9
37942, 9
37943, 9
37944, 9
37945, 9
37946, 9
37947, 9
37948, 9
37949, 9
37950, 9
37951, 9
37952, 9
37953, 9
37954, 9
37955, 9
37956, 9
37957, 9
37958, 9
37959, 9
37960, 9
37961, 9
37962, 9
37963, 9
37964, 9
37965, 9
37966, 9
37967, 9
37968, 9
37969, 9
37970, 9
37971, 9
37972, 9
37973, 9
37974, 9
37975, 9
37976, 9
37977, 9
37978, 9
37979, 9
37980, 9
37981, 9
37982, 9
37983, 9
37984, 9
37985, 9
37986, 9
37987, 9
37988, 9
37989, 9
37990, 9
37991, 9
37992, 9
37993, 9
37994, 9
37995, 9
37996, 9
37997, 9
37998, 9
37999, 9
38000, 9
38001, 9
38002, 9
38003, 9
38004, 9
38005, 9
38006, 9
38007, 9
38008, 9
38009, 9
38010, 9
38011, 9
38012, 9
38013, 9
38014, 9
38015, 9
38016, 9
38017, 9
38018, 9
38019, 9
38020, 9
38021, 10
38022, 10
38023, 10
38024, 10
38025, 9
38026, 9
38027, 9
38028, 9
38029, 9
38030, 9
38031, 9
38032, 9
38033, 9
38034, 9
38035, 9
38036, 9
38037, 9
38038, 9
38039, 9
38040, 9
38041, 9
38042, 9
38043, 9
38044, 9
38045, 9
38046, 9
38047, 9
38048, 9
38049, 9
38050, 9
38051, 9
38052, 9
38053, 9
38054, 9
38055, 9
38056, 9
38057, 9
38058, 9
38059, 9
38060, 9
38061, 9
38062, 9
38063, 9
38064, 9
38065, 9
38066, 9
38067, 9
38068, 9
38069, 9
38070, 9
38071, 9
38072, 9
38073, 9
38074, 9
38075, 9
38076, 9
38077, 9
38078, 9
38079, 9
38080, 9
38081, 9
38082, 9
38083, 9
38084, 9
38085, 9
38086, 9
38087, 9
38088, 9
38089, 9
38090, 9
38091, 9
38092, 9
38093, 9
38094, 9
38095, 9
38096, 9
38097, 9
38098, 9
38099, 9
38100, 9
38101, 9
38102, 9
38103, 9
38104, 9
38105, 9
38106, 9
38107, 9
38108, 9
38109, 9
38110, 9
38111, 9
38112, 9
38113, 9
38114, 9
38115, 9
38116, 9
38117, 9
38118, 9
38119, 9
38120, 9
38121, 9
38122, 9
38123, 9
38124, 9
38125, 9
38126, 9
38127, 9
38128, 9
38129, 9
38130, 9
38131, 9
38132, 9
38133, 9
38134, 9
38135, 9
38136, 9
38137, 9
38138, 9
38139, 9
38140, 9
38141, 9
38142, 9
38143, 9
38144, 9
38145, 9
38146, 9
38147, 9
38148, 9
38149, 9
38150, 9
38151, 9
38152, 9
38153, 9
38154, 9
38155, 9
38156, 9
38157, 9
38158, 9
38159, 9
38160, 9
38161, 9
38162, 9
38163, 9
38164, 9
38165, 9
38166, 9
38167, 9
38168, 9
38169, 9
38170, 9
38171, 9
38172, 9
38173, 9
38174, 9
38175, 9
38176, 9
38177, 9
38178, 9
38179, 9
38180, 9
38181, 9
38182, 9
38183, 9
38184, 9
38185, 9
38186, 9
38187, 9
38188, 9
38189, 9
38190, 9
38191, 9
38192, 9
38193, 9
38194, 9
38195, 9
38196, 9
38197, 9
38198, 9
38199, 9
38200, 9
38201, 9
38202, 9
38203, 9
38204, 9
38205, 9
38206, 9
38207, 9
38208, 9
38209, 9
38210, 9
38211, 9
38212, 9
38213, 9
38214, 9
38215, 9
38216, 9
38217, 9
38218, 9
38219, 9
38220, 9
38221, 9
38222, 9
38223, 9
38224, 9
38225, 9
38226, 9
38227, 9
38228, 9
38229, 9
38230, 9
38231, 9
38232, 9
38233, 9
38234, 9
38235, 9
38236, 9
38237, 9
38238, 9
38239, 9
38240, 9
38241, 9
38242, 9
38243, 9
38244, 9
38245, 9
38246, 9
38247, 9
38248, 9
38249, 9
38250, 9
38251, 9
38252, 9
38253, 9
38254, 9
38255, 9
38256, 9
38257, 9
38258, 9
38259, 9
38260, 9
38261, 9
38262, 9
38263, 9
38264, 9
38265, 9
38266, 9
38267, 9
38268, 9
38269, 9
38270, 9
38271, 9
38272, 9
38273, 9
38274, 9
38275, 9
38276, 9
38277, 9
38278, 9
38279, 9
38280, 9
38281, 9
38282, 9
38283, 9
38284, 9
38285, 9
38286, 9
38287, 9
38288, 9
38289, 9
38290, 9
38291, 9
38292, 9
38293, 9
38294, 9
38295, 9
38296, 9
38297, 9
38298, 9
38299, 9
38300, 9
38301, 9
38302, 9
38303, 9
38304, 9
38305, 9
38306, 9
38307, 9
38308, 9
38309, 9
38310, 9
38311, 9
38312, 9
38313, 9
38314, 9
38315, 9
38316, 9
38317, 9
38318, 9
38319, 9
38320, 9
38321, 9
38322, 9
38323, 9
38324, 9
38325, 9
38326, 9
38327, 9
38328, 9
38329, 9
38330, 9
38331, 9
38332, 9
38333, 9
38334, 9
38335, 9
38336, 9
38337, 9
38338, 9
38339, 9
38340, 9
38341, 9
38342, 9
38343, 9
38344, 9
38345, 9
38346, 9
38347, 9
38348, 9
38349, 9
38350, 9
38351, 9
38352, 9
38353, 9
38354, 9
38355, 9
38356, 9
38357, 9
38358, 9
38359, 9
38360, 9
38361, 9
38362, 9
38363, 9
38364, 9
38365, 9
38366, 9
38367, 9
38368, 9
38369, 9
38370, 9
38371, 9
38372, 9
38373, 9
38374, 9
38375, 9
38376, 9
38377, 9
38378, 9
38379, 9
38380, 9
38381, 9
38382, 9
38383, 9
38384, 9
38385, 9
38386, 9
38387, 9
38388, 9
38389, 9
38390, 9
38391, 9
38392, 9
38393, 9
38394, 9
38395, 9
38396, 9
38397, 9
38398, 9
38399, 9
38400, 9
38401, 9
38402, 9
38403, 9
38404, 9
38405, 9
38406, 9
38407, 9
38408, 9
38409, 9
38410, 9
38411, 9
38412, 10
38413, 10
38414, 10
38415, 10
38416, 9
38417, 9
38418, 9
38419, 9
38420, 9
38421, 9
38422, 9
38423, 9
38424, 9
38425, 9
38426, 9
38427, 9
38428, 9
38429, 9
38430, 9
38431, 9
38432, 9
38433, 9
38434, 9
38435, 9
38436, 9
38437, 9
38438, 9
38439, 9
38440, 9
38441, 9
38442, 9
38443, 9
38444, 9
38445, 9
38446, 9
38447, 9
38448, 9
38449, 9
38450, 9
38451, 9
38452, 9
38453, 9
38454, 9
38455, 9
38456, 9
38457, 9
38458, 9
38459, 9
38460, 9
38461, 9
38462, 9
38463, 9
38464, 9
38465, 9
38466, 9
38467, 9
38468, 9
38469, 9
38470, 9
38471, 9
38472, 9
38473, 9
38474, 9
38475, 9
38476, 9
38477, 9
38478, 9
38479, 9
38480, 9
38481, 9
38482, 9
38483, 9
38484, 9
38485, 9
38486, 9
38487, 9
38488, 9
38489, 9
38490, 9
38491, 9
38492, 9
38493, 9
38494, 9
38495, 9
38496, 9
38497, 9
38498, 9
38499, 9
38500, 9
38501, 9
38502, 9
38503, 9
38504, 9
38505, 9
38506, 9
38507, 9
38508, 9
38509, 9
38510, 9
38511, 9
38512, 9
38513, 9
38514, 9
38515, 9
38516, 9
38517, 9
38518, 9
38519, 9
38520, 9
38521, 9
38522, 9
38523, 9
38524, 9
38525, 9
38526, 9
38527, 9
38528, 9
38529, 9
38530, 9
38531, 9
38532, 9
38533, 9
38534, 9
38535, 9
38536, 9
38537, 9
38538, 9
38539, 9
38540, 9
38541, 9
38542, 9
38543, 9
38544, 9
38545, 9
38546, 9
38547, 9
38548, 9
38549, 9
38550, 9
38551, 9
38552, 9
38553, 9
38554, 9
38555, 9
38556, 9
38557, 9
38558, 9
38559, 9
38560, 9
38561, 9
38562, 9
38563, 9
38564, 9
38565, 9
38566, 9
38567, 9
38568, 9
38569, 9
38570, 9
38571, 9
38572, 9
38573, 9
38574, 9
38575, 9
38576, 9
38577, 9
38578, 9
38579, 9
38580, 9
38581, 9
38582, 9
38583, 9
38584, 9
38585, 9
38586, 9
38587, 9
38588, 9
38589, 9
38590, 9
38591, 9
38592, 9
38593, 9
38594, 9
38595, 9
38596, 9
38597, 9
38598, 9
38599, 9
38600, 9
38601, 9
38602, 9
38603, 9
38604, 9
38605, 9
38606, 9
38607, 9
38608, 9
38609, 9
38610, 9
38611, 9
38612, 9
38613, 9
38614, 9
38615, 9
38616, 9
38617, 9
38618, 9
38619, 9
38620, 9
38621, 9
38622, 9
38623, 9
38624, 9
38625, 9
38626, 9
38627, 9
38628, 9
38629, 9
38630, 9
38631, 9
38632, 9
38633, 9
38634, 9
38635, 9
38636, 9
38637, 9
38638, 9
38639, 9
38640, 9
38641, 9
38642, 9
38643, 9
38644, 9
38645, 9
38646, 9
38647, 9
38648, 9
38649, 9
38650, 9
38651, 9
38652, 9
38653, 9
38654, 9
38655, 9
38656, 9
38657, 9
38658, 9
38659, 9
38660, 9
38661, 9
38662, 9
38663, 9
38664, 9
38665, 9
38666, 9
38667, 9
38668, 9
38669, 9
38670, 9
38671, 9
38672, 9
38673, 9
38674, 9
38675, 9
38676, 9
38677, 9
38678, 9
38679, 9
38680, 9
38681, 9
38682, 9
38683, 9
38684, 9
38685, 9
38686, 9
38687, 9
38688, 9
38689, 9
38690, 9
38691, 9
38692, 9
38693, 9
38694, 9
38695, 9
38696, 9
38697, 9
38698, 9
38699, 9
38700, 9
38701, 9
38702, 9
38703, 9
38704, 9
38705, 9
38706, 9
38707, 9
38708, 9
38709, 9
38710, 9
38711, 9
38712, 9
38713, 9
38714, 9
38715, 9
38716, 9
38717, 9
38718, 9
38719, 9
38720, 9
38721, 9
38722, 9
38723, 9
38724, 9
38725, 9
38726, 9
38727, 9
38728, 9
38729, 9
38730, 9
38731, 9
38732, 9
38733, 9
38734, 9
38735, 9
38736, 9
38737, 9
38738, 9
38739, 9
38740, 9
38741, 9
38742, 9
38743, 9
38744, 9
38745, 9
38746, 9
38747, 9
38748, 9
38749, 9
38750, 9
38751, 9
38752, 9
38753, 9
38754, 9
38755, 9
38756, 9
38757, 9
38758, 9
38759, 9
38760, 9
38761, 9
38762, 9
38763, 9
38764, 9
38765, 9
38766, 9
38767, 9
38768, 9
38769, 9
38770, 9
38771, 9
38772, 9
38773, 9
38774, 9
38775, 9
38776, 9
38777, 9
38778, 9
38779, 9
38780, 9
38781, 9
38782, 9
38783, 9
38784, 9
38785, 9
38786, 9
38787, 9
38788, 9
38789, 9
38790, 9
38791, 9
38792, 9
38793, 9
38794, 9
38795, 9
38796, 9
38797, 9
38798, 9
38799, 9
38800, 9
38801, 9
38802, 9
38803, 9
38804, 9
38805, 10
38806, 10
38807, 10
38808, 10
38809, 9
38810, 9
38811, 9
38812, 9
38813, 9
38814, 9
38815, 9
38816, 9
38817, 9
38818, 9
38819, 9
38820, 9
38821, 9
38822, 9
38823, 9
38824, 9
38825, 9
38826, 9
38827, 9
38828, 9
38829, 9
38830, 9
38831, 9
38832, 9
38833, 9
38834, 9
38835, 9
38836, 9
38837, 9
38838, 9
38839, 9
38840, 9
38841, 9
38842, 9
38843, 9
38844, 9
38845, 9
38846, 9
38847, 9
38848, 9
38849, 9
38850, 9
38851, 9
38852, 9
38853, 9
38854, 9
38855, 9
38856, 9
38857, 9
38858, 9
38859, 9
38860, 9
38861, 9
38862, 9
38863, 9
38864, 9
38865, 9
38866, 9
38867, 9
38868, 9
38869, 9
38870, 9
38871, 9
38872, 9
38873, 9
38874, 9
38875, 9
38876, 9
38877, 9
38878, 9
38879, 9
38880, 9
38881, 9
38882, 9
38883, 9
38884, 9
38885, 9
38886, 9
38887, 9
38888, 9
38889, 9
38890, 9
38891, 9
38892, 9
38893, 9
38894, 9
38895, 9
38896, 9
38897, 9
38898, 9
38899, 9
38900, 9
38901, 9
38902, 9
38903, 9
38904, 9
38905, 9
38906, 9
38907, 9
38908, 9
38909, 9
38910, 9
38911, 9
38912, 9
38913, 9
38914, 9
38915, 9
38916, 9
38917, 9
38918, 9
38919, 9
38920, 9
38921, 9
38922, 9
38923, 9
38924, 9
38925, 9
38926, 9
38927, 9
38928, 9
38929, 9
38930, 9
38931, 9
38932, 9
38933, 9
38934, 9
38935, 9
38936, 9
38937, 9
38938, 9
38939, 9
38940, 9
38941, 9
38942, 9
38943, 9
38944, 9
38945, 9
38946, 9
38947, 9
38948, 9
38949, 9
38950, 9
38951, 9
38952, 9
38953, 9
38954, 9
38955, 9
38956, 9
38957, 9
38958, 9
38959, 9
38960, 9
38961, 9
38962, 9
38963, 9
38964, 9
38965, 9
38966, 9
38967, 9
38968, 9
38969, 9
38970, 9
38971, 9
38972, 9
38973, 9
38974, 9
38975, 9
38976, 9
38977, 9
38978, 9
38979, 9
38980, 9
38981, 9
38982, 9
38983, 9
38984, 9
38985, 9
38986, 9
38987, 9
38988, 9
38989, 9
38990, 9
38991, 9
38992, 9
38993, 9
38994, 9
38995, 9
38996, 9
38997, 9
38998, 9
38999, 9
39000, 9
39001, 9
39002, 9
39003, 9
39004, 9
39005, 9
39006, 9
39007, 9
39008, 9
39009, 9
39010, 9
39011, 9
39012, 9
39013, 9
39014, 9
39015, 9
39016, 9
39017, 9
39018, 9
39019, 9
39020, 9
39021, 9
39022, 9
39023, 9
39024, 9
39025, 9
39026, 9
39027, 9
39028, 9
39029, 9
39030, 9
39031, 9
39032, 9
39033, 9
39034, 9
39035, 9
39036, 9
39037, 9
39038, 9
39039, 9
39040, 9
39041, 9
39042, 9
39043, 9
39044, 9
39045, 9
39046, 9
39047, 9
39048, 9
39049, 9
39050, 9
39051, 9
39052, 9
39053, 9
39054, 9
39055, 9
39056, 9
39057, 9
39058, 9
39059, 9
39060, 9
39061, 9
39062, 9
39063, 9
39064, 9
39065, 9
39066, 9
39067, 9
39068, 9
39069, 9
39070, 9
39071, 9
39072, 9
39073, 9
39074, 9
39075, 9
39076, 9
39077, 9
39078, 9
39079, 9
39080, 9
39081, 9
39082, 9
39083, 9
39084, 9
39085, 9
39086, 9
39087, 9
39088, 9
39089, 9
39090, 9
39091, 9
39092, 9
39093, 9
39094, 9
39095, 9
39096, 9
39097, 9
39098, 9
39099, 9
39100, 9
39101, 9
39102, 9
39103, 9
39104, 9
39105, 9
39106, 9
39107, 9
39108, 9
39109, 9
39110, 9
39111, 9
39112, 9
39113, 9
39114, 9
39115, 9
39116, 9
39117, 9
39118, 9
39119, 9
39120, 9
39121, 9
39122, 9
39123, 9
39124, 9
39125, 9
39126, 9
39127, 9
39128, 9
39129, 9
39130, 9
39131, 9
39132, 9
39133, 9
39134, 9
39135, 9
39136, 9
39137, 9
39138, 9
39139, 9
39140, 9
39141, 9
39142, 9
39143, 9
39144, 9
39145, 9
39146, 9
39147, 9
39148, 9
39149, 9
39150, 9
39151, 9
39152, 9
39153, 9
39154, 9
39155, 9
39156, 9
39157, 9
39158, 9
39159, 9
39160, 9
39161, 9
39162, 9
39163, 9
39164, 9
39165, 9
39166, 9
39167, 9
39168, 9
39169, 9
39170, 9
39171, 9
39172, 9
39173, 9
39174, 9
39175, 9
39176, 9
39177, 9
39178, 9
39179, 9
39180, 9
39181, 9
39182, 9
39183, 9
39184, 9
39185, 9
39186, 9
39187, 9
39188, 9
39189, 9
39190, 9
39191, 9
39192, 9
39193, 9
39194, 9
39195, 9
39196, 9
39197, 9
39198, 9
39199, 10
39200, 10
39201, 10
39202, 10
39203, 10
39204, 9
39205, 9
39206, 9
39207, 9
39208, 9
39209, 9
39210, 9
39211, 9
39212, 9
39213, 9
39214, 9
39215, 9
39216, 9
39217, 9
39218, 9
39219, 9
39220, 9
39221, 9
39222, 9
39223, 9
39224, 9
39225, 9
39226, 9
39227, 9
39228, 9
39229, 9
39230, 9
39231, 9
39232, 9
39233, 9
39234, 9
39235, 9
39236, 9
39237, 9
39238, 9
39239, 9
39240, 9
39241, 9
39242, 9
39243, 9
39244, 9
39245, 9
39246, 9
39247, 9
39248, 9
39249, 9
39250, 9
39251, 9
39252, 9
39253, 9
39254, 9
39255, 9
39256, 9
39257, 9
39258, 9
39259, 9
39260, 9
39261, 9
39262, 9
39263, 9
39264, 9
39265, 9
39266, 9
39267, 9
39268, 9
39269, 9
39270, 9
39271, 9
39272, 9
39273, 9
39274, 9
39275, 9
39276, 9
39277, 9
39278, 9
39279, 9
39280, 9
39281, 9
39282, 9
39283, 9
39284, 9
39285, 9
39286, 9
39287, 9
39288, 9
39289, 9
39290, 9
39291, 9
39292, 9
39293, 9
39294, 9
39295, 9
39296, 9
39297, 9
39298, 9
39299, 9
39300, 9
39301, 9
39302, 9
39303, 9
39304, 9
39305, 9
39306, 9
39307, 9
39308, 9
39309, 9
39310, 9
39311, 9
39312, 9
39313, 9
39314, 9
39315, 9
39316, 9
39317, 9
39318, 9
39319, 9
39320, 9
39321, 9
39322, 9
39323, 9
39324, 9
39325, 9
39326, 9
39327, 9
39328, 9
39329, 9
39330, 9
39331, 9
39332, 9
39333, 9
39334, 9
39335, 9
39336, 9
39337, 9
39338, 9
39339, 9
39340, 9
39341, 9
39342, 9
39343, 9
39344, 9
39345, 9
39346, 9
39347, 9
39348, 9
39349, 9
39350, 9
39351, 9
39352, 9
39353, 9
39354, 9
39355, 9
39356, 9
39357, 9
39358, 9
39359, 9
39360, 9
39361, 9
39362, 9
39363, 9
39364, 9
39365, 9
39366, 9
39367, 9
39368, 9
39369, 9
39370, 9
39371, 9
39372, 9
39373, 9
39374, 9
39375, 9
39376, 9
39377, 9
39378, 9
39379, 9
39380, 9
39381, 9
39382, 9
39383, 9
39384, 9
39385, 9
39386, 9
39387, 9
39388, 9
39389, 9
39390, 9
39391, 9
39392, 9
39393, 9
39394, 9
39395, 9
39396, 9
39397, 9
39398, 9
39399, 9
39400, 9
39401, 9
39402, 9
39403, 9
39404, 9
39405, 9
39406, 9
39407, 9
39408, 9
39409, 9
39410, 9
39411, 9
39412, 9
39413, 9
39414, 9
39415, 9
39416, 9
39417, 9
39418, 9
39419, 9
39420, 9
39421, 9
39422, 9
39423, 9
39424, 9
39425, 9
39426, 9
39427, 9
39428, 9
39429, 9
39430, 9
39431, 9
39432, 9
39433, 9
39434, 9
39435, 9
39436, 9
39437, 9
39438, 9
39439, 9
39440, 9
39441, 9
39442, 9
39443, 9
39444, 9
39445, 9
39446, 9
39447, 9
39448, 9
39449, 9
39450, 9
39451, 9
39452, 9
39453, 9
39454, 9
39455, 9
39456, 9
39457, 9
39458, 9
39459, 9
39460, 9
39461, 9
39462, 9
39463, 9
39464, 9
39465, 9
39466, 9
39467, 9
39468, 9
39469, 9
39470, 9
39471, 9
39472, 9
39473, 9
39474, 9
39475, 9
39476, 9
39477, 9
39478, 9
39479, 9
39480, 9
39481, 9
39482, 9
39483, 9
39484, 9
39485, 9
39486, 9
39487, 9
39488, 9
39489, 9
39490, 9
39491, 9
39492, 9
39493, 9
39494, 9
39495, 9
39496, 9
39497, 9
39498, 9
39499, 9
39500, 9
39501, 9
39502, 9
39503, 9
39504, 9
39505, 9
39506, 9
39507, 9
39508, 9
39509, 9
39510, 9
39511, 9
39512, 9
39513, 9
39514, 9
39515, 9
39516, 9
39517, 9
39518, 9
39519, 9
39520, 9
39521, 9
39522, 9
39523, 9
39524, 9
39525, 9
39526, 9
39527, 9
39528, 9
39529, 9
39530, 9
39531, 9
39532, 9
39533, 9
39534, 9
39535, 9
39536, 9
39537, 9
39538, 9
39539, 9
39540, 9
39541, 9
39542, 9
39543, 9
39544, 9
39545, 9
39546, 9
39547, 9
39548, 9
39549, 9
39550, 9
39551, 9
39552, 9
39553, 9
39554, 9
39555, 9
39556, 9
39557, 9
39558, 9
39559, 9
39560, 9
39561, 9
39562, 9
39563, 9
39564, 9
39565, 9
39566, 9
39567, 9
39568, 9
39569, 9
39570, 9
39571, 9
39572, 9
39573, 9
39574, 9
39575, 9
39576, 9
39577, 9
39578, 9
39579, 9
39580, 9
39581, 9
39582, 9
39583, 9
39584, 9
39585, 9
39586, 9
39587, 9
39588, 9
39589, 9
39590, 9
39591, 9
39592, 9
39593, 9
39594, 9
39595, 9
39596, 10
39597, 10
39598, 10
39599, 10
39600, 10
39601, 9
39602, 9
39603, 9
39604, 9
39605, 9
39606, 9
39607, 9
39608, 9
39609, 9
39610, 9
39611, 9
39612, 9
39613, 9
39614, 9
39615, 9
39616, 9
39617, 9
39618, 9
39619, 9
39620, 9
39621, 9
39622, 9
39623, 9
39624, 9
39625, 9
39626, 9
39627, 9
39628, 9
39629, 9
39630, 9
39631, 9
39632, 9
39633, 9
39634, 9
39635, 9
39636, 9
39637, 9
39638, 9
39639, 9
39640, 9
39641, 9
39642, 9
39643, 9
39644, 9
39645, 9
39646, 9
39647, 9
39648, 9
39649, 9
39650, 9
39651, 9
39652, 9
39653, 9
39654, 9
39655, 9
39656, 9
39657, 9
39658, 9
39659, 9
39660, 9
39661, 9
39662, 9
39663, 9
39664, 9
39665, 9
39666, 9
39667, 9
39668, 9
39669, 9
39670, 9
39671, 9
39672, 9
39673, 9
39674, 9
39675, 9
39676, 9
39677, 9
39678, 9
39679, 9
39680, 9
39681, 9
39682, 9
39683, 9
39684, 9
39685, 9
39686, 9
39687, 9
39688, 9
39689, 9
39690, 9
39691, 9
39692, 9
39693, 9
39694, 9
39695, 9
39696, 9
39697, 9
39698, 9
39699, 9
39700, 9
39701, 9
39702, 9
39703, 9
39704, 9
39705, 9
39706, 9
39707, 9
39708, 9
39709, 9
39710, 9
39711, 9
39712, 9
39713, 9
39714, 9
39715, 9
39716, 9
39717, 9
39718, 9
39719, 9
39720, 9
39721, 9
39722, 9
39723, 9
39724, 9
39725, 9
39726, 9
39727, 9
39728, 9
39729, 9
39730, 9
39731, 9
39732, 9
39733, 9
39734, 9
39735, 9
39736, 9
39737, 9
39738, 9
39739, 9
39740, 9
39741, 9
39742, 9
39743, 9
39744, 9
39745, 9
39746, 9
39747, 9
39748, 9
39749, 9
39750, 9
39751, 9
39752, 9
39753, 9
39754, 9
39755, 9
39756, 9
39757, 9
39758, 9
39759, 9
39760, 9
39761, 9
39762, 9
39763, 9
39764, 9
39765, 9
39766, 9
39767, 9
39768, 9
39769, 9
39770, 9
39771, 9
39772, 9
39773, 9
39774, 9
39775, 9
39776, 9
39777, 9
39778, 9
39779, 9
39780, 9
39781, 9
39782, 9
39783, 9
39784, 9
39785, 9
39786, 9
39787, 9
39788, 9
39789, 9
39790, 9
39791, 9
39792, 9
39793, 9
39794, 9
39795, 9
39796, 9
39797, 9
39798, 9
39799, 9
39800, 9
39801, 9
39802, 9
39803, 9
39804, 9
39805, 9
39806, 9
39807, 9
39808, 9
39809, 9
39810, 9
39811, 9
39812, 9
39813, 9
39814, 9
39815, 9
39816, 9
39817, 9
39818, 9
39819, 9
39820, 9
39821, 9
39822, 9
39823, 9
39824, 9
39825, 9
39826, 9
39827, 9
39828, 9
39829, 9
39830, 9
39831, 9
39832, 9
39833, 9
39834, 9
39835, 9
39836, 9
39837, 9
39838, 9
39839, 9
39840, 9
39841, 9
39842, 9
39843, 9
39844, 9
39845, 9
39846, 9
39847, 9
39848, 9
39849, 9
39850, 9
39851, 9
39852, 9
39853, 9
39854, 9
39855, 9
39856, 9
39857, 9
39858, 9
39859, 9
39860, 9
39861, 9
39862, 9
39863, 9
39864, 9
39865, 9
39866, 9
39867, 9
39868, 9
39869, 9
39870, 9
39871, 9
39872, 9
39873, 9
39874, 9
39875, 9
39876, 9
39877, 9
39878, 9
39879, 9
39880, 9
39881, 9
39882, 9
39883, 9
39884, 9
39885, 9
39886, 9
39887, 9
39888, 9
39889, 9
39890, 9
39891, 9
39892, 9
39893, 9
39894, 9
39895, 9
39896, 9
39897, 9
39898, 9
39899, 9
39900, 9
39901, 9
39902, 9
39903, 9
39904, 9
39905, 9
39906, 9
39907, 9
39908, 9
39909, 9
39910, 9
39911, 9
39912, 9
39913, 9
39914, 9
39915, 9
39916, 9
39917, 9
39918, 9
39919, 9
39920, 9
39921, 9
39922, 9
39923, 9
39924, 9
39925, 9
39926, 9
39927, 9
39928, 9
39929, 9
39930, 9
39931, 9
39932, 9
39933, 9
39934, 9
39935, 9
39936, 9
39937, 9
39938, 9
39939, 9
39940, 9
39941, 9
39942, 9
39943, 9
39944, 9
39945, 9
39946, 9
39947, 9
39948, 9
39949, 9
39950, 9
39951, 9
39952, 9
39953, 9
39954, 9
39955, 9
39956, 9
39957, 9
39958, 9
39959, 9
39960, 9
39961, 9
39962, 9
39963, 9
39964, 9
39965, 9
39966, 9
39967, 9
39968, 9
39969, 9
39970, 9
39971, 9
39972, 9
39973, 9
39974, 9
39975, 9
39976, 9
39977, 9
39978, 9
39979, 9
39980, 9
39981, 9
39982, 9
39983, 9
39984, 9
39985, 9
39986, 9
39987, 9
39988, 9
39989, 9
39990, 9
39991, 9
39992, 9
39993, 9
39994, 9
39995, 10
39996, 10
39997, 10
39998, 10
39999, 10
40000, 9
40001, 9
40002, 9
40003, 9
40004, 9
40005, 9
40006, 9
40007, 9
40008, 9
40009, 9
40010, 9
40011, 9
40012, 9
40013, 9
40014, 9
40015, 9
40016, 9
40017, 9
40018, 9
40019, 9
40020, 9
40021, 9
40022, 9
40023, 9
40024, 9
40025, 9
40026, 9
40027, 9
40028, 9
40029, 9
40030, 9
40031, 9
40032, 9
40033, 9
40034, 9
40035, 9
40036, 9
40037, 9
40038, 9
40039, 9
40040, 9
40041, 9
40042, 9
40043, 9
40044, 9
40045, 9
40046, 9
40047, 9
40048, 9
40049, 9
40050, 9
40051, 9
40052, 9
40053, 9
40054, 9
40055, 9
40056, 9
40057, 9
40058, 9
40059, 9
40060, 9
40061, 9
40062, 9
40063, 9
40064, 9
40065, 9
40066, 9
40067, 9
40068, 9
40069, 9
40070, 9
40071, 9
40072, 9
40073, 9
40074, 9
40075, 9
40076, 9
40077, 9
40078, 9
40079, 9
40080, 9
40081, 9
40082, 9
40083, 9
40084, 9
40085, 9
40086, 9
40087, 9
40088, 9
40089, 9
40090, 9
40091, 9
40092, 9
40093, 9
40094, 9
40095, 9
40096, 9
40097, 9
40098, 9
40099, 9
40100, 9
40101, 9
40102, 9
40103, 9
40104, 9
40105, 9
40106, 9
40107, 9
40108, 9
40109, 9
40110, 9
40111, 9
40112, 9
40113, 9
40114, 9
40115, 9
40116, 9
40117, 9
40118, 9
40119, 9
40120, 9
40121, 9
40122, 9
40123, 9
40124, 9
40125, 9
40126, 9
40127, 9
40128, 9
40129, 9
40130, 9
40131, 9
40132, 9
40133, 9
40134, 9
40135, 9
40136, 9
40137, 9
40138, 9
40139, 9
40140, 9
40141, 9
40142, 9
40143, 9
40144, 9
40145, 9
40146, 9
40147, 9
40148, 9
40149, 9
40150, 9
40151, 9
40152, 9
40153, 9
40154, 9
40155, 9
40156, 9
40157, 9
40158, 9
40159, 9
40160, 9
40161, 9
40162, 9
40163, 9
40164, 9
40165, 9
40166, 9
40167, 9
40168, 9
40169, 9
40170, 9
40171, 9
40172, 9
40173, 9
40174, 9
40175, 9
40176, 9
40177, 9
40178, 9
40179, 9
40180, 9
40181, 9
40182, 9
40183, 9
40184, 9
40185, 9
40186, 9
40187, 9
40188, 9
40189, 9
40190, 9
40191, 9
40192, 9
40193, 9
40194, 9
40195, 9
40196, 9
40197, 9
40198, 9
40199, 9
40200, 9
40201, 9
40202, 9
40203, 9
40204, 9
40205, 9
40206, 9
40207, 9
40208, 9
40209, 9
40210, 9
40211, 9
40212, 9
40213, 9
40214, 9
40215, 9
40216, 9
40217, 9
40218, 9
40219, 9
40220, 9
40221, 9
40222, 9
40223, 9
40224, 9
40225, 9
40226, 9
40227, 9
40228, 9
40229, 9
40230, 9
40231, 9
40232, 9
40233, 9
40234, 9
40235, 9
40236, 9
40237, 9
40238, 9
40239, 9
40240, 9
40241, 9
40242, 9
40243, 9
40244, 9
40245, 9
40246, 9
40247, 9
40248, 9
40249, 9
40250, 9
40251, 9
40252, 9
40253, 9
40254, 9
40255, 9
40256, 9
40257, 9
40258, 9
40259, 9
40260, 9
40261, 9
40262, 9
40263, 9
40264, 9
40265, 9
40266, 9
40267, 9
40268, 9
40269, 9
40270, 9
40271, 9
40272, 9
40273, 9
40274, 9
40275, 9
40276, 9
40277, 9
40278, 9
40279, 9
40280, 9
40281, 9
40282, 9
40283, 9
40284, 9
40285, 9
40286, 9
40287, 9
40288, 9
40289, 9
40290, 9
40291, 9
40292, 9
40293, 9
40294, 9
40295, 9
40296, 9
40297, 9
40298, 9
40299, 9
40300, 9
40301, 9
40302, 9
40303, 9
40304, 9
40305, 9
40306, 9
40307, 9
40308, 9
40309, 9
40310, 9
40311, 9
40312, 9
40313, 9
40314, 9
40315, 9
40316, 9
40317, 9
40318, 9
40319, 9
40320, 9
40321, 9
40322, 9
40323, 9
40324, 9
40325, 9
40326, 9
40327, 9
40328, 9
40329, 9
40330, 9
40331, 9
40332, 9
40333, 9
40334, 9
40335, 9
40336, 9
40337, 9
40338, 9
40339, 9
40340, 9
40341, 9
40342, 9
40343, 9
40344, 9
40345, 9
40346, 9
40347, 9
40348, 9
40349, 9
40350, 9
40351, 9
40352, 9
40353, 9
40354, 9
40355, 9
40356, 9
40357, 9
40358, 9
40359, 9
40360, 9
40361, 9
40362, 9
40363, 9
40364, 9
40365, 9
40366, 9
40367, 9
40368, 9
40369, 9
40370, 9
40371, 9
40372, 9
40373, 9
40374, 9
40375, 9
40376, 9
40377, 9
40378, 9
40379, 9
40380, 9
40381, 9
40382, 9
40383, 9
40384, 9
40385, 9
40386, 9
40387, 9
40388, 9
40389, 9
40390, 9
40391, 9
40392, 9
40393, 9
40394, 9
40395, 10
40396, 10
40397, 10
40398, 10
40399, 10
40400, 10
40401, 9
40402, 9
40403, 9
40404, 9
40405, 9
40406, 9
40407, 9
40408, 9
40409, 9
40410, 9
40411, 9
40412, 9
40413, 9
40414, 9
40415, 9
40416, 9
40417, 9
40418, 9
40419, 9
40420, 9
40421, 9
40422, 9
40423, 9
40424, 9
40425, 9
40426, 9
40427, 9
40428, 9
40429, 9
40430, 9
40431, 9
40432, 9
40433, 9
40434, 9
40435, 9
40436, 9
40437, 9
40438, 9
40439, 9
40440, 9
40441, 9
40442, 9
40443, 9
40444, 9
40445, 9
40446, 9
40447, 9
40448, 9
40449, 9
40450, 9
40451, 9
40452, 9
40453, 9
40454, 9
40455, 9
40456, 9
40457, 9
40458, 9
40459, 9
40460, 9
40461, 9
40462, 9
40463, 9
40464, 9
40465, 9
40466, 9
40467, 9
40468, 9
40469, 9
40470, 9
40471, 9
40472, 9
40473, 9
40474, 9
40475, 9
40476, 9
40477, 9
40478, 9
40479, 9
40480, 9
40481, 9
40482, 9
40483, 9
40484, 9
40485, 9
40486, 9
40487, 9
40488, 9
40489, 9
40490, 9
40491, 9
40492, 9
40493, 9
40494, 9
40495, 9
40496, 9
40497, 9
40498, 9
40499, 9
40500, 9
40501, 9
40502, 9
40503, 9
40504, 9
40505, 9
40506, 9
40507, 9
40508, 9
40509, 9
40510, 9
40511, 9
40512, 9
40513, 9
40514, 9
40515, 9
40516, 9
40517, 9
40518, 9
40519, 9
40520, 9
40521, 9
40522, 9
40523, 9
40524, 9
40525, 9
40526, 9
40527, 9
40528, 9
40529, 9
40530, 9
40531, 9
40532, 9
40533, 9
40534, 9
40535, 9
40536, 9
40537, 9
40538, 9
40539, 9
40540, 9
40541, 9
40542, 9
40543, 9
40544, 9
40545, 9
40546, 9
40547, 9
40548, 9
40549, 9
40550, 9
40551, 9
40552, 9
40553, 9
40554, 9
40555, 9
40556, 9
40557, 9
40558, 9
40559, 9
40560, 9
40561, 9
40562, 9
40563, 9
40564, 9
40565, 9
40566, 9
40567, 9
40568, 9
40569, 9
40570, 9
40571, 9
40572, 9
40573, 9
40574, 9
40575, 9
40576, 9
40577, 9
40578, 9
40579, 9
40580, 9
40581, 9
40582, 9
40583, 9
40584, 9
40585, 9
40586, 9
40587, 9
40588, 9
40589, 9
40590, 9
40591, 9
40592, 9
40593, 9
40594, 9
40595, 9
40596, 9
40597, 9
40598, 9
40599, 9
40600, 9
40601, 9
40602, 9
40603, 9
40604, 9
40605, 9
40606, 9
40607, 9
40608, 9
40609, 9
40610, 9
40611, 9
40612, 9
40613, 9
40614, 9
40615, 9
40616, 9
40617, 9
40618, 9
40619, 9
40620, 9
40621, 9
40622, 9
40623, 9
40624, 9
40625, 9
40626, 9
40627, 9
40628, 9
40629, 9
40630, 9
40631, 9
40632, 9
40633, 9
40634, 9
40635, 9
40636, 9
40637, 9
40638, 9
40639, 9
40640, 9
40641, 9
40642, 9
40643, 9
40644, 9
40645, 9
40646, 9
40647, 9
40648, 9
40649, 9
40650, 9
40651, 9
40652, 9
40653, 9
40654, 9
40655, 9
40656, 9
40657, 9
40658, 9
40659, 9
40660, 9
40661, 9
40662, 9
40663, 9
40664, 9
40665, 9
40666, 9
40667, 9
40668, 9
40669, 9
40670, 9
40671, 9
40672, 9
40673, 9
40674, 9
40675, 9
40676, 9
40677, 9
40678, 9
40679, 9
40680, 9
40681, 9
40682, 9
40683, 9
40684, 9
40685, 9
40686, 9
40687, 9
40688, 9
40689, 9
40690, 9
40691, 9
40692, 9
40693, 9
40694, 9
40695, 9
40696, 9
40697, 9
40698, 9
40699, 9
40700, 9
40701, 9
40702, 9
40703, 9
40704, 9
40705, 9
40706, 9
40707, 9
40708, 9
40709, 9
40710, 9
40711, 9
40712, 9
40713, 9
40714, 9
40715, 9
40716, 9
40717, 9
40718, 9
40719, 9
40720, 9
40721, 9
40722, 9
40723, 9
40724, 9
40725, 9
40726, 9
40727, 9
40728, 9
40729, 9
40730, 9
40731, 9
40732, 9
40733, 9
40734, 9
40735, 9
40736, 9
40737, 9
40738, 9
40739, 9
40740, 9
40741, 9
40742, 9
40743, 9
40744, 9
40745, 9
40746, 9
40747, 9
40748, 9
40749, 9
40750, 9
40751, 9
40752, 9
40753, 9
40754, 9
40755, 9
40756, 9
40757, 9
40758, 9
40759, 9
40760, 9
40761, 9
40762, 9
40763, 9
40764, 9
40765, 9
40766, 9
40767, 9
40768, 9
40769, 9
40770, 9
40771, 9
40772, 9
40773, 9
40774, 9
40775, 9
40776, 9
40777, 9
40778, 9
40779, 9
40780, 9
40781, 9
40782, 9
40783, 9
40784, 9
40785, 9
40786, 9
40787, 9
40788, 9
40789, 9
40790, 9
40791, 9
40792, 9
40793, 9
40794, 9
40795, 9
40796, 9
40797, 9
40798, 10
40799, 10
40800, 10
40801, 10
40802, 10
40803, 10
40804, 9
40805, 9
40806, 9
40807, 9
40808, 9
40809, 9
40810, 9
40811, 9
40812, 9
40813, 9
40814, 9
40815, 9
40816, 9
40817, 9
40818, 9
40819, 9
40820, 9
40821, 9
40822, 9
40823, 9
40824, 9
40825, 9
40826, 9
40827, 9
40828, 9
40829, 9
40830, 9
40831, 9
40832, 9
40833, 9
40834, 9
40835, 9
40836, 9
40837, 9
40838, 9
40839, 9
40840, 9
40841, 9
40842, 9
40843, 9
40844, 9
40845, 9
40846, 9
40847, 9
40848, 9
40849, 9
40850, 9
40851, 9
40852, 9
40853, 9
40854, 9
40855, 9
40856, 9
40857, 9
40858, 9
40859, 9
40860, 9
40861, 9
40862, 9
40863, 9
40864, 9
40865, 9
40866, 9
40867, 9
40868, 9
40869, 9
40870, 9
40871, 9
40872, 9
40873, 9
40874, 9
40875, 9
40876, 9
40877, 9
40878, 9
40879, 9
40880, 9
40881, 9
40882, 9
40883, 9
40884, 9
40885, 9
40886, 9
40887, 9
40888, 9
40889, 9
40890, 9
40891, 9
40892, 9
40893, 9
40894, 9
40895, 9
40896, 9
40897, 9
40898, 9
40899, 9
40900, 9
40901, 9
40902, 9
40903, 9
40904, 9
40905, 9
40906, 9
40907, 9
40908, 9
40909, 9
40910, 9
40911, 9
40912, 9
40913, 9
40914, 9
40915, 9
40916, 9
40917, 9
40918, 9
40919, 9
40920, 9
40921, 9
40922, 9
40923, 9
40924, 9
40925, 9
40926, 9
40927, 9
40928, 9
40929, 9
40930, 9
40931, 9
40932, 9
40933, 9
40934, 9
40935, 9
40936, 9
40937, 9
40938, 9
40939, 9
40940, 9
40941, 9
40942, 9
40943, 9
40944, 9
40945, 9
40946, 9
40947, 9
40948, 9
40949, 9
40950, 9
40951, 9
40952, 9
40953, 9
40954, 9
40955, 9
40956, 9
40957, 9
40958, 9
40959, 9
40960, 9
40961, 9
40962, 9
40963, 9
40964, 9
40965, 9
40966, 9
40967, 9
40968, 9
40969, 9
40970, 9
40971, 9
40972, 9
40973, 9
40974, 9
40975, 9
40976, 9
40977, 9
40978, 9
40979, 9
40980, 9
40981, 9
40982, 9
40983, 9
40984, 9
40985, 9
40986, 9
40987, 9
40988, 9
40989, 9
40990, 9
40991, 9
40992, 9
40993, 9
40994, 9
40995, 9
40996, 9
40997, 9
40998, 9
40999, 9
41000, 9
41001, 9
41002, 9
41003, 9
41004, 9
41005, 9
41006, 9
41007, 9
41008, 9
41009, 9
41010, 9
41011, 9
41012, 9
41013, 9
41014, 9
41015, 9
41016, 9
41017, 9
41018, 9
41019, 9
41020, 9
41021, 9
41022, 9
41023, 9
41024, 9
41025, 9
41026, 9
41027, 9
41028, 9
41029, 9
41030, 9
41031, 9
41032, 9
41033, 9
41034, 9
41035, 9
41036, 9
41037, 9
41038, 9
41039, 9
41040, 9
41041, 9
41042, 9
41043, 9
41044, 9
41045, 9
41046, 9
41047, 9
41048, 9
41049, 9
41050, 9
41051, 9
41052, 9
41053, 9
41054, 9
41055, 9
41056, 9
41057, 9
41058, 9
41059, 9
41060, 9
41061, 9
41062, 9
41063, 9
41064, 9
41065, 9
41066, 9
41067, 9
41068, 9
41069, 9
41070, 9
41071, 9
41072, 9
41073, 9
41074, 9
41075, 9
41076, 9
41077, 9
41078, 9
41079, 9
41080, 9
41081, 9
41082, 9
41083, 9
41084, 9
41085, 9
41086, 9
41087, 9
41088, 9
41089, 9
41090, 9
41091, 9
41092, 9
41093, 9
41094, 9
41095, 9
41096, 9
41097, 9
41098, 9
41099, 9
41100, 9
41101, 9
41102, 9
41103, 9
41104, 9
41105, 9
41106, 9
41107, 9
41108, 9
41109, 9
41110, 9
41111, 9
41112, 9
41113, 9
41114, 9
41115, 9
41116, 9
41117, 9
41118, 9
41119, 9
41120, 9
41121, 9
41122, 9
41123, 9
41124, 9
41125, 9
41126, 9
41127, 9
41128, 9
41129, 9
41130, 9
41131, 9
41132, 9
41133, 9
41134, 9
41135, 9
41136, 9
41137, 9
41138, 9
41139, 9
41140, 9
41141, 9
41142, 9
41143, 9
41144, 9
41145, 9
41146, 9
41147, 9
41148, 9
41149, 9
41150, 9
41151, 9
41152, 9
41153, 9
41154, 9
41155, 9
41156, 9
41157, 9
41158, 9
41159, 9
41160, 9
41161, 9
41162, 9
41163, 9
41164, 9
41165, 9
41166, 9
41167, 9
41168, 9
41169, 9
41170, 9
41171, 9
41172, 9
41173, 9
41174, 9
41175, 9
41176, 9
41177, 9
41178, 9
41179, 9
41180, 9
41181, 9
41182, 9
41183, 9
41184, 9
41185, 9
41186, 9
41187, 9
41188, 9
41189, 9
41190, 9
41191, 9
41192, 9
41193, 9
41194, 9
41195, 9
41196, 9
41197, 9
41198, 9
41199, 9
41200, 9
41201, 9
41202, 9
41203, 10
41204, 10
41205, 10
41206, 10
41207, 10
41208, 10
41209, 9
41210, 9
41211, 9
41212, 9
41213, 9
41214, 9
41215, 9
41216, 9
41217, 9
41218, 9
41219, 9
41220, 9
41221, 9
41222, 9
41223, 9
41224, 9
41225, 9
41226, 9
41227, 9
41228, 9
41229, 9
41230, 9
41231, 9
41232, 9
41233, 9
41234, 9
41235, 9
41236, 9
41237, 9
41238, 9
41239, 9
41240, 9
41241, 9
41242, 9
41243, 9
41244, 9
41245, 9
41246, 9
41247, 9
41248, 9
41249, 9
41250, 9
41251, 9
41252, 9
41253, 9
41254, 9
41255, 9
41256, 9
41257, 9
41258, 9
41259, 9
41260, 9
41261, 9
41262, 9
41263, 9
41264, 9
41265, 9
41266, 9
41267, 9
41268, 9
41269, 9
41270, 9
41271, 9
41272, 9
41273, 9
41274, 9
41275, 9
41276, 9
41277, 9
41278, 9
41279, 9
41280, 9
41281, 9
41282, 9
41283, 9
41284, 9
41285, 9
41286, 9
41287, 9
41288, 9
41289, 9
41290, 9
41291, 9
41292, 9
41293, 9
41294, 9
41295, 9
41296, 9
41297, 9
41298, 9
41299, 9
41300, 9
41301, 9
41302, 9
41303, 9
41304, 9
41305, 9
41306, 9
41307, 9
41308, 9
41309, 9
41310, 9
41311, 9
41312, 9
41313, 9
41314, 9
41315, 9
41316, 9
41317, 9
41318, 9
41319, 9
41320, 9
41321, 9
41322, 9
41323, 9
41324, 9
41325, 9
41326, 9
41327, 9
41328, 9
41329, 9
41330, 9
41331, 9
41332, 9
41333, 9
41334, 9
41335, 9
41336, 9
41337, 9
41338, 9
41339, 9
41340, 9
41341, 9
41342, 9
41343, 9
41344, 9
41345, 9
41346, 9
41347, 9
41348, 9
41349, 9
41350, 9
41351, 9
41352, 9
41353, 9
41354, 9
41355, 9
41356, 9
41357, 9
41358, 9
41359, 9
41360, 9
41361, 9
41362, 9
41363, 9
41364, 9
41365, 9
41366, 9
41367, 9
41368, 9
41369, 9
41370, 9
41371, 9
41372, 9
41373, 9
41374, 9
41375, 9
41376, 9
41377, 9
41378, 9
41379, 9
41380, 9
41381, 9
41382, 9
41383, 9
41384, 9
41385, 9
41386, 9
41387, 9
41388, 9
41389, 9
41390, 9
41391, 9
41392, 9
41393, 9
41394, 9
41395, 9
41396, 9
41397, 9
41398, 9
41399, 9
41400, 9
41401, 9
41402, 9
41403, 9
41404, 9
41405, 9
41406, 9
41407, 9
41408, 9
41409, 9
41410, 9
41411, 9
41412, 9
41413, 9
41414, 9
41415, 9
41416, 9
41417, 9
41418, 9
41419, 9
41420, 9
41421, 9
41422, 9
41423, 9
41424, 9
41425, 9
41426, 9
41427, 9
41428, 9
41429, 9
41430, 9
41431, 9
41432, 9
41433, 9
41434, 9
41435, 9
41436, 9
41437, 9
41438, 9
41439, 9
41440, 9
41441, 9
41442, 9
41443, 9
41444, 9
41445, 9
41446, 9
41447, 9
41448, 9
41449, 9
41450, 9
41451, 9
41452, 9
41453, 9
41454, 9
41455, 9
41456, 9
41457, 9
41458, 9
41459, 9
41460, 9
41461, 9
41462, 9
41463, 9
41464, 9
41465, 9
41466, 9
41467, 9
41468, 9
41469, 9
41470, 9
41471, 9
41472, 9
41473, 9
41474, 9
41475, 9
41476, 9
41477, 9
41478, 9
41479, 9
41480, 9
41481, 9
41482, 9
41483, 9
41484, 9
41485, 9
41486, 9
41487, 9
41488, 9
41489, 9
41490, 9
41491, 9
41492, 9
41493, 9
41494, 9
41495, 9
41496, 9
41497, 9
41498, 9
41499, 9
41500, 9
41501, 9
41502, 9
41503, 9
41504, 9
41505, 9
41506, 9
41507, 9
41508, 9
41509, 9
41510, 9
41511, 9
41512, 9
41513, 9
41514, 9
41515, 9
41516, 9
41517, 9
41518, 9
41519, 9
41520, 9
41521, 9
41522, 9
41523, 9
41524, 9
41525, 9
41526, 9
41527, 9
41528, 9
41529, 9
41530, 9
41531, 9
41532, 9
41533, 9
41534, 9
41535, 9
41536, 9
41537, 9
41538, 9
41539, 9
41540, 9
41541, 9
41542, 9
41543, 9
41544, 9
41545, 9
41546, 9
41547, 9
41548, 9
41549, 9
41550, 9
41551, 9
41552, 9
41553, 9
41554, 9
41555, 9
41556, 9
41557, 9
41558, 9
41559, 9
41560, 9
41561, 9
41562, 9
41563, 9
41564, 9
41565, 9
41566, 9
41567, 9
41568, 9
41569, 9
41570, 9
41571, 9
41572, 9
41573, 9
41574, 9
41575, 9
41576, 9
41577, 9
41578, 9
41579, 9
41580, 9
41581, 9
41582, 9
41583, 9
41584, 9
41585, 9
41586, 9
41587, 9
41588, 9
41589, 9
41590, 9
41591, 9
41592, 9
41593, 9
41594, 9
41595, 9
41596, 9
41597, 9
41598, 9
41599, 9
41600, 9
41601, 9
41602, 9
41603, 9
41604, 9
41605, 9
41606, 9
41607, 9
41608, 9
41609, 10
41610, 10
41611, 10
41612, 10
41613, 10
41614, 10
41615, 10
41616, 9
41617, 9
41618, 9
41619, 9
41620, 9
41621, 9
41622, 9
41623, 9
41624, 9
41625, 9
41626, 9
41627, 9
41628, 9
41629, 9
41630, 9
41631, 9
41632, 9
41633, 9
41634, 9
41635, 9
41636, 9
41637, 9
41638, 9
41639, 9
41640, 9
41641, 9
41642, 9
41643, 9
41644, 9
41645, 9
41646, 9
41647, 9
41648, 9
41649, 9
41650, 9
41651, 9
41652, 9
41653, 9
41654, 9
41655, 9
41656, 9
41657, 9
41658, 9
41659, 9
41660, 9
41661, 9
41662, 9
41663, 9
41664, 9
41665, 9
41666, 9
41667, 9
41668, 9
41669, 9
41670, 9
41671, 9
41672, 9
41673, 9
41674, 9
41675, 9
41676, 9
41677, 9
41678, 9
41679, 9
41680, 9
41681, 9
41682, 9
41683, 9
41684, 9
41685, 9
41686, 9
41687, 9
41688, 9
41689, 9
41690, 9
41691, 9
41692, 9
41693, 9
41694, 9
41695, 9
41696, 9
41697, 9
41698, 9
41699, 9
41700, 9
41701, 9
41702, 9
41703, 9
41704, 9
41705, 9
41706, 9
41707, 9
41708, 9
41709, 9
41710, 9
41711, 9
41712, 9
41713, 9
41714, 9
41715, 9
41716, 9
41717, 9
41718, 9
41719, 9
41720, 9
41721, 9
41722, 9
41723, 9
41724, 9
41725, 9
41726, 9
41727, 9
41728, 9
41729, 9
41730, 9
41731, 9
41732, 9
41733, 9
41734, 9
41735, 9
41736, 9
41737, 9
41738, 9
41739, 9
41740, 9
41741, 9
41742, 9
41743, 9
41744, 9
41745, 9
41746, 9
41747, 9
41748, 9
41749, 9
41750, 9
41751, 9
41752, 9
41753, 9
41754, 9
41755, 9
41756, 9
41757, 9
41758, 9
41759, 9
41760, 9
41761, 9
41762, 9
41763, 9
41764, 9
41765, 9
41766, 9
41767, 9
41768, 9
41769, 9
41770, 9
41771, 9
41772, 9
41773, 9
41774, 9
41775, 9
41776, 9
41777, 9
41778, 9
41779, 9
41780, 9
41781, 9
41782, 9
41783, 9
41784, 9
41785, 9
41786, 9
41787, 9
41788, 9
41789, 9
41790, 9
41791, 9
41792, 9
41793, 9
41794, 9
41795, 9
41796, 9
41797, 9
41798, 9
41799, 9
41800, 9
41801, 9
41802, 9
41803, 9
41804, 9
41805, 9
41806, 9
41807, 9
41808, 9
41809, 9
41810, 9
41811, 9
41812, 9
41813, 9
41814, 9
41815, 9
41816, 9
41817, 9
41818, 9
41819, 9
41820, 9
41821, 9
41822, 9
41823, 9
41824, 9
41825, 9
41826, 9
41827, 9
41828, 9
41829, 9
41830, 9
41831, 9
41832, 9
41833, 9
41834, 9
41835, 9
41836, 9
41837, 9
41838, 9
41839, 9
41840, 9
41841, 9
41842, 9
41843, 9
41844, 9
41845, 9
41846, 9
41847, 9
41848, 9
41849, 9
41850, 9
41851, 9
41852, 9
41853, 9
41854, 9
41855, 9
41856, 9
41857, 9
41858, 9
41859, 9
41860, 9
41861, 9
41862, 9
41863, 9
41864, 9
41865, 9
41866, 9
41867, 9
41868, 9
41869, 9
41870, 9
41871, 9
41872, 9
41873, 9
41874, 9
41875, 9
41876, 9
41877, 9
41878, 9
41879, 9
41880, 9
41881, 9
41882, 9
41883, 9
41884, 9
41885, 9
41886, 9
41887, 9
41888, 9
41889, 9
41890, 9
41891, 9
41892, 9
41893, 9
41894, 9
41895, 9
41896, 9
41897, 9
41898, 9
41899, 9
41900, 9
41901, 9
41902, 9
41903, 9
41904, 9
41905, 9
41906, 9
41907, 9
41908, 9
41909, 9
41910, 9
41911, 9
41912, 9
41913, 9
41914, 9
41915, 9
41916, 9
41917, 9
41918, 9
41919, 9
41920, 9
41921, 9
41922, 9
41923, 9
41924, 9
41925, 9
41926, 9
41927, 9
41928, 9
41929, 9
41930, 9
41931, 9
41932, 9
41933, 9
41934, 9
41935, 9
41936, 9
41937, 9
41938, 9
41939, 9
41940, 9
41941, 9
41942, 9
41943, 9
41944, 9
41945, 9
41946, 9
41947, 9
41948, 9
41949, 9
41950, 9
41951, 9
41952, 9
41953, 9
41954, 9
41955, 9
41956, 9
41957, 9
41958, 9
41959, 9
41960, 9
41961, 9
41962, 9
41963, 9
41964, 9
41965, 9
41966, 9
41967, 9
41968, 9
41969, 9
41970, 9
41971, 9
41972, 9
41973, 9
41974, 9
41975, 9
41976, 9
41977, 9
41978, 9
41979, 9
41980, 9
41981, 9
41982, 9
41983, 9
41984, 9
41985, 9
41986, 9
41987, 9
41988, 9
41989, 9
41990, 9
41991, 9
41992, 9
41993, 9
41994, 9
41995, 9
41996, 9
41997, 9
41998, 9
41999, 9
42000, 9
42001, 9
42002, 9
42003, 9
42004, 9
42005, 9
42006, 9
42007, 9
42008, 9
42009, 9
42010, 9
42011, 9
42012, 9
42013, 9
42014, 9
42015, 9
42016, 9
42017, 9
42018, 10
42019, 10
42020, 10
42021, 10
42022, 10
42023, 10
42024, 10
42025, 9
42026, 9
42027, 9
42028, 9
42029, 9
42030, 9
42031, 9
42032, 9
42033, 9
42034, 9
42035, 9
42036, 9
42037, 9
42038, 9
42039, 9
42040, 9
42041, 9
42042, 9
42043, 9
42044, 9
42045, 9
42046, 9
42047, 9
42048, 9
42049, 9
42050, 9
42051, 9
42052, 9
42053, 9
42054, 9
42055, 9
42056, 9
42057, 9
42058, 9
42059, 9
42060, 9
42061, 9
42062, 9
42063, 9
42064, 9
42065, 9
42066, 9
42067, 9
42068, 9
42069, 9
42070, 9
42071, 9
42072, 9
42073, 9
42074, 9
42075, 9
42076, 9
42077, 9
42078, 9
42079, 9
42080, 9
42081, 9
42082, 9
42083, 9
42084, 9
42085, 9
42086, 9
42087, 9
42088, 9
42089, 9
42090, 9
42091, 9
42092, 9
42093, 9
42094, 9
42095, 9
42096, 9
42097, 9
42098, 9
42099, 9
42100, 9
42101, 9
42102, 9
42103, 9
42104, 9
42105, 9
42106, 9
42107, 9
42108, 9
42109, 9
42110, 9
42111, 9
42112, 9
42113, 9
42114, 9
42115, 9
42116, 9
42117, 9
42118, 9
42119, 9
42120, 9
42121, 9
42122, 9
42123, 9
42124, 9
42125, 9
42126, 9
42127, 9
42128, 9
42129, 9
42130, 9
42131, 9
42132, 9
42133, 9
42134, 9
42135, 9
42136, 9
42137, 9
42138, 9
42139, 9
42140, 9
42141, 9
42142, 9
42143, 9
42144, 9
42145, 9
42146, 9
42147, 9
42148, 9
42149, 9
42150, 9
42151, 9
42152, 9
42153, 9
42154, 9
42155, 9
42156, 9
42157, 9
42158, 9
42159, 9
42160, 9
42161, 9
42162, 9
42163, 9
42164, 9
42165, 9
42166, 9
42167, 9
42168, 9
42169, 9
42170, 9
42171, 9
42172, 9
42173, 9
42174, 9
42175, 9
42176, 9
42177, 9
42178, 9
42179, 9
42180, 9
42181, 9
42182, 9
42183, 9
42184, 9
42185, 9
42186, 9
42187, 9
42188, 9
42189, 9
42190, 9
42191, 9
42192, 9
42193, 9
42194, 9
42195, 9
42196, 9
42197, 9
42198, 9
42199, 9
42200, 9
42201, 9
42202, 9
42203, 9
42204, 9
42205, 9
42206, 9
42207, 9
42208, 9
42209, 9
42210, 9
42211, 9
42212, 9
42213, 9
42214, 9
42215, 9
42216, 9
42217, 9
42218, 9
42219, 9
42220, 9
42221, 9
42222, 9
42223, 9
42224, 9
42225, 9
42226, 9
42227, 9
42228, 9
42229, 9
42230, 9
42231, 9
42232, 9
42233, 9
42234, 9
42235, 9
42236, 9
42237, 9
42238, 9
42239, 9
42240, 9
42241, 9
42242, 9
42243, 9
42244, 9
42245, 9
42246, 9
42247, 9
42248, 9
42249, 9
42250, 9
42251, 9
42252, 9
42253, 9
42254, 9
42255, 9
42256, 9
42257, 9
42258, 9
42259, 9
42260, 9
42261, 9
42262, 9
42263, 9
42264, 9
42265, 9
42266, 9
42267, 9
42268, 9
42269, 9
42270, 9
42271, 9
42272, 9
42273, 9
42274, 9
42275, 9
42276, 9
42277, 9
42278, 9
42279, 9
42280, 9
42281, 9
42282, 9
42283, 9
42284, 9
42285, 9
42286, 9
42287, 9
42288, 9
42289, 9
42290, 9
42291, 9
42292, 9
42293, 9
42294, 9
42295, 9
42296, 9
42297, 9
42298, 9
42299, 9
42300, 9
42301, 9
42302, 9
42303, 9
42304, 9
42305, 9
42306, 9
42307, 9
42308, 9
42309, 9
42310, 9
42311, 9
42312, 9
42313, 9
42314, 9
42315, 9
42316, 9
42317, 9
42318, 9
42319, 9
42320, 9
42321, 9
42322, 9
42323, 9
42324, 9
42325, 9
42326, 9
42327, 9
42328, 9
42329, 9
42330, 9
42331, 9
42332, 9
42333, 9
42334, 9
42335, 9
42336, 9
42337, 9
42338, 9
42339, 9
42340, 9
42341, 9
42342, 9
42343, 9
42344, 9
42345, 9
42346, 9
42347, 9
42348, 9
42349, 9
42350, 9
42351, 9
42352, 9
42353, 9
42354, 9
42355, 9
42356, 9
42357, 9
42358, 9
42359, 9
42360, 9
42361, 9
42362, 9
42363, 9
42364, 9
42365, 9
42366, 9
42367, 9
42368, 9
42369, 9
42370, 9
42371, 9
42372, 9
42373, 9
42374, 9
42375, 9
42376, 9
42377, 9
42378, 9
42379, 9
42380, 9
42381, 9
42382, 9
42383, 9
42384, 9
42385, 9
42386, 9
42387, 9
42388, 9
42389, 9
42390, 9
42391, 9
42392, 9
42393, 9
42394, 9
42395, 9
42396, 9
42397, 9
42398, 9
42399, 9
42400, 9
42401, 9
42402, 9
42403, 9
42404, 9
42405, 9
42406, 9
42407, 9
42408, 9
42409, 9
42410, 9
42411, 9
42412, 9
42413, 9
42414, 9
42415, 9
42416, 9
42417, 9
42418, 9
42419, 9
42420, 9
42421, 9
42422, 9
42423, 9
42424, 9
42425, 9
42426, 9
42427, 9
42428, 10
42429, 10
42430, 10
42431, 10
42432, 10
42433, 10
42434, 10
42435, 10
42436, 9
42437, 9
42438, 9
42439, 9
42440, 9
42441, 9
42442, 9
42443, 9
42444, 9
42445, 9
42446, 9
42447, 9
42448, 9
42449, 9
42450, 9
42451, 9
42452, 9
42453, 9
42454, 9
42455, 9
42456, 9
42457, 9
42458, 9
42459, 9
42460, 9
42461, 9
42462, 9
42463, 9
42464, 9
42465, 9
42466, 9
42467, 9
42468, 9
42469, 9
42470, 9
42471, 9
42472, 9
42473, 9
42474, 9
42475, 9
42476, 9
42477, 9
42478, 9
42479, 9
42480, 9
42481, 9
42482, 9
42483, 9
42484, 9
42485, 9
42486, 9
42487, 9
42488, 9
42489, 9
42490, 9
42491, 9
42492, 9
42493, 9
42494, 9
42495, 9
42496, 9
42497, 9
42498, 9
42499, 9
42500, 9
42501, 9
42502, 9
42503, 9
42504, 9
42505, 9
42506, 9
42507, 9
42508, 9
42509, 9
42510, 9
42511, 9
42512, 9
42513, 9
42514, 9
42515, 9
42516, 9
42517, 9
42518, 9
42519, 9
42520, 9
42521, 9
42522, 9
42523, 9
42524, 9
42525, 9
42526, 9
42527, 9
42528, 9
42529, 9
42530, 9
42531, 9
42532, 9
42533, 9
42534, 9
42535, 9
42536, 9
42537, 9
42538, 9
42539, 9
42540, 9
42541, 9
42542, 9
42543, 9
42544, 9
42545, 9
42546, 9
42547, 9
42548, 9
42549, 9
42550, 9
42551, 9
42552, 9
42553, 9
42554, 9
42555, 9
42556, 9
42557, 9
42558, 9
42559, 9
42560, 9
42561, 9
42562, 9
42563, 9
42564, 9
42565, 9
42566, 9
42567, 9
42568, 9
42569, 9
42570, 9
42571, 9
42572, 9
42573, 9
42574, 9
42575, 9
42576, 9
42577, 9
42578, 9
42579, 9
42580, 9
42581, 9
42582, 9
42583, 9
42584, 9
42585, 9
42586, 9
42587, 9
42588, 9
42589, 9
42590, 9
42591, 9
42592, 9
42593, 9
42594, 9
42595, 9
42596, 9
42597, 9
42598, 9
42599, 9
42600, 9
42601, 9
42602, 9
42603, 9
42604, 9
42605, 9
42606, 9
42607, 9
42608, 9
42609, 9
42610, 9
42611, 9
42612, 9
42613, 9
42614, 9
42615, 9
42616, 9
42617, 9
42618, 9
42619, 9
42620, 9
42621, 9
42622, 9
42623, 9
42624, 9
42625, 9
42626, 9
42627, 9
42628, 9
42629, 9
42630, 9
42631, 9
42632, 9
42633, 9
42634, 9
42635, 9
42636, 9
42637, 9
42638, 9
42639, 9
42640, 9
42641, 9
42642, 9
42643, 9
42644, 9
42645, 9
42646, 9
42647, 9
42648, 9
42649, 9
42650, 9
42651, 9
42652, 9
42653, 9
42654, 9
42655, 9
42656, 9
42657, 9
42658, 9
42659, 9
42660, 9
42661, 9
42662, 9
42663, 9
42664, 9
42665, 9
42666, 9
42667, 9
42668, 9
42669, 9
42670, 9
42671, 9
42672, 9
42673, 9
42674, 9
42675, 9
42676, 9
42677, 9
42678, 9
42679, 9
42680, 9
42681, 9
42682, 9
42683, 9
42684, 9
42685, 9
42686, 9
42687, 9
42688, 9
42689, 9
42690, 9
42691, 9
42692, 9
42693, 9
42694, 9
42695, 9
42696, 9
42697, 9
42698, 9
42699, 9
42700, 9
42701, 9
42702, 9
42703, 9
42704, 9
42705, 9
42706, 9
42707, 9
42708, 9
42709, 9
42710, 9
42711, 9
42712, 9
42713, 9
42714, 9
42715, 9
42716, 9
42717, 9
42718, 9
42719, 9
42720, 9
42721, 9
42722, 9
42723, 9
42724, 9
42725, 9
42726, 9
42727, 9
42728, 9
42729, 9
42730, 9
42731, 9
42732, 9
42733, 9
42734, 9
42735, 9
42736, 9
42737, 9
42738, 9
42739, 9
42740, 9
42741, 9
42742, 9
42743, 9
42744, 9
42745, 9
42746, 9
42747, 9
42748, 9
42749, 9
42750, 9
42751, 9
42752, 9
42753, 9
42754, 9
42755, 9
42756, 9
42757, 9
42758, 9
42759, 9
42760, 9
42761, 9
42762, 9
42763, 9
42764, 9
42765, 9
42766, 9
42767, 9
42768, 9
42769, 9
42770, 9
42771, 9
42772, 9
42773, 9
42774, 9
42775, 9
42776, 9
42777, 9
42778, 9
42779, 9
42780, 9
42781, 9
42782, 9
42783, 9
42784, 9
42785, 9
42786, 9
42787, 9
42788, 9
42789, 9
42790, 9
42791, 9
42792, 9
42793, 9
42794, 9
42795, 9
42796, 9
42797, 9
42798, 9
42799, 9
42800, 9
42801, 9
42802, 9
42803, 9
42804, 9
42805, 9
42806, 9
42807, 9
42808, 9
42809, 9
42810, 9
42811, 9
42812, 9
42813, 9
42814, 9
42815, 9
42816, 9
42817, 9
42818, 9
42819, 9
42820, 9
42821, 9
42822, 9
42823, 9
42824, 9
42825, 9
42826, 9
42827, 9
42828, 9
42829, 9
42830, 9
42831, 9
42832, 9
42833, 9
42834, 9
42835, 9
42836, 9
42837, 9
42838, 9
42839, 9
42840, 9
42841, 10
42842, 10
42843, 10
42844, 10
42845, 10
42846, 10
42847, 10
42848, 10
42849, 9
42850, 9
42851, 9
42852, 9
42853, 9
42854, 9
42855, 9
42856, 9
42857, 9
42858, 9
42859, 9
42860, 9
42861, 9
42862, 9
42863, 9
42864, 9
42865, 9
42866, 9
42867, 9
42868, 9
42869, 9
42870, 9
42871, 9
42872, 9
42873, 9
42874, 9
42875, 9
42876, 9
42877, 9
42878, 9
42879, 9
42880, 9
42881, 9
42882, 9
42883, 9
42884, 9
42885, 9
42886, 9
42887, 9
42888, 9
42889, 9
42890, 9
42891, 9
42892, 9
42893, 9
42894, 9
42895, 9
42896, 9
42897, 9
42898, 9
42899, 9
42900, 9
42901, 9
42902, 9
42903, 9
42904, 9
42905, 9
42906, 9
42907, 9
42908, 9
42909, 9
42910, 9
42911, 9
42912, 9
42913, 9
42914, 9
42915, 9
42916, 9
42917, 9
42918, 9
42919, 9
42920, 9
42921, 9
42922, 9
42923, 9
42924, 9
42925, 9
42926, 9
42927, 9
42928, 9
42929, 9
42930, 9
42931, 9
42932, 9
42933, 9
42934, 9
42935, 9
42936, 9
42937, 9
42938, 9
42939, 9
42940, 9
42941, 9
42942, 9
42943, 9
42944, 9
42945, 9
42946, 9
42947, 9
42948, 9
42949, 9
42950, 9
42951, 9
42952, 9
42953, 9
42954, 9
42955, 9
42956, 9
42957, 9
42958, 9
42959, 9
42960, 9
42961, 9
42962, 9
42963, 9
42964, 9
42965, 9
42966, 9
42967, 9
42968, 9
42969, 9
42970, 9
42971, 9
42972, 9
42973, 9
42974, 9
42975, 9
42976, 9
42977, 9
42978, 9
42979, 9
42980, 9
42981, 9
42982, 9
42983, 9
42984, 9
42985, 9
42986, 9
42987, 9
42988, 9
42989, 9
42990, 9
42991, 9
42992, 9
42993, 9
42994, 9
42995, 9
42996, 9
42997, 9
42998, 9
42999, 9
43000, 9
43001, 9
43002, 9
43003, 9
43004, 9
43005, 9
43006, 9
43007, 9
43008, 9
43009, 9
43010, 9
43011, 9
43012, 9
43013, 9
43014, 9
43015, 9
43016, 9
43017, 9
43018, 9
43019, 9
43020, 9
43021, 9
43022, 9
43023, 9
43024, 9
43025, 9
43026, 9
43027, 9
43028, 9
43029, 9
43030, 9
43031, 9
43032, 9
43033, 9
43034, 9
43035, 9
43036, 9
43037, 9
43038, 9
43039, 9
43040, 9
43041, 9
43042, 9
43043, 9
43044, 9
43045, 9
43046, 9
43047, 9
43048, 9
43049, 9
43050, 9
43051, 9
43052, 9
43053, 9
43054, 9
43055, 9
43056, 9
43057, 9
43058, 9
43059, 9
43060, 9
43061, 9
43062, 9
43063, 9
43064, 9
43065, 9
43066, 9
43067, 9
43068, 9
43069, 9
43070, 9
43071, 9
43072, 9
43073, 9
43074, 9
43075, 9
43076, 9
43077, 9
43078, 9
43079, 9
43080, 9
43081, 9
43082, 9
43083, 9
43084, 9
43085, 9
43086, 9
43087, 9
43088, 9
43089, 9
43090, 9
43091, 9
43092, 9
43093, 9
43094, 9
43095, 9
43096, 9
43097, 9
43098, 9
43099, 9
43100, 9
43101, 9
43102, 9
43103, 9
43104, 9
43105, 9
43106, 9
43107, 9
43108, 9
43109, 9
43110, 9
43111, 9
43112, 9
43113, 9
43114, 9
43115, 9
43116, 9
43117, 9
43118, 9
43119, 9
43120, 9
43121, 9
43122, 9
43123, 9
43124, 9
43125, 9
43126, 9
43127, 9
43128, 9
43129, 9
43130, 9
43131, 9
43132, 9
43133, 9
43134, 9
43135, 9
43136, 9
43137, 9
43138, 9
43139, 9
43140, 9
43141, 9
43142, 9
43143, 9
43144, 9
43145, 9
43146, 9
43147, 9
43148, 9
43149, 9
43150, 9
43151, 9
43152, 9
43153, 9
43154, 9
43155, 9
43156, 9
43157, 9
43158, 9
43159, 9
43160, 9
43161, 9
43162, 9
43163, 9
43164, 9
43165, 9
43166, 9
43167, 9
43168, 9
43169, 9
43170, 9
43171, 9
43172, 9
43173, 9
43174, 9
43175, 9
43176, 9
43177, 9
43178, 9
43179, 9
43180, 9
43181, 9
43182, 9
43183, 9
43184, 9
43185, 9
43186, 9
43187, 9
43188, 9
43189, 9
43190, 9
43191, 9
43192, 9
43193, 9
43194, 9
43195, 9
43196, 9
43197, 9
43198, 9
43199, 9
43200, 9
43201, 9
43202, 9
43203, 9
43204, 9
43205, 9
43206, 9
43207, 9
43208, 9
43209, 9
43210, 9
43211, 9
43212, 9
43213, 9
43214, 9
43215, 9
43216, 9
43217, 9
43218, 9
43219, 9
43220, 9
43221, 9
43222, 9
43223, 9
43224, 9
43225, 9
43226, 9
43227, 9
43228, 9
43229, 9
43230, 9
43231, 9
43232, 9
43233, 9
43234, 9
43235, 9
43236, 9
43237, 9
43238, 9
43239, 9
43240, 9
43241, 9
43242, 9
43243, 9
43244, 9
43245, 9
43246, 9
43247, 9
43248, 9
43249, 9
43250, 9
43251, 9
43252, 9
43253, 9
43254, 9
43255, 10
43256, 10
43257, 10
43258, 10
43259, 10
43260, 10
43261, 10
43262, 10
43263, 10
43264, 9
43265, 9
43266, 9
43267, 9
43268, 9
43269, 9
43270, 9
43271, 9
43272, 9
43273, 9
43274, 9
43275, 9
43276, 9
43277, 9
43278, 9
43279, 9
43280, 9
43281, 9
43282, 9
43283, 9
43284, 9
43285, 9
43286, 9
43287, 9
43288, 9
43289, 9
43290, 9
43291, 9
43292, 9
43293, 9
43294, 9
43295, 9
43296, 9
43297, 9
43298, 9
43299, 9
43300, 9
43301, 9
43302, 9
43303, 9
43304, 9
43305, 9
43306, 9
43307, 9
43308, 9
43309, 9
43310, 9
43311, 9
43312, 9
43313, 9
43314, 9
43315, 9
43316, 9
43317, 9
43318, 9
43319, 9
43320, 9
43321, 9
43322, 9
43323, 9
43324, 9
43325, 9
43326, 9
43327, 9
43328, 9
43329, 9
43330, 9
43331, 9
43332, 9
43333, 9
43334, 9
43335, 9
43336, 9
43337, 9
43338, 9
43339, 9
43340, 9
43341, 9
43342, 9
43343, 9
43344, 9
43345, 9
43346, 9
43347, 9
43348, 9
43349, 9
43350, 9
43351, 9
43352, 9
43353, 9
43354, 9
43355, 9
43356, 9
43357, 9
43358, 9
43359, 9
43360, 9
43361, 9
43362, 9
43363, 9
43364, 9
43365, 9
43366, 9
43367, 9
43368, 9
43369, 9
43370, 9
43371, 9
43372, 9
43373, 9
43374, 9
43375, 9
43376, 9
43377, 9
43378, 9
43379, 9
43380, 9
43381, 9
43382, 9
43383, 9
43384, 9
43385, 9
43386, 9
43387, 9
43388, 9
43389, 9
43390, 9
43391, 9
43392, 9
43393, 9
43394, 9
43395, 9
43396, 9
43397, 9
43398, 9
43399, 9
43400, 9
43401, 9
43402, 9
43403, 9
43404, 9
43405, 9
43406, 9
43407, 9
43408, 9
43409, 9
43410, 9
43411, 9
43412, 9
43413, 9
43414, 9
43415, 9
43416, 9
43417, 9
43418, 9
43419, 9
43420, 9
43421, 9
43422, 9
43423, 9
43424, 9
43425, 9
43426, 9
43427, 9
43428, 9
43429, 9
43430, 9
43431, 9
43432, 9
43433, 9
43434, 9
43435, 9
43436, 9
43437, 9
43438, 9
43439, 9
43440, 9
43441, 9
43442, 9
43443, 9
43444, 9
43445, 9
43446, 9
43447, 9
43448, 9
43449, 9
43450, 9
43451, 9
43452, 9
43453, 9
43454, 9
43455, 9
43456, 9
43457, 9
43458, 9
43459, 9
43460, 9
43461, 9
43462, 9
43463, 9
43464, 9
43465, 9
43466, 9
43467, 9
43468, 9
43469, 9
43470, 9
43471, 9
43472, 9
43473, 9
43474, 9
43475, 9
43476, 9
43477, 9
43478, 9
43479, 9
43480, 9
43481, 9
43482, 9
43483, 9
43484, 9
43485, 9
43486, 9
43487, 9
43488, 9
43489, 9
43490, 9
43491, 9
43492, 9
43493, 9
43494, 9
43495, 9
43496, 9
43497, 9
43498, 9
43499, 9
43500, 9
43501, 9
43502, 9
43503, 9
43504, 9
43505, 9
43506, 9
43507, 9
43508, 9
43509, 9
43510, 9
43511, 9
43512, 9
43513, 9
43514, 9
43515, 9
43516, 9
43517, 9
43518, 9
43519, 9
43520, 9
43521, 9
43522, 9
43523, 9
43524, 9
43525, 9
43526, 9
43527, 9
43528, 9
43529, 9
43530, 9
43531, 9
43532, 9
43533, 9
43534, 9
43535, 9
43536, 9
43537, 9
43538, 9
43539, 9
43540, 9
43541, 9
43542, 9
43543, 9
43544, 9
43545, 9
43546, 9
43547, 9
43548, 9
43549, 9
43550, 9
43551, 9
43552, 9
43553, 9
43554, 9
43555, 9
43556, 9
43557, 9
43558, 9
43559, 9
43560, 9
43561, 9
43562, 9
43563, 9
43564, 9
43565, 9
43566, 9
43567, 9
43568, 9
43569, 9
43570, 9
43571, 9
43572, 9
43573, 9
43574, 9
43575, 9
43576, 9
43577, 9
43578, 9
43579, 9
43580, 9
43581, 9
43582, 9
43583, 9
43584, 9
43585, 9
43586, 9
43587, 9
43588, 9
43589, 9
43590, 9
43591, 9
43592, 9
43593, 9
43594, 9
43595, 9
43596, 9
43597, 9
43598, 9
43599, 9
43600, 9
43601, 9
43602, 9
43603, 9
43604, 9
43605, 9
43606, 9
43607, 9
43608, 9
43609, 9
43610, 9
43611, 9
43612, 9
43613, 9
43614, 9
43615, 9
43616, 9
43617, 9
43618, 9
43619, 9
43620, 9
43621, 9
43622, 9
43623, 9
43624, 9
43625, 9
43626, 9
43627, 9
43628, 9
43629, 9
43630, 9
43631, 9
43632, 9
43633, 9
43634, 9
43635, 9
43636, 9
43637, 9
43638, 9
43639, 9
43640, 9
43641, 9
43642, 9
43643, 9
43644, 9
43645, 9
43646, 9
43647, 9
43648, 9
43649, 9
43650, 9
43651, 9
43652, 9
43653, 9
43654, 9
43655, 9
43656, 9
43657, 9
43658, 9
43659, 9
43660, 9
43661, 9
43662, 9
43663, 9
43664, 9
43665, 9
43666, 9
43667, 9
43668, 9
43669, 9
43670, 9
43671, 9
43672, 10
43673, 10
43674, 10
43675, 10
43676, 10
43677, 10
43678, 10
43679, 10
43680, 10
43681, 9
43682, 9
43683, 9
43684, 9
43685, 9
43686, 9
43687, 9
43688, 9
43689, 9
43690, 9
43691, 9
43692, 9
43693, 9
43694, 9
43695, 9
43696, 9
43697, 9
43698, 9
43699, 9
43700, 9
43701, 9
43702, 9
43703, 9
43704, 9
43705, 9
43706, 9
43707, 9
43708, 9
43709, 9
43710, 9
43711, 9
43712, 9
43713, 9
43714, 9
43715, 9
43716, 9
43717, 9
43718, 9
43719, 9
43720, 9
43721, 9
43722, 9
43723, 9
43724, 9
43725, 9
43726, 9
43727, 9
43728, 9
43729, 9
43730, 9
43731, 9
43732, 9
43733, 9
43734, 9
43735, 9
43736, 9
43737, 9
43738, 9
43739, 9
43740, 9
43741, 9
43742, 9
43743, 9
43744, 9
43745, 9
43746, 9
43747, 9
43748, 9
43749, 9
43750, 9
43751, 9
43752, 9
43753, 9
43754, 9
43755, 9
43756, 9
43757, 9
43758, 9
43759, 9
43760, 9
43761, 9
43762, 9
43763, 9
43764, 9
43765, 9
43766, 9
43767, 9
43768, 9
43769, 9
43770, 9
43771, 9
43772, 9
43773, 9
43774, 9
43775, 9
43776, 9
43777, 9
43778, 9
43779, 9
43780, 9
43781, 9
43782, 9
43783, 9
43784, 9
43785, 9
43786, 9
43787, 9
43788, 9
43789, 9
43790, 9
43791, 9
43792, 9
43793, 9
43794, 9
43795, 9
43796, 9
43797, 9
43798, 9
43799, 9
43800, 9
43801, 9
43802, 9
43803, 9
43804, 9
43805, 9
43806, 9
43807, 9
43808, 9
43809, 9
43810, 9
43811, 9
43812, 9
43813, 9
43814, 9
43815, 9
43816, 9
43817, 9
43818, 9
43819, 9
43820, 9
43821, 9
43822, 9
43823, 9
43824, 9
43825, 9
43826, 9
43827, 9
43828, 9
43829, 9
43830, 9
43831, 9
43832, 9
43833, 9
43834, 9
43835, 9
43836, 9
43837, 9
43838, 9
43839, 9
43840, 9
43841, 9
43842, 9
43843, 9
43844, 9
43845, 9
43846, 9
43847, 9
43848, 9
43849, 9
43850, 9
43851, 9
43852, 9
43853, 9
43854, 9
43855, 9
43856, 9
43857, 9
43858, 9
43859, 9
43860, 9
43861, 9
43862, 9
43863, 9
43864, 9
43865, 9
43866, 9
43867, 9
43868, 9
43869, 9
43870, 9
43871, 9
43872, 9
43873, 9
43874, 9
43875, 9
43876, 9
43877, 9
43878, 9
43879, 9
43880, 9
43881, 9
43882, 9
43883, 9
43884, 9
43885, 9
43886, 9
43887, 9
43888, 9
43889, 9
43890, 9
43891, 9
43892, 9
43893, 9
43894, 9
43895, 9
43896, 9
43897, 9
43898, 9
43899, 9
43900, 9
43901, 9
43902, 9
43903, 9
43904, 9
43905, 9
43906, 9
43907, 9
43908, 9
43909, 9
43910, 9
43911, 9
43912, 9
43913, 9
43914, 9
43915, 9
43916, 9
43917, 9
43918, 9
43919, 9
43920, 9
43921, 9
43922, 9
43923, 9
43924, 9
43925, 9
43926, 9
43927, 9
43928, 9
43929, 9
43930, 9
43931, 9
43932, 9
43933, 9
43934, 9
43935, 9
43936, 9
43937, 9
43938, 9
43939, 9
43940, 9
43941, 9
43942, 9
43943, 9
43944, 9
43945, 9
43946, 9
43947, 9
43948, 9
43949, 9
43950, 9
43951, 9
43952, 9
43953, 9
43954, 9
43955, 9
43956, 9
43957, 9
43958, 9
43959, 9
43960, 9
43961, 9
43962, 9
43963, 9
43964, 9
43965, 9
43966, 9
43967, 9
43968, 9
43969, 9
43970, 9
43971, 9
43972, 9
43973, 9
43974, 9
43975, 9
43976, 9
43977, 9
43978, 9
43979, 9
43980, 9
43981, 9
43982, 9
43983, 9
43984, 9
43985, 9
43986, 9
43987, 9
43988, 9
43989, 9
43990, 9
43991, 9
43992, 9
43993, 9
43994, 9
43995, 9
43996, 9
43997, 9
43998, 9
43999, 9
44000, 9
44001, 9
44002, 9
44003, 9
44004, 9
44005, 9
44006, 9
44007, 9
44008, 9
44009, 9
44010, 9
44011, 9
44012, 9
44013, 9
44014, 9
44015, 9
44016, 9
44017, 9
44018, 9
44019, 9
44020, 9
44021, 9
44022, 9
44023, 9
44024, 9
44025, 9
44026, 9
44027, 9
44028, 9
44029, 9
44030, 9
44031, 9
44032, 9
44033, 9
44034, 9
44035, 9
44036, 9
44037, 9
44038, 9
44039, 9
44040, 9
44041, 9
44042, 9
44043, 9
44044, 9
44045, 9
44046, 9
44047, 9
44048, 9
44049, 9
44050, 9
44051, 9
44052, 9
44053, 9
44054, 9
44055, 9
44056, 9
44057, 9
44058, 9
44059, 9
44060, 9
44061, 9
44062, 9
44063, 9
44064, 9
44065, 9
44066, 9
44067, 9
44068, 9
44069, 9
44070, 9
44071, 9
44072, 9
44073, 9
44074, 9
44075, 9
44076, 9
44077, 9
44078, 9
44079, 9
44080, 9
44081, 9
44082, 9
44083, 9
44084, 9
44085, 9
44086, 9
44087, 9
44088, 9
44089, 9
44090, 10
44091, 10
44092, 10
44093, 10
44094, 10
44095, 10
44096, 10
44097, 10
44098, 10
44099, 10
44100, 9
44101, 9
44102, 9
44103, 9
44104, 9
44105, 9
44106, 9
44107, 9
44108, 9
44109, 9
44110, 9
44111, 9
44112, 9
44113, 9
44114, 9
44115, 9
44116, 9
44117, 9
44118, 9
44119, 9
44120, 9
44121, 9
44122, 9
44123, 9
44124, 9
44125, 9
44126, 9
44127, 9
44128, 9
44129, 9
44130, 9
44131, 9
44132, 9
44133, 9
44134, 9
44135, 9
44136, 9
44137, 9
44138, 9
44139, 9
44140, 9
44141, 9
44142, 9
44143, 9
44144, 9
44145, 9
44146, 9
44147, 9
44148, 9
44149, 9
44150, 9
44151, 9
44152, 9
44153, 9
44154, 9
44155, 9
44156, 9
44157, 9
44158, 9
44159, 9
44160, 9
44161, 9
44162, 9
44163, 9
44164, 9
44165, 9
44166, 9
44167, 9
44168, 9
44169, 9
44170, 9
44171, 9
44172, 9
44173, 9
44174, 9
44175, 9
44176, 9
44177, 9
44178, 9
44179, 9
44180, 9
44181, 9
44182, 9
44183, 9
44184, 9
44185, 9
44186, 9
44187, 9
44188, 9
44189, 9
44190, 9
44191, 9
44192, 9
44193, 9
44194, 9
44195, 9
44196, 9
44197, 9
44198, 9
44199, 9
44200, 9
44201, 9
44202, 9
44203, 9
44204, 9
44205, 9
44206, 9
44207, 9
44208, 9
44209, 9
44210, 9
44211, 9
44212, 9
44213, 9
44214, 9
44215, 9
44216, 9
44217, 9
44218, 9
44219, 9
44220, 9
44221, 9
44222, 9
44223, 9
44224, 9
44225, 9
44226, 9
44227, 9
44228, 9
44229, 9
44230, 9
44231, 9
44232, 9
44233, 9
44234, 9
44235, 9
44236, 9
44237, 9
44238, 9
44239, 9
44240, 9
44241, 9
44242, 9
44243, 9
44244, 9
44245, 9
44246, 9
44247, 9
44248, 9
44249, 9
44250, 9
44251, 9
44252, 9
44253, 9
44254, 9
44255, 9
44256, 9
44257, 9
44258, 9
44259, 9
44260, 9
44261, 9
44262, 9
44263, 9
44264, 9
44265, 9
44266, 9
44267, 9
44268, 9
44269, 9
44270, 9
44271, 9
44272, 9
44273, 9
44274, 9
44275, 9
44276, 9
44277, 9
44278, 9
44279, 9
44280, 9
44281, 9
44282, 9
44283, 9
44284, 9
44285, 9
44286, 9
44287, 9
44288, 9
44289, 9
44290, 9
44291, 9
44292, 9
44293, 9
44294, 9
44295, 9
44296, 9
44297, 9
44298, 9
44299, 9
44300, 9
44301, 9
44302, 9
44303, 9
44304, 9
44305, 9
44306, 9
44307, 9
44308, 9
44309, 9
44310, 9
44311, 9
44312, 9
44313, 9
44314, 9
44315, 9
44316, 9
44317, 9
44318, 9
44319, 9
44320, 9
44321, 9
44322, 9
44323, 9
44324, 9
44325, 9
44326, 9
44327, 9
44328, 9
44329, 9
44330, 9
44331, 9
44332, 9
44333, 9
44334, 9
44335, 9
44336, 9
44337, 9
44338, 9
44339, 9
44340, 9
44341, 9
44342, 9
44343, 9
44344, 9
44345, 9
44346, 9
44347, 9
44348, 9
44349, 9
44350, 9
44351, 9
44352, 9
44353, 9
44354, 9
44355, 9
44356, 9
44357, 9
44358, 9
44359, 9
44360, 9
44361, 9
44362, 9
44363, 9
44364, 9
44365, 9
44366, 9
44367, 9
44368, 9
44369, 9
44370, 9
44371, 9
44372, 9
44373, 9
44374, 9
44375, 9
44376, 9
44377, 9
44378, 9
44379, 9
44380, 9
44381, 9
44382, 9
44383, 9
44384, 9
44385, 9
44386, 9
44387, 9
44388, 9
44389, 9
44390, 9
44391, 9
44392, 9
44393, 9
44394, 9
44395, 9
44396, 9
44397, 9
44398, 9
44399, 9
44400, 9
44401, 9
44402, 9
44403, 9
44404, 9
44405, 9
44406, 9
44407, 9
44408, 9
44409, 9
44410, 9
44411, 9
44412, 9
44413, 9
44414, 9
44415, 9
44416, 9
44417, 9
44418, 9
44419, 9
44420, 9
44421, 9
44422, 9
44423, 9
44424, 9
44425, 9
44426, 9
44427, 9
44428, 9
44429, 9
44430, 9
44431, 9
44432, 9
44433, 9
44434, 9
44435, 9
44436, 9
44437, 9
44438, 9
44439, 9
44440, 9
44441, 9
44442, 9
44443, 9
44444, 9
44445, 9
44446, 9
44447, 9
44448, 9
44449, 9
44450, 9
44451, 9
44452, 9
44453, 9
44454, 9
44455, 9
44456, 9
44457, 9
44458, 9
44459, 9
44460, 9
44461, 9
44462, 9
44463, 9
44464, 9
44465, 9
44466, 9
44467, 9
44468, 9
44469, 9
44470, 9
44471, 9
44472, 9
44473, 9
44474, 9
44475, 9
44476, 9
44477, 9
44478, 9
44479, 9
44480, 9
44481, 9
44482, 9
44483, 9
44484, 9
44485, 9
44486, 9
44487, 9
44488, 9
44489, 9
44490, 9
44491, 9
44492, 9
44493, 9
44494, 9
44495, 9
44496, 9
44497, 9
44498, 9
44499, 9
44500, 9
44501, 9
44502, 9
44503, 9
44504, 9
44505, 9
44506, 9
44507, 9
44508, 9
44509, 9
44510, 9
44511, 10
44512, 10
44513, 10
44514, 10
44515, 10
44516, 10
44517, 10
44518, 10
44519, 10
44520, 10
44521, 9
44522, 9
44523, 9
44524, 9
44525, 9
44526, 9
44527, 9
44528, 9
44529, 9
44530, 9
44531, 9
44532, 9
44533, 9
44534, 9
44535, 9
44536, 9
44537, 9
44538, 9
44539, 9
44540, 9
44541, 9
44542, 9
44543, 9
44544, 9
44545, 9
44546, 9
44547, 9
44548, 9
44549, 9
44550, 9
44551, 9
44552, 9
44553, 9
44554, 9
44555, 9
44556, 9
44557, 9
44558, 9
44559, 9
44560, 9
44561, 9
44562, 9
44563, 9
44564, 9
44565, 9
44566, 9
44567, 9
44568, 9
44569, 9
44570, 9
44571, 9
44572, 9
44573, 9
44574, 9
44575, 9
44576, 9
44577, 9
44578, 9
44579, 9
44580, 9
44581, 9
44582, 9
44583, 9
44584, 9
44585, 9
44586, 9
44587, 9
44588, 9
44589, 9
44590, 9
44591, 9
44592, 9
44593, 9
44594, 9
44595, 9
44596, 9
44597, 9
44598, 9
44599, 9
44600, 9
44601, 9
44602, 9
44603, 9
44604, 9
44605, 9
44606, 9
44607, 9
44608, 9
44609, 9
44610, 9
44611, 9
44612, 9
44613, 9
44614, 9
44615, 9
44616, 9
44617, 9
44618, 9
44619, 9
44620, 9
44621, 9
44622, 9
44623, 9
44624, 9
44625, 9
44626, 9
44627, 9
44628, 9
44629, 9
44630, 9
44631, 9
44632, 9
44633, 9
44634, 9
44635, 9
44636, 9
44637, 9
44638, 9
44639, 9
44640, 9
44641, 9
44642, 9
44643, 9
44644, 9
44645, 9
44646, 9
44647, 9
44648, 9
44649, 9
44650, 9
44651, 9
44652, 9
44653, 9
44654, 9
44655, 9
44656, 9
44657, 9
44658, 9
44659, 9
44660, 9
44661, 9
44662, 9
44663, 9
44664, 9
44665, 9
44666, 9
44667, 9
44668, 9
44669, 9
44670, 9
44671, 9
44672, 9
44673, 9
44674, 9
44675, 9
44676, 9
44677, 9
44678, 9
44679, 9
44680, 9
44681, 9
44682, 9
44683, 9
44684, 9
44685, 9
44686, 9
44687, 9
44688, 9
44689, 9
44690, 9
44691, 9
44692, 9
44693, 9
44694, 9
44695, 9
44696, 9
44697, 9
44698, 9
44699, 9
44700, 9
44701, 9
44702, 9
44703, 9
44704, 9
44705, 9
44706, 9
44707, 9
44708, 9
44709, 9
44710, 9
44711, 9
44712, 9
44713, 9
44714, 9
44715, 9
44716, 9
44717, 9
44718, 9
44719, 9
44720, 9
44721, 9
44722, 9
44723, 9
44724, 9
44725, 9
44726, 9
44727, 9
44728, 9
44729, 9
44730, 9
44731, 9
44732, 9
44733, 9
44734, 9
44735, 9
44736, 9
44737, 9
44738, 9
44739, 9
44740, 9
44741, 9
44742, 9
44743, 9
44744, 9
44745, 9
44746, 9
44747, 9
44748, 9
44749, 9
44750, 9
44751, 9
44752, 9
44753, 9
44754, 9
44755, 9
44756, 9
44757, 9
44758, 9
44759, 9
44760, 9
44761, 9
44762, 9
44763, 9
44764, 9
44765, 9
44766, 9
44767, 9
44768, 9
44769, 9
44770, 9
44771, 9
44772, 9
44773, 9
44774, 9
44775, 9
44776, 9
44777, 9
44778, 9
44779, 9
44780, 9
44781, 9
44782, 9
44783, 9
44784, 9
44785, 9
44786, 9
44787, 9
44788, 9
44789, 9
44790, 9
44791, 9
44792, 9
44793, 9
44794, 9
44795, 9
44796, 9
44797, 9
44798, 9
44799, 9
44800, 9
44801, 9
44802, 9
44803, 9
44804, 9
44805, 9
44806, 9
44807, 9
44808, 9
44809, 9
44810, 9
44811, 9
44812, 9
44813, 9
44814, 9
44815, 9
44816, 9
44817, 9
44818, 9
44819, 9
44820, 9
44821, 9
44822, 9
44823, 9
44824, 9
44825, 9
44826, 9
44827, 9
44828, 9
44829, 9
44830, 9
44831, 9
44832, 9
44833, 9
44834, 9
44835, 9
44836, 9
44837, 9
44838, 9
44839, 9
44840, 9
44841, 9
44842, 9
44843, 9
44844, 9
44845, 9
44846, 9
44847, 9
44848, 9
44849, 9
44850, 9
44851, 9
44852, 9
44853, 9
44854, 9
44855, 9
44856, 9
44857, 9
44858, 9
44859, 9
44860, 9
44861, 9
44862, 9
44863, 9
44864, 9
44865, 9
44866, 9
44867, 9
44868, 9
44869, 9
44870, 9
44871, 9
44872, 9
44873, 9
44874, 9
44875, 9
44876, 9
44877, 9
44878, 9
44879, 9
44880, 9
44881, 9
44882, 9
44883, 9
44884, 9
44885, 9
44886, 9
44887, 9
44888, 9
44889, 9
44890, 9
44891, 9
44892, 9
44893, 9
44894, 9
44895, 9
44896, 9
44897, 9
44898, 9
44899, 9
44900, 9
44901, 9
44902, 9
44903, 9
44904, 9
44905, 9
44906, 9
44907, 9
44908, 9
44909, 9
44910, 9
44911, 9
44912, 9
44913, 9
44914, 9
44915, 9
44916, 9
44917, 9
44918, 9
44919, 9
44920, 9
44921, 9
44922, 9
44923, 9
44924, 9
44925, 9
44926, 9
44927, 9
44928, 9
44929, 9
44930, 9
44931, 9
44932, 9
44933, 10
44934, 10
44935, 10
44936, 10
44937, 10
44938, 10
44939, 10
44940, 10
44941, 10
44942, 10
44943, 10
44944, 9
44945, 9
44946, 9
44947, 9
44948, 9
44949, 9
44950, 9
44951, 9
44952, 9
44953, 9
44954, 9
44955, 9
44956, 9
44957, 9
44958, 9
44959, 9
44960, 9
44961, 9
44962, 9
44963, 9
44964, 9
44965, 9
44966, 9
44967, 9
44968, 9
44969, 9
44970, 9
44971, 9
44972, 9
44973, 9
44974, 9
44975, 9
44976, 9
44977, 9
44978, 9
44979, 9
44980, 9
44981, 9
44982, 9
44983, 9
44984, 9
44985, 9
44986, 9
44987, 9
44988, 9
44989, 9
44990, 9
44991, 9
44992, 9
44993, 9
44994, 9
44995, 9
44996, 9
44997, 9
44998, 9
44999, 9
45000, 9
45001, 9
45002, 9
45003, 9
45004, 9
45005, 9
45006, 9
45007, 9
45008, 9
45009, 9
45010, 9
45011, 9
45012, 9
45013, 9
45014, 9
45015, 9
45016, 9
45017, 9
45018, 9
45019, 9
45020, 9
45021, 9
45022, 9
45023, 9
45024, 9
45025, 9
45026, 9
45027, 9
45028, 9
45029, 9
45030, 9
45031, 9
45032, 9
45033, 9
45034, 9
45035, 9
45036, 9
45037, 9
45038, 9
45039, 9
45040, 9
45041, 9
45042, 9
45043, 9
45044, 9
45045, 9
45046, 9
45047, 9
45048, 9
45049, 9
45050, 9
45051, 9
45052, 9
45053, 9
45054, 9
45055, 9
45056, 9
45057, 9
45058, 9
45059, 9
45060, 9
45061, 9
45062, 9
45063, 9
45064, 9
45065, 9
45066, 9
45067, 9
45068, 9
45069, 9
45070, 9
45071, 9
45072, 9
45073, 9
45074, 9
45075, 9
45076, 9
45077, 9
45078, 9
45079, 9
45080, 9
45081, 9
45082, 9
45083, 9
45084, 9
45085, 9
45086, 9
45087, 9
45088, 9
45089, 9
45090, 9
45091, 9
45092, 9
45093, 9
45094, 9
45095, 9
45096, 9
45097, 9
45098, 9
45099, 9
45100, 9
45101, 9
45102, 9
45103, 9
45104, 9
45105, 9
45106, 9
45107, 9
45108, 9
45109, 9
45110, 9
45111, 9
45112, 9
45113, 9
45114, 9
45115, 9
45116, 9
45117, 9
45118, 9
45119, 9
45120, 9
45121, 9
45122, 9
45123, 9
45124, 9
45125, 9
45126, 9
45127, 9
45128, 9
45129, 9
45130, 9
45131, 9
45132, 9
45133, 9
45134, 9
45135, 9
45136, 9
45137, 9
45138, 9
45139, 9
45140, 9
45141, 9
45142, 9
45143, 9
45144, 9
45145, 9
45146, 9
45147, 9
45148, 9
45149, 9
45150, 9
45151, 9
45152, 9
45153, 9
45154, 9
45155, 9
45156, 9
45157, 9
45158, 9
45159, 9
45160, 9
45161, 9
45162, 9
45163, 9
45164, 9
45165, 9
45166, 9
45167, 9
45168, 9
45169, 9
45170, 9
45171, 9
45172, 9
45173, 9
45174, 9
45175, 9
45176, 9
45177, 9
45178, 9
45179, 9
45180, 9
45181, 9
45182, 9
45183, 9
45184, 9
45185, 9
45186, 9
45187, 9
45188, 9
45189, 9
45190, 9
45191, 9
45192, 9
45193, 9
45194, 9
45195, 9
45196, 9
45197, 9
45198, 9
45199, 9
45200, 9
45201, 9
45202, 9
45203, 9
45204, 9
45205, 9
45206, 9
45207, 9
45208, 9
45209, 9
45210, 9
45211, 9
45212, 9
45213, 9
45214, 9
45215, 9
45216, 9
45217, 9
45218, 9
45219, 9
45220, 9
45221, 9
45222, 9
45223, 9
45224, 9
45225, 9
45226, 9
45227, 9
45228, 9
45229, 9
45230, 9
45231, 9
45232, 9
45233, 9
45234, 9
45235, 9
45236, 9
45237, 9
45238, 9
45239, 9
45240, 9
45241, 9
45242, 9
45243, 9
45244, 9
45245, 9
45246, 9
45247, 9
45248, 9
45249, 9
45250, 9
45251, 9
45252, 9
45253, 9
45254, 9
45255, 9
45256, 9
45257, 9
45258, 9
45259, 9
45260, 9
45261, 9
45262, 9
45263, 9
45264, 9
45265, 9
45266, 9
45267, 9
45268, 9
45269, 9
45270, 9
45271, 9
45272, 9
45273, 9
45274, 9
45275, 9
45276, 9
45277, 9
45278, 9
45279, 9
45280, 9
45281, 9
45282, 9
45283, 9
45284, 9
45285, 9
45286, 9
45287, 9
45288, 9
45289, 9
45290, 9
45291, 9
45292, 9
45293, 9
45294, 9
45295, 9
45296, 9
45297, 9
45298, 9
45299, 9
45300, 9
45301, 9
45302, 9
45303, 9
45304, 9
45305, 9
45306, 9
45307, 9
45308, 9
45309, 9
45310, 9
45311, 9
45312, 9
45313, 9
45314, 9
45315, 9
45316, 9
45317, 9
45318, 9
45319, 9
45320, 9
45321, 9
45322, 9
45323, 9
45324, 9
45325, 9
45326, 9
45327, 9
45328, 9
45329, 9
45330, 9
45331, 9
45332, 9
45333, 9
45334, 9
45335, 9
45336, 9
45337, 9
45338, 9
45339, 9
45340, 9
45341, 9
45342, 9
45343, 9
45344, 9
45345, 9
45346, 9
45347, 9
45348, 9
45349, 9
45350, 9
45351, 9
45352, 9
45353, 9
45354, 9
45355, 9
45356, 9
45357, 10
45358, 10
45359, 10
45360, 10
45361, 10
45362, 10
45363, 10
45364, 10
45365, 10
45366, 10
45367, 10
45368, 10
45369, 9
45370, 9
45371, 9
45372, 9
45373, 9
45374, 9
45375, 9
45376, 9
45377, 9
45378, 9
45379, 9
45380, 9
45381, 9
45382, 9
45383, 9
45384, 9
45385, 9
45386, 9
45387, 9
45388, 9
45389, 9
45390, 9
45391, 9
45392, 9
45393, 9
45394, 9
45395, 9
45396, 9
45397, 9
45398, 9
45399, 9
45400, 9
45401, 9
45402, 9
45403, 9
45404, 9
45405, 9
45406, 9
45407, 9
45408, 9
45409, 9
45410, 9
45411, 9
45412, 9
45413, 9
45414, 9
45415, 9
45416, 9
45417, 9
45418, 9
45419, 9
45420, 9
45421, 9
45422, 9
45423, 9
45424, 9
45425, 9
45426, 9
45427, 9
45428, 9
45429, 9
45430, 9
45431, 9
45432, 9
45433, 9
45434, 9
45435, 9
45436, 9
45437, 9
45438, 9
45439, 9
45440, 9
45441, 9
45442, 9
45443, 9
45444, 9
45445, 9
45446, 9
45447, 9
45448, 9
45449, 9
45450, 9
45451, 9
45452, 9
45453, 9
45454, 9
45455, 9
45456, 9
45457, 9
45458, 9
45459, 9
45460, 9
45461, 9
45462, 9
45463, 9
45464, 9
45465, 9
45466, 9
45467, 9
45468, 9
45469, 9
45470, 9
45471, 9
45472, 9
45473, 9
45474, 9
45475, 9
45476, 9
45477, 9
45478, 9
45479, 9
45480, 9
45481, 9
45482, 9
45483, 9
45484, 9
45485, 9
45486, 9
45487, 9
45488, 9
45489, 9
45490, 9
45491, 9
45492, 9
45493, 9
45494, 9
45495, 9
45496, 9
45497, 9
45498, 9
45499, 9
45500, 9
45501, 9
45502, 9
45503, 9
45504, 9
45505, 9
45506, 9
45507, 9
45508, 9
45509, 9
45510, 9
45511, 9
45512, 9
45513, 9
45514, 9
45515, 9
45516, 9
45517, 9
45518, 9
45519, 9
45520, 9
45521, 9
45522, 9
45523, 9
45524, 9
45525, 9
45526, 9
45527, 9
45528, 9
45529, 9
45530, 9
45531, 9
45532, 9
45533, 9
45534, 9
45535, 9
45536, 9
45537, 9
45538, 9
45539, 9
45540, 9
45541, 9
45542, 9
45543, 9
45544, 9
45545, 9
45546, 9
45547, 9
45548, 9
45549, 9
45550, 9
45551, 9
45552, 9
45553, 9
45554, 9
45555, 9
45556, 9
45557, 9
45558, 9
45559, 9
45560, 9
45561, 9
45562, 9
45563, 9
45564, 9
45565, 9
45566, 9
45567, 9
45568, 9
45569, 9
45570, 9
45571, 9
45572, 9
45573, 9
45574, 9
45575, 9
45576, 9
45577, 9
45578, 9
45579, 9
45580, 9
45581, 9
45582, 9
45583, 9
45584, 9
45585, 9
45586, 9
45587, 9
45588, 9
45589, 9
45590, 9
45591, 9
45592, 9
45593, 9
45594, 9
45595, 9
45596, 9
45597, 9
45598, 9
45599, 9
45600, 9
45601, 9
45602, 9
45603, 9
45604, 9
45605, 9
45606, 9
45607, 9
45608, 9
45609, 9
45610, 9
45611, 9
45612, 9
45613, 9
45614, 9
45615, 9
45616, 9
45617, 9
45618, 9
45619, 9
45620, 9
45621, 9
45622, 9
45623, 9
45624, 9
45625, 9
45626, 9
45627, 9
45628, 9
45629, 9
45630, 9
45631, 9
45632, 9
45633, 9
45634, 9
45635, 9
45636, 9
45637, 9
45638, 9
45639, 9
45640, 9
45641, 9
45642, 9
45643, 9
45644, 9
45645, 9
45646, 9
45647, 9
45648, 9
45649, 9
45650, 9
45651, 9
45652, 9
45653, 9
45654, 9
45655, 9
45656, 9
45657, 9
45658, 9
45659, 9
45660, 9
45661, 9
45662, 9
45663, 9
45664, 9
45665, 9
45666, 9
45667, 9
45668, 9
45669, 9
45670, 9
45671, 9
45672, 9
45673, 9
45674, 9
45675, 9
45676, 9
45677, 9
45678, 9
45679, 9
45680, 9
45681, 9
45682, 9
45683, 9
45684, 9
45685, 9
45686, 9
45687, 9
45688, 9
45689, 9
45690, 9
45691, 9
45692, 9
45693, 9
45694, 9
45695, 9
45696, 9
45697, 9
45698, 9
45699, 9
45700, 9
45701, 9
45702, 9
45703, 9
45704, 9
45705, 9
45706, 9
45707, 9
45708, 9
45709, 9
45710, 9
45711, 9
45712, 9
45713, 9
45714, 9
45715, 9
45716, 9
45717, 9
45718, 9
45719, 9
45720, 9
45721, 9
45722, 9
45723, 9
45724, 9
45725, 9
45726, 9
45727, 9
45728, 9
45729, 9
45730, 9
45731, 9
45732, 9
45733, 9
45734, 9
45735, 9
45736, 9
45737, 9
45738, 9
45739, 9
45740, 9
45741, 9
45742, 9
45743, 9
45744, 9
45745, 9
45746, 9
45747, 9
45748, 9
45749, 9
45750, 9
45751, 9
45752, 9
45753, 9
45754, 9
45755, 9
45756, 9
45757, 9
45758, 9
45759, 9
45760, 9
45761, 9
45762, 9
45763, 9
45764, 9
45765, 9
45766, 9
45767, 9
45768, 9
45769, 9
45770, 9
45771, 9
45772, 9
45773, 9
45774, 9
45775, 9
45776, 9
45777, 9
45778, 9
45779, 9
45780, 9
45781, 9
45782, 9
45783, 9
45784, 10
45785, 10
45786, 10
45787, 10
45788, 10
45789, 10
45790, 10
45791, 10
45792, 10
45793, 10
45794, 10
45795, 10
45796, 9
45797, 9
45798, 9
45799, 9
45800, 9
45801, 9
45802, 9
45803, 9
45804, 9
45805, 9
45806, 9
45807, 9
45808, 9
45809, 9
45810, 9
45811, 9
45812, 9
45813, 9
45814, 9
45815, 9
45816, 9
45817, 9
45818, 9
45819, 9
45820, 9
45821, 9
45822, 9
45823, 9
45824, 9
45825, 9
45826, 9
45827, 9
45828, 9
45829, 9
45830, 9
45831, 9
45832, 9
45833, 9
45834, 9
45835, 9
45836, 9
45837, 9
45838, 9
45839, 9
45840, 9
45841, 9
45842, 9
45843, 9
45844, 9
45845, 9
45846, 9
45847, 9
45848, 9
45849, 9
45850, 9
45851, 9
45852, 9
45853, 9
45854, 9
45855, 9
45856, 9
45857, 9
45858, 9
45859, 9
45860, 9
45861, 9
45862, 9
45863, 9
45864, 9
45865, 9
45866, 9
45867, 9
45868, 9
45869, 9
45870, 9
45871, 9
45872, 9
45873, 9
45874, 9
45875, 9
45876, 9
45877, 9
45878, 9
45879, 9
45880, 9
45881, 9
45882, 9
45883, 9
45884, 9
45885, 9
45886, 9
45887, 9
45888, 9
45889, 9
45890, 9
45891, 9
45892, 9
45893, 9
45894, 9
45895, 9
45896, 9
45897, 9
45898, 9
45899, 9
45900, 9
45901, 9
45902, 9
45903, 9
45904, 9
45905, 9
45906, 9
45907, 9
45908, 9
45909, 9
45910, 9
45911, 9
45912, 9
45913, 9
45914, 9
45915, 9
45916, 9
45917, 9
45918, 9
45919, 9
45920, 9
45921, 9
45922, 9
45923, 9
45924, 9
45925, 9
45926, 9
45927, 9
45928, 9
45929, 9
45930, 9
45931, 9
45932, 9
45933, 9
45934, 9
45935, 9
45936, 9
45937, 9
45938, 9
45939, 9
45940, 9
45941, 9
45942, 9
45943, 9
45944, 9
45945, 9
45946, 9
45947, 9
45948, 9
45949, 9
45950, 9
45951, 9
45952, 9
45953, 9
45954, 9
45955, 9
45956, 9
45957, 9
45958, 9
45959, 9
45960, 9
45961, 9
45962, 9
45963, 9
45964, 9
45965, 9
45966, 9
45967, 9
45968, 9
45969, 9
45970, 9
45971, 9
45972, 9
45973, 9
45974, 9
45975, 9
45976, 9
45977, 9
45978, 9
45979, 9
45980, 9
45981, 9
45982, 9
45983, 9
45984, 9
45985, 9
45986, 9
45987, 9
45988, 9
45989, 9
45990, 9
45991, 9
45992, 9
45993, 9
45994, 9
45995, 9
45996, 9
45997, 9
45998, 9
45999, 9
46000, 9
46001, 9
46002, 9
46003, 9
46004, 9
46005, 9
46006, 9
46007, 9
46008, 9
46009, 9
46010, 9
46011, 9
46012, 9
46013, 9
46014, 9
46015, 9
46016, 9
46017, 9
46018, 9
46019, 9
46020, 9
46021, 9
46022, 9
46023, 9
46024, 9
46025, 9
46026, 9
46027, 9
46028, 9
46029, 9
46030, 9
46031, 9
46032, 9
46033, 9
46034, 9
46035, 9
46036, 9
46037, 9
46038, 9
46039, 9
46040, 9
46041, 9
46042, 9
46043, 9
46044, 9
46045, 9
46046, 9
46047, 9
46048, 9
46049, 9
46050, 9
46051, 9
46052, 9
46053, 9
46054, 9
46055, 9
46056, 9
46057, 9
46058, 9
46059, 9
46060, 9
46061, 9
46062, 9
46063, 9
46064, 9
46065, 9
46066, 9
46067, 9
46068, 9
46069, 9
46070, 9
46071, 9
46072, 9
46073, 9
46074, 9
46075, 9
46076, 9
46077, 9
46078, 9
46079, 9
46080, 9
46081, 9
46082, 9
46083, 9
46084, 9
46085, 9
46086, 9
46087, 9
46088, 9
46089, 9
46090, 9
46091, 9
46092, 9
46093, 9
46094, 9
46095, 9
46096, 9
46097, 9
46098, 9
46099, 9
46100, 9
46101, 9
46102, 9
46103, 9
46104, 9
46105, 9
46106, 9
46107, 9
46108, 9
46109, 9
46110, 9
46111, 9
46112, 9
46113, 9
46114, 9
46115, 9
46116, 9
46117, 9
46118, 9
46119, 9
46120, 9
46121, 9
46122, 9
46123, 9
46124, 9
46125, 9
46126, 9
46127, 9
46128, 9
46129, 9
46130, 9
46131, 9
46132, 9
46133, 9
46134, 9
46135, 9
46136, 9
46137, 9
46138, 9
46139, 9
46140, 9
46141, 9
46142, 9
46143, 9
46144, 9
46145, 9
46146, 9
46147, 9
46148, 9
46149, 9
46150, 9
46151, 9
46152, 9
46153, 9
46154, 9
46155, 9
46156, 9
46157, 9
46158, 9
46159, 9
46160, 9
46161, 9
46162, 9
46163, 9
46164, 9
46165, 9
46166, 9
46167, 9
46168, 9
46169, 9
46170, 9
46171, 9
46172, 9
46173, 9
46174, 9
46175, 9
46176, 9
46177, 9
46178, 9
46179, 9
46180, 9
46181, 9
46182, 9
46183, 9
46184, 9
46185, 9
46186, 9
46187, 9
46188, 9
46189, 9
46190, 9
46191, 9
46192, 9
46193, 9
46194, 9
46195, 9
46196, 9
46197, 9
46198, 9
46199, 9
46200, 9
46201, 9
46202, 9
46203, 9
46204, 9
46205, 9
46206, 9
46207, 9
46208, 9
46209, 9
46210, 9
46211, 9
46212, 10
46213, 10
46214, 10
46215, 10
46216, 10
46217, 10
46218, 10
46219, 10
46220, 10
46221, 10
46222, 10
46223, 10
46224, 10
46225, 9
46226, 9
46227, 9
46228, 9
46229, 9
46230, 9
46231, 9
46232, 9
46233, 9
46234, 9
46235, 9
46236, 9
46237, 9
46238, 9
46239, 9
46240, 9
46241, 9
46242, 9
46243, 9
46244, 9
46245, 9
46246, 9
46247, 9
46248, 9
46249, 9
46250, 9
46251, 9
46252, 9
46253, 9
46254, 9
46255, 9
46256, 9
46257, 9
46258, 9
46259, 9
46260, 9
46261, 9
46262, 9
46263, 9
46264, 9
46265, 9
46266, 9
46267, 9
46268, 9
46269, 9
46270, 9
46271, 9
46272, 9
46273, 9
46274, 9
46275, 9
46276, 9
46277, 9
46278, 9
46279, 9
46280, 9
46281, 9
46282, 9
46283, 9
46284, 9
46285, 9
46286, 9
46287, 9
46288, 9
46289, 9
46290, 9
46291, 9
46292, 9
46293, 9
46294, 9
46295, 9
46296, 9
46297, 9
46298, 9
46299, 9
46300, 9
46301, 9
46302, 9
46303, 9
46304, 9
46305, 9
46306, 9
46307, 9
46308, 9
46309, 9
46310, 9
46311, 9
46312, 9
46313, 9
46314, 9
46315, 9
46316, 9
46317, 9
46318, 9
46319, 9
46320, 9
46321, 9
46322, 9
46323, 9
46324, 9
46325, 9
46326, 9
46327, 9
46328, 9
46329, 9
46330, 9
46331, 9
46332, 9
46333, 9
46334, 9
46335, 9
46336, 9
46337, 9
46338, 9
46339, 9
46340, 9
46341, 9
46342, 9
46343, 9
46344, 9
46345, 9
46346, 9
46347, 9
46348, 9
46349, 9
46350, 9
46351, 9
46352, 9
46353, 9
46354, 9
46355, 9
46356, 9
46357, 9
46358, 9
46359, 9
46360, 9
46361, 9
46362, 9
46363, 9
46364, 9
46365, 9
46366, 9
46367, 9
46368, 9
46369, 9
46370, 9
46371, 9
46372, 9
46373, 9
46374, 9
46375, 9
46376, 9
46377, 9
46378, 9
46379, 9
46380, 9
46381, 9
46382, 9
46383, 9
46384, 9
46385, 9
46386, 9
46387, 9
46388, 9
46389, 9
46390, 9
46391, 9
46392, 9
46393, 9
46394, 9
46395, 9
46396, 9
46397, 9
46398, 9
46399, 9
46400, 9
46401, 9
46402, 9
46403, 9
46404, 9
46405, 9
46406, 9
46407, 9
46408, 9
46409, 9
46410, 9
46411, 9
46412, 9
46413, 9
46414, 9
46415, 9
46416, 9
46417, 9
46418, 9
46419, 9
46420, 9
46421, 9
46422, 9
46423, 9
46424, 9
46425, 9
46426, 9
46427, 9
46428, 9
46429, 9
46430, 9
46431, 9
46432, 9
46433, 9
46434, 9
46435, 9
46436, 9
46437, 9
46438, 9
46439, 9
46440, 9
46441, 9
46442, 9
46443, 9
46444, 9
46445, 9
46446, 9
46447, 9
46448, 9
46449, 9
46450, 9
46451, 9
46452, 9
46453, 9
46454, 9
46455, 9
46456, 9
46457, 9
46458, 9
46459, 9
46460, 9
46461, 9
46462, 9
46463, 9
46464, 9
46465, 9
46466, 9
46467, 9
46468, 9
46469, 9
46470, 9
46471, 9
46472, 9
46473, 9
46474, 9
46475, 9
46476, 9
46477, 9
46478, 9
46479, 9
46480, 9
46481, 9
46482, 9
46483, 9
46484, 9
46485, 9
46486, 9
46487, 9
46488, 9
46489, 9
46490, 9
46491, 9
46492, 9
46493, 9
46494, 9
46495, 9
46496, 9
46497, 9
46498, 9
46499, 9
46500, 9
46501, 9
46502, 9
46503, 9
46504, 9
46505, 9
46506, 9
46507, 9
46508, 9
46509, 9
46510, 9
46511, 9
46512, 9
46513, 9
46514, 9
46515, 9
46516, 9
46517, 9
46518, 9
46519, 9
46520, 9
46521, 9
46522, 9
46523, 9
46524, 9
46525, 9
46526, 9
46527, 9
46528, 9
46529, 9
46530, 9
46531, 9
46532, 9
46533, 9
46534, 9
46535, 9
46536, 9
46537, 9
46538, 9
46539, 9
46540, 9
46541, 9
46542, 9
46543, 9
46544, 9
46545, 9
46546, 9
46547, 9
46548, 9
46549, 9
46550, 9
46551, 9
46552, 9
46553, 9
46554, 9
46555, 9
46556, 9
46557, 9
46558, 9
46559, 9
46560, 9
46561, 9
46562, 9
46563, 9
46564, 9
46565, 9
46566, 9
46567, 9
46568, 9
46569, 9
46570, 9
46571, 9
46572, 9
46573, 9
46574, 9
46575, 9
46576, 9
46577, 9
46578, 9
46579, 9
46580, 9
46581, 9
46582, 9
46583, 9
46584, 9
46585, 9
46586, 9
46587, 9
46588, 9
46589, 9
46590, 9
46591, 9
46592, 9
46593, 9
46594, 9
46595, 9
46596, 9
46597, 9
46598, 9
46599, 9
46600, 9
46601, 9
46602, 9
46603, 9
46604, 9
46605, 9
46606, 9
46607, 9
46608, 9
46609, 9
46610, 9
46611, 9
46612, 9
46613, 9
46614, 9
46615, 9
46616, 9
46617, 9
46618, 9
46619, 9
46620, 9
46621, 9
46622, 9
46623, 9
46624, 9
46625, 9
46626, 9
46627, 9
46628, 9
46629, 9
46630, 9
46631, 9
46632, 9
46633, 9
46634, 9
46635, 9
46636, 9
46637, 9
46638, 9
46639, 9
46640, 9
46641, 9
46642, 10
46643, 10
46644, 10
46645, 10
46646, 10
46647, 10
46648, 10
46649, 10
46650, 10
46651, 10
46652, 10
46653, 10
46654, 10
46655, 10
46656, 9
46657, 9
46658, 9
46659, 9
46660, 9
46661, 9
46662, 9
46663, 9
46664, 9
46665, 9
46666, 9
46667, 9
46668, 9
46669, 9
46670, 9
46671, 9
46672, 9
46673, 9
46674, 9
46675, 9
46676, 9
46677, 9
46678, 9
46679, 9
46680, 9
46681, 9
46682, 9
46683, 9
46684, 9
46685, 9
46686, 9
46687, 9
46688, 9
46689, 9
46690, 9
46691, 9
46692, 9
46693, 9
46694, 9
46695, 9
46696, 9
46697, 9
46698, 9
46699, 9
46700, 9
46701, 9
46702, 9
46703, 9
46704, 9
46705, 9
46706, 9
46707, 9
46708, 9
46709, 9
46710, 9
46711, 9
46712, 9
46713, 9
46714, 9
46715, 9
46716, 9
46717, 9
46718, 9
46719, 9
46720, 9
46721, 9
46722, 9
46723, 9
46724, 9
46725, 9
46726, 9
46727, 9
46728, 9
46729, 9
46730, 9
46731, 9
46732, 9
46733, 9
46734, 9
46735, 9
46736, 9
46737, 9
46738, 9
46739, 9
46740, 9
46741, 9
46742, 9
46743, 9
46744, 9
46745, 9
46746, 9
46747, 9
46748, 9
46749, 9
46750, 9
46751, 9
46752, 9
46753, 9
46754, 9
46755, 9
46756, 9
46757, 9
46758, 9
46759, 9
46760, 9
46761, 9
46762, 9
46763, 9
46764, 9
46765, 9
46766, 9
46767, 9
46768, 9
46769, 9
46770, 9
46771, 9
46772, 9
46773, 9
46774, 9
46775, 9
46776, 9
46777, 9
46778, 9
46779, 9
46780, 9
46781, 9
46782, 9
46783, 9
46784, 9
46785, 9
46786, 9
46787, 9
46788, 9
46789, 9
46790, 9
46791, 9
46792, 9
46793, 9
46794, 9
46795, 9
46796, 9
46797, 9
46798, 9
46799, 9
46800, 9
46801, 9
46802, 9
46803, 9
46804, 9
46805, 9
46806, 9
46807, 9
46808, 9
46809, 9
46810, 9
46811, 9
46812, 9
46813, 9
46814, 9
46815, 9
46816, 9
46817, 9
46818, 9
46819, 9
46820, 9
46821, 9
46822, 9
46823, 9
46824, 9
46825, 9
46826, 9
46827, 9
46828, 9
46829, 9
46830, 9
46831, 9
46832, 9
46833, 9
46834, 9
46835, 9
46836, 9
46837, 9
46838, 9
46839, 9
46840, 9
46841, 9
46842, 9
46843, 9
46844, 9
46845, 9
46846, 9
46847, 9
46848, 9
46849, 9
46850, 9
46851, 9
46852, 9
46853, 9
46854, 9
46855, 9
46856, 9
46857, 9
46858, 9
46859, 9
46860, 9
46861, 9
46862, 9
46863, 9
46864, 9
46865, 9
46866, 9
46867, 9
46868, 9
46869, 9
46870, 9
46871, 9
46872, 9
46873, 9
46874, 9
46875, 9
46876, 9
46877, 9
46878, 9
46879, 9
46880, 9
46881, 9
46882, 9
46883, 9
46884, 9
46885, 9
46886, 9
46887, 9
46888, 9
46889, 9
46890, 9
46891, 9
46892, 9
46893, 9
46894, 9
46895, 9
46896, 9
46897, 9
46898, 9
46899, 9
46900, 9
46901, 9
46902, 9
46903, 9
46904, 9
46905, 9
46906, 9
46907, 9
46908, 9
46909, 9
46910, 9
46911, 9
46912, 9
46913, 9
46914, 9
46915, 9
46916, 9
46917, 9
46918, 9
46919, 9
46920, 9
46921, 9
46922, 9
46923, 9
46924, 9
46925, 9
46926, 9
46927, 9
46928, 9
46929, 9
46930, 9
46931, 9
46932, 9
46933, 9
46934, 9
46935, 9
46936, 9
46937, 9
46938, 9
46939, 9
46940, 9
46941, 9
46942, 9
46943, 9
46944, 9
46945, 9
46946, 9
46947, 9
46948, 9
46949, 9
46950, 9
46951, 9
46952, 9
46953, 9
46954, 9
46955, 9
46956, 9
46957, 9
46958, 9
46959, 9
46960, 9
46961, 9
46962, 9
46963, 9
46964, 9
46965, 9
46966, 9
46967, 9
46968, 9
46969, 9
46970, 9
46971, 9
46972, 9
46973, 9
46974, 9
46975, 9
46976, 9
46977, 9
46978, 9
46979, 9
46980, 9
46981, 9
46982, 9
46983, 9
46984, 9
46985, 9
46986, 9
46987, 9
46988, 9
46989, 9
46990, 9
46991, 9
46992, 9
46993, 9
46994, 9
46995, 9
46996, 9
46997, 9
46998, 9
46999, 9
47000, 9
47001, 9
47002, 9
47003, 9
47004, 9
47005, 9
47006, 9
47007, 9
47008, 9
47009, 9
47010, 9
47011, 9
47012, 9
47013, 9
47014, 9
47015, 9
47016, 9
47017, 9
47018, 9
47019, 9
47020, 9
47021, 9
47022, 9
47023, 9
47024, 9
47025, 9
47026, 9
47027, 9
47028, 9
47029, 9
47030, 9
47031, 9
47032, 9
47033, 9
47034, 9
47035, 9
47036, 9
47037, 9
47038, 9
47039, 9
47040, 9
47041, 9
47042, 9
47043, 9
47044, 9
47045, 9
47046, 9
47047, 9
47048, 9
47049, 9
47050, 9
47051, 9
47052, 9
47053, 9
47054, 9
47055, 9
47056, 9
47057, 9
47058, 9
47059, 9
47060, 9
47061, 9
47062, 9
47063, 9
47064, 9
47065, 9
47066, 9
47067, 9
47068, 9
47069, 9
47070, 9
47071, 9
47072, 9
47073, 9
47074, 9
47075, 10
47076, 10
47077, 10
47078, 10
47079, 10
47080, 10
47081, 10
47082, 10
47083, 10
47084, 10
47085, 10
47086, 10
47087, 10
47088, 10
47089, 9
47090, 9
47091, 9
47092, 9
47093, 9
47094, 9
47095, 9
47096, 9
47097, 9
47098, 9
47099, 9
47100, 9
47101, 9
47102, 9
47103, 9
47104, 9
47105, 9
47106, 9
47107, 9
47108, 9
47109, 9
47110, 9
47111, 9
47112, 9
47113, 9
47114, 9
47115, 9
47116, 9
47117, 9
47118, 9
47119, 9
47120, 9
47121, 9
47122, 9
47123, 9
47124, 9
47125, 9
47126, 9
47127, 9
47128, 9
47129, 9
47130, 9
47131, 9
47132, 9
47133, 9
47134, 9
47135, 9
47136, 9
47137, 9
47138, 9
47139, 9
47140, 9
47141, 9
47142, 9
47143, 9
47144, 9
47145, 9
47146, 9
47147, 9
47148, 9
47149, 9
47150, 9
47151, 9
47152, 9
47153, 9
47154, 9
47155, 9
47156, 9
47157, 9
47158, 9
47159, 9
47160, 9
47161, 9
47162, 9
47163, 9
47164, 9
47165, 9
47166, 9
47167, 9
47168, 9
47169, 9
47170, 9
47171, 9
47172, 9
47173, 9
47174, 9
47175, 9
47176, 9
47177, 9
47178, 9
47179, 9
47180, 9
47181, 9
47182, 9
47183, 9
47184, 9
47185, 9
47186, 9
47187, 9
47188, 9
47189, 9
47190, 9
47191, 9
47192, 9
47193, 9
47194, 9
47195, 9
47196, 9
47197, 9
47198, 9
47199, 9
47200, 9
47201, 9
47202, 9
47203, 9
47204, 9
47205, 9
47206, 9
47207, 9
47208, 9
47209, 9
47210, 9
47211, 9
47212, 9
47213, 9
47214, 9
47215, 9
47216, 9
47217, 9
47218, 9
47219, 9
47220, 9
47221, 9
47222, 9
47223, 9
47224, 9
47225, 9
47226, 9
47227, 9
47228, 9
47229, 9
47230, 9
47231, 9
47232, 9
47233, 9
47234, 9
47235, 9
47236, 9
47237, 9
47238, 9
47239, 9
47240, 9
47241, 9
47242, 9
47243, 9
47244, 9
47245, 9
47246, 9
47247, 9
47248, 9
47249, 9
47250, 9
47251, 9
47252, 9
47253, 9
47254, 9
47255, 9
47256, 9
47257, 9
47258, 9
47259, 9
47260, 9
47261, 9
47262, 9
47263, 9
47264, 9
47265, 9
47266, 9
47267, 9
47268, 9
47269, 9
47270, 9
47271, 9
47272, 9
47273, 9
47274, 9
47275, 9
47276, 9
47277, 9
47278, 9
47279, 9
47280, 9
47281, 9
47282, 9
47283, 9
47284, 9
47285, 9
47286, 9
47287, 9
47288, 9
47289, 9
47290, 9
47291, 9
47292, 9
47293, 9
47294, 9
47295, 9
47296, 9
47297, 9
47298, 9
47299, 9
47300, 9
47301, 9
47302, 9
47303, 9
47304, 9
47305, 9
47306, 9
47307, 9
47308, 9
47309, 9
47310, 9
47311, 9
47312, 9
47313, 9
47314, 9
47315, 9
47316, 9
47317, 9
47318, 9
47319, 9
47320, 9
47321, 9
47322, 9
47323, 9
47324, 9
47325, 9
47326, 9
47327, 9
47328, 9
47329, 9
47330, 9
47331, 9
47332, 9
47333, 9
47334, 9
47335, 9
47336, 9
47337, 9
47338, 9
47339, 9
47340, 9
47341, 9
47342, 9
47343, 9
47344, 9
47345, 9
47346, 9
47347, 9
47348, 9
47349, 9
47350, 9
47351, 9
47352, 9
47353, 9
47354, 9
47355, 9
47356, 9
47357, 9
47358, 9
47359, 9
47360, 9
47361, 9
47362, 9
47363, 9
47364, 9
47365, 9
47366, 9
47367, 9
47368, 9
47369, 9
47370, 9
47371, 9
47372, 9
47373, 9
47374, 9
47375, 9
47376, 9
47377, 9
47378, 9
47379, 9
47380, 9
47381, 9
47382, 9
47383, 9
47384, 9
47385, 9
47386, 9
47387, 9
47388, 9
47389, 9
47390, 9
47391, 9
47392, 9
47393, 9
47394, 9
47395, 9
47396, 9
47397, 9
47398, 9
47399, 9
47400, 9
47401, 9
47402, 9
47403, 9
47404, 9
47405, 9
47406, 9
47407, 9
47408, 9
47409, 9
47410, 9
47411, 9
47412, 9
47413, 9
47414, 9
47415, 9
47416, 9
47417, 9
47418, 9
47419, 9
47420, 9
47421, 9
47422, 9
47423, 9
47424, 9
47425, 9
47426, 9
47427, 9
47428, 9
47429, 9
47430, 9
47431, 9
47432, 9
47433, 9
47434, 9
47435, 9
47436, 9
47437, 9
47438, 9
47439, 9
47440, 9
47441, 9
47442, 9
47443, 9
47444, 9
47445, 9
47446, 9
47447, 9
47448, 9
47449, 9
47450, 9
47451, 9
47452, 9
47453, 9
47454, 9
47455, 9
47456, 9
47457, 9
47458, 9
47459, 9
47460, 9
47461, 9
47462, 9
47463, 9
47464, 9
47465, 9
47466, 9
47467, 9
47468, 9
47469, 9
47470, 9
47471, 9
47472, 9
47473, 9
47474, 9
47475, 9
47476, 9
47477, 9
47478, 9
47479, 9
47480, 9
47481, 9
47482, 9
47483, 9
47484, 9
47485, 9
47486, 9
47487, 9
47488, 9
47489, 9
47490, 9
47491, 9
47492, 9
47493, 9
47494, 9
47495, 9
47496, 9
47497, 9
47498, 9
47499, 9
47500, 9
47501, 9
47502, 9
47503, 9
47504, 9
47505, 9
47506, 9
47507, 9
47508, 9
47509, 10
47510, 10
47511, 10
47512, 10
47513, 10
47514, 10
47515, 10
47516, 10
47517, 10
47518, 10
47519, 10
47520, 10
47521, 10
47522, 10
47523, 10
47524, 9
47525, 9
47526, 9
47527, 9
47528, 9
47529, 9
47530, 9
47531, 9
47532, 9
47533, 9
47534, 9
47535, 9
47536, 9
47537, 9
47538, 9
47539, 9
47540, 9
47541, 9
47542, 9
47543, 9
47544, 9
47545, 9
47546, 9
47547, 9
47548, 9
47549, 9
47550, 9
47551, 9
47552, 9
47553, 9
47554, 9
47555, 9
47556, 9
47557, 9
47558, 9
47559, 9
47560, 9
47561, 9
47562, 9
47563, 9
47564, 9
47565, 9
47566, 9
47567, 9
47568, 9
47569, 9
47570, 9
47571, 9
47572, 9
47573, 9
47574, 9
47575, 9
47576, 9
47577, 9
47578, 9
47579, 9
47580, 9
47581, 9
47582, 9
47583, 9
47584, 9
47585, 9
47586, 9
47587, 9
47588, 9
47589, 9
47590, 9
47591, 9
47592, 9
47593, 9
47594, 9
47595, 9
47596, 9
47597, 9
47598, 9
47599, 9
47600, 9
47601, 9
47602, 9
47603, 9
47604, 9
47605, 9
47606, 9
47607, 9
47608, 9
47609, 9
47610, 9
47611, 9
47612, 9
47613, 9
47614, 9
47615, 9
47616, 9
47617, 9
47618, 9
47619, 9
47620, 9
47621, 9
47622, 9
47623, 9
47624, 9
47625, 9
47626, 9
47627, 9
47628, 9
47629, 9
47630, 9
47631, 9
47632, 9
47633, 9
47634, 9
47635, 9
47636, 9
47637, 9
47638, 9
47639, 9
47640, 9
47641, 9
47642, 9
47643, 9
47644, 9
47645, 9
47646, 9
47647, 9
47648, 9
47649, 9
47650, 9
47651, 9
47652, 9
47653, 9
47654, 9
47655, 9
47656, 9
47657, 9
47658, 9
47659, 9
47660, 9
47661, 9
47662, 9
47663, 9
47664, 9
47665, 9
47666, 9
47667, 9
47668, 9
47669, 9
47670, 9
47671, 9
47672, 9
47673, 9
47674, 9
47675, 9
47676, 9
47677, 9
47678, 9
47679, 9
47680, 9
47681, 9
47682, 9
47683, 9
47684, 9
47685, 9
47686, 9
47687, 9
47688, 9
47689, 9
47690, 9
47691, 9
47692, 9
47693, 9
47694, 9
47695, 9
47696, 9
47697, 9
47698, 9
47699, 9
47700, 9
47701, 9
47702, 9
47703, 9
47704, 9
47705, 9
47706, 9
47707, 9
47708, 9
47709, 9
47710, 9
47711, 9
47712, 9
47713, 9
47714, 9
47715, 9
47716, 9
47717, 9
47718, 9
47719, 9
47720, 9
47721, 9
47722, 9
47723, 9
47724, 9
47725, 9
47726, 9
47727, 9
47728, 9
47729, 9
47730, 9
47731, 9
47732, 9
47733, 9
47734, 9
47735, 9
47736, 9
47737, 9
47738, 9
47739, 9
47740, 9
47741, 9
47742, 9
47743, 9
47744, 9
47745, 9
47746, 9
47747, 9
47748, 9
47749, 9
47750, 9
47751, 9
47752, 9
47753, 9
47754, 9
47755, 9
47756, 9
47757, 9
47758, 9
47759, 9
47760, 9
47761, 9
47762, 9
47763, 9
47764, 9
47765, 9
47766, 9
47767, 9
47768, 9
47769, 9
47770, 9
47771, 9
47772, 9
47773, 9
47774, 9
47775, 9
47776, 9
47777, 9
47778, 9
47779, 9
47780, 9
47781, 9
47782, 9
47783, 9
47784, 9
47785, 9
47786, 9
47787, 9
47788, 9
47789, 9
47790, 9
47791, 9
47792, 9
47793, 9
47794, 9
47795, 9
47796, 9
47797, 9
47798, 9
47799, 9
47800, 9
47801, 9
47802, 9
47803, 9
47804, 9
47805, 9
47806, 9
47807, 9
47808, 9
47809, 9
47810, 9
47811, 9
47812, 9
47813, 9
47814, 9
47815, 9
47816, 9
47817, 9
47818, 9
47819, 9
47820, 9
47821, 9
47822, 9
47823, 9
47824, 9
47825, 9
47826, 9
47827, 9
47828, 9
47829, 9
47830, 9
47831, 9
47832, 9
47833, 9
47834, 9
47835, 9
47836, 9
47837, 9
47838, 9
47839, 9
47840, 9
47841, 9
47842, 9
47843, 9
47844, 9
47845, 9
47846, 9
47847, 9
47848, 9
47849, 9
47850, 9
47851, 9
47852, 9
47853, 9
47854, 9
47855, 9
47856, 9
47857, 9
47858, 9
47859, 9
47860, 9
47861, 9
47862, 9
47863, 9
47864, 9
47865, 9
47866, 9
47867, 9
47868, 9
47869, 9
47870, 9
47871, 9
47872, 9
47873, 9
47874, 9
47875, 9
47876, 9
47877, 9
47878, 9
47879, 9
47880, 9
47881, 9
47882, 9
47883, 9
47884, 9
47885, 9
47886, 9
47887, 9
47888, 9
47889, 9
47890, 9
47891, 9
47892, 9
47893, 9
47894, 9
47895, 9
47896, 9
47897, 9
47898, 9
47899, 9
47900, 9
47901, 9
47902, 9
47903, 9
47904, 9
47905, 9
47906, 9
47907, 9
47908, 9
47909, 9
47910, 9
47911, 9
47912, 9
47913, 9
47914, 9
47915, 9
47916, 9
47917, 9
47918, 9
47919, 9
47920, 9
47921, 9
47922, 9
47923, 9
47924, 9
47925, 9
47926, 9
47927, 9
47928, 9
47929, 9
47930, 9
47931, 9
47932, 9
47933, 9
47934, 9
47935, 9
47936, 9
47937, 9
47938, 9
47939, 9
47940, 9
47941, 9
47942, 9
47943, 9
47944, 9
47945, 10
47946, 10
47947, 10
47948, 10
47949, 10
47950, 10
47951, 10
47952, 10
47953, 10
47954, 10
47955, 10
47956, 10
47957, 10
47958, 10
47959, 10
47960, 10
47961, 9
47962, 9
47963, 9
47964, 9
47965, 9
47966, 9
47967, 9
47968, 9
47969, 9
47970, 9
47971, 9
47972, 9
47973, 9
47974, 9
47975, 9
47976, 9
47977, 9
47978, 9
47979, 9
47980, 9
47981, 9
47982, 9
47983, 9
47984, 9
47985, 9
47986, 9
47987, 9
47988, 9
47989, 9
47990, 9
47991, 9
47992, 9
47993, 9
47994, 9
47995, 9
47996, 9
47997, 9
47998, 9
47999, 9
48000, 9
48001, 9
48002, 9
48003, 9
48004, 9
48005, 9
48006, 9
48007, 9
48008, 9
48009, 9
48010, 9
48011, 9
48012, 9
48013, 9
48014, 9
48015, 9
48016, 9
48017, 9
48018, 9
48019, 9
48020, 9
48021, 9
48022, 9
48023, 9
48024, 9
48025, 9
48026, 9
48027, 9
48028, 9
48029, 9
48030, 9
48031, 9
48032, 9
48033, 9
48034, 9
48035, 9
48036, 9
48037, 9
48038, 9
48039, 9
48040, 9
48041, 9
48042, 9
48043, 9
48044, 9
48045, 9
48046, 9
48047, 9
48048, 9
48049, 9
48050, 9
48051, 9
48052, 9
48053, 9
48054, 9
48055, 9
48056, 9
48057, 9
48058, 9
48059, 9
48060, 9
48061, 9
48062, 9
48063, 9
48064, 9
48065, 9
48066, 9
48067, 9
48068, 9
48069, 9
48070, 9
48071, 9
48072, 9
48073, 9
48074, 9
48075, 9
48076, 9
48077, 9
48078, 9
48079, 9
48080, 9
48081, 9
48082, 9
48083, 9
48084, 9
48085, 9
48086, 9
48087, 9
48088, 9
48089, 9
48090, 9
48091, 9
48092, 9
48093, 9
48094, 9
48095, 9
48096, 9
48097, 9
48098, 9
48099, 9
48100, 9
48101, 9
48102, 9
48103, 9
48104, 9
48105, 9
48106, 9
48107, 9
48108, 9
48109, 9
48110, 9
48111, 9
48112, 9
48113, 9
48114, 9
48115, 9
48116, 9
48117, 9
48118, 9
48119, 9
48120, 9
48121, 9
48122, 9
48123, 9
48124, 9
48125, 9
48126, 9
48127, 9
48128, 9
48129, 9
48130, 9
48131, 9
48132, 9
48133, 9
48134, 9
48135, 9
48136, 9
48137, 9
48138, 9
48139, 9
48140, 9
48141, 9
48142, 9
48143, 9
48144, 9
48145, 9
48146, 9
48147, 9
48148, 9
48149, 9
48150, 9
48151, 9
48152, 9
48153, 9
48154, 9
48155, 9
48156, 9
48157, 9
48158, 9
48159, 9
48160, 9
48161, 9
48162, 9
48163, 9
48164, 9
48165, 9
48166, 9
48167, 9
48168, 9
48169, 9
48170, 9
48171, 9
48172, 9
48173, 9
48174, 9
48175, 9
48176, 9
48177, 9
48178, 9
48179, 9
48180, 9
48181, 9
48182, 9
48183, 9
48184, 9
48185, 9
48186, 9
48187, 9
48188, 9
48189, 9
48190, 9
48191, 9
48192, 9
48193, 9
48194, 9
48195, 9
48196, 9
48197, 9
48198, 9
48199, 9
48200, 9
48201, 9
48202, 9
48203, 9
48204, 9
48205, 9
48206, 9
48207, 9
48208, 9
48209, 9
48210, 9
48211, 9
48212, 9
48213, 9
48214, 9
48215, 9
48216, 9
48217, 9
48218, 9
48219, 9
48220, 9
48221, 9
48222, 9
48223, 9
48224, 9
48225, 9
48226, 9
48227, 9
48228, 9
48229, 9
48230, 9
48231, 9
48232, 9
48233, 9
48234, 9
48235, 9
48236, 9
48237, 9
48238, 9
48239, 9
48240, 9
48241, 9
48242, 9
48243, 9
48244, 9
48245, 9
48246, 9
48247, 9
48248, 9
48249, 9
48250, 9
48251, 9
48252, 9
48253, 9
48254, 9
48255, 9
48256, 9
48257, 9
48258, 9
48259, 9
48260, 9
48261, 9
48262, 9
48263, 9
48264, 9
48265, 9
48266, 9
48267, 9
48268, 9
48269, 9
48270, 9
48271, 9
48272, 9
48273, 9
48274, 9
48275, 9
48276, 9
48277, 9
48278, 9
48279, 9
48280, 9
48281, 9
48282, 9
48283, 9
48284, 9
48285, 9
48286, 9
48287, 9
48288, 9
48289, 9
48290, 9
48291, 9
48292, 9
48293, 9
48294, 9
48295, 9
48296, 9
48297, 9
48298, 9
48299, 9
48300, 9
48301, 9
48302, 9
48303, 9
48304, 9
48305, 9
48306, 9
48307, 9
48308, 9
48309, 9
48310, 9
48311, 9
48312, 9
48313, 9
48314, 9
48315, 9
48316, 9
48317, 9
48318, 9
48319, 9
48320, 9
48321, 9
48322, 9
48323, 9
48324, 9
48325, 9
48326, 9
48327, 9
48328, 9
48329, 9
48330, 9
48331, 9
48332, 9
48333, 9
48334, 9
48335, 9
48336, 9
48337, 9
48338, 9
48339, 9
48340, 9
48341, 9
48342, 9
48343, 9
48344, 9
48345, 9
48346, 9
48347, 9
48348, 9
48349, 9
48350, 9
48351, 9
48352, 9
48353, 9
48354, 9
48355, 9
48356, 9
48357, 9
48358, 9
48359, 9
48360, 9
48361, 9
48362, 9
48363, 9
48364, 9
48365, 9
48366, 9
48367, 9
48368, 9
48369, 9
48370, 9
48371, 9
48372, 9
48373, 9
48374, 9
48375, 9
48376, 9
48377, 9
48378, 9
48379, 9
48380, 9
48381, 9
48382, 9
48383, 10
48384, 10
48385, 10
48386, 10
48387, 10
48388, 10
48389, 10
48390, 10
48391, 10
48392, 10
48393, 10
48394, 10
48395, 10
48396, 10
48397, 10
48398, 10
48399, 10
48400, 9
48401, 9
48402, 9
48403, 9
48404, 9
48405, 9
48406, 9
48407, 9
48408, 9
48409, 9
48410, 9
48411, 9
48412, 9
48413, 9
48414, 9
48415, 9
48416, 9
48417, 9
48418, 9
48419, 9
48420, 9
48421, 9
48422, 9
48423, 9
48424, 9
48425, 9
48426, 9
48427, 9
48428, 9
48429, 9
48430, 9
48431, 9
48432, 9
48433, 9
48434, 9
48435, 9
48436, 9
48437, 9
48438, 9
48439, 9
48440, 9
48441, 9
48442, 9
48443, 9
48444, 9
48445, 9
48446, 9
48447, 9
48448, 9
48449, 9
48450, 9
48451, 9
48452, 9
48453, 9
48454, 9
48455, 9
48456, 9
48457, 9
48458, 9
48459, 9
48460, 9
48461, 9
48462, 9
48463, 9
48464, 9
48465, 9
48466, 9
48467, 9
48468, 9
48469, 9
48470, 9
48471, 9
48472, 9
48473, 9
48474, 9
48475, 9
48476, 9
48477, 9
48478, 9
48479, 9
48480, 9
48481, 9
48482, 9
48483, 9
48484, 9
48485, 9
48486, 9
48487, 9
48488, 9
48489, 9
48490, 9
48491, 9
48492, 9
48493, 9
48494, 9
48495, 9
48496, 9
48497, 9
48498, 9
48499, 9
48500, 9
48501, 9
48502, 9
48503, 9
48504, 9
48505, 9
48506, 9
48507, 9
48508, 9
48509, 9
48510, 9
48511, 9
48512, 9
48513, 9
48514, 9
48515, 9
48516, 9
48517, 9
48518, 9
48519, 9
48520, 9
48521, 9
48522, 9
48523, 9
48524, 9
48525, 9
48526, 9
48527, 9
48528, 9
48529, 9
48530, 9
48531, 9
48532, 9
48533, 9
48534, 9
48535, 9
48536, 9
48537, 9
48538, 9
48539, 9
48540, 9
48541, 9
48542, 9
48543, 9
48544, 9
48545, 9
48546, 9
48547, 9
48548, 9
48549, 9
48550, 9
48551, 9
48552, 9
48553, 9
48554, 9
48555, 9
48556, 9
48557, 9
48558, 9
48559, 9
48560, 9
48561, 9
48562, 9
48563, 9
48564, 9
48565, 9
48566, 9
48567, 9
48568, 9
48569, 9
48570, 9
48571, 9
48572, 9
48573, 9
48574, 9
48575, 9
48576, 9
48577, 9
48578, 9
48579, 9
48580, 9
48581, 9
48582, 9
48583, 9
48584, 9
48585, 9
48586, 9
48587, 9
48588, 9
48589, 9
48590, 9
48591, 9
48592, 9
48593, 9
48594, 9
48595, 9
48596, 9
48597, 9
48598, 9
48599, 9
48600, 9
48601, 9
48602, 9
48603, 9
48604, 9
48605, 9
48606, 9
48607, 9
48608, 9
48609, 9
48610, 9
48611, 9
48612, 9
48613, 9
48614, 9
48615, 9
48616, 9
48617, 9
48618, 9
48619, 9
48620, 9
48621, 9
48622, 9
48623, 9
48624, 9
48625, 9
48626, 9
48627, 9
48628, 9
48629, 9
48630, 9
48631, 9
48632, 9
48633, 9
48634, 9
48635, 9
48636, 9
48637, 9
48638, 9
48639, 9
48640, 9
48641, 9
48642, 9
48643, 9
48644, 9
48645, 9
48646, 9
48647, 9
48648, 9
48649, 9
48650, 9
48651, 9
48652, 9
48653, 9
48654, 9
48655, 9
48656, 9
48657, 9
48658, 9
48659, 9
48660, 9
48661, 9
48662, 9
48663, 9
48664, 9
48665, 9
48666, 9
48667, 9
48668, 9
48669, 9
48670, 9
48671, 9
48672, 9
48673, 9
48674, 9
48675, 9
48676, 9
48677, 9
48678, 9
48679, 9
48680, 9
48681, 9
48682, 9
48683, 9
48684, 9
48685, 9
48686, 9
48687, 9
48688, 9
48689, 9
48690, 9
48691, 9
48692, 9
48693, 9
48694, 9
48695, 9
48696, 9
48697, 9
48698, 9
48699, 9
48700, 9
48701, 9
48702, 9
48703, 9
48704, 9
48705, 9
48706, 9
48707, 9
48708, 9
48709, 9
48710, 9
48711, 9
48712, 9
48713, 9
48714, 9
48715, 9
48716, 9
48717, 9
48718, 9
48719, 9
48720, 9
48721, 9
48722, 9
48723, 9
48724, 9
48725, 9
48726, 9
48727, 9
48728, 9
48729, 9
48730, 9
48731, 9
48732, 9
48733, 9
48734, 9
48735, 9
48736, 9
48737, 9
48738, 9
48739, 9
48740, 9
48741, 9
48742, 9
48743, 9
48744, 9
48745, 9
48746, 9
48747, 9
48748, 9
48749, 9
48750, 9
48751, 9
48752, 9
48753, 9
48754, 9
48755, 9
48756, 9
48757, 9
48758, 9
48759, 9
48760, 9
48761, 9
48762, 9
48763, 9
48764, 9
48765, 9
48766, 9
48767, 9
48768, 9
48769, 9
48770, 9
48771, 9
48772, 9
48773, 9
48774, 9
48775, 9
48776, 9
48777, 9
48778, 9
48779, 9
48780, 9
48781, 9
48782, 9
48783, 9
48784, 9
48785, 9
48786, 9
48787, 9
48788, 9
48789, 9
48790, 9
48791, 9
48792, 9
48793, 9
48794, 9
48795, 9
48796, 9
48797, 9
48798, 9
48799, 9
48800, 9
48801, 9
48802, 9
48803, 9
48804, 9
48805, 9
48806, 9
48807, 9
48808, 9
48809, 9
48810, 9
48811, 9
48812, 9
48813, 9
48814, 9
48815, 9
48816, 9
48817, 9
48818, 9
48819, 9
48820, 9
48821, 9
48822, 9
48823, 10
48824, 10
48825, 10
48826, 10
48827, 10
48828, 10
48829, 10
48830, 10
48831, 10
48832, 10
48833, 10
48834, 10
48835, 10
48836, 10
48837, 10
48838, 10
48839, 10
48840, 10
48841, 9
48842, 9
48843, 9
48844, 9
48845, 9
48846, 9
48847, 9
48848, 9
48849, 9
48850, 9
48851, 9
48852, 9
48853, 9
48854, 9
48855, 9
48856, 9
48857, 9
48858, 9
48859, 9
48860, 9
48861, 9
48862, 9
48863, 9
48864, 9
48865, 9
48866, 9
48867, 9
48868, 9
48869, 9
48870, 9
48871, 9
48872, 9
48873, 9
48874, 9
48875, 9
48876, 9
48877, 9
48878, 9
48879, 9
48880, 9
48881, 9
48882, 9
48883, 9
48884, 9
48885, 9
48886, 9
48887, 9
48888, 9
48889, 9
48890, 9
48891, 9
48892, 9
48893, 9
48894, 9
48895, 9
48896, 9
48897, 9
48898, 9
48899, 9
48900, 9
48901, 9
48902, 9
48903, 9
48904, 9
48905, 9
48906, 9
48907, 9
48908, 9
48909, 9
48910, 9
48911, 9
48912, 9
48913, 9
48914, 9
48915, 9
48916, 9
48917, 9
48918, 9
48919, 9
48920, 9
48921, 9
48922, 9
48923, 9
48924, 9
48925, 9
48926, 9
48927, 9
48928, 9
48929, 9
48930, 9
48931, 9
48932, 9
48933, 9
48934, 9
48935, 9
48936, 9
48937, 9
48938, 9
48939, 9
48940, 9
48941, 9
48942, 9
48943, 9
48944, 9
48945, 9
48946, 9
48947, 9
48948, 9
48949, 9
48950, 9
48951, 9
48952, 9
48953, 9
48954, 9
48955, 9
48956, 9
48957, 9
48958, 9
48959, 9
48960, 9
48961, 9
48962, 9
48963, 9
48964, 9
48965, 9
48966, 9
48967, 9
48968, 9
48969, 9
48970, 9
48971, 9
48972, 9
48973, 9
48974, 9
48975, 9
48976, 9
48977, 9
48978, 9
48979, 9
48980, 9
48981, 9
48982, 9
48983, 9
48984, 9
48985, 9
48986, 9
48987, 9
48988, 9
48989, 9
48990, 9
48991, 9
48992, 9
48993, 9
48994, 9
48995, 9
48996, 9
48997, 9
48998, 9
48999, 9
49000, 9
49001, 9
49002, 9
49003, 9
49004, 9
49005, 9
49006, 9
49007, 9
49008, 9
49009, 9
49010, 9
49011, 9
49012, 9
49013, 9
49014, 9
49015, 9
49016, 9
49017, 9
49018, 9
49019, 9
49020, 9
49021, 9
49022, 9
49023, 9
49024, 9
49025, 9
49026, 9
49027, 9
49028, 9
49029, 9
49030, 9
49031, 9
49032, 9
49033, 9
49034, 9
49035, 9
49036, 9
49037, 9
49038, 9
49039, 9
49040, 9
49041, 9
49042, 9
49043, 9
49044, 9
49045, 9
49046, 9
49047, 9
49048, 9
49049, 9
49050, 9
49051, 9
49052, 9
49053, 9
49054, 9
49055, 9
49056, 9
49057, 9
49058, 9
49059, 9
49060, 9
49061, 9
49062, 9
49063, 9
49064, 9
49065, 9
49066, 9
49067, 9
49068, 9
49069, 9
49070, 9
49071, 9
49072, 9
49073, 9
49074, 9
49075, 9
49076, 9
49077, 9
49078, 9
49079, 9
49080, 9
49081, 9
49082, 9
49083, 9
49084, 9
49085, 9
49086, 9
49087, 9
49088, 9
49089, 9
49090, 9
49091, 9
49092, 9
49093, 9
49094, 9
49095, 9
49096, 9
49097, 9
49098, 9
49099, 9
49100, 9
49101, 9
49102, 9
49103, 9
49104, 9
49105, 9
49106, 9
49107, 9
49108, 9
49109, 9
49110, 9
49111, 9
49112, 9
49113, 9
49114, 9
49115, 9
49116, 9
49117, 9
49118, 9
49119, 9
49120, 9
49121, 9
49122, 9
49123, 9
49124, 9
49125, 9
49126, 9
49127, 9
49128, 9
49129, 9
49130, 9
49131, 9
49132, 9
49133, 9
49134, 9
49135, 9
49136, 9
49137, 9
49138, 9
49139, 9
49140, 9
49141, 9
49142, 9
49143, 9
49144, 9
49145, 9
49146, 9
49147, 9
49148, 9
49149, 9
49150, 9
49151, 9
49152, 9
49153, 9
49154, 9
49155, 9
49156, 9
49157, 9
49158, 9
49159, 9
49160, 9
49161, 9
49162, 9
49163, 9
49164, 9
49165, 9
49166, 9
49167, 9
49168, 9
49169, 9
49170, 9
49171, 9
49172, 9
49173, 9
49174, 9
49175, 9
49176, 9
49177, 9
49178, 9
49179, 9
49180, 9
49181, 9
49182, 9
49183, 9
49184, 9
49185, 9
49186, 9
49187, 9
49188, 9
49189, 9
49190, 9
49191, 9
49192, 9
49193, 9
49194, 9
49195, 9
49196, 9
49197, 9
49198, 9
49199, 9
49200, 9
49201, 9
49202, 9
49203, 9
49204, 9
49205, 9
49206, 9
49207, 9
49208, 9
49209, 9
49210, 9
49211, 9
49212, 9
49213, 9
49214, 9
49215, 9
49216, 9
49217, 9
49218, 9
49219, 9
49220, 9
49221, 9
49222, 9
49223, 9
49224, 9
49225, 9
49226, 9
49227, 9
49228, 9
49229, 9
49230, 9
49231, 9
49232, 9
49233, 9
49234, 9
49235, 9
49236, 9
49237, 9
49238, 9
49239, 9
49240, 9
49241, 9
49242, 9
49243, 9
49244, 9
49245, 9
49246, 9
49247, 9
49248, 9
49249, 9
49250, 9
49251, 9
49252, 9
49253, 9
49254, 9
49255, 9
49256, 9
49257, 9
49258, 9
49259, 9
49260, 9
49261, 9
49262, 9
49263, 9
49264, 9
49265, 10
49266, 10
49267, 10
49268, 10
49269, 10
49270, 10
49271, 10
49272, 10
49273, 10
49274, 10
49275, 10
49276, 10
49277, 10
49278, 10
49279, 10
49280, 10
49281, 10
49282, 10
49283, 10
49284, 9
49285, 9
49286, 9
49287, 9
49288, 9
49289, 9
49290, 9
49291, 9
49292, 9
49293, 9
49294, 9
49295, 9
49296, 9
49297, 9
49298, 9
49299, 9
49300, 9
49301, 9
49302, 9
49303, 9
49304, 9
49305, 9
49306, 9
49307, 9
49308, 9
49309, 9
49310, 9
49311, 9
49312, 9
49313, 9
49314, 9
49315, 9
49316, 9
49317, 9
49318, 9
49319, 9
49320, 9
49321, 9
49322, 9
49323, 9
49324, 9
49325, 9
49326, 9
49327, 9
49328, 9
49329, 9
49330, 9
49331, 9
49332, 9
49333, 9
49334, 9
49335, 9
49336, 9
49337, 9
49338, 9
49339, 9
49340, 9
49341, 9
49342, 9
49343, 9
49344, 9
49345, 9
49346, 9
49347, 9
49348, 9
49349, 9
49350, 9
49351, 9
49352, 9
49353, 9
49354, 9
49355, 9
49356, 9
49357, 9
49358, 9
49359, 9
49360, 9
49361, 9
49362, 9
49363, 9
49364, 9
49365, 9
49366, 9
49367, 9
49368, 9
49369, 9
49370, 9
49371, 9
49372, 9
49373, 9
49374, 9
49375, 9
49376, 9
49377, 9
49378, 9
49379, 9
49380, 9
49381, 9
49382, 9
49383, 9
49384, 9
49385, 9
49386, 9
49387, 9
49388, 9
49389, 9
49390, 9
49391, 9
49392, 9
49393, 9
49394, 9
49395, 9
49396, 9
49397, 9
49398, 9
49399, 9
49400, 9
49401, 9
49402, 9
49403, 9
49404, 9
49405, 9
49406, 9
49407, 9
49408, 9
49409, 9
49410, 9
49411, 9
49412, 9
49413, 9
49414, 9
49415, 9
49416, 9
49417, 9
49418, 9
49419, 9
49420, 9
49421, 9
49422, 9
49423, 9
49424, 9
49425, 9
49426, 9
49427, 9
49428, 9
49429, 9
49430, 9
49431, 9
49432, 9
49433, 9
49434, 9
49435, 9
49436, 9
49437, 9
49438, 9
49439, 9
49440, 9
49441, 9
49442, 9
49443, 9
49444, 9
49445, 9
49446, 9
49447, 9
49448, 9
49449, 9
49450, 9
49451, 9
49452, 9
49453, 9
49454, 9
49455, 9
49456, 9
49457, 9
49458, 9
49459, 9
49460, 9
49461, 9
49462, 9
49463, 9
49464, 9
49465, 9
49466, 9
49467, 9
49468, 9
49469, 9
49470, 9
49471, 9
49472, 9
49473, 9
49474, 9
49475, 9
49476, 9
49477, 9
49478, 9
49479, 9
49480, 9
49481, 9
49482, 9
49483, 9
49484, 9
49485, 9
49486, 9
49487, 9
49488, 9
49489, 9
49490, 9
49491, 9
49492, 9
49493, 9
49494, 9
49495, 9
49496, 9
49497, 9
49498, 9
49499, 9
49500, 9
49501, 9
49502, 9
49503, 9
49504, 9
49505, 9
49506, 9
49507, 9
49508, 9
49509, 9
49510, 9
49511, 9
49512, 9
49513, 9
49514, 9
49515, 9
49516, 9
49517, 9
49518, 9
49519, 9
49520, 9
49521, 9
49522, 9
49523, 9
49524, 9
49525, 9
49526, 9
49527, 9
49528, 9
49529, 9
49530, 9
49531, 9
49532, 9
49533, 9
49534, 9
49535, 9
49536, 9
49537, 9
49538, 9
49539, 9
49540, 9
49541, 9
49542, 9
49543, 9
49544, 9
49545, 9
49546, 9
49547, 9
49548, 9
49549, 9
49550, 9
49551, 9
49552, 9
49553, 9
49554, 9
49555, 9
49556, 9
49557, 9
49558, 9
49559, 9
49560, 9
49561, 9
49562, 9
49563, 9
49564, 9
49565, 9
49566, 9
49567, 9
49568, 9
49569, 9
49570, 9
49571, 9
49572, 9
49573, 9
49574, 9
49575, 9
49576, 9
49577, 9
49578, 9
49579, 9
49580, 9
49581, 9
49582, 9
49583, 9
49584, 9
49585, 9
49586, 9
49587, 9
49588, 9
49589, 9
49590, 9
49591, 9
49592, 9
49593, 9
49594, 9
49595, 9
49596, 9
49597, 9
49598, 9
49599, 9
49600, 9
49601, 9
49602, 9
49603, 9
49604, 9
49605, 9
49606, 9
49607, 9
49608, 9
49609, 9
49610, 9
49611, 9
49612, 9
49613, 9
49614, 9
49615, 9
49616, 9
49617, 9
49618, 9
49619, 9
49620, 9
49621, 9
49622, 9
49623, 9
49624, 9
49625, 9
49626, 9
49627, 9
49628, 9
49629, 9
49630, 9
49631, 9
49632, 9
49633, 9
49634, 9
49635, 9
49636, 9
49637, 9
49638, 9
49639, 9
49640, 9
49641, 9
49642, 9
49643, 9
49644, 9
49645, 9
49646, 9
49647, 9
49648, 9
49649, 9
49650, 9
49651, 9
49652, 9
49653, 9
49654, 9
49655, 9
49656, 9
49657, 9
49658, 9
49659, 9
49660, 9
49661, 9
49662, 9
49663, 9
49664, 9
49665, 9
49666, 9
49667, 9
49668, 9
49669, 9
49670, 9
49671, 9
49672, 9
49673, 9
49674, 9
49675, 9
49676, 9
49677, 9
49678, 9
49679, 9
49680, 9
49681, 9
49682, 9
49683, 9
49684, 9
49685, 9
49686, 9
49687, 9
49688, 9
49689, 9
49690, 9
49691, 9
49692, 9
49693, 9
49694, 9
49695, 9
49696, 9
49697, 9
49698, 9
49699, 9
49700, 9
49701, 9
49702, 9
49703, 9
49704, 9
49705, 9
49706, 9
49707, 9
49708, 9
49709, 10
49710, 10
49711, 10
49712, 10
49713, 10
49714, 10
49715, 10
49716, 10
49717, 10
49718, 10
49719, 10
49720, 10
49721, 10
49722, 10
49723, 10
49724, 10
49725, 10
49726, 10
49727, 10
49728, 10
49729, 9
49730, 9
49731, 9
49732, 9
49733, 9
49734, 9
49735, 9
49736, 9
49737, 9
49738, 9
49739, 9
49740, 9
49741, 9
49742, 9
49743, 9
49744, 9
49745, 9
49746, 9
49747, 9
49748, 9
49749, 9
49750, 9
49751, 9
49752, 9
49753, 9
49754, 9
49755, 9
49756, 9
49757, 9
49758, 9
49759, 9
49760, 9
49761, 9
49762, 9
49763, 9
49764, 9
49765, 9
49766, 9
49767, 9
49768, 9
49769, 9
49770, 9
49771, 9
49772, 9
49773, 9
49774, 9
49775, 9
49776, 9
49777, 9
49778, 9
49779, 9
49780, 9
49781, 9
49782, 9
49783, 9
49784, 9
49785, 9
49786, 9
49787, 9
49788, 9
49789, 9
49790, 9
49791, 9
49792, 9
49793, 9
49794, 9
49795, 9
49796, 9
49797, 9
49798, 9
49799, 9
49800, 9
49801, 9
49802, 9
49803, 9
49804, 9
49805, 9
49806, 9
49807, 9
49808, 9
49809, 9
49810, 9
49811, 9
49812, 9
49813, 9
49814, 9
49815, 9
49816, 9
49817, 9
49818, 9
49819, 9
49820, 9
49821, 9
49822, 9
49823, 9
49824, 9
49825, 9
49826, 9
49827, 9
49828, 9
49829, 9
49830, 9
49831, 9
49832, 9
49833, 9
49834, 9
49835, 9
49836, 9
49837, 9
49838, 9
49839, 9
49840, 9
49841, 9
49842, 9
49843, 9
49844, 9
49845, 9
49846, 9
49847, 9
49848, 9
49849, 9
49850, 9
49851, 9
49852, 9
49853, 9
49854, 9
49855, 9
49856, 9
49857, 9
49858, 9
49859, 9
49860, 9
49861, 9
49862, 9
49863, 9
49864, 9
49865, 9
49866, 9
49867, 9
49868, 9
49869, 9
49870, 9
49871, 9
49872, 9
49873, 9
49874, 9
49875, 9
49876, 9
49877, 9
49878, 9
49879, 9
49880, 9
49881, 9
49882, 9
49883, 9
49884, 9
49885, 9
49886, 9
49887, 9
49888, 9
49889, 9
49890, 9
49891, 9
49892, 9
49893, 9
49894, 9
49895, 9
49896, 9
49897, 9
49898, 9
49899, 9
49900, 9
49901, 9
49902, 9
49903, 9
49904, 9
49905, 9
49906, 9
49907, 9
49908, 9
49909, 9
49910, 9
49911, 9
49912, 9
49913, 9
49914, 9
49915, 9
49916, 9
49917, 9
49918, 9
49919, 9
49920, 9
49921, 9
49922, 9
49923, 9
49924, 9
49925, 9
49926, 9
49927, 9
49928, 9
49929, 9
49930, 9
49931, 9
49932, 9
49933, 9
49934, 9
49935, 9
49936, 9
49937, 9
49938, 9
49939, 9
49940, 9
49941, 9
49942, 9
49943, 9
49944, 9
49945, 9
49946, 9
49947, 9
49948, 9
49949, 9
49950, 9
49951, 9
49952, 9
49953, 9
49954, 9
49955, 9
49956, 9
49957, 9
49958, 9
49959, 9
49960, 9
49961, 9
49962, 9
49963, 9
49964, 9
49965, 9
49966, 9
49967, 9
49968, 9
49969, 9
49970, 9
49971, 9
49972, 9
49973, 9
49974, 9
49975, 9
49976, 9
49977, 9
49978, 9
49979, 9
49980, 9
49981, 9
49982, 9
49983, 9
49984, 9
49985, 9
49986, 9
49987, 9
49988, 9
49989, 9
49990, 9
49991, 9
49992, 9
49993, 9
49994, 9
49995, 9
49996, 9
49997, 9
49998, 9
49999, 9
50000, 9
50001, 9
50002, 9
50003, 9
50004, 9
50005, 9
50006, 9
50007, 9
50008, 9
50009, 9
50010, 9
50011, 9
50012, 9
50013, 9
50014, 9
50015, 9
50016, 9
50017, 9
50018, 9
50019, 9
50020, 9
50021, 9
50022, 9
50023, 9
50024, 9
50025, 9
50026, 9
50027, 9
50028, 9
50029, 9
50030, 9
50031, 9
50032, 9
50033, 9
50034, 9
50035, 9
50036, 9
50037, 9
50038, 9
50039, 9
50040, 9
50041, 9
50042, 9
50043, 9
50044, 9
50045, 9
50046, 9
50047, 9
50048, 9
50049, 9
50050, 9
50051, 9
50052, 9
50053, 9
50054, 9
50055, 9
50056, 9
50057, 9
50058, 9
50059, 9
50060, 9
50061, 9
50062, 9
50063, 9
50064, 9
50065, 9
50066, 9
50067, 9
50068, 9
50069, 9
50070, 9
50071, 9
50072, 9
50073, 9
50074, 9
50075, 9
50076, 9
50077, 9
50078, 9
50079, 9
50080, 9
50081, 9
50082, 9
50083, 9
50084, 9
50085, 9
50086, 9
50087, 9
50088, 9
50089, 9
50090, 9
50091, 9
50092, 9
50093, 9
50094, 9
50095, 9
50096, 9
50097, 9
50098, 9
50099, 9
50100, 9
50101, 9
50102, 9
50103, 9
50104, 9
50105, 9
50106, 9
50107, 9
50108, 9
50109, 9
50110, 9
50111, 9
50112, 9
50113, 9
50114, 9
50115, 9
50116, 9
50117, 9
50118, 9
50119, 9
50120, 9
50121, 9
50122, 9
50123, 9
50124, 9
50125, 9
50126, 9
50127, 9
50128, 9
50129, 9
50130, 9
50131, 9
50132, 9
50133, 9
50134, 9
50135, 9
50136, 9
50137, 9
50138, 9
50139, 9
50140, 9
50141, 9
50142, 9
50143, 9
50144, 9
50145, 9
50146, 9
50147, 9
50148, 9
50149, 9
50150, 9
50151, 9
50152, 9
50153, 9
50154, 9
50155, 10
50156, 10
50157, 10
50158, 10
50159, 10
50160, 10
50161, 10
50162, 10
50163, 10
50164, 10
50165, 10
50166, 10
50167, 10
50168, 10
50169, 10
50170, 10
50171, 10
50172, 10
50173, 10
50174, 10
50175, 10
50176, 9
50177, 9
50178, 9
50179, 9
50180, 9
50181, 9
50182, 9
50183, 9
50184, 9
50185, 9
50186, 9
50187, 9
50188, 9
50189, 9
50190, 9
50191, 9
50192, 9
50193, 9
50194, 9
50195, 9
50196, 9
50197, 9
50198, 9
50199, 9
50200, 9
50201, 9
50202, 9
50203, 9
50204, 9
50205, 9
50206, 9
50207, 9
50208, 9
50209, 9
50210, 9
50211, 9
50212, 9
50213, 9
50214, 9
50215, 9
50216, 9
50217, 9
50218, 9
50219, 9
50220, 9
50221, 9
50222, 9
50223, 9
50224, 9
50225, 9
50226, 9
50227, 9
50228, 9
50229, 9
50230, 9
50231, 9
50232, 9
50233, 9
50234, 9
50235, 9
50236, 9
50237, 9
50238, 9
50239, 9
50240, 9
50241, 9
50242, 9
50243, 9
50244, 9
50245, 9
50246, 9
50247, 9
50248, 9
50249, 9
50250, 9
50251, 9
50252, 9
50253, 9
50254, 9
50255, 9
50256, 9
50257, 9
50258, 9
50259, 9
50260, 9
50261, 9
50262, 9
50263, 9
50264, 9
50265, 9
50266, 9
50267, 9
50268, 9
50269, 9
50270, 9
50271, 9
50272, 9
50273, 9
50274, 9
50275, 9
50276, 9
50277, 9
50278, 9
50279, 9
50280, 9
50281, 9
50282, 9
50283, 9
50284, 9
50285, 9
50286, 9
50287, 9
50288, 9
50289, 9
50290, 9
50291, 9
50292, 9
50293, 9
50294, 9
50295, 9
50296, 9
50297, 9
50298, 9
50299, 9
50300, 9
50301, 9
50302, 9
50303, 9
50304, 9
50305, 9
50306, 9
50307, 9
50308, 9
50309, 9
50310, 9
50311, 9
50312, 9
50313, 9
50314, 9
50315, 9
50316, 9
50317, 9
50318, 9
50319, 9
50320, 9
50321, 9
50322, 9
50323, 9
50324, 9
50325, 9
50326, 9
50327, 9
50328, 9
50329, 9
50330, 9
50331, 9
50332, 9
50333, 9
50334, 9
50335, 9
50336, 9
50337, 9
50338, 9
50339, 9
50340, 9
50341, 9
50342, 9
50343, 9
50344, 9
50345, 9
50346, 9
50347, 9
50348, 9
50349, 9
50350, 9
50351, 9
50352, 9
50353, 9
50354, 9
50355, 9
50356, 9
50357, 9
50358, 9
50359, 9
50360, 9
50361, 9
50362, 9
50363, 9
50364, 9
50365, 9
50366, 9
50367, 9
50368, 9
50369, 9
50370, 9
50371, 9
50372, 9
50373, 9
50374, 9
50375, 9
50376, 9
50377, 9
50378, 9
50379, 9
50380, 9
50381, 9
50382, 9
50383, 9
50384, 9
50385, 9
50386, 9
50387, 9
50388, 9
50389, 9
50390, 9
50391, 9
50392, 9
50393, 9
50394, 9
50395, 9
50396, 9
50397, 9
50398, 9
50399, 9
50400, 9
50401, 9
50402, 9
50403, 9
50404, 9
50405, 9
50406, 9
50407, 9
50408, 9
50409, 9
50410, 9
50411, 9
50412, 9
50413, 9
50414, 9
50415, 9
50416, 9
50417, 9
50418, 9
50419, 9
50420, 9
50421, 9
50422, 9
50423, 9
50424, 9
50425, 9
50426, 9
50427, 9
50428, 9
50429, 9
50430, 9
50431, 9
50432, 9
50433, 9
50434, 9
50435, 9
50436, 9
50437, 9
50438, 9
50439, 9
50440, 9
50441, 9
50442, 9
50443, 9
50444, 9
50445, 9
50446, 9
50447, 9
50448, 9
50449, 9
50450, 9
50451, 9
50452, 9
50453, 9
50454, 9
50455, 9
50456, 9
50457, 9
50458, 9
50459, 9
50460, 9
50461, 9
50462, 9
50463, 9
50464, 9
50465, 9
50466, 9
50467, 9
50468, 9
50469, 9
50470, 9
50471, 9
50472, 9
50473, 9
50474, 9
50475, 9
50476, 9
50477, 9
50478, 9
50479, 9
50480, 9
50481, 9
50482, 9
50483, 9
50484, 9
50485, 9
50486, 9
50487, 9
50488, 9
50489, 9
50490, 9
50491, 9
50492, 9
50493, 9
50494, 9
50495, 9
50496, 9
50497, 9
50498, 9
50499, 9
50500, 9
50501, 9
50502, 9
50503, 9
50504, 9
50505, 9
50506, 9
50507, 9
50508, 9
50509, 9
50510, 9
50511, 9
50512, 9
50513, 9
50514, 9
50515, 9
50516, 9
50517, 9
50518, 9
50519, 9
50520, 9
50521, 9
50522, 9
50523, 9
50524, 9
50525, 9
50526, 9
50527, 9
50528, 9
50529, 9
50530, 9
50531, 9
50532, 9
50533, 9
50534, 9
50535, 9
50536, 9
50537, 9
50538, 9
50539, 9
50540, 9
50541, 9
50542, 9
50543, 9
50544, 9
50545, 9
50546, 9
50547, 9
50548, 9
50549, 9
50550, 9
50551, 9
50552, 9
50553, 9
50554, 9
50555, 9
50556, 9
50557, 9
50558, 9
50559, 9
50560, 9
50561, 9
50562, 9
50563, 9
50564, 9
50565, 9
50566, 9
50567, 9
50568, 9
50569, 9
50570, 9
50571, 9
50572, 9
50573, 9
50574, 9
50575, 9
50576, 9
50577, 9
50578, 9
50579, 9
50580, 9
50581, 9
50582, 9
50583, 9
50584, 9
50585, 9
50586, 9
50587, 9
50588, 9
50589, 9
50590, 9
50591, 9
50592, 9
50593, 9
50594, 9
50595, 9
50596, 9
50597, 9
50598, 9
50599, 9
50600, 9
50601, 9
50602, 9
50603, 10
50604, 10
50605, 10
50606, 10
50607, 10
50608, 10
50609, 10
50610, 10
50611, 10
50612, 10
50613, 10
50614, 10
50615, 10
50616, 10
50617, 10
50618, 10
50619, 10
50620, 10
50621, 10
50622, 10
50623, 10
50624, 10
50625, 9
50626, 9
50627, 9
50628, 9
50629, 9
50630, 9
50631, 9
50632, 9
50633, 9
50634, 9
50635, 9
50636, 9
50637, 9
50638, 9
50639, 9
50640, 9
50641, 9
50642, 9
50643, 9
50644, 9
50645, 9
50646, 9
50647, 9
50648, 9
50649, 9
50650, 9
50651, 9
50652, 9
50653, 9
50654, 9
50655, 9
50656, 9
50657, 9
50658, 9
50659, 9
50660, 9
50661, 9
50662, 9
50663, 9
50664, 9
50665, 9
50666, 9
50667, 9
50668, 9
50669, 9
50670, 9
50671, 9
50672, 9
50673, 9
50674, 9
50675, 9
50676, 9
50677, 9
50678, 9
50679, 9
50680, 9
50681, 9
50682, 9
50683, 9
50684, 9
50685, 9
50686, 9
50687, 9
50688, 9
50689, 9
50690, 9
50691, 9
50692, 9
50693, 9
50694, 9
50695, 9
50696, 9
50697, 9
50698, 9
50699, 9
50700, 9
50701, 9
50702, 9
50703, 9
50704, 9
50705, 9
50706, 9
50707, 9
50708, 9
50709, 9
50710, 9
50711, 9
50712, 9
50713, 9
50714, 9
50715, 9
50716, 9
50717, 9
50718, 9
50719, 9
50720, 9
50721, 9
50722, 9
50723, 9
50724, 9
50725, 9
50726, 9
50727, 9
50728, 9
50729, 9
50730, 9
50731, 9
50732, 9
50733, 9
50734, 9
50735, 9
50736, 9
50737, 9
50738, 9
50739, 9
50740, 9
50741, 9
50742, 9
50743, 9
50744, 9
50745, 9
50746, 9
50747, 9
50748, 9
50749, 9
50750, 9
50751, 9
50752, 9
50753, 9
50754, 9
50755, 9
50756, 9
50757, 9
50758, 9
50759, 9
50760, 9
50761, 9
50762, 9
50763, 9
50764, 9
50765, 9
50766, 9
50767, 9
50768, 9
50769, 9
50770, 9
50771, 9
50772, 9
50773, 9
50774, 9
50775, 9
50776, 9
50777, 9
50778, 9
50779, 9
50780, 9
50781, 9
50782, 9
50783, 9
50784, 9
50785, 9
50786, 9
50787, 9
50788, 9
50789, 9
50790, 9
50791, 9
50792, 9
50793, 9
50794, 9
50795, 9
50796, 9
50797, 9
50798, 9
50799, 9
50800, 9
50801, 9
50802, 9
50803, 9
50804, 9
50805, 9
50806, 9
50807, 9
50808, 9
50809, 9
50810, 9
50811, 9
50812, 9
50813, 9
50814, 9
50815, 9
50816, 9
50817, 9
50818, 9
50819, 9
50820, 9
50821, 9
50822, 9
50823, 9
50824, 9
50825, 9
50826, 9
50827, 9
50828, 9
50829, 9
50830, 9
50831, 9
50832, 9
50833, 9
50834, 9
50835, 9
50836, 9
50837, 9
50838, 9
50839, 9
50840, 9
50841, 9
50842, 9
50843, 9
50844, 9
50845, 9
50846, 9
50847, 9
50848, 9
50849, 9
50850, 9
50851, 9
50852, 9
50853, 9
50854, 9
50855, 9
50856, 9
50857, 9
50858, 9
50859, 9
50860, 9
50861, 9
50862, 9
50863, 9
50864, 9
50865, 9
50866, 9
50867, 9
50868, 9
50869, 9
50870, 9
50871, 9
50872, 9
50873, 9
50874, 9
50875, 9
50876, 9
50877, 9
50878, 9
50879, 9
50880, 9
50881, 9
50882, 9
50883, 9
50884, 9
50885, 9
50886, 9
50887, 9
50888, 9
50889, 9
50890, 9
50891, 9
50892, 9
50893, 9
50894, 9
50895, 9
50896, 9
50897, 9
50898, 9
50899, 9
50900, 9
50901, 9
50902, 9
50903, 9
50904, 9
50905, 9
50906, 9
50907, 9
50908, 9
50909, 9
50910, 9
50911, 9
50912, 9
50913, 9
50914, 9
50915, 9
50916, 9
50917, 9
50918, 9
50919, 9
50920, 9
50921, 9
50922, 9
50923, 9
50924, 9
50925, 9
50926, 9
50927, 9
50928, 9
50929, 9
50930, 9
50931, 9
50932, 9
50933, 9
50934, 9
50935, 9
50936, 9
50937, 9
50938, 9
50939, 9
50940, 9
50941, 9
50942, 9
50943, 9
50944, 9
50945, 9
50946, 9
50947, 9
50948, 9
50949, 9
50950, 9
50951, 9
50952, 9
50953, 9
50954, 9
50955, 9
50956, 9
50957, 9
50958, 9
50959, 9
50960, 9
50961, 9
50962, 9
50963, 9
50964, 9
50965, 9
50966, 9
50967, 9
50968, 9
50969, 9
50970, 9
50971, 9
50972, 9
50973, 9
50974, 9
50975, 9
50976, 9
50977, 9
50978, 9
50979, 9
50980, 9
50981, 9
50982, 9
50983, 9
50984, 9
50985, 9
50986, 9
50987, 9
50988, 9
50989, 9
50990, 9
50991, 9
50992, 9
50993, 9
50994, 9
50995, 9
50996, 9
50997, 9
50998, 9
50999, 9
51000, 9
51001, 9
51002, 9
51003, 9
51004, 9
51005, 9
51006, 9
51007, 9
51008, 9
51009, 9
51010, 9
51011, 9
51012, 9
51013, 9
51014, 9
51015, 9
51016, 9
51017, 9
51018, 9
51019, 9
51020, 9
51021, 9
51022, 9
51023, 9
51024, 9
51025, 9
51026, 9
51027, 9
51028, 9
51029, 9
51030, 9
51031, 9
51032, 9
51033, 9
51034, 9
51035, 9
51036, 9
51037, 9
51038, 9
51039, 9
51040, 9
51041, 9
51042, 9
51043, 9
51044, 9
51045, 9
51046, 9
51047, 9
51048, 9
51049, 9
51050, 9
51051, 9
51052, 9
51053, 10
51054, 10
51055, 10
51056, 10
51057, 10
51058, 10
51059, 10
51060, 10
51061, 10
51062, 10
51063, 10
51064, 10
51065, 10
51066, 10
51067, 10
51068, 10
51069, 10
51070, 10
51071, 10
51072, 10
51073, 10
51074, 10
51075, 10
51076, 9
51077, 9
51078, 9
51079, 9
51080, 9
51081, 9
51082, 9
51083, 9
51084, 9
51085, 9
51086, 9
51087, 9
51088, 9
51089, 9
51090, 9
51091, 9
51092, 9
51093, 9
51094, 9
51095, 9
51096, 9
51097, 9
51098, 9
51099, 9
51100, 9
51101, 9
51102, 9
51103, 9
51104, 9
51105, 9
51106, 9
51107, 9
51108, 9
51109, 9
51110, 9
51111, 9
51112, 9
51113, 9
51114, 9
51115, 9
51116, 9
51117, 9
51118, 9
51119, 9
51120, 9
51121, 9
51122, 9
51123, 9
51124, 9
51125, 9
51126, 9
51127, 9
51128, 9
51129, 9
51130, 9
51131, 9
51132, 9
51133, 9
51134, 9
51135, 9
51136, 9
51137, 9
51138, 9
51139, 9
51140, 9
51141, 9
51142, 9
51143, 9
51144, 9
51145, 9
51146, 9
51147, 9
51148, 9
51149, 9
51150, 9
51151, 9
51152, 9
51153, 9
51154, 9
51155, 9
51156, 9
51157, 9
51158, 9
51159, 9
51160, 9
51161, 9
51162, 9
51163, 9
51164, 9
51165, 9
51166, 9
51167, 9
51168, 9
51169, 9
51170, 9
51171, 9
51172, 9
51173, 9
51174, 9
51175, 9
51176, 9
51177, 9
51178, 9
51179, 9
51180, 9
51181, 9
51182, 9
51183, 9
51184, 9
51185, 9
51186, 9
51187, 9
51188, 9
51189, 9
51190, 9
51191, 9
51192, 9
51193, 9
51194, 9
51195, 9
51196, 9
51197, 9
51198, 9
51199, 9
51200, 9
51201, 9
51202, 9
51203, 9
51204, 9
51205, 9
51206, 9
51207, 9
51208, 9
51209, 9
51210, 9
51211, 9
51212, 9
51213, 9
51214, 9
51215, 9
51216, 9
51217, 9
51218, 9
51219, 9
51220, 9
51221, 9
51222, 9
51223, 9
51224, 9
51225, 9
51226, 9
51227, 9
51228, 9
51229, 9
51230, 9
51231, 9
51232, 9
51233, 9
51234, 9
51235, 9
51236, 9
51237, 9
51238, 9
51239, 9
51240, 9
51241, 9
51242, 9
51243, 9
51244, 9
51245, 9
51246, 9
51247, 9
51248, 9
51249, 9
51250, 9
51251, 9
51252, 9
51253, 9
51254, 9
51255, 9
51256, 9
51257, 9
51258, 9
51259, 9
51260, 9
51261, 9
51262, 9
51263, 9
51264, 9
51265, 9
51266, 9
51267, 9
51268, 9
51269, 9
51270, 9
51271, 9
51272, 9
51273, 9
51274, 9
51275, 9
51276, 9
51277, 9
51278, 9
51279, 9
51280, 9
51281, 9
51282, 9
51283, 9
51284, 9
51285, 9
51286, 9
51287, 9
51288, 9
51289, 9
51290, 9
51291, 9
51292, 9
51293, 9
51294, 9
51295, 9
51296, 9
51297, 9
51298, 9
51299, 9
51300, 9
51301, 9
51302, 9
51303, 9
51304, 9
51305, 9
51306, 9
51307, 9
51308, 9
51309, 9
51310, 9
51311, 9
51312, 9
51313, 9
51314, 9
51315, 9
51316, 9
51317, 9
51318, 9
51319, 9
51320, 9
51321, 9
51322, 9
51323, 9
51324, 9
51325, 9
51326, 9
51327, 9
51328, 9
51329, 9
51330, 9
51331, 9
51332, 9
51333, 9
51334, 9
51335, 9
51336, 9
51337, 9
51338, 9
51339, 9
51340, 9
51341, 9
51342, 9
51343, 9
51344, 9
51345, 9
51346, 9
51347, 9
51348, 9
51349, 9
51350, 9
51351, 9
51352, 9
51353, 9
51354, 9
51355, 9
51356, 9
51357, 9
51358, 9
51359, 9
51360, 9
51361, 9
51362, 9
51363, 9
51364, 9
51365, 9
51366, 9
51367, 9
51368, 9
51369, 9
51370, 9
51371, 9
51372, 9
51373, 9
51374, 9
51375, 9
51376, 9
51377, 9
51378, 9
51379, 9
51380, 9
51381, 9
51382, 9
51383, 9
51384, 9
51385, 9
51386, 9
51387, 9
51388, 9
51389, 9
51390, 9
51391, 9
51392, 9
51393, 9
51394, 9
51395, 9
51396, 9
51397, 9
51398, 9
51399, 9
51400, 9
51401, 9
51402, 9
51403, 9
51404, 9
51405, 9
51406, 9
51407, 9
51408, 9
51409, 9
51410, 9
51411, 9
51412, 9
51413, 9
51414, 9
51415, 9
51416, 9
51417, 9
51418, 9
51419, 9
51420, 9
51421, 9
51422, 9
51423, 9
51424, 9
51425, 9
51426, 9
51427, 9
51428, 9
51429, 9
51430, 9
51431, 9
51432, 9
51433, 9
51434, 9
51435, 9
51436, 9
51437, 9
51438, 9
51439, 9
51440, 9
51441, 9
51442, 9
51443, 9
51444, 9
51445, 9
51446, 9
51447, 9
51448, 9
51449, 9
51450, 9
51451, 9
51452, 9
51453, 9
51454, 9
51455, 9
51456, 9
51457, 9
51458, 9
51459, 9
51460, 9
51461, 9
51462, 9
51463, 9
51464, 9
51465, 9
51466, 9
51467, 9
51468, 9
51469, 9
51470, 9
51471, 9
51472, 9
51473, 9
51474, 9
51475, 9
51476, 9
51477, 9
51478, 9
51479, 9
51480, 9
51481, 9
51482, 9
51483, 9
51484, 9
51485, 9
51486, 9
51487, 9
51488, 9
51489, 9
51490, 9
51491, 9
51492, 9
51493, 9
51494, 9
51495, 9
51496, 9
51497, 9
51498, 9
51499, 9
51500, 9
51501, 9
51502, 9
51503, 9
51504, 9
51505, 10
51506, 10
51507, 10
51508, 10
51509, 10
51510, 10
51511, 10
51512, 10
51513, 10
51514, 10
51515, 10
51516, 10
51517, 10
51518, 10
51519, 10
51520, 10
51521, 10
51522, 10
51523, 10
51524, 10
51525, 10
51526, 10
51527, 10
51528, 10
51529, 9
51530, 9
51531, 9
51532, 9
51533, 9
51534, 9
51535, 9
51536, 9
51537, 9
51538, 9
51539, 9
51540, 9
51541, 9
51542, 9
51543, 9
51544, 9
51545, 9
51546, 9
51547, 9
51548, 9
51549, 9
51550, 9
51551, 9
51552, 9
51553, 9
51554, 9
51555, 9
51556, 9
51557, 9
51558, 9
51559, 9
51560, 9
51561, 9
51562, 9
51563, 9
51564, 9
51565, 9
51566, 9
51567, 9
51568, 9
51569, 9
51570, 9
51571, 9
51572, 9
51573, 9
51574, 9
51575, 9
51576, 9
51577, 9
51578, 9
51579, 9
51580, 9
51581, 9
51582, 9
51583, 9
51584, 9
51585, 9
51586, 9
51587, 9
51588, 9
51589, 9
51590, 9
51591, 9
51592, 9
51593, 9
51594, 9
51595, 9
51596, 9
51597, 9
51598, 9
51599, 9
51600, 9
51601, 9
51602, 9
51603, 9
51604, 9
51605, 9
51606, 9
51607, 9
51608, 9
51609, 9
51610, 9
51611, 9
51612, 9
51613, 9
51614, 9
51615, 9
51616, 9
51617, 9
51618, 9
51619, 9
51620, 9
51621, 9
51622, 9
51623, 9
51624, 9
51625, 9
51626, 9
51627, 9
51628, 9
51629, 9
51630, 9
51631, 9
51632, 9
51633, 9
51634, 9
51635, 9
51636, 9
51637, 9
51638, 9
51639, 9
51640, 9
51641, 9
51642, 9
51643, 9
51644, 9
51645, 9
51646, 9
51647, 9
51648, 9
51649, 9
51650, 9
51651, 9
51652, 9
51653, 9
51654, 9
51655, 9
51656, 9
51657, 9
51658, 9
51659, 9
51660, 9
51661, 9
51662, 9
51663, 9
51664, 9
51665, 9
51666, 9
51667, 9
51668, 9
51669, 9
51670, 9
51671, 9
51672, 9
51673, 9
51674, 9
51675, 9
51676, 9
51677, 9
51678, 9
51679, 9
51680, 9
51681, 9
51682, 9
51683, 9
51684, 9
51685, 9
51686, 9
51687, 9
51688, 9
51689, 9
51690, 9
51691, 9
51692, 9
51693, 9
51694, 9
51695, 9
51696, 9
51697, 9
51698, 9
51699, 9
51700, 9
51701, 9
51702, 9
51703, 9
51704, 9
51705, 9
51706, 9
51707, 9
51708, 9
51709, 9
51710, 9
51711, 9
51712, 9
51713, 9
51714, 9
51715, 9
51716, 9
51717, 9
51718, 9
51719, 9
51720, 9
51721, 9
51722, 9
51723, 9
51724, 9
51725, 9
51726, 9
51727, 9
51728, 9
51729, 9
51730, 9
51731, 9
51732, 9
51733, 9
51734, 9
51735, 9
51736, 9
51737, 9
51738, 9
51739, 9
51740, 9
51741, 9
51742, 9
51743, 9
51744, 9
51745, 9
51746, 9
51747, 9
51748, 9
51749, 9
51750, 9
51751, 9
51752, 9
51753, 9
51754, 9
51755, 9
51756, 9
51757, 9
51758, 9
51759, 9
51760, 9
51761, 9
51762, 9
51763, 9
51764, 9
51765, 9
51766, 9
51767, 9
51768, 9
51769, 9
51770, 9
51771, 9
51772, 9
51773, 9
51774, 9
51775, 9
51776, 9
51777, 9
51778, 9
51779, 9
51780, 9
51781, 9
51782, 9
51783, 9
51784, 9
51785, 9
51786, 9
51787, 9
51788, 9
51789, 9
51790, 9
51791, 9
51792, 9
51793, 9
51794, 9
51795, 9
51796, 9
51797, 9
51798, 9
51799, 9
51800, 9
51801, 9
51802, 9
51803, 9
51804, 9
51805, 9
51806, 9
51807, 9
51808, 9
51809, 9
51810, 9
51811, 9
51812, 9
51813, 9
51814, 9
51815, 9
51816, 9
51817, 9
51818, 9
51819, 9
51820, 9
51821, 9
51822, 9
51823, 9
51824, 9
51825, 9
51826, 9
51827, 9
51828, 9
51829, 9
51830, 9
51831, 9
51832, 9
51833, 9
51834, 9
51835, 9
51836, 9
51837, 9
51838, 9
51839, 9
51840, 9
51841, 9
51842, 9
51843, 9
51844, 9
51845, 9
51846, 9
51847, 9
51848, 9
51849, 9
51850, 9
51851, 9
51852, 9
51853, 9
51854, 9
51855, 9
51856, 9
51857, 9
51858, 9
51859, 9
51860, 9
51861, 9
51862, 9
51863, 9
51864, 9
51865, 9
51866, 9
51867, 9
51868, 9
51869, 9
51870, 9
51871, 9
51872, 9
51873, 9
51874, 9
51875, 9
51876, 9
51877, 9
51878, 9
51879, 9
51880, 9
51881, 9
51882, 9
51883, 9
51884, 9
51885, 9
51886, 9
51887, 9
51888, 9
51889, 9
51890, 9
51891, 9
51892, 9
51893, 9
51894, 9
51895, 9
51896, 9
51897, 9
51898, 9
51899, 9
51900, 9
51901, 9
51902, 9
51903, 9
51904, 9
51905, 9
51906, 9
51907, 9
51908, 9
51909, 9
51910, 9
51911, 9
51912, 9
51913, 9
51914, 9
51915, 9
51916, 9
51917, 9
51918, 9
51919, 9
51920, 9
51921, 9
51922, 9
51923, 9
51924, 9
51925, 9
51926, 9
51927, 9
51928, 9
51929, 9
51930, 9
51931, 9
51932, 9
51933, 9
51934, 9
51935, 9
51936, 9
51937, 9
51938, 9
51939, 9
51940, 9
51941, 9
51942, 9
51943, 9
51944, 9
51945, 9
51946, 9
51947, 9
51948, 9
51949, 9
51950, 9
51951, 9
51952, 9
51953, 9
51954, 9
51955, 9
51956, 9
51957, 9
51958, 10
51959, 10
51960, 10
51961, 10
51962, 10
51963, 10
51964, 10
51965, 10
51966, 10
51967, 10
51968, 10
51969, 10
51970, 10
51971, 10
51972, 10
51973, 10
51974, 10
51975, 10
51976, 10
51977, 10
51978, 10
51979, 10
51980, 10
51981, 10
51982, 10
51983, 10
51984, 9
51985, 9
51986, 9
51987, 9
51988, 9
51989, 9
51990, 9
51991, 9
51992, 9
51993, 9
51994, 9
51995, 9
51996, 9
51997, 9
51998, 9
51999, 9
52000, 9
52001, 9
52002, 9
52003, 9
52004, 9
52005, 9
52006, 9
52007, 9
52008, 9
52009, 9
52010, 9
52011, 9
52012, 9
52013, 9
52014, 9
52015, 9
52016, 9
52017, 9
52018, 9
52019, 9
52020, 9
52021, 9
52022, 9
52023, 9
52024, 9
52025, 9
52026, 9
52027, 9
52028, 9
52029, 9
52030, 9
52031, 9
52032, 9
52033, 9
52034, 9
52035, 9
52036, 9
52037, 9
52038, 9
52039, 9
52040, 9
52041, 9
52042, 9
52043, 9
52044, 9
52045, 9
52046, 9
52047, 9
52048, 9
52049, 9
52050, 9
52051, 9
52052, 9
52053, 9
52054, 9
52055, 9
52056, 9
52057, 9
52058, 9
52059, 9
52060, 9
52061, 9
52062, 9
52063, 9
52064, 9
52065, 9
52066, 9
52067, 9
52068, 9
52069, 9
52070, 9
52071, 9
52072, 9
52073, 9
52074, 9
52075, 9
52076, 9
52077, 9
52078, 9
52079, 9
52080, 9
52081, 9
52082, 9
52083, 9
52084, 9
52085, 9
52086, 9
52087, 9
52088, 9
52089, 9
52090, 9
52091, 9
52092, 9
52093, 9
52094, 9
52095, 9
52096, 9
52097, 9
52098, 9
52099, 9
52100, 9
52101, 9
52102, 9
52103, 9
52104, 9
52105, 9
52106, 9
52107, 9
52108, 9
52109, 9
52110, 9
52111, 9
52112, 9
52113, 9
52114, 9
52115, 9
52116, 9
52117, 9
52118, 9
52119, 9
52120, 9
52121, 9
52122, 9
52123, 9
52124, 9
52125, 9
52126, 9
52127, 9
52128, 9
52129, 9
52130, 9
52131, 9
52132, 9
52133, 9
52134, 9
52135, 9
52136, 9
52137, 9
52138, 9
52139, 9
52140, 9
52141, 9
52142, 9
52143, 9
52144, 9
52145, 9
52146, 9
52147, 9
52148, 9
52149, 9
52150, 9
52151, 9
52152, 9
52153, 9
52154, 9
52155, 9
52156, 9
52157, 9
52158, 9
52159, 9
52160, 9
52161, 9
52162, 9
52163, 9
52164, 9
52165, 9
52166, 9
52167, 9
52168, 9
52169, 9
52170, 9
52171, 9
52172, 9
52173, 9
52174, 9
52175, 9
52176, 9
52177, 9
52178, 9
52179, 9
52180, 9
52181, 9
52182, 9
52183, 9
52184, 9
52185, 9
52186, 9
52187, 9
52188, 9
52189, 9
52190, 9
52191, 9
52192, 9
52193, 9
52194, 9
52195, 9
52196, 9
52197, 9
52198, 9
52199, 9
52200, 9
52201, 9
52202, 9
52203, 9
52204, 9
52205, 9
52206, 9
52207, 9
52208, 9
52209, 9
52210, 9
52211, 9
52212, 9
52213, 9
52214, 9
52215, 9
52216, 9
52217, 9
52218, 9
52219, 9
52220, 9
52221, 9
52222, 9
52223, 9
52224, 9
52225, 9
52226, 9
52227, 9
52228, 9
52229, 9
52230, 9
52231, 9
52232, 9
52233, 9
52234, 9
52235, 9
52236, 9
52237, 9
52238, 9
52239, 9
52240, 9
52241, 9
52242, 9
52243, 9
52244, 9
52245, 9
52246, 9
52247, 9
52248, 9
52249, 9
52250, 9
52251, 9
52252, 9
52253, 9
52254, 9
52255, 9
52256, 9
52257, 9
52258, 9
52259, 9
52260, 9
52261, 9
52262, 9
52263, 9
52264, 9
52265, 9
52266, 9
52267, 9
52268, 9
52269, 9
52270, 9
52271, 9
52272, 9
52273, 9
52274, 9
52275, 9
52276, 9
52277, 9
52278, 9
52279, 9
52280, 9
52281, 9
52282, 9
52283, 9
52284, 9
52285, 9
52286, 9
52287, 9
52288, 9
52289, 9
52290, 9
52291, 9
52292, 9
52293, 9
52294, 9
52295, 9
52296, 9
52297, 9
52298, 9
52299, 9
52300, 9
52301, 9
52302, 9
52303, 9
52304, 9
52305, 9
52306, 9
52307, 9
52308, 9
52309, 9
52310, 9
52311, 9
52312, 9
52313, 9
52314, 9
52315, 9
52316, 9
52317, 9
52318, 9
52319, 9
52320, 9
52321, 9
52322, 9
52323, 9
52324, 9
52325, 9
52326, 9
52327, 9
52328, 9
52329, 9
52330, 9
52331, 9
52332, 9
52333, 9
52334, 9
52335, 9
52336, 9
52337, 9
52338, 9
52339, 9
52340, 9
52341, 9
52342, 9
52343, 9
52344, 9
52345, 9
52346, 9
52347, 9
52348, 9
52349, 9
52350, 9
52351, 9
52352, 9
52353, 9
52354, 9
52355, 9
52356, 9
52357, 9
52358, 9
52359, 9
52360, 9
52361, 9
52362, 9
52363, 9
52364, 9
52365, 9
52366, 9
52367, 9
52368, 9
52369, 9
52370, 9
52371, 9
52372, 9
52373, 9
52374, 9
52375, 9
52376, 9
52377, 9
52378, 9
52379, 9
52380, 9
52381, 9
52382, 9
52383, 9
52384, 9
52385, 9
52386, 9
52387, 9
52388, 9
52389, 9
52390, 9
52391, 9
52392, 9
52393, 9
52394, 9
52395, 9
52396, 9
52397, 9
52398, 9
52399, 9
52400, 9
52401, 9
52402, 9
52403, 9
52404, 9
52405, 9
52406, 9
52407, 9
52408, 9
52409, 9
52410, 9
52411, 9
52412, 9
52413, 9
52414, 10
52415, 10
52416, 10
52417, 10
52418, 10
52419, 10
52420, 10
52421, 10
52422, 10
52423, 10
52424, 10
52425, 10
52426, 10
52427, 10
52428, 10
52429, 10
52430, 10
52431, 10
52432, 10
52433, 10
52434, 10
52435, 10
52436, 10
52437, 10
52438, 10
52439, 10
52440, 10
52441, 9
52442, 9
52443, 9
52444, 9
52445, 9
52446, 9
52447, 9
52448, 9
52449, 9
52450, 9
52451, 9
52452, 9
52453, 9
52454, 9
52455, 9
52456, 9
52457, 9
52458, 9
52459, 9
52460, 9
52461, 9
52462, 9
52463, 9
52464, 9
52465, 9
52466, 9
52467, 9
52468, 9
52469, 9
52470, 9
52471, 9
52472, 9
52473, 9
52474, 9
52475, 9
52476, 9
52477, 9
52478, 9
52479, 9
52480, 9
52481, 9
52482, 9
52483, 9
52484, 9
52485, 9
52486, 9
52487, 9
52488, 9
52489, 9
52490, 9
52491, 9
52492, 9
52493, 9
52494, 9
52495, 9
52496, 9
52497, 9
52498, 9
52499, 9
52500, 9
52501, 9
52502, 9
52503, 9
52504, 9
52505, 9
52506, 9
52507, 9
52508, 9
52509, 9
52510, 9
52511, 9
52512, 9
52513, 9
52514, 9
52515, 9
52516, 9
52517, 9
52518, 9
52519, 9
52520, 9
52521, 9
52522, 9
52523, 9
52524, 9
52525, 9
52526, 9
52527, 9
52528, 9
52529, 9
52530, 9
52531, 9
52532, 9
52533, 9
52534, 9
52535, 9
52536, 9
52537, 9
52538, 9
52539, 9
52540, 9
52541, 9
52542, 9
52543, 9
52544, 9
52545, 9
52546, 9
52547, 9
52548, 9
52549, 9
52550, 9
52551, 9
52552, 9
52553, 9
52554, 9
52555, 9
52556, 9
52557, 9
52558, 9
52559, 9
52560, 9
52561, 9
52562, 9
52563, 9
52564, 9
52565, 9
52566, 9
52567, 9
52568, 9
52569, 9
52570, 9
52571, 9
52572, 9
52573, 9
52574, 9
52575, 9
52576, 9
52577, 9
52578, 9
52579, 9
52580, 9
52581, 9
52582, 9
52583, 9
52584, 9
52585, 9
52586, 9
52587, 9
52588, 9
52589, 9
52590, 9
52591, 9
52592, 9
52593, 9
52594, 9
52595, 9
52596, 9
52597, 9
52598, 9
52599, 9
52600, 9
52601, 9
52602, 9
52603, 9
52604, 9
52605, 9
52606, 9
52607, 9
52608, 9
52609, 9
52610, 9
52611, 9
52612, 9
52613, 9
52614, 9
52615, 9
52616, 9
52617, 9
52618, 9
52619, 9
52620, 9
52621, 9
52622, 9
52623, 9
52624, 9
52625, 9
52626, 9
52627, 9
52628, 9
52629, 9
52630, 9
52631, 9
52632, 9
52633, 9
52634, 9
52635, 9
52636, 9
52637, 9
52638, 9
52639, 9
52640, 9
52641, 9
52642, 9
52643, 9
52644, 9
52645, 9
52646, 9
52647, 9
52648, 9
52649, 9
52650, 9
52651, 9
52652, 9
52653, 9
52654, 9
52655, 9
52656, 9
52657, 9
52658, 9
52659, 9
52660, 9
52661, 9
52662, 9
52663, 9
52664, 9
52665, 9
52666, 9
52667, 9
52668, 9
52669, 9
52670, 9
52671, 9
52672, 9
52673, 9
52674, 9
52675, 9
52676, 9
52677, 9
52678, 9
52679, 9
52680, 9
52681, 9
52682, 9
52683, 9
52684, 9
52685, 9
52686, 9
52687, 9
52688, 9
52689, 9
52690, 9
52691, 9
52692, 9
52693, 9
52694, 9
52695, 9
52696, 9
52697, 9
52698, 9
52699, 9
52700, 9
52701, 9
52702, 9
52703, 9
52704, 9
52705, 9
52706, 9
52707, 9
52708, 9
52709, 9
52710, 9
52711, 9
52712, 9
52713, 9
52714, 9
52715, 9
52716, 9
52717, 9
52718, 9
52719, 9
52720, 9
52721, 9
52722, 9
52723, 9
52724, 9
52725, 9
52726, 9
52727, 9
52728, 9
52729, 9
52730, 9
52731, 9
52732, 9
52733, 9
52734, 9
52735, 9
52736, 9
52737, 9
52738, 9
52739, 9
52740, 9
52741, 9
52742, 9
52743, 9
52744, 9
52745, 9
52746, 9
52747, 9
52748, 9
52749, 9
52750, 9
52751, 9
52752, 9
52753, 9
52754, 9
52755, 9
52756, 9
52757, 9
52758, 9
52759, 9
52760, 9
52761, 9
52762, 9
52763, 9
52764, 9
52765, 9
52766, 9
52767, 9
52768, 9
52769, 9
52770, 9
52771, 9
52772, 9
52773, 9
52774, 9
52775, 9
52776, 9
52777, 9
52778, 9
52779, 9
52780, 9
52781, 9
52782, 9
52783, 9
52784, 9
52785, 9
52786, 9
52787, 9
52788, 9
52789, 9
52790, 9
52791, 9
52792, 9
52793, 9
52794, 9
52795, 9
52796, 9
52797, 9
52798, 9
52799, 9
52800, 9
52801, 9
52802, 9
52803, 9
52804, 9
52805, 9
52806, 9
52807, 9
52808, 9
52809, 9
52810, 9
52811, 9
52812, 9
52813, 9
52814, 9
52815, 9
52816, 9
52817, 9
52818, 9
52819, 9
52820, 9
52821, 9
52822, 9
52823, 9
52824, 9
52825, 9
52826, 9
52827, 9
52828, 9
52829, 9
52830, 9
52831, 9
52832, 9
52833, 9
52834, 9
52835, 9
52836, 9
52837, 9
52838, 9
52839, 9
52840, 9
52841, 9
52842, 9
52843, 9
52844, 9
52845, 9
52846, 9
52847, 9
52848, 9
52849, 9
52850, 9
52851, 9
52852, 9
52853, 9
52854, 9
52855, 9
52856, 9
52857, 9
52858, 9
52859, 9
52860, 9
52861, 9
52862, 9
52863, 9
52864, 9
52865, 9
52866, 9
52867, 9
52868, 9
52869, 9
52870, 9
52871, 9
52872, 10
52873, 10
52874, 10
52875, 10
52876, 10
52877, 10
52878, 10
52879, 10
52880, 10
52881, 10
52882, 10
52883, 10
52884, 10
52885, 10
52886, 10
52887, 10
52888, 10
52889, 10
52890, 10
52891, 10
52892, 10
52893, 10
52894, 10
52895, 10
52896, 10
52897, 10
52898, 10
52899, 10
52900, 9
52901, 9
52902, 9
52903, 9
52904, 9
52905, 9
52906, 9
52907, 9
52908, 9
52909, 9
52910, 9
52911, 9
52912, 9
52913, 9
52914, 9
52915, 9
52916, 9
52917, 9
52918, 9
52919, 9
52920, 9
52921, 9
52922, 9
52923, 9
52924, 9
52925, 9
52926, 9
52927, 9
52928, 9
52929, 9
52930, 9
52931, 9
52932, 9
52933, 9
52934, 9
52935, 9
52936, 9
52937, 9
52938, 9
52939, 9
52940, 9
52941, 9
52942, 9
52943, 9
52944, 9
52945, 9
52946, 9
52947, 9
52948, 9
52949, 9
52950, 9
52951, 9
52952, 9
52953, 9
52954, 9
52955, 9
52956, 9
52957, 9
52958, 9
52959, 9
52960, 9
52961, 9
52962, 9
52963, 9
52964, 9
52965, 9
52966, 9
52967, 9
52968, 9
52969, 9
52970, 9
52971, 9
52972, 9
52973, 9
52974, 9
52975, 9
52976, 9
52977, 9
52978, 9
52979, 9
52980, 9
52981, 9
52982, 9
52983, 9
52984, 9
52985, 9
52986, 9
52987, 9
52988, 9
52989, 9
52990, 9
52991, 9
52992, 9
52993, 9
52994, 9
52995, 9
52996, 9
52997, 9
52998, 9
52999, 9
53000, 9
53001, 9
53002, 9
53003, 9
53004, 9
53005, 9
53006, 9
53007, 9
53008, 9
53009, 9
53010, 9
53011, 9
53012, 9
53013, 9
53014, 9
53015, 9
53016, 9
53017, 9
53018, 9
53019, 9
53020, 9
53021, 9
53022, 9
53023, 9
53024, 9
53025, 9
53026, 9
53027, 9
53028, 9
53029, 9
53030, 9
53031, 9
53032, 9
53033, 9
53034, 9
53035, 9
53036, 9
53037, 9
53038, 9
53039, 9
53040, 9
53041, 9
53042, 9
53043, 9
53044, 9
53045, 9
53046, 9
53047, 9
53048, 9
53049, 9
53050, 9
53051, 9
53052, 9
53053, 9
53054, 9
53055, 9
53056, 9
53057, 9
53058, 9
53059, 9
53060, 9
53061, 9
53062, 9
53063, 9
53064, 9
53065, 9
53066, 9
53067, 9
53068, 9
53069, 9
53070, 9
53071, 9
53072, 9
53073, 9
53074, 9
53075, 9
53076, 9
53077, 9
53078, 9
53079, 9
53080, 9
53081, 9
53082, 9
53083, 9
53084, 9
53085, 9
53086, 9
53087, 9
53088, 9
53089, 9
53090, 9
53091, 9
53092, 9
53093, 9
53094, 9
53095, 9
53096, 9
53097, 9
53098, 9
53099, 9
53100, 9
53101, 9
53102, 9
53103, 9
53104, 9
53105, 9
53106, 9
53107, 9
53108, 9
53109, 9
53110, 9
53111, 9
53112, 9
53113, 9
53114, 9
53115, 9
53116, 9
53117, 9
53118, 9
53119, 9
53120, 9
53121, 9
53122, 9
53123, 9
53124, 9
53125, 9
53126, 9
53127, 9
53128, 9
53129, 9
53130, 9
53131, 9
53132, 9
53133, 9
53134, 9
53135, 9
53136, 9
53137, 9
53138, 9
53139, 9
53140, 9
53141, 9
53142, 9
53143, 9
53144, 9
53145, 9
53146, 9
53147, 9
53148, 9
53149, 9
53150, 9
53151, 9
53152, 9
53153, 9
53154, 9
53155, 9
53156, 9
53157, 9
53158, 9
53159, 9
53160, 9
53161, 9
53162, 9
53163, 9
53164, 9
53165, 9
53166, 9
53167, 9
53168, 9
53169, 9
53170, 9
53171, 9
53172, 9
53173, 9
53174, 9
53175, 9
53176, 9
53177, 9
53178, 9
53179, 9
53180, 9
53181, 9
53182, 9
53183, 9
53184, 9
53185, 9
53186, 9
53187, 9
53188, 9
53189, 9
53190, 9
53191, 9
53192, 9
53193, 9
53194, 9
53195, 9
53196, 9
53197, 9
53198, 9
53199, 9
53200, 9
53201, 9
53202, 9
53203, 9
53204, 9
53205, 9
53206, 9
53207, 9
53208, 9
53209, 9
53210, 9
53211, 9
53212, 9
53213, 9
53214, 9
53215, 9
53216, 9
53217, 9
53218, 9
53219, 9
53220, 9
53221, 9
53222, 9
53223, 9
53224, 9
53225, 9
53226, 9
53227, 9
53228, 9
53229, 9
53230, 9
53231, 9
53232, 9
53233, 9
53234, 9
53235, 9
53236, 9
53237, 9
53238, 9
53239, 9
53240, 9
53241, 9
53242, 9
53243, 9
53244, 9
53245, 9
53246, 9
53247, 9
53248, 9
53249, 9
53250, 9
53251, 9
53252, 9
53253, 9
53254, 9
53255, 9
53256, 9
53257, 9
53258, 9
53259, 9
53260, 9
53261, 9
53262, 9
53263, 9
53264, 9
53265, 9
53266, 9
53267, 9
53268, 9
53269, 9
53270, 9
53271, 9
53272, 9
53273, 9
53274, 9
53275, 9
53276, 9
53277, 9
53278, 9
53279, 9
53280, 9
53281, 9
53282, 9
53283, 9
53284, 9
53285, 9
53286, 9
53287, 9
53288, 9
53289, 9
53290, 9
53291, 9
53292, 9
53293, 9
53294, 9
53295, 9
53296, 9
53297, 9
53298, 9
53299, 9
53300, 9
53301, 9
53302, 9
53303, 9
53304, 9
53305, 9
53306, 9
53307, 9
53308, 9
53309, 9
53310, 9
53311, 9
53312, 9
53313, 9
53314, 9
53315, 9
53316, 9
53317, 9
53318, 9
53319, 9
53320, 9
53321, 9
53322, 9
53323, 9
53324, 9
53325, 9
53326, 9
53327, 9
53328, 9
53329, 9
53330, 9
53331, 10
53332, 10
53333, 10
53334, 10
53335, 10
53336, 10
53337, 10
53338, 10
53339, 10
53340, 10
53341, 10
53342, 10
53343, 10
53344, 10
53345, 10
53346, 10
53347, 10
53348, 10
53349, 10
53350, 10
53351, 10
53352, 10
53353, 10
53354, 10
53355, 10
53356, 10
53357, 10
53358, 10
53359, 10
53360, 10
53361, 9
53362, 9
53363, 9
53364, 9
53365, 9
53366, 9
53367, 9
53368, 9
53369, 9
53370, 9
53371, 9
53372, 9
53373, 9
53374, 9
53375, 9
53376, 9
53377, 9
53378, 9
53379, 9
53380, 9
53381, 9
53382, 9
53383, 9
53384, 9
53385, 9
53386, 9
53387, 9
53388, 9
53389, 9
53390, 9
53391, 9
53392, 9
53393, 9
53394, 9
53395, 9
53396, 9
53397, 9
53398, 9
53399, 9
53400, 9
53401, 9
53402, 9
53403, 9
53404, 9
53405, 9
53406, 9
53407, 9
53408, 9
53409, 9
53410, 9
53411, 9
53412, 9
53413, 9
53414, 9
53415, 9
53416, 9
53417, 9
53418, 9
53419, 9
53420, 9
53421, 9
53422, 9
53423, 9
53424, 9
53425, 9
53426, 9
53427, 9
53428, 9
53429, 9
53430, 9
53431, 9
53432, 9
53433, 9
53434, 9
53435, 9
53436, 9
53437, 9
53438, 9
53439, 9
53440, 9
53441, 9
53442, 9
53443, 9
53444, 9
53445, 9
53446, 9
53447, 9
53448, 9
53449, 9
53450, 9
53451, 9
53452, 9
53453, 9
53454, 9
53455, 9
53456, 9
53457, 9
53458, 9
53459, 9
53460, 9
53461, 9
53462, 9
53463, 9
53464, 9
53465, 9
53466, 9
53467, 9
53468, 9
53469, 9
53470, 9
53471, 9
53472, 9
53473, 9
53474, 9
53475, 9
53476, 9
53477, 9
53478, 9
53479, 9
53480, 9
53481, 9
53482, 9
53483, 9
53484, 9
53485, 9
53486, 9
53487, 9
53488, 9
53489, 9
53490, 9
53491, 9
53492, 9
53493, 9
53494, 9
53495, 9
53496, 9
53497, 9
53498, 9
53499, 9
53500, 9
53501, 9
53502, 9
53503, 9
53504, 9
53505, 9
53506, 9
53507, 9
53508, 9
53509, 9
53510, 9
53511, 9
53512, 9
53513, 9
53514, 9
53515, 9
53516, 9
53517, 9
53518, 9
53519, 9
53520, 9
53521, 9
53522, 9
53523, 9
53524, 9
53525, 9
53526, 9
53527, 9
53528, 9
53529, 9
53530, 9
53531, 9
53532, 9
53533, 9
53534, 9
53535, 9
53536, 9
53537, 9
53538, 9
53539, 9
53540, 9
53541, 9
53542, 9
53543, 9
53544, 9
53545, 9
53546, 9
53547, 9
53548, 9
53549, 9
53550, 9
53551, 9
53552, 9
53553, 9
53554, 9
53555, 9
53556, 9
53557, 9
53558, 9
53559, 9
53560, 9
53561, 9
53562, 9
53563, 9
53564, 9
53565, 9
53566, 9
53567, 9
53568, 9
53569, 9
53570, 9
53571, 9
53572, 9
53573, 9
53574, 9
53575, 9
53576, 9
53577, 9
53578, 9
53579, 9
53580, 9
53581, 9
53582, 9
53583, 9
53584, 9
53585, 9
53586, 9
53587, 9
53588, 9
53589, 9
53590, 9
53591, 9
53592, 9
53593, 9
53594, 9
53595, 9
53596, 9
53597, 9
53598, 9
53599, 9
53600, 9
53601, 9
53602, 9
53603, 9
53604, 9
53605, 9
53606, 9
53607, 9
53608, 9
53609, 9
53610, 9
53611, 9
53612, 9
53613, 9
53614, 9
53615, 9
53616, 9
53617, 9
53618, 9
53619, 9
53620, 9
53621, 9
53622, 9
53623, 9
53624, 9
53625, 9
53626, 9
53627, 9
53628, 9
53629, 9
53630, 9
53631, 9
53632, 9
53633, 9
53634, 9
53635, 9
53636, 9
53637, 9
53638, 9
53639, 9
53640, 9
53641, 9
53642, 9
53643, 9
53644, 9
53645, 9
53646, 9
53647, 9
53648, 9
53649, 9
53650, 9
53651, 9
53652, 9
53653, 9
53654, 9
53655, 9
53656, 9
53657, 9
53658, 9
53659, 9
53660, 9
53661, 9
53662, 9
53663, 9
53664, 9
53665, 9
53666, 9
53667, 9
53668, 9
53669, 9
53670, 9
53671, 9
53672, 9
53673, 9
53674, 9
53675, 9
53676, 9
53677, 9
53678, 9
53679, 9
53680, 9
53681, 9
53682, 9
53683, 9
53684, 9
53685, 9
53686, 9
53687, 9
53688, 9
53689, 9
53690, 9
53691, 9
53692, 9
53693, 9
53694, 9
53695, 9
53696, 9
53697, 9
53698, 9
53699, 9
53700, 9
53701, 9
53702, 9
53703, 9
53704, 9
53705, 9
53706, 9
53707, 9
53708, 9
53709, 9
53710, 9
53711, 9
53712, 9
53713, 9
53714, 9
53715, 9
53716, 9
53717, 9
53718, 9
53719, 9
53720, 9
53721, 9
53722, 9
53723, 9
53724, 9
53725, 9
53726, 9
53727, 9
53728, 9
53729, 9
53730, 9
53731, 9
53732, 9
53733, 9
53734, 9
53735, 9
53736, 9
53737, 9
53738, 9
53739, 9
53740, 9
53741, 9
53742, 9
53743, 9
53744, 9
53745, 9
53746, 9
53747, 9
53748, 9
53749, 9
53750, 9
53751, 9
53752, 9
53753, 9
53754, 9
53755, 9
53756, 9
53757, 9
53758, 9
53759, 9
53760, 9
53761, 9
53762, 9
53763, 9
53764, 9
53765, 9
53766, 9
53767, 9
53768, 9
53769, 9
53770, 9
53771, 9
53772, 9
53773, 9
53774, 9
53775, 9
53776, 9
53777, 9
53778, 9
53779, 9
53780, 9
53781, 9
53782, 9
53783, 9
53784, 9
53785, 9
53786, 9
53787, 9
53788, 9
53789, 9
53790, 9
53791, 9
53792, 9
53793, 10
53794, 10
53795, 10
53796, 10
53797, 10
53798, 10
53799, 10
53800, 10
53801, 10
53802, 10
53803, 10
53804, 10
53805, 10
53806, 10
53807, 10
53808, 10
53809, 10
53810, 10
53811, 10
53812, 10
53813, 10
53814, 10
53815, 10
53816, 10
53817, 10
53818, 10
53819, 10
53820, 10
53821, 10
53822, 10
53823, 10
53824, 9
53825, 9
53826, 9
53827, 9
53828, 9
53829, 9
53830, 9
53831, 9
53832, 9
53833, 9
53834, 9
53835, 9
53836, 9
53837, 9
53838, 9
53839, 9
53840, 9
53841, 9
53842, 9
53843, 9
53844, 9
53845, 9
53846, 9
53847, 9
53848, 9
53849, 9
53850, 9
53851, 9
53852, 9
53853, 9
53854, 9
53855, 9
53856, 9
53857, 9
53858, 9
53859, 9
53860, 9
53861, 9
53862, 9
53863, 9
53864, 9
53865, 9
53866, 9
53867, 9
53868, 9
53869, 9
53870, 9
53871, 9
53872, 9
53873, 9
53874, 9
53875, 9
53876, 9
53877, 9
53878, 9
53879, 9
53880, 9
53881, 9
53882, 9
53883, 9
53884, 9
53885, 9
53886, 9
53887, 9
53888, 9
53889, 9
53890, 9
53891, 9
53892, 9
53893, 9
53894, 9
53895, 9
53896, 9
53897, 9
53898, 9
53899, 9
53900, 9
53901, 9
53902, 9
53903, 9
53904, 9
53905, 9
53906, 9
53907, 9
53908, 9
53909, 9
53910, 9
53911, 9
53912, 9
53913, 9
53914, 9
53915, 9
53916, 9
53917, 9
53918, 9
53919, 9
53920, 9
53921, 9
53922, 9
53923, 9
53924, 9
53925, 9
53926, 9
53927, 9
53928, 9
53929, 9
53930, 9
53931, 9
53932, 9
53933, 9
53934, 9
53935, 9
53936, 9
53937, 9
53938, 9
53939, 9
53940, 9
53941, 9
53942, 9
53943, 9
53944, 9
53945, 9
53946, 9
53947, 9
53948, 9
53949, 9
53950, 9
53951, 9
53952, 9
53953, 9
53954, 9
53955, 9
53956, 9
53957, 9
53958, 9
53959, 9
53960, 9
53961, 9
53962, 9
53963, 9
53964, 9
53965, 9
53966, 9
53967, 9
53968, 9
53969, 9
53970, 9
53971, 9
53972, 9
53973, 9
53974, 9
53975, 9
53976, 9
53977, 9
53978, 9
53979, 9
53980, 9
53981, 9
53982, 9
53983, 9
53984, 9
53985, 9
53986, 9
53987, 9
53988, 9
53989, 9
53990, 9
53991, 9
53992, 9
53993, 9
53994, 9
53995, 9
53996, 9
53997, 9
53998, 9
53999, 9
54000, 9
54001, 9
54002, 9
54003, 9
54004, 9
54005, 9
54006, 9
54007, 9
54008, 9
54009, 9
54010, 9
54011, 9
54012, 9
54013, 9
54014, 9
54015, 9
54016, 9
54017, 9
54018, 9
54019, 9
54020, 9
54021, 9
54022, 9
54023, 9
54024, 9
54025, 9
54026, 9
54027, 9
54028, 9
54029, 9
54030, 9
54031, 9
54032, 9
54033, 9
54034, 9
54035, 9
54036, 9
54037, 9
54038, 9
54039, 9
54040, 9
54041, 9
54042, 9
54043, 9
54044, 9
54045, 9
54046, 9
54047, 9
54048, 9
54049, 9
54050, 9
54051, 9
54052, 9
54053, 9
54054, 9
54055, 9
54056, 9
54057, 9
54058, 9
54059, 9
54060, 9
54061, 9
54062, 9
54063, 9
54064, 9
54065, 9
54066, 9
54067, 9
54068, 9
54069, 9
54070, 9
54071, 9
54072, 9
54073, 9
54074, 9
54075, 9
54076, 9
54077, 9
54078, 9
54079, 9
54080, 9
54081, 9
54082, 9
54083, 9
54084, 9
54085, 9
54086, 9
54087, 9
54088, 9
54089, 9
54090, 9
54091, 9
54092, 9
54093, 9
54094, 9
54095, 9
54096, 9
54097, 9
54098, 9
54099, 9
54100, 9
54101, 9
54102, 9
54103, 9
54104, 9
54105, 9
54106, 9
54107, 9
54108, 9
54109, 9
54110, 9
54111, 9
54112, 9
54113, 9
54114, 9
54115, 9
54116, 9
54117, 9
54118, 9
54119, 9
54120, 9
54121, 9
54122, 9
54123, 9
54124, 9
54125, 9
54126, 9
54127, 9
54128, 9
54129, 9
54130, 9
54131, 9
54132, 9
54133, 9
54134, 9
54135, 9
54136, 9
54137, 9
54138, 9
54139, 9
54140, 9
54141, 9
54142, 9
54143, 9
54144, 9
54145, 9
54146, 9
54147, 9
54148, 9
54149, 9
54150, 9
54151, 9
54152, 9
54153, 9
54154, 9
54155, 9
54156, 9
54157, 9
54158, 9
54159, 9
54160, 9
54161, 9
54162, 9
54163, 9
54164, 9
54165, 9
54166, 9
54167, 9
54168, 9
54169, 9
54170, 9
54171, 9
54172, 9
54173, 9
54174, 9
54175, 9
54176, 9
54177, 9
54178, 9
54179, 9
54180, 9
54181, 9
54182, 9
54183, 9
54184, 9
54185, 9
54186, 9
54187, 9
54188, 9
54189, 9
54190, 9
54191, 9
54192, 9
54193, 9
54194, 9
54195, 9
54196, 9
54197, 9
54198, 9
54199, 9
54200, 9
54201, 9
54202, 9
54203, 9
54204, 9
54205, 9
54206, 9
54207, 9
54208, 9
54209, 9
54210, 9
54211, 9
54212, 9
54213, 9
54214, 9
54215, 9
54216, 9
54217, 9
54218, 9
54219, 9
54220, 9
54221, 9
54222, 9
54223, 9
54224, 9
54225, 9
54226, 9
54227, 9
54228, 9
54229, 9
54230, 9
54231, 9
54232, 9
54233, 9
54234, 9
54235, 9
54236, 9
54237, 9
54238, 9
54239, 9
54240, 9
54241, 9
54242, 9
54243, 9
54244, 9
54245, 9
54246, 9
54247, 9
54248, 9
54249, 9
54250, 9
54251, 9
54252, 9
54253, 9
54254, 9
54255, 9
54256, 9
54257, 10
54258, 10
54259, 10
54260, 10
54261, 10
54262, 10
54263, 10
54264, 10
54265, 10
54266, 10
54267, 10
54268, 10
54269, 10
54270, 10
54271, 10
54272, 10
54273, 10
54274, 10
54275, 10
54276, 10
54277, 10
54278, 10
54279, 10
54280, 10
54281, 10
54282, 10
54283, 10
54284, 10
54285, 10
54286, 10
54287, 10
54288, 10
54289, 9
54290, 9
54291, 9
54292, 9
54293, 9
54294, 9
54295, 9
54296, 9
54297, 9
54298, 9
54299, 9
54300, 9
54301, 9
54302, 9
54303, 9
54304, 9
54305, 9
54306, 9
54307, 9
54308, 9
54309, 9
54310, 9
54311, 9
54312, 9
54313, 9
54314, 9
54315, 9
54316, 9
54317, 9
54318, 9
54319, 9
54320, 9
54321, 9
54322, 9
54323, 9
54324, 9
54325, 9
54326, 9
54327, 9
54328, 9
54329, 9
54330, 9
54331, 9
54332, 9
54333, 9
54334, 9
54335, 9
54336, 9
54337, 9
54338, 9
54339, 9
54340, 9
54341, 9
54342, 9
54343, 9
54344, 9
54345, 9
54346, 9
54347, 9
54348, 9
54349, 9
54350, 9
54351, 9
54352, 9
54353, 9
54354, 9
54355, 9
54356, 9
54357, 9
54358, 9
54359, 9
54360, 9
54361, 9
54362, 9
54363, 9
54364, 9
54365, 9
54366, 9
54367, 9
54368, 9
54369, 9
54370, 9
54371, 9
54372, 9
54373, 9
54374, 9
54375, 9
54376, 9
54377, 9
54378, 9
54379, 9
54380, 9
54381, 9
54382, 9
54383, 9
54384, 9
54385, 9
54386, 9
54387, 9
54388, 9
54389, 9
54390, 9
54391, 9
54392, 9
54393, 9
54394, 9
54395, 9
54396, 9
54397, 9
54398, 9
54399, 9
54400, 9
54401, 9
54402, 9
54403, 9
54404, 9
54405, 9
54406, 9
54407, 9
54408, 9
54409, 9
54410, 9
54411, 9
54412, 9
54413, 9
54414, 9
54415, 9
54416, 9
54417, 9
54418, 9
54419, 9
54420, 9
54421, 9
54422, 9
54423, 9
54424, 9
54425, 9
54426, 9
54427, 9
54428, 9
54429, 9
54430, 9
54431, 9
54432, 9
54433, 9
54434, 9
54435, 9
54436, 9
54437, 9
54438, 9
54439, 9
54440, 9
54441, 9
54442, 9
54443, 9
54444, 9
54445, 9
54446, 9
54447, 9
54448, 9
54449, 9
54450, 9
54451, 9
54452, 9
54453, 9
54454, 9
54455, 9
54456, 9
54457, 9
54458, 9
54459, 9
54460, 9
54461, 9
54462, 9
54463, 9
54464, 9
54465, 9
54466, 9
54467, 9
54468, 9
54469, 9
54470, 9
54471, 9
54472, 9
54473, 9
54474, 9
54475, 9
54476, 9
54477, 9
54478, 9
54479, 9
54480, 9
54481, 9
54482, 9
54483, 9
54484, 9
54485, 9
54486, 9
54487, 9
54488, 9
54489, 9
54490, 9
54491, 9
54492, 9
54493, 9
54494, 9
54495, 9
54496, 9
54497, 9
54498, 9
54499, 9
54500, 9
54501, 9
54502, 9
54503, 9
54504, 9
54505, 9
54506, 9
54507, 9
54508, 9
54509, 9
54510, 9
54511, 9
54512, 9
54513, 9
54514, 9
54515, 9
54516, 9
54517, 9
54518, 9
54519, 9
54520, 9
54521, 9
54522, 9
54523, 9
54524, 9
54525, 9
54526, 9
54527, 9
54528, 9
54529, 9
54530, 9
54531, 9
54532, 9
54533, 9
54534, 9
54535, 9
54536, 9
54537, 9
54538, 9
54539, 9
54540, 9
54541, 9
54542, 9
54543, 9
54544, 9
54545, 9
54546, 9
54547, 9
54548, 9
54549, 9
54550, 9
54551, 9
54552, 9
54553, 9
54554, 9
54555, 9
54556, 9
54557, 9
54558, 9
54559, 9
54560, 9
54561, 9
54562, 9
54563, 9
54564, 9
54565, 9
54566, 9
54567, 9
54568, 9
54569, 9
54570, 9
54571, 9
54572, 9
54573, 9
54574, 9
54575, 9
54576, 9
54577, 9
54578, 9
54579, 9
54580, 9
54581, 9
54582, 9
54583, 9
54584, 9
54585, 9
54586, 9
54587, 9
54588, 9
54589, 9
54590, 9
54591, 9
54592, 9
54593, 9
54594, 9
54595, 9
54596, 9
54597, 9
54598, 9
54599, 9
54600, 9
54601, 9
54602, 9
54603, 9
54604, 9
54605, 9
54606, 9
54607, 9
54608, 9
54609, 9
54610, 9
54611, 9
54612, 9
54613, 9
54614, 9
54615, 9
54616, 9
54617, 9
54618, 9
54619, 9
54620, 9
54621, 9
54622, 9
54623, 9
54624, 9
54625, 9
54626, 9
54627, 9
54628, 9
54629, 9
54630, 9
54631, 9
54632, 9
54633, 9
54634, 9
54635, 9
54636, 9
54637, 9
54638, 9
54639, 9
54640, 9
54641, 9
54642, 9
54643, 9
54644, 9
54645, 9
54646, 9
54647, 9
54648, 9
54649, 9
54650, 9
54651, 9
54652, 9
54653, 9
54654, 9
54655, 9
54656, 9
54657, 9
54658, 9
54659, 9
54660, 9
54661, 9
54662, 9
54663, 9
54664, 9
54665, 9
54666, 9
54667, 9
54668, 9
54669, 9
54670, 9
54671, 9
54672, 9
54673, 9
54674, 9
54675, 9
54676, 9
54677, 9
54678, 9
54679, 9
54680, 9
54681, 9
54682, 9
54683, 9
54684, 9
54685, 9
54686, 9
54687, 9
54688, 9
54689, 9
54690, 9
54691, 9
54692, 9
54693, 9
54694, 9
54695, 9
54696, 9
54697, 9
54698, 9
54699, 9
54700, 9
54701, 9
54702, 9
54703, 9
54704, 9
54705, 9
54706, 9
54707, 9
54708, 9
54709, 9
54710, 9
54711, 9
54712, 9
54713, 9
54714, 9
54715, 9
54716, 9
54717, 9
54718, 9
54719, 9
54720, 9
54721, 9
54722, 10
54723, 10
54724, 10
54725, 10
54726, 10
54727, 10
54728, 10
54729, 10
54730, 10
54731, 10
54732, 10
54733, 10
54734, 10
54735, 10
54736, 10
54737, 10
54738, 10
54739, 10
54740, 10
54741, 10
54742, 10
54743, 10
54744, 10
54745, 10
54746, 10
54747, 10
54748, 10
54749, 10
54750, 10
54751, 10
54752, 10
54753, 10
54754, 10
54755, 10
54756, 9
54757, 9
54758, 9
54759, 9
54760, 9
54761, 9
54762, 9
54763, 9
54764, 9
54765, 9
54766, 9
54767, 9
54768, 9
54769, 9
54770, 9
54771, 9
54772, 9
54773, 9
54774, 9
54775, 9
54776, 9
54777, 9
54778, 9
54779, 9
54780, 9
54781, 9
54782, 9
54783, 9
54784, 9
54785, 9
54786, 9
54787, 9
54788, 9
54789, 9
54790, 9
54791, 9
54792, 9
54793, 9
54794, 9
54795, 9
54796, 9
54797, 9
54798, 9
54799, 9
54800, 9
54801, 9
54802, 9
54803, 9
54804, 9
54805, 9
54806, 9
54807, 9
54808, 9
54809, 9
54810, 9
54811, 9
54812, 9
54813, 9
54814, 9
54815, 9
54816, 9
54817, 9
54818, 9
54819, 9
54820, 9
54821, 9
54822, 9
54823, 9
54824, 9
54825, 9
54826, 9
54827, 9
54828, 9
54829, 9
54830, 9
54831, 9
54832, 9
54833, 9
54834, 9
54835, 9
54836, 9
54837, 9
54838, 9
54839, 9
54840, 9
54841, 9
54842, 9
54843, 9
54844, 9
54845, 9
54846, 9
54847, 9
54848, 9
54849, 9
54850, 9
54851, 9
54852, 9
54853, 9
54854, 9
54855, 9
54856, 9
54857, 9
54858, 9
54859, 9
54860, 9
54861, 9
54862, 9
54863, 9
54864, 9
54865, 9
54866, 9
54867, 9
54868, 9
54869, 9
54870, 9
54871, 9
54872, 9
54873, 9
54874, 9
54875, 9
54876, 9
54877, 9
54878, 9
54879, 9
54880, 9
54881, 9
54882, 9
54883, 9
54884, 9
54885, 9
54886, 9
54887, 9
54888, 9
54889, 9
54890, 9
54891, 9
54892, 9
54893, 9
54894, 9
54895, 9
54896, 9
54897, 9
54898, 9
54899, 9
54900, 9
54901, 9
54902, 9
54903, 9
54904, 9
54905, 9
54906, 9
54907, 9
54908, 9
54909, 9
54910, 9
54911, 9
54912, 9
54913, 9
54914, 9
54915, 9
54916, 9
54917, 9
54918, 9
54919, 9
54920, 9
54921, 9
54922, 9
54923, 9
54924, 9
54925, 9
54926, 9
54927, 9
54928, 9
54929, 9
54930, 9
54931, 9
54932, 9
54933, 9
54934, 9
54935, 9
54936, 9
54937, 9
54938, 9
54939, 9
54940, 9
54941, 9
54942, 9
54943, 9
54944, 9
54945, 9
54946, 9
54947, 9
54948, 9
54949, 9
54950, 9
54951, 9
54952, 9
54953, 9
54954, 9
54955, 9
54956, 9
54957, 9
54958, 9
54959, 9
54960, 9
54961, 9
54962, 9
54963, 9
54964, 9
54965, 9
54966, 9
54967, 9
54968, 9
54969, 9
54970, 9
54971, 9
54972, 9
54973, 9
54974, 9
54975, 9
54976, 9
54977, 9
54978, 9
54979, 9
54980, 9
54981, 9
54982, 9
54983, 9
54984, 9
54985, 9
54986, 9
54987, 9
54988, 9
54989, 9
54990, 9
54991, 9
54992, 9
54993, 9
54994, 9
54995, 9
54996, 9
54997, 9
54998, 9
54999, 9
55000, 9
55001, 9
55002, 9
55003, 9
55004, 9
55005, 9
55006, 9
55007, 9
55008, 9
55009, 9
55010, 9
55011, 9
55012, 9
55013, 9
55014, 9
55015, 9
55016, 9
55017, 9
55018, 9
55019, 9
55020, 9
55021, 9
55022, 9
55023, 9
55024, 9
55025, 9
55026, 9
55027, 9
55028, 9
55029, 9
55030, 9
55031, 9
55032, 9
55033, 9
55034, 9
55035, 9
55036, 9
55037, 9
55038, 9
55039, 9
55040, 9
55041, 9
55042, 9
55043, 9
55044, 9
55045, 9
55046, 9
55047, 9
55048, 9
55049, 9
55050, 9
55051, 9
55052, 9
55053, 9
55054, 9
55055, 9
55056, 9
55057, 9
55058, 9
55059, 9
55060, 9
55061, 9
55062, 9
55063, 9
55064, 9
55065, 9
55066, 9
55067, 9
55068, 9
55069, 9
55070, 9
55071, 9
55072, 9
55073, 9
55074, 9
55075, 9
55076, 9
55077, 9
55078, 9
55079, 9
55080, 9
55081, 9
55082, 9
55083, 9
55084, 9
55085, 9
55086, 9
55087, 9
55088, 9
55089, 9
55090, 9
55091, 9
55092, 9
55093, 9
55094, 9
55095, 9
55096, 9
55097, 9
55098, 9
55099, 9
55100, 9
55101, 9
55102, 9
55103, 9
55104, 9
55105, 9
55106, 9
55107, 9
55108, 9
55109, 9
55110, 9
55111, 9
55112, 9
55113, 9
55114, 9
55115, 9
55116, 9
55117, 9
55118, 9
55119, 9
55120, 9
55121, 9
55122, 9
55123, 9
55124, 9
55125, 9
55126, 9
55127, 9
55128, 9
55129, 9
55130, 9
55131, 9
55132, 9
55133, 9
55134, 9
55135, 9
55136, 9
55137, 9
55138, 9
55139, 9
55140, 9
55141, 9
55142, 9
55143, 9
55144, 9
55145, 9
55146, 9
55147, 9
55148, 9
55149, 9
55150, 9
55151, 9
55152, 9
55153, 9
55154, 9
55155, 9
55156, 9
55157, 9
55158, 9
55159, 9
55160, 9
55161, 9
55162, 9
55163, 9
55164, 9
55165, 9
55166, 9
55167, 9
55168, 9
55169, 9
55170, 9
55171, 9
55172, 9
55173, 9
55174, 9
55175, 9
55176, 9
55177, 9
55178, 9
55179, 9
55180, 9
55181, 9
55182, 9
55183, 9
55184, 9
55185, 9
55186, 9
55187, 9
55188, 9
55189, 10
55190, 10
55191, 10
55192, 10
55193, 10
55194, 10
55195, 10
55196, 10
55197, 10
55198, 10
55199, 10
55200, 10
55201, 10
55202, 10
55203, 10
55204, 10
55205, 10
55206, 10
55207, 10
55208, 10
55209, 10
55210, 10
55211, 10
55212, 10
55213, 10
55214, 10
55215, 10
55216, 10
55217, 10
55218, 10
55219, 10
55220, 10
55221, 10
55222, 10
55223, 10
55224, 10
55225, 9
55226, 9
55227, 9
55228, 9
55229, 9
55230, 9
55231, 9
55232, 9
55233, 9
55234, 9
55235, 9
55236, 9
55237, 9
55238, 9
55239, 9
55240, 9
55241, 9
55242, 9
55243, 9
55244, 9
55245, 9
55246, 9
55247, 9
55248, 9
55249, 9
55250, 9
55251, 9
55252, 9
55253, 9
55254, 9
55255, 9
55256, 9
55257, 9
55258, 9
55259, 9
55260, 9
55261, 9
55262, 9
55263, 9
55264, 9
55265, 9
55266, 9
55267, 9
55268, 9
55269, 9
55270, 9
55271, 9
55272, 9
55273, 9
55274, 9
55275, 9
55276, 9
55277, 9
55278, 9
55279, 9
55280, 9
55281, 9
55282, 9
55283, 9
55284, 9
55285, 9
55286, 9
55287, 9
55288, 9
55289, 9
55290, 9
55291, 9
55292, 9
55293, 9
55294, 9
55295, 9
55296, 9
55297, 9
55298, 9
55299, 9
55300, 9
55301, 9
55302, 9
55303, 9
55304, 9
55305, 9
55306, 9
55307, 9
55308, 9
55309, 9
55310, 9
55311, 9
55312, 9
55313, 9
55314, 9
55315, 9
55316, 9
55317, 9
55318, 9
55319, 9
55320, 9
55321, 9
55322, 9
55323, 9
55324, 9
55325, 9
55326, 9
55327, 9
55328, 9
55329, 9
55330, 9
55331, 9
55332, 9
55333, 9
55334, 9
55335, 9
55336, 9
55337, 9
55338, 9
55339, 9
55340, 9
55341, 9
55342, 9
55343, 9
55344, 9
55345, 9
55346, 9
55347, 9
55348, 9
55349, 9
55350, 9
55351, 9
55352, 9
55353, 9
55354, 9
55355, 9
55356, 9
55357, 9
55358, 9
55359, 9
55360, 9
55361, 9
55362, 9
55363, 9
55364, 9
55365, 9
55366, 9
55367, 9
55368, 9
55369, 9
55370, 9
55371, 9
55372, 9
55373, 9
55374, 9
55375, 9
55376, 9
55377, 9
55378, 9
55379, 9
55380, 9
55381, 9
55382, 9
55383, 9
55384, 9
55385, 9
55386, 9
55387, 9
55388, 9
55389, 9
55390, 9
55391, 9
55392, 9
55393, 9
55394, 9
55395, 9
55396, 9
55397, 9
55398, 9
55399, 9
55400, 9
55401, 9
55402, 9
55403, 9
55404, 9
55405, 9
55406, 9
55407, 9
55408, 9
55409, 9
55410, 9
55411, 9
55412, 9
55413, 9
55414, 9
55415, 9
55416, 9
55417, 9
55418, 9
55419, 9
55420, 9
55421, 9
55422, 9
55423, 9
55424, 9
55425, 9
55426, 9
55427, 9
55428, 9
55429, 9
55430, 9
55431, 9
55432, 9
55433, 9
55434, 9
55435, 9
55436, 9
55437, 9
55438, 9
55439, 9
55440, 9
55441, 9
55442, 9
55443, 9
55444, 9
55445, 9
55446, 9
55447, 9
55448, 9
55449, 9
55450, 9
55451, 9
55452, 9
55453, 9
55454, 9
55455, 9
55456, 9
55457, 9
55458, 9
55459, 9
55460, 9
55461, 9
55462, 9
55463, 9
55464, 9
55465, 9
55466, 9
55467, 9
55468, 9
55469, 9
55470, 9
55471, 9
55472, 9
55473, 9
55474, 9
55475, 9
55476, 9
55477, 9
55478, 9
55479, 9
55480, 9
55481, 9
55482, 9
55483, 9
55484, 9
55485, 9
55486, 9
55487, 9
55488, 9
55489, 9
55490, 9
55491, 9
55492, 9
55493, 9
55494, 9
55495, 9
55496, 9
55497, 9
55498, 9
55499, 9
55500, 9
55501, 9
55502, 9
55503, 9
55504, 9
55505, 9
55506, 9
55507, 9
55508, 9
55509, 9
55510, 9
55511, 9
55512, 9
55513, 9
55514, 9
55515, 9
55516, 9
55517, 9
55518, 9
55519, 9
55520, 9
55521, 9
55522, 9
55523, 9
55524, 9
55525, 9
55526, 9
55527, 9
55528, 9
55529, 9
55530, 9
55531, 9
55532, 9
55533, 9
55534, 9
55535, 9
55536, 9
55537, 9
55538, 9
55539, 9
55540, 9
55541, 9
55542, 9
55543, 9
55544, 9
55545, 9
55546, 9
55547, 9
55548, 9
55549, 9
55550, 9
55551, 9
55552, 9
55553, 9
55554, 9
55555, 9
55556, 9
55557, 9
55558, 9
55559, 9
55560, 9
55561, 9
55562, 9
55563, 9
55564, 9
55565, 9
55566, 9
55567, 9
55568, 9
55569, 9
55570, 9
55571, 9
55572, 9
55573, 9
55574, 9
55575, 9
55576, 9
55577, 9
55578, 9
55579, 9
55580, 9
55581, 9
55582, 9
55583, 9
55584, 9
55585, 9
55586, 9
55587, 9
55588, 9
55589, 9
55590, 9
55591, 9
55592, 9
55593, 9
55594, 9
55595, 9
55596, 9
55597, 9
55598, 9
55599, 9
55600, 9
55601, 9
55602, 9
55603, 9
55604, 9
55605, 9
55606, 9
55607, 9
55608, 9
55609, 9
55610, 9
55611, 9
55612, 9
55613, 9
55614, 9
55615, 9
55616, 9
55617, 9
55618, 9
55619, 9
55620, 9
55621, 9
55622, 9
55623, 9
55624, 9
55625, 9
55626, 9
55627, 9
55628, 9
55629, 9
55630, 9
55631, 9
55632, 9
55633, 9
55634, 9
55635, 9
55636, 9
55637, 9
55638, 9
55639, 9
55640, 9
55641, 9
55642, 9
55643, 9
55644, 9
55645, 9
55646, 9
55647, 9
55648, 9
55649, 9
55650, 9
55651, 9
55652, 9
55653, 9
55654, 9
55655, 9
55656, 9
55657, 9
55658, 9
55659, 10
55660, 10
55661, 10
55662, 10
55663, 10
55664, 10
55665, 10
55666, 10
55667, 10
55668, 10
55669, 10
55670, 10
55671, 10
55672, 10
55673, 10
55674, 10
55675, 10
55676, 10
55677, 10
55678, 10
55679, 10
55680, 10
55681, 10
55682, 10
55683, 10
55684, 10
55685, 10
55686, 10
55687, 10
55688, 10
55689, 10
55690, 10
55691, 10
55692, 10
55693, 10
55694, 10
55695, 10
55696, 9
55697, 9
55698, 9
55699, 9
55700, 9
55701, 9
55702, 9
55703, 9
55704, 9
55705, 9
55706, 9
55707, 9
55708, 9
55709, 9
55710, 9
55711, 9
55712, 9
55713, 9
55714, 9
55715, 9
55716, 9
55717, 9
55718, 9
55719, 9
55720, 9
55721, 9
55722, 9
55723, 9
55724, 9
55725, 9
55726, 9
55727, 9
55728, 9
55729, 9
55730, 9
55731, 9
55732, 9
55733, 9
55734, 9
55735, 9
55736, 9
55737, 9
55738, 9
55739, 9
55740, 9
55741, 9
55742, 9
55743, 9
55744, 9
55745, 9
55746, 9
55747, 9
55748, 9
55749, 9
55750, 9
55751, 9
55752, 9
55753, 9
55754, 9
55755, 9
55756, 9
55757, 9
55758, 9
55759, 9
55760, 9
55761, 9
55762, 9
55763, 9
55764, 9
55765, 9
55766, 9
55767, 9
55768, 9
55769, 9
55770, 9
55771, 9
55772, 9
55773, 9
55774, 9
55775, 9
55776, 9
55777, 9
55778, 9
55779, 9
55780, 9
55781, 9
55782, 9
55783, 9
55784, 9
55785, 9
55786, 9
55787, 9
55788, 9
55789, 9
55790, 9
55791, 9
55792, 9
55793, 9
55794, 9
55795, 9
55796, 9
55797, 9
55798, 9
55799, 9
55800, 9
55801, 9
55802, 9
55803, 9
55804, 9
55805, 9
55806, 9
55807, 9
55808, 9
55809, 9
55810, 9
55811, 9
55812, 9
55813, 9
55814, 9
55815, 9
55816, 9
55817, 9
55818, 9
55819, 9
55820, 9
55821, 9
55822, 9
55823, 9
55824, 9
55825, 9
55826, 9
55827, 9
55828, 9
55829, 9
55830, 9
55831, 9
55832, 9
55833, 9
55834, 9
55835, 9
55836, 9
55837, 9
55838, 9
55839, 9
55840, 9
55841, 9
55842, 9
55843, 9
55844, 9
55845, 9
55846, 9
55847, 9
55848, 9
55849, 9
55850, 9
55851, 9
55852, 9
55853, 9
55854, 9
55855, 9
55856, 9
55857, 9
55858, 9
55859, 9
55860, 9
55861, 9
55862, 9
55863, 9
55864, 9
55865, 9
55866, 9
55867, 9
55868, 9
55869, 9
55870, 9
55871, 9
55872, 9
55873, 9
55874, 9
55875, 9
55876, 9
55877, 9
55878, 9
55879, 9
55880, 9
55881, 9
55882, 9
55883, 9
55884, 9
55885, 9
55886, 9
55887, 9
55888, 9
55889, 9
55890, 9
55891, 9
55892, 9
55893, 9
55894, 9
55895, 9
55896, 9
55897, 9
55898, 9
55899, 9
55900, 9
55901, 9
55902, 9
55903, 9
55904, 9
55905, 9
55906, 9
55907, 9
55908, 9
55909, 9
55910, 9
55911, 9
55912, 9
55913, 9
55914, 9
55915, 9
55916, 9
55917, 9
55918, 9
55919, 9
55920, 9
55921, 9
55922, 9
55923, 9
55924, 9
55925, 9
55926, 9
55927, 9
55928, 9
55929, 9
55930, 9
55931, 9
55932, 9
55933, 9
55934, 9
55935, 9
55936, 9
55937, 9
55938, 9
55939, 9
55940, 9
55941, 9
55942, 9
55943, 9
55944, 9
55945, 9
55946, 9
55947, 9
55948, 9
55949, 9
55950, 9
55951, 9
55952, 9
55953, 9
55954, 9
55955, 9
55956, 9
55957, 9
55958, 9
55959, 9
55960, 9
55961, 9
55962, 9
55963, 9
55964, 9
55965, 9
55966, 9
55967, 9
55968, 9
55969, 9
55970, 9
55971, 9
55972, 9
55973, 9
55974, 9
55975, 9
55976, 9
55977, 9
55978, 9
55979, 9
55980, 9
55981, 9
55982, 9
55983, 9
55984, 9
55985, 9
55986, 9
55987, 9
55988, 9
55989, 9
55990, 9
55991, 9
55992, 9
55993, 9
55994, 9
55995, 9
55996, 9
55997, 9
55998, 9
55999, 9
56000, 9
56001, 9
56002, 9
56003, 9
56004, 9
56005, 9
56006, 9
56007, 9
56008, 9
56009, 9
56010, 9
56011, 9
56012, 9
56013, 9
56014, 9
56015, 9
56016, 9
56017, 9
56018, 9
56019, 9
56020, 9
56021, 9
56022, 9
56023, 9
56024, 9
56025, 9
56026, 9
56027, 9
56028, 9
56029, 9
56030, 9
56031, 9
56032, 9
56033, 9
56034, 9
56035, 9
56036, 9
56037, 9
56038, 9
56039, 9
56040, 9
56041, 9
56042, 9
56043, 9
56044, 9
56045, 9
56046, 9
56047, 9
56048, 9
56049, 9
56050, 9
56051, 9
56052, 9
56053, 9
56054, 9
56055, 9
56056, 9
56057, 9
56058, 9
56059, 9
56060, 9
56061, 9
56062, 9
56063, 9
56064, 9
56065, 9
56066, 9
56067, 9
56068, 9
56069, 9
56070, 9
56071, 9
56072, 9
56073, 9
56074, 9
56075, 9
56076, 9
56077, 9
56078, 9
56079, 9
56080, 9
56081, 9
56082, 9
56083, 9
56084, 9
56085, 9
56086, 9
56087, 9
56088, 9
56089, 9
56090, 9
56091, 9
56092, 9
56093, 9
56094, 9
56095, 9
56096, 9
56097, 9
56098, 9
56099, 9
56100, 9
56101, 9
56102, 9
56103, 9
56104, 9
56105, 9
56106, 9
56107, 9
56108, 9
56109, 9
56110, 9
56111, 9
56112, 9
56113, 9
56114, 9
56115, 9
56116, 9
56117, 9
56118, 9
56119, 9
56120, 9
56121, 9
56122, 9
56123, 9
56124, 9
56125, 9
56126, 9
56127, 9
56128, 9
56129, 9
56130, 10
56131, 10
56132, 10
56133, 10
56134, 10
56135, 10
56136, 10
56137, 10
56138, 10
56139, 10
56140, 10
56141, 10
56142, 10
56143, 10
56144, 10
56145, 10
56146, 10
56147, 10
56148, 10
56149, 10
56150, 10
56151, 10
56152, 10
56153, 10
56154, 10
56155, 10
56156, 10
56157, 10
56158, 10
56159, 10
56160, 10
56161, 10
56162, 10
56163, 10
56164, 10
56165, 10
56166, 10
56167, 10
56168, 10
56169, 9
56170, 9
56171, 9
56172, 9
56173, 9
56174, 9
56175, 9
56176, 9
56177, 9
56178, 9
56179, 9
56180, 9
56181, 9
56182, 9
56183, 9
56184, 9
56185, 9
56186, 9
56187, 9
56188, 9
56189, 9
56190, 9
56191, 9
56192, 9
56193, 9
56194, 9
56195, 9
56196, 9
56197, 9
56198, 9
56199, 9
56200, 9
56201, 9
56202, 9
56203, 9
56204, 9
56205, 9
56206, 9
56207, 9
56208, 9
56209, 9
56210, 9
56211, 9
56212, 9
56213, 9
56214, 9
56215, 9
56216, 9
56217, 9
56218, 9
56219, 9
56220, 9
56221, 9
56222, 9
56223, 9
56224, 9
56225, 9
56226, 9
56227, 9
56228, 9
56229, 9
56230, 9
56231, 9
56232, 9
56233, 9
56234, 9
56235, 9
56236, 9
56237, 9
56238, 9
56239, 9
56240, 9
56241, 9
56242, 9
56243, 9
56244, 9
56245, 9
56246, 9
56247, 9
56248, 9
56249, 9
56250, 9
56251, 9
56252, 9
56253, 9
56254, 9
56255, 9
56256, 9
56257, 9
56258, 9
56259, 9
56260, 9
56261, 9
56262, 9
56263, 9
56264, 9
56265, 9
56266, 9
56267, 9
56268, 9
56269, 9
56270, 9
56271, 9
56272, 9
56273, 9
56274, 9
56275, 9
56276, 9
56277, 9
56278, 9
56279, 9
56280, 9
56281, 9
56282, 9
56283, 9
56284, 9
56285, 9
56286, 9
56287, 9
56288, 9
56289, 9
56290, 9
56291, 9
56292, 9
56293, 9
56294, 9
56295, 9
56296, 9
56297, 9
56298, 9
56299, 9
56300, 9
56301, 9
56302, 9
56303, 9
56304, 9
56305, 9
56306, 9
56307, 9
56308, 9
56309, 9
56310, 9
56311, 9
56312, 9
56313, 9
56314, 9
56315, 9
56316, 9
56317, 9
56318, 9
56319, 9
56320, 9
56321, 9
56322, 9
56323, 9
56324, 9
56325, 9
56326, 9
56327, 9
56328, 9
56329, 9
56330, 9
56331, 9
56332, 9
56333, 9
56334, 9
56335, 9
56336, 9
56337, 9
56338, 9
56339, 9
56340, 9
56341, 9
56342, 9
56343, 9
56344, 9
56345, 9
56346, 9
56347, 9
56348, 9
56349, 9
56350, 9
56351, 9
56352, 9
56353, 9
56354, 9
56355, 9
56356, 9
56357, 9
56358, 9
56359, 9
56360, 9
56361, 9
56362, 9
56363, 9
56364, 9
56365, 9
56366, 9
56367, 9
56368, 9
56369, 9
56370, 9
56371, 9
56372, 9
56373, 9
56374, 9
56375, 9
56376, 9
56377, 9
56378, 9
56379, 9
56380, 9
56381, 9
56382, 9
56383, 9
56384, 9
56385, 9
56386, 9
56387, 9
56388, 9
56389, 9
56390, 9
56391, 9
56392, 9
56393, 9
56394, 9
56395, 9
56396, 9
56397, 9
56398, 9
56399, 9
56400, 9
56401, 9
56402, 9
56403, 9
56404, 9
56405, 9
56406, 9
56407, 9
56408, 9
56409, 9
56410, 9
56411, 9
56412, 9
56413, 9
56414, 9
56415, 9
56416, 9
56417, 9
56418, 9
56419, 9
56420, 9
56421, 9
56422, 9
56423, 9
56424, 9
56425, 9
56426, 9
56427, 9
56428, 9
56429, 9
56430, 9
56431, 9
56432, 9
56433, 9
56434, 9
56435, 9
56436, 9
56437, 9
56438, 9
56439, 9
56440, 9
56441, 9
56442, 9
56443, 9
56444, 9
56445, 9
56446, 9
56447, 9
56448, 9
56449, 9
56450, 9
56451, 9
56452, 9
56453, 9
56454, 9
56455, 9
56456, 9
56457, 9
56458, 9
56459, 9
56460, 9
56461, 9
56462, 9
56463, 9
56464, 9
56465, 9
56466, 9
56467, 9
56468, 9
56469, 9
56470, 9
56471, 9
56472, 9
56473, 9
56474, 9
56475, 9
56476, 9
56477, 9
56478, 9
56479, 9
56480, 9
56481, 9
56482, 9
56483, 9
56484, 9
56485, 9
56486, 9
56487, 9
56488, 9
56489, 9
56490, 9
56491, 9
56492, 9
56493, 9
56494, 9
56495, 9
56496, 9
56497, 9
56498, 9
56499, 9
56500, 9
56501, 9
56502, 9
56503, 9
56504, 9
56505, 9
56506, 9
56507, 9
56508, 9
56509, 9
56510, 9
56511, 9
56512, 9
56513, 9
56514, 9
56515, 9
56516, 9
56517, 9
56518, 9
56519, 9
56520, 9
56521, 9
56522, 9
56523, 9
56524, 9
56525, 9
56526, 9
56527, 9
56528, 9
56529, 9
56530, 9
56531, 9
56532, 9
56533, 9
56534, 9
56535, 9
56536, 9
56537, 9
56538, 9
56539, 9
56540, 9
56541, 9
56542, 9
56543, 9
56544, 9
56545, 9
56546, 9
56547, 9
56548, 9
56549, 9
56550, 9
56551, 9
56552, 9
56553, 9
56554, 9
56555, 9
56556, 9
56557, 9
56558, 9
56559, 9
56560, 9
56561, 9
56562, 9
56563, 9
56564, 9
56565, 9
56566, 9
56567, 9
56568, 9
56569, 9
56570, 9
56571, 9
56572, 9
56573, 9
56574, 9
56575, 9
56576, 9
56577, 9
56578, 9
56579, 9
56580, 9
56581, 9
56582, 9
56583, 9
56584, 9
56585, 9
56586, 9
56587, 9
56588, 9
56589, 9
56590, 9
56591, 9
56592, 9
56593, 9
56594, 9
56595, 9
56596, 9
56597, 9
56598, 9
56599, 9
56600, 9
56601, 9
56602, 9
56603, 10
56604, 10
56605, 10
56606, 10
56607, 10
56608, 10
56609, 10
56610, 10
56611, 10
56612, 10
56613, 10
56614, 10
56615, 10
56616, 10
56617, 10
56618, 10
56619, 10
56620, 10
56621, 10
56622, 10
56623, 10
56624, 10
56625, 10
56626, 10
56627, 10
56628, 10
56629, 10
56630, 10
56631, 10
56632, 10
56633, 10
56634, 10
56635, 10
56636, 10
56637, 10
56638, 10
56639, 10
56640, 10
56641, 10
56642, 10
56643, 10
56644, 9
56645, 9
56646, 9
56647, 9
56648, 9
56649, 9
56650, 9
56651, 9
56652, 9
56653, 9
56654, 9
56655, 9
56656, 9
56657, 9
56658, 9
56659, 9
56660, 9
56661, 9
56662, 9
56663, 9
56664, 9
56665, 9
56666, 9
56667, 9
56668, 9
56669, 9
56670, 9
56671, 9
56672, 9
56673, 9
56674, 9
56675, 9
56676, 9
56677, 9
56678, 9
56679, 9
56680, 9
56681, 9
56682, 9
56683, 9
56684, 9
56685, 9
56686, 9
56687, 9
56688, 9
56689, 9
56690, 9
56691, 9
56692, 9
56693, 9
56694, 9
56695, 9
56696, 9
56697, 9
56698, 9
56699, 9
56700, 9
56701, 9
56702, 9
56703, 9
56704, 9
56705, 9
56706, 9
56707, 9
56708, 9
56709, 9
56710, 9
56711, 9
56712, 9
56713, 9
56714, 9
56715, 9
56716, 9
56717, 9
56718, 9
56719, 9
56720, 9
56721, 9
56722, 9
56723, 9
56724, 9
56725, 9
56726, 9
56727, 9
56728, 9
56729, 9
56730, 9
56731, 9
56732, 9
56733, 9
56734, 9
56735, 9
56736, 9
56737, 9
56738, 9
56739, 9
56740, 9
56741, 9
56742, 9
56743, 9
56744, 9
56745, 9
56746, 9
56747, 9
56748, 9
56749, 9
56750, 9
56751, 9
56752, 9
56753, 9
56754, 9
56755, 9
56756, 9
56757, 9
56758, 9
56759, 9
56760, 9
56761, 9
56762, 9
56763, 9
56764, 9
56765, 9
56766, 9
56767, 9
56768, 9
56769, 9
56770, 9
56771, 9
56772, 9
56773, 9
56774, 9
56775, 9
56776, 9
56777, 9
56778, 9
56779, 9
56780, 9
56781, 9
56782, 9
56783, 9
56784, 9
56785, 9
56786, 9
56787, 9
56788, 9
56789, 9
56790, 9
56791, 9
56792, 9
56793, 9
56794, 9
56795, 9
56796, 9
56797, 9
56798, 9
56799, 9
56800, 9
56801, 9
56802, 9
56803, 9
56804, 9
56805, 9
56806, 9
56807, 9
56808, 9
56809, 9
56810, 9
56811, 9
56812, 9
56813, 9
56814, 9
56815, 9
56816, 9
56817, 9
56818, 9
56819, 9
56820, 9
56821, 9
56822, 9
56823, 9
56824, 9
56825, 9
56826, 9
56827, 9
56828, 9
56829, 9
56830, 9
56831, 9
56832, 9
56833, 9
56834, 9
56835, 9
56836, 9
56837, 9
56838, 9
56839, 9
56840, 9
56841, 9
56842, 9
56843, 9
56844, 9
56845, 9
56846, 9
56847, 9
56848, 9
56849, 9
56850, 9
56851, 9
56852, 9
56853, 9
56854, 9
56855, 9
56856, 9
56857, 9
56858, 9
56859, 9
56860, 9
56861, 9
56862, 9
56863, 9
56864, 9
56865, 9
56866, 9
56867, 9
56868, 9
56869, 9
56870, 9
56871, 9
56872, 9
56873, 9
56874, 9
56875, 9
56876, 9
56877, 9
56878, 9
56879, 9
56880, 9
56881, 9
56882, 9
56883, 9
56884, 9
56885, 9
56886, 9
56887, 9
56888, 9
56889, 9
56890, 9
56891, 9
56892, 9
56893, 9
56894, 9
56895, 9
56896, 9
56897, 9
56898, 9
56899, 9
56900, 9
56901, 9
56902, 9
56903, 9
56904, 9
56905, 9
56906, 9
56907, 9
56908, 9
56909, 9
56910, 9
56911, 9
56912, 9
56913, 9
56914, 9
56915, 9
56916, 9
56917, 9
56918, 9
56919, 9
56920, 9
56921, 9
56922, 9
56923, 9
56924, 9
56925, 9
56926, 9
56927, 9
56928, 9
56929, 9
56930, 9
56931, 9
56932, 9
56933, 9
56934, 9
56935, 9
56936, 9
56937, 9
56938, 9
56939, 9
56940, 9
56941, 9
56942, 9
56943, 9
56944, 9
56945, 9
56946, 9
56947, 9
56948, 9
56949, 9
56950, 9
56951, 9
56952, 9
56953, 9
56954, 9
56955, 9
56956, 9
56957, 9
56958, 9
56959, 9
56960, 9
56961, 9
56962, 9
56963, 9
56964, 9
56965, 9
56966, 9
56967, 9
56968, 9
56969, 9
56970, 9
56971, 9
56972, 9
56973, 9
56974, 9
56975, 9
56976, 9
56977, 9
56978, 9
56979, 9
56980, 9
56981, 9
56982, 9
56983, 9
56984, 9
56985, 9
56986, 9
56987, 9
56988, 9
56989, 9
56990, 9
56991, 9
56992, 9
56993, 9
56994, 9
56995, 9
56996, 9
56997, 9
56998, 9
56999, 9
57000, 9
57001, 9
57002, 9
57003, 9
57004, 9
57005, 9
57006, 9
57007, 9
57008, 9
57009, 9
57010, 9
57011, 9
57012, 9
57013, 9
57014, 9
57015, 9
57016, 9
57017, 9
57018, 9
57019, 9
57020, 9
57021, 9
57022, 9
57023, 9
57024, 9
57025, 9
57026, 9
57027, 9
57028, 9
57029, 9
57030, 9
57031, 9
57032, 9
57033, 9
57034, 9
57035, 9
57036, 9
57037, 9
57038, 9
57039, 9
57040, 9
57041, 9
57042, 9
57043, 9
57044, 9
57045, 9
57046, 9
57047, 9
57048, 9
57049, 9
57050, 9
57051, 9
57052, 9
57053, 9
57054, 9
57055, 9
57056, 9
57057, 9
57058, 9
57059, 9
57060, 9
57061, 9
57062, 9
57063, 9
57064, 9
57065, 9
57066, 9
57067, 9
57068, 9
57069, 9
57070, 9
57071, 9
57072, 9
57073, 9
57074, 9
57075, 9
57076, 9
57077, 9
57078, 10
57079, 10
57080, 10
57081, 10
57082, 10
57083, 10
57084, 10
57085, 10
57086, 10
57087, 10
57088, 10
57089, 10
57090, 10
57091, 10
57092, 10
57093, 10
57094, 10
57095, 10
57096, 10
57097, 10
57098, 10
57099, 10
57100, 10
57101, 10
57102, 10
57103, 10
57104, 10
57105, 10
57106, 10
57107, 10
57108, 10
57109, 10
57110, 10
57111, 10
57112, 10
57113, 10
57114, 10
57115, 10
57116, 10
57117, 10
57118, 10
57119, 10
57120, 10
57121, 9
57122, 9
57123, 9
57124, 9
57125, 9
57126, 9
57127, 9
57128, 9
57129, 9
57130, 9
57131, 9
57132, 9
57133, 9
57134, 9
57135, 9
57136, 9
57137, 9
57138, 9
57139, 9
57140, 9
57141, 9
57142, 9
57143, 9
57144, 9
57145, 9
57146, 9
57147, 9
57148, 9
57149, 9
57150, 9
57151, 9
57152, 9
57153, 9
57154, 9
57155, 9
57156, 9
57157, 9
57158, 9
57159, 9
57160, 9
57161, 9
57162, 9
57163, 9
57164, 9
57165, 9
57166, 9
57167, 9
57168, 9
57169, 9
57170, 9
57171, 9
57172, 9
57173, 9
57174, 9
57175, 9
57176, 9
57177, 9
57178, 9
57179, 9
57180, 9
57181, 9
57182, 9
57183, 9
57184, 9
57185, 9
57186, 9
57187, 9
57188, 9
57189, 9
57190, 9
57191, 9
57192, 9
57193, 9
57194, 9
57195, 9
57196, 9
57197, 9
57198, 9
57199, 9
57200, 9
57201, 9
57202, 9
57203, 9
57204, 9
57205, 9
57206, 9
57207, 9
57208, 9
57209, 9
57210, 9
57211, 9
57212, 9
57213, 9
57214, 9
57215, 9
57216, 9
57217, 9
57218, 9
57219, 9
57220, 9
57221, 9
57222, 9
57223, 9
57224, 9
57225, 9
57226, 9
57227, 9
57228, 9
57229, 9
57230, 9
57231, 9
57232, 9
57233, 9
57234, 9
57235, 9
57236, 9
57237, 9
57238, 9
57239, 9
57240, 9
57241, 9
57242, 9
57243, 9
57244, 9
57245, 9
57246, 9
57247, 9
57248, 9
57249, 9
57250, 9
57251, 9
57252, 9
57253, 9
57254, 9
57255, 9
57256, 9
57257, 9
57258, 9
57259, 9
57260, 9
57261, 9
57262, 9
57263, 9
57264, 9
57265, 9
57266, 9
57267, 9
57268, 9
57269, 9
57270, 9
57271, 9
57272, 9
57273, 9
57274, 9
57275, 9
57276, 9
57277, 9
57278, 9
57279, 9
57280, 9
57281, 9
57282, 9
57283, 9
57284, 9
57285, 9
57286, 9
57287, 9
57288, 9
57289, 9
57290, 9
57291, 9
57292, 9
57293, 9
57294, 9
57295, 9
57296, 9
57297, 9
57298, 9
57299, 9
57300, 9
57301, 9
57302, 9
57303, 9
57304, 9
57305, 9
57306, 9
57307, 9
57308, 9
57309, 9
57310, 9
57311, 9
57312, 9
57313, 9
57314, 9
57315, 9
57316, 9
57317, 9
57318, 9
57319, 9
57320, 9
57321, 9
57322, 9
57323, 9
57324, 9
57325, 9
57326, 9
57327, 9
57328, 9
57329, 9
57330, 9
57331, 9
57332, 9
57333, 9
57334, 9
57335, 9
57336, 9
57337, 9
57338, 9
57339, 9
57340, 9
57341, 9
57342, 9
57343, 9
57344, 9
57345, 9
57346, 9
57347, 9
57348, 9
57349, 9
57350, 9
57351, 9
57352, 9
57353, 9
57354, 9
57355, 9
57356, 9
57357, 9
57358, 9
57359, 9
57360, 9
57361, 9
57362, 9
57363, 9
57364, 9
57365, 9
57366, 9
57367, 9
57368, 9
57369, 9
57370, 9
57371, 9
57372, 9
57373, 9
57374, 9
57375, 9
57376, 9
57377, 9
57378, 9
57379, 9
57380, 9
57381, 9
57382, 9
57383, 9
57384, 9
57385, 9
57386, 9
57387, 9
57388, 9
57389, 9
57390, 9
57391, 9
57392, 9
57393, 9
57394, 9
57395, 9
57396, 9
57397, 9
57398, 9
57399, 9
57400, 9
57401, 9
57402, 9
57403, 9
57404, 9
57405, 9
57406, 9
57407, 9
57408, 9
57409, 9
57410, 9
57411, 9
57412, 9
57413, 9
57414, 9
57415, 9
57416, 9
57417, 9
57418, 9
57419, 9
57420, 9
57421, 9
57422, 9
57423, 9
57424, 9
57425, 9
57426, 9
57427, 9
57428, 9
57429, 9
57430, 9
57431, 9
57432, 9
57433, 9
57434, 9
57435, 9
57436, 9
57437, 9
57438, 9
57439, 9
57440, 9
57441, 9
57442, 9
57443, 9
57444, 9
57445, 9
57446, 9
57447, 9
57448, 9
57449, 9
57450, 9
57451, 9
57452, 9
57453, 9
57454, 9
57455, 9
57456, 9
57457, 9
57458, 9
57459, 9
57460, 9
57461, 9
57462, 9
57463, 9
57464, 9
57465, 9
57466, 9
57467, 9
57468, 9
57469, 9
57470, 9
57471, 9
57472, 9
57473, 9
57474, 9
57475, 9
57476, 9
57477, 9
57478, 9
57479, 9
57480, 9
57481, 9
57482, 9
57483, 9
57484, 9
57485, 9
57486, 9
57487, 9
57488, 9
57489, 9
57490, 9
57491, 9
57492, 9
57493, 9
57494, 9
57495, 9
57496, 9
57497, 9
57498, 9
57499, 9
57500, 9
57501, 9
57502, 9
57503, 9
57504, 9
57505, 9
57506, 9
57507, 9
57508, 9
57509, 9
57510, 9
57511, 9
57512, 9
57513, 9
57514, 9
57515, 9
57516, 9
57517, 9
57518, 9
57519, 9
57520, 9
57521, 9
57522, 9
57523, 9
57524, 9
57525, 9
57526, 9
57527, 9
57528, 9
57529, 9
57530, 9
57531, 9
57532, 9
57533, 9
57534, 9
57535, 9
57536, 9
57537, 9
57538, 9
57539, 9
57540, 9
57541, 9
57542, 9
57543, 9
57544, 9
57545, 9
57546, 9
57547, 9
57548, 9
57549, 9
57550, 9
57551, 9
57552, 9
57553, 9
57554, 9
57555, 10
57556, 10
57557, 10
57558, 10
57559, 10
57560, 10
57561, 10
57562, 10
57563, 10
57564, 10
57565, 10
57566, 10
57567, 10
57568, 10
57569, 10
57570, 10
57571, 10
57572, 10
57573, 10
57574, 10
57575, 10
57576, 10
57577, 10
57578, 10
57579, 10
57580, 10
57581, 10
57582, 10
57583, 10
57584, 10
57585, 10
57586, 10
57587, 10
57588, 10
57589, 10
57590, 10
57591, 10
57592, 10
57593, 10
57594, 10
57595, 10
57596, 10
57597, 10
57598, 10
57599, 10
57600, 9
57601, 9
57602, 9
57603, 9
57604, 9
57605, 9
57606, 9
57607, 9
57608, 9
57609, 9
57610, 9
57611, 9
57612, 9
57613, 9
57614, 9
57615, 9
57616, 9
57617, 9
57618, 9
57619, 9
57620, 9
57621, 9
57622, 9
57623, 9
57624, 9
57625, 9
57626, 9
57627, 9
57628, 9
57629, 9
57630, 9
57631, 9
57632, 9
57633, 9
57634, 9
57635, 9
57636, 9
57637, 9
57638, 9
57639, 9
57640, 9
57641, 9
57642, 9
57643, 9
57644, 9
57645, 9
57646, 9
57647, 9
57648, 9
57649, 9
57650, 9
57651, 9
57652, 9
57653, 9
57654, 9
57655, 9
57656, 9
57657, 9
57658, 9
57659, 9
57660, 9
57661, 9
57662, 9
57663, 9
57664, 9
57665, 9
57666, 9
57667, 9
57668, 9
57669, 9
57670, 9
57671, 9
57672, 9
57673, 9
57674, 9
57675, 9
57676, 9
57677, 9
57678, 9
57679, 9
57680, 9
57681, 9
57682, 9
57683, 9
57684, 9
57685, 9
57686, 9
57687, 9
57688, 9
57689, 9
57690, 9
57691, 9
57692, 9
57693, 9
57694, 9
57695, 9
57696, 9
57697, 9
57698, 9
57699, 9
57700, 9
57701, 9
57702, 9
57703, 9
57704, 9
57705, 9
57706, 9
57707, 9
57708, 9
57709, 9
57710, 9
57711, 9
57712, 9
57713, 9
57714, 9
57715, 9
57716, 9
57717, 9
57718, 9
57719, 9
57720, 9
57721, 9
57722, 9
57723, 9
57724, 9
57725, 9
57726, 9
57727, 9
57728, 9
57729, 9
57730, 9
57731, 9
57732, 9
57733, 9
57734, 9
57735, 9
57736, 9
57737, 9
57738, 9
57739, 9
57740, 9
57741, 9
57742, 9
57743, 9
57744, 9
57745, 9
57746, 9
57747, 9
57748, 9
57749, 9
57750, 9
57751, 9
57752, 9
57753, 9
57754, 9
57755, 9
57756, 9
57757, 9
57758, 9
57759, 9
57760, 9
57761, 9
57762, 9
57763, 9
57764, 9
57765, 9
57766, 9
57767, 9
57768, 9
57769, 9
57770, 9
57771, 9
57772, 9
57773, 9
57774, 9
57775, 9
57776, 9
57777, 9
57778, 9
57779, 9
57780, 9
57781, 9
57782, 9
57783, 9
57784, 9
57785, 9
57786, 9
57787, 9
57788, 9
57789, 9
57790, 9
57791, 9
57792, 9
57793, 9
57794, 9
57795, 9
57796, 9
57797, 9
57798, 9
57799, 9
57800, 9
57801, 9
57802, 9
57803, 9
57804, 9
57805, 9
57806, 9
57807, 9
57808, 9
57809, 9
57810, 9
57811, 9
57812, 9
57813, 9
57814, 9
57815, 9
57816, 9
57817, 9
57818, 9
57819, 9
57820, 9
57821, 9
57822, 9
57823, 9
57824, 9
57825, 9
57826, 9
57827, 9
57828, 9
57829, 9
57830, 9
57831, 9
57832, 9
57833, 9
57834, 9
57835, 9
57836, 9
57837, 9
57838, 9
57839, 9
57840, 9
57841, 9
57842, 9
57843, 9
57844, 9
57845, 9
57846, 9
57847, 9
57848, 9
57849, 9
57850, 9
57851, 9
57852, 9
57853, 9
57854, 9
57855, 9
57856, 9
57857, 9
57858, 9
57859, 9
57860, 9
57861, 9
57862, 9
57863, 9
57864, 9
57865, 9
57866, 9
57867, 9
57868, 9
57869, 9
57870, 9
57871, 9
57872, 9
57873, 9
57874, 9
57875, 9
57876, 9
57877, 9
57878, 9
57879, 9
57880, 9
57881, 9
57882, 9
57883, 9
57884, 9
57885, 9
57886, 9
57887, 9
57888, 9
57889, 9
57890, 9
57891, 9
57892, 9
57893, 9
57894, 9
57895, 9
57896, 9
57897, 9
57898, 9
57899, 9
57900, 9
57901, 9
57902, 9
57903, 9
57904, 9
57905, 9
57906, 9
57907, 9
57908, 9
57909, 9
57910, 9
57911, 9
57912, 9
57913, 9
57914, 9
57915, 9
57916, 9
57917, 9
57918, 9
57919, 9
57920, 9
57921, 9
57922, 9
57923, 9
57924, 9
57925, 9
57926, 9
57927, 9
57928, 9
57929, 9
57930, 9
57931, 9
57932, 9
57933, 9
57934, 9
57935, 9
57936, 9
57937, 9
57938, 9
57939, 9
57940, 9
57941, 9
57942, 9
57943, 9
57944, 9
57945, 9
57946, 9
57947, 9
57948, 9
57949, 9
57950, 9
57951, 9
57952, 9
57953, 9
57954, 9
57955, 9
57956, 9
57957, 9
57958, 9
57959, 9
57960, 9
57961, 9
57962, 9
57963, 9
57964, 9
57965, 9
57966, 9
57967, 9
57968, 9
57969, 9
57970, 9
57971, 9
57972, 9
57973, 9
57974, 9
57975, 9
57976, 9
57977, 9
57978, 9
57979, 9
57980, 9
57981, 9
57982, 9
57983, 9
57984, 9
57985, 9
57986, 9
57987, 9
57988, 9
57989, 9
57990, 9
57991, 9
57992, 9
57993, 9
57994, 9
57995, 9
57996, 9
57997, 9
57998, 9
57999, 9
58000, 9
58001, 9
58002, 9
58003, 9
58004, 9
58005, 9
58006, 9
58007, 9
58008, 9
58009, 9
58010, 9
58011, 9
58012, 9
58013, 9
58014, 9
58015, 9
58016, 9
58017, 9
58018, 9
58019, 9
58020, 9
58021, 9
58022, 9
58023, 9
58024, 9
58025, 9
58026, 9
58027, 9
58028, 9
58029, 9
58030, 9
58031, 9
58032, 9
58033, 9
58034, 10
58035, 10
58036, 10
58037, 10
58038, 10
58039, 10
58040, 10
58041, 10
58042, 10
58043, 10
58044, 10
58045, 10
58046, 10
58047, 10
58048, 10
58049, 10
58050, 10
58051, 10
58052, 10
58053, 10
58054, 10
58055, 10
58056, 10
58057, 10
58058, 10
58059, 10
58060, 10
58061, 10
58062, 10
58063, 10
58064, 10
58065, 10
58066, 10
58067, 10
58068, 10
58069, 10
58070, 10
58071, 10
58072, 10
58073, 10
58074, 10
58075, 10
58076, 10
58077, 10
58078, 10
58079, 10
58080, 10
58081, 9
58082, 9
58083, 9
58084, 9
58085, 9
58086, 9
58087, 9
58088, 9
58089, 9
58090, 9
58091, 9
58092, 9
58093, 9
58094, 9
58095, 9
58096, 9
58097, 9
58098, 9
58099, 9
58100, 9
58101, 9
58102, 9
58103, 9
58104, 9
58105, 9
58106, 9
58107, 9
58108, 9
58109, 9
58110, 9
58111, 9
58112, 9
58113, 9
58114, 9
58115, 9
58116, 9
58117, 9
58118, 9
58119, 9
58120, 9
58121, 9
58122, 9
58123, 9
58124, 9
58125, 9
58126, 9
58127, 9
58128, 9
58129, 9
58130, 9
58131, 9
58132, 9
58133, 9
58134, 9
58135, 9
58136, 9
58137, 9
58138, 9
58139, 9
58140, 9
58141, 9
58142, 9
58143, 9
58144, 9
58145, 9
58146, 9
58147, 9
58148, 9
58149, 9
58150, 9
58151, 9
58152, 9
58153, 9
58154, 9
58155, 9
58156, 9
58157, 9
58158, 9
58159, 9
58160, 9
58161, 9
58162, 9
58163, 9
58164, 9
58165, 9
58166, 9
58167, 9
58168, 9
58169, 9
58170, 9
58171, 9
58172, 9
58173, 9
58174, 9
58175, 9
58176, 9
58177, 9
58178, 9
58179, 9
58180, 9
58181, 9
58182, 9
58183, 9
58184, 9
58185, 9
58186, 9
58187, 9
58188, 9
58189, 9
58190, 9
58191, 9
58192, 9
58193, 9
58194, 9
58195, 9
58196, 9
58197, 9
58198, 9
58199, 9
58200, 9
58201, 9
58202, 9
58203, 9
58204, 9
58205, 9
58206, 9
58207, 9
58208, 9
58209, 9
58210, 9
58211, 9
58212, 9
58213, 9
58214, 9
58215, 9
58216, 9
58217, 9
58218, 9
58219, 9
58220, 9
58221, 9
58222, 9
58223, 9
58224, 9
58225, 9
58226, 9
58227, 9
58228, 9
58229, 9
58230, 9
58231, 9
58232, 9
58233, 9
58234, 9
58235, 9
58236, 9
58237, 9
58238, 9
58239, 9
58240, 9
58241, 9
58242, 9
58243, 9
58244, 9
58245, 9
58246, 9
58247, 9
58248, 9
58249, 9
58250, 9
58251, 9
58252, 9
58253, 9
58254, 9
58255, 9
58256, 9
58257, 9
58258, 9
58259, 9
58260, 9
58261, 9
58262, 9
58263, 9
58264, 9
58265, 9
58266, 9
58267, 9
58268, 9
58269, 9
58270, 9
58271, 9
58272, 9
58273, 9
58274, 9
58275, 9
58276, 9
58277, 9
58278, 9
58279, 9
58280, 9
58281, 9
58282, 9
58283, 9
58284, 9
58285, 9
58286, 9
58287, 9
58288, 9
58289, 9
58290, 9
58291, 9
58292, 9
58293, 9
58294, 9
58295, 9
58296, 9
58297, 9
58298, 9
58299, 9
58300, 9
58301, 9
58302, 9
58303, 9
58304, 9
58305, 9
58306, 9
58307, 9
58308, 9
58309, 9
58310, 9
58311, 9
58312, 9
58313, 9
58314, 9
58315, 9
58316, 9
58317, 9
58318, 9
58319, 9
58320, 9
58321, 9
58322, 9
58323, 9
58324, 9
58325, 9
58326, 9
58327, 9
58328, 9
58329, 9
58330, 9
58331, 9
58332, 9
58333, 9
58334, 9
58335, 9
58336, 9
58337, 9
58338, 9
58339, 9
58340, 9
58341, 9
58342, 9
58343, 9
58344, 9
58345, 9
58346, 9
58347, 9
58348, 9
58349, 9
58350, 9
58351, 9
58352, 9
58353, 9
58354, 9
58355, 9
58356, 9
58357, 9
58358, 9
58359, 9
58360, 9
58361, 9
58362, 9
58363, 9
58364, 9
58365, 9
58366, 9
58367, 9
58368, 9
58369, 9
58370, 9
58371, 9
58372, 9
58373, 9
58374, 9
58375, 9
58376, 9
58377, 9
58378, 9
58379, 9
58380, 9
58381, 9
58382, 9
58383, 9
58384, 9
58385, 9
58386, 9
58387, 9
58388, 9
58389, 9
58390, 9
58391, 9
58392, 9
58393, 9
58394, 9
58395, 9
58396, 9
58397, 9
58398, 9
58399, 9
58400, 9
58401, 9
58402, 9
58403, 9
58404, 9
58405, 9
58406, 9
58407, 9
58408, 9
58409, 9
58410, 9
58411, 9
58412, 9
58413, 9
58414, 9
58415, 9
58416, 9
58417, 9
58418, 9
58419, 9
58420, 9
58421, 9
58422, 9
58423, 9
58424, 9
58425, 9
58426, 9
58427, 9
58428, 9
58429, 9
58430, 9
58431, 9
58432, 9
58433, 9
58434, 9
58435, 9
58436, 9
58437, 9
58438, 9
58439, 9
58440, 9
58441, 9
58442, 9
58443, 9
58444, 9
58445, 9
58446, 9
58447, 9
58448, 9
58449, 9
58450, 9
58451, 9
58452, 9
58453, 9
58454, 9
58455, 9
58456, 9
58457, 9
58458, 9
58459, 9
58460, 9
58461, 9
58462, 9
58463, 9
58464, 9
58465, 9
58466, 9
58467, 9
58468, 9
58469, 9
58470, 9
58471, 9
58472, 9
58473, 9
58474, 9
58475, 9
58476, 9
58477, 9
58478, 9
58479, 9
58480, 9
58481, 9
58482, 9
58483, 9
58484, 9
58485, 9
58486, 9
58487, 9
58488, 9
58489, 9
58490, 9
58491, 9
58492, 9
58493, 9
58494, 9
58495, 9
58496, 9
58497, 9
58498, 9
58499, 9
58500, 9
58501, 9
58502, 9
58503, 9
58504, 9
58505, 9
58506, 9
58507, 9
58508, 9
58509, 9
58510, 9
58511, 9
58512, 9
58513, 9
58514, 9
58515, 10
58516, 10
58517, 10
58518, 10
58519, 10
58520, 10
58521, 10
58522, 10
58523, 10
58524, 10
58525, 10
58526, 10
58527, 10
58528, 10
58529, 10
58530, 10
58531, 10
58532, 10
58533, 10
58534, 10
58535, 10
58536, 10
58537, 10
58538, 10
58539, 10
58540, 10
58541, 10
58542, 10
58543, 10
58544, 10
58545, 10
58546, 10
58547, 10
58548, 10
58549, 10
58550, 10
58551, 10
58552, 10
58553, 10
58554, 10
58555, 10
58556, 10
58557, 10
58558, 10
58559, 10
58560, 10
58561, 10
58562, 10
58563, 10
58564, 9
58565, 9
58566, 9
58567, 9
58568, 9
58569, 9
58570, 9
58571, 9
58572, 9
58573, 9
58574, 9
58575, 9
58576, 9
58577, 9
58578, 9
58579, 9
58580, 9
58581, 9
58582, 9
58583, 9
58584, 9
58585, 9
58586, 9
58587, 9
58588, 9
58589, 9
58590, 9
58591, 9
58592, 9
58593, 9
58594, 9
58595, 9
58596, 9
58597, 9
58598, 9
58599, 9
58600, 9
58601, 9
58602, 9
58603, 9
58604, 9
58605, 9
58606, 9
58607, 9
58608, 9
58609, 9
58610, 9
58611, 9
58612, 9
58613, 9
58614, 9
58615, 9
58616, 9
58617, 9
58618, 9
58619, 9
58620, 9
58621, 9
58622, 9
58623, 9
58624, 9
58625, 9
58626, 9
58627, 9
58628, 9
58629, 9
58630, 9
58631, 9
58632, 9
58633, 9
58634, 9
58635, 9
58636, 9
58637, 9
58638, 9
58639, 9
58640, 9
58641, 9
58642, 9
58643, 9
58644, 9
58645, 9
58646, 9
58647, 9
58648, 9
58649, 9
58650, 9
58651, 9
58652, 9
58653, 9
58654, 9
58655, 9
58656, 9
58657, 9
58658, 9
58659, 9
58660, 9
58661, 9
58662, 9
58663, 9
58664, 9
58665, 9
58666, 9
58667, 9
58668, 9
58669, 9
58670, 9
58671, 9
58672, 9
58673, 9
58674, 9
58675, 9
58676, 9
58677, 9
58678, 9
58679, 9
58680, 9
58681, 9
58682, 9
58683, 9
58684, 9
58685, 9
58686, 9
58687, 9
58688, 9
58689, 9
58690, 9
58691, 9
58692, 9
58693, 9
58694, 9
58695, 9
58696, 9
58697, 9
58698, 9
58699, 9
58700, 9
58701, 9
58702, 9
58703, 9
58704, 9
58705, 9
58706, 9
58707, 9
58708, 9
58709, 9
58710, 9
58711, 9
58712, 9
58713, 9
58714, 9
58715, 9
58716, 9
58717, 9
58718, 9
58719, 9
58720, 9
58721, 9
58722, 9
58723, 9
58724, 9
58725, 9
58726, 9
58727, 9
58728, 9
58729, 9
58730, 9
58731, 9
58732, 9
58733, 9
58734, 9
58735, 9
58736, 9
58737, 9
58738, 9
58739, 9
58740, 9
58741, 9
58742, 9
58743, 9
58744, 9
58745, 9
58746, 9
58747, 9
58748, 9
58749, 9
58750, 9
58751, 9
58752, 9
58753, 9
58754, 9
58755, 9
58756, 9
58757, 9
58758, 9
58759, 9
58760, 9
58761, 9
58762, 9
58763, 9
58764, 9
58765, 9
58766, 9
58767, 9
58768, 9
58769, 9
58770, 9
58771, 9
58772, 9
58773, 9
58774, 9
58775, 9
58776, 9
58777, 9
58778, 9
58779, 9
58780, 9
58781, 9
58782, 9
58783, 9
58784, 9
58785, 9
58786, 9
58787, 9
58788, 9
58789, 9
58790, 9
58791, 9
58792, 9
58793, 9
58794, 9
58795, 9
58796, 9
58797, 9
58798, 9
58799, 9
58800, 9
58801, 9
58802, 9
58803, 9
58804, 9
58805, 9
58806, 9
58807, 9
58808, 9
58809, 9
58810, 9
58811, 9
58812, 9
58813, 9
58814, 9
58815, 9
58816, 9
58817, 9
58818, 9
58819, 9
58820, 9
58821, 9
58822, 9
58823, 9
58824, 9
58825, 9
58826, 9
58827, 9
58828, 9
58829, 9
58830, 9
58831, 9
58832, 9
58833, 9
58834, 9
58835, 9
58836, 9
58837, 9
58838, 9
58839, 9
58840, 9
58841, 9
58842, 9
58843, 9
58844, 9
58845, 9
58846, 9
58847, 9
58848, 9
58849, 9
58850, 9
58851, 9
58852, 9
58853, 9
58854, 9
58855, 9
58856, 9
58857, 9
58858, 9
58859, 9
58860, 9
58861, 9
58862, 9
58863, 9
58864, 9
58865, 9
58866, 9
58867, 9
58868, 9
58869, 9
58870, 9
58871, 9
58872, 9
58873, 9
58874, 9
58875, 9
58876, 9
58877, 9
58878, 9
58879, 9
58880, 9
58881, 9
58882, 9
58883, 9
58884, 9
58885, 9
58886, 9
58887, 9
58888, 9
58889, 9
58890, 9
58891, 9
58892, 9
58893, 9
58894, 9
58895, 9
58896, 9
58897, 9
58898, 9
58899, 9
58900, 9
58901, 9
58902, 9
58903, 9
58904, 9
58905, 9
58906, 9
58907, 9
58908, 9
58909, 9
58910, 9
58911, 9
58912, 9
58913, 9
58914, 9
58915, 9
58916, 9
58917, 9
58918, 9
58919, 9
58920, 9
58921, 9
58922, 9
58923, 9
58924, 9
58925, 9
58926, 9
58927, 9
58928, 9
58929, 9
58930, 9
58931, 9
58932, 9
58933, 9
58934, 9
58935, 9
58936, 9
58937, 9
58938, 9
58939, 9
58940, 9
58941, 9
58942, 9
58943, 9
58944, 9
58945, 9
58946, 9
58947, 9
58948, 9
58949, 9
58950, 9
58951, 9
58952, 9
58953, 9
58954, 9
58955, 9
58956, 9
58957, 9
58958, 9
58959, 9
58960, 9
58961, 9
58962, 9
58963, 9
58964, 9
58965, 9
58966, 9
58967, 9
58968, 9
58969, 9
58970, 9
58971, 9
58972, 9
58973, 9
58974, 9
58975, 9
58976, 9
58977, 9
58978, 9
58979, 9
58980, 9
58981, 9
58982, 9
58983, 9
58984, 9
58985, 9
58986, 9
58987, 9
58988, 9
58989, 9
58990, 9
58991, 9
58992, 9
58993, 9
58994, 9
58995, 9
58996, 9
58997, 9
58998, 10
58999, 10
59000, 10
59001, 10
59002, 10
59003, 10
59004, 10
59005, 10
59006, 10
59007, 10
59008, 10
59009, 10
59010, 10
59011, 10
59012, 10
59013, 10
59014, 10
59015, 10
59016, 10
59017, 10
59018, 10
59019, 10
59020, 10
59021, 10
59022, 10
59023, 10
59024, 10
59025, 10
59026, 10
59027, 10
59028, 10
59029, 10
59030, 10
59031, 10
59032, 10
59033, 10
59034, 10
59035, 10
59036, 10
59037, 10
59038, 10
59039, 10
59040, 10
59041, 10
59042, 10
59043, 10
59044, 10
59045, 10
59046, 10
59047, 10
59048, 10
59049, 9
59050, 9
59051, 9
59052, 9
59053, 9
59054, 9
59055, 9
59056, 9
59057, 9
59058, 9
59059, 9
59060, 9
59061, 9
59062, 9
59063, 9
59064, 9
59065, 9
59066, 9
59067, 9
59068, 9
59069, 9
59070, 9
59071, 9
59072, 9
59073, 9
59074, 9
59075, 9
59076, 9
59077, 9
59078, 9
59079, 9
59080, 9
59081, 9
59082, 9
59083, 9
59084, 9
59085, 9
59086, 9
59087, 9
59088, 9
59089, 9
59090, 9
59091, 9
59092, 9
59093, 9
59094, 9
59095, 9
59096, 9
59097, 9
59098, 9
59099, 9
59100, 9
59101, 9
59102, 9
59103, 9
59104, 9
59105, 9
59106, 9
59107, 9
59108, 9
59109, 9
59110, 9
59111, 9
59112, 9
59113, 9
59114, 9
59115, 9
59116, 9
59117, 9
59118, 9
59119, 9
59120, 9
59121, 9
59122, 9
59123, 9
59124, 9
59125, 9
59126, 9
59127, 9
59128, 9
59129, 9
59130, 9
59131, 9
59132, 9
59133, 9
59134, 9
59135, 9
59136, 9
59137, 9
59138, 9
59139, 9
59140, 9
59141, 9
59142, 9
59143, 9
59144, 9
59145, 9
59146, 9
59147, 9
59148, 9
59149, 9
59150, 9
59151, 9
59152, 9
59153, 9
59154, 9
59155, 9
59156, 9
59157, 9
59158, 9
59159, 9
59160, 9
59161, 9
59162, 9
59163, 9
59164, 9
59165, 9
59166, 9
59167, 9
59168, 9
59169, 9
59170, 9
59171, 9
59172, 9
59173, 9
59174, 9
59175, 9
59176, 9
59177, 9
59178, 9
59179, 9
59180, 9
59181, 9
59182, 9
59183, 9
59184, 9
59185, 9
59186, 9
59187, 9
59188, 9
59189, 9
59190, 9
59191, 9
59192, 9
59193, 9
59194, 9
59195, 9
59196, 9
59197, 9
59198, 9
59199, 9
59200, 9
59201, 9
59202, 9
59203, 9
59204, 9
59205, 9
59206, 9
59207, 9
59208, 9
59209, 9
59210, 9
59211, 9
59212, 9
59213, 9
59214, 9
59215, 9
59216, 9
59217, 9
59218, 9
59219, 9
59220, 9
59221, 9
59222, 9
59223, 9
59224, 9
59225, 9
59226, 9
59227, 9
59228, 9
59229, 9
59230, 9
59231, 9
59232, 9
59233, 9
59234, 9
59235, 9
59236, 9
59237, 9
59238, 9
59239, 9
59240, 9
59241, 9
59242, 9
59243, 9
59244, 9
59245, 9
59246, 9
59247, 9
59248, 9
59249, 9
59250, 9
59251, 9
59252, 9
59253, 9
59254, 9
59255, 9
59256, 9
59257, 9
59258, 9
59259, 9
59260, 9
59261, 9
59262, 9
59263, 9
59264, 9
59265, 9
59266, 9
59267, 9
59268, 9
59269, 9
59270, 9
59271, 9
59272, 9
59273, 9
59274, 9
59275, 9
59276, 9
59277, 9
59278, 9
59279, 9
59280, 9
59281, 9
59282, 9
59283, 9
59284, 9
59285, 9
59286, 9
59287, 9
59288, 9
59289, 9
59290, 9
59291, 9
59292, 9
59293, 9
59294, 9
59295, 9
59296, 9
59297, 9
59298, 9
59299, 9
59300, 9
59301, 9
59302, 9
59303, 9
59304, 9
59305, 9
59306, 9
59307, 9
59308, 9
59309, 9
59310, 9
59311, 9
59312, 9
59313, 9
59314, 9
59315, 9
59316, 9
59317, 9
59318, 9
59319, 9
59320, 9
59321, 9
59322, 9
59323, 9
59324, 9
59325, 9
59326, 9
59327, 9
59328, 9
59329, 9
59330, 9
59331, 9
59332, 9
59333, 9
59334, 9
59335, 9
59336, 9
59337, 9
59338, 9
59339, 9
59340, 9
59341, 9
59342, 9
59343, 9
59344, 9
59345, 9
59346, 9
59347, 9
59348, 9
59349, 9
59350, 9
59351, 9
59352, 9
59353, 9
59354, 9
59355, 9
59356, 9
59357, 9
59358, 9
59359, 9
59360, 9
59361, 9
59362, 9
59363, 9
59364, 9
59365, 9
59366, 9
59367, 9
59368, 9
59369, 9
59370, 9
59371, 9
59372, 9
59373, 9
59374, 9
59375, 9
59376, 9
59377, 9
59378, 9
59379, 9
59380, 9
59381, 9
59382, 9
59383, 9
59384, 9
59385, 9
59386, 9
59387, 9
59388, 9
59389, 9
59390, 9
59391, 9
59392, 9
59393, 9
59394, 9
59395, 9
59396, 9
59397, 9
59398, 9
59399, 9
59400, 9
59401, 9
59402, 9
59403, 9
59404, 9
59405, 9
59406, 9
59407, 9
59408, 9
59409, 9
59410, 9
59411, 9
59412, 9
59413, 9
59414, 9
59415, 9
59416, 9
59417, 9
59418, 9
59419, 9
59420, 9
59421, 9
59422, 9
59423, 9
59424, 9
59425, 9
59426, 9
59427, 9
59428, 9
59429, 9
59430, 9
59431, 9
59432, 9
59433, 9
59434, 9
59435, 9
59436, 9
59437, 9
59438, 9
59439, 9
59440, 9
59441, 9
59442, 9
59443, 9
59444, 9
59445, 9
59446, 9
59447, 9
59448, 9
59449, 9
59450, 9
59451, 9
59452, 9
59453, 9
59454, 9
59455, 9
59456, 9
59457, 9
59458, 9
59459, 9
59460, 9
59461, 9
59462, 9
59463, 9
59464, 9
59465, 9
59466, 9
59467, 9
59468, 9
59469, 9
59470, 9
59471, 9
59472, 9
59473, 9
59474, 9
59475, 9
59476, 9
59477, 9
59478, 9
59479, 9
59480, 9
59481, 9
59482, 9
59483, 10
59484, 10
59485, 10
59486, 10
59487, 10
59488, 10
59489, 10
59490, 10
59491, 10
59492, 10
59493, 10
59494, 10
59495, 10
59496, 10
59497, 10
59498, 10
59499, 10
59500, 10
59501, 10
59502, 10
59503, 10
59504, 10
59505, 10
59506, 10
59507, 10
59508, 10
59509, 10
59510, 10
59511, 10
59512, 10
59513, 10
59514, 10
59515, 10
59516, 10
59517, 10
59518, 10
59519, 10
59520, 10
59521, 10
59522, 10
59523, 10
59524, 10
59525, 10
59526, 10
59527, 10
59528, 10
59529, 10
59530, 10
59531, 10
59532, 10
59533, 10
59534, 10
59535, 10
59536, 9
59537, 9
59538, 9
59539, 9
59540, 9
59541, 9
59542, 9
59543, 9
59544, 9
59545, 9
59546, 9
59547, 9
59548, 9
59549, 9
59550, 9
59551, 9
59552, 9
59553, 9
59554, 9
59555, 9
59556, 9
59557, 9
59558, 9
59559, 9
59560, 9
59561, 9
59562, 9
59563, 9
59564, 9
59565, 9
59566, 9
59567, 9
59568, 9
59569, 9
59570, 9
59571, 9
59572, 9
59573, 9
59574, 9
59575, 9
59576, 9
59577, 9
59578, 9
59579, 9
59580, 9
59581, 9
59582, 9
59583, 9
59584, 9
59585, 9
59586, 9
59587, 9
59588, 9
59589, 9
59590, 9
59591, 9
59592, 9
59593, 9
59594, 9
59595, 9
59596, 9
59597, 9
59598, 9
59599, 9
59600, 9
59601, 9
59602, 9
59603, 9
59604, 9
59605, 9
59606, 9
59607, 9
59608, 9
59609, 9
59610, 9
59611, 9
59612, 9
59613, 9
59614, 9
59615, 9
59616, 9
59617, 9
59618, 9
59619, 9
59620, 9
59621, 9
59622, 9
59623, 9
59624, 9
59625, 9
59626, 9
59627, 9
59628, 9
59629, 9
59630, 9
59631, 9
59632, 9
59633, 9
59634, 9
59635, 9
59636, 9
59637, 9
59638, 9
59639, 9
59640, 9
59641, 9
59642, 9
59643, 9
59644, 9
59645, 9
59646, 9
59647, 9
59648, 9
59649, 9
59650, 9
59651, 9
59652, 9
59653, 9
59654, 9
59655, 9
59656, 9
59657, 9
59658, 9
59659, 9
59660, 9
59661, 9
59662, 9
59663, 9
59664, 9
59665, 9
59666, 9
59667, 9
59668, 9
59669, 9
59670, 9
59671, 9
59672, 9
59673, 9
59674, 9
59675, 9
59676, 9
59677, 9
59678, 9
59679, 9
59680, 9
59681, 9
59682, 9
59683, 9
59684, 9
59685, 9
59686, 9
59687, 9
59688, 9
59689, 9
59690, 9
59691, 9
59692, 9
59693, 9
59694, 9
59695, 9
59696, 9
59697, 9
59698, 9
59699, 9
59700, 9
59701, 9
59702, 9
59703, 9
59704, 9
59705, 9
59706, 9
59707, 9
59708, 9
59709, 9
59710, 9
59711, 9
59712, 9
59713, 9
59714, 9
59715, 9
59716, 9
59717, 9
59718, 9
59719, 9
59720, 9
59721, 9
59722, 9
59723, 9
59724, 9
59725, 9
59726, 9
59727, 9
59728, 9
59729, 9
59730, 9
59731, 9
59732, 9
59733, 9
59734, 9
59735, 9
59736, 9
59737, 9
59738, 9
59739, 9
59740, 9
59741, 9
59742, 9
59743, 9
59744, 9
59745, 9
59746, 9
59747, 9
59748, 9
59749, 9
59750, 9
59751, 9
59752, 9
59753, 9
59754, 9
59755, 9
59756, 9
59757, 9
59758, 9
59759, 9
59760, 9
59761, 9
59762, 9
59763, 9
59764, 9
59765, 9
59766, 9
59767, 9
59768, 9
59769, 9
59770, 9
59771, 9
59772, 9
59773, 9
59774, 9
59775, 9
59776, 9
59777, 9
59778, 9
59779, 9
59780, 9
59781, 9
59782, 9
59783, 9
59784, 9
59785, 9
59786, 9
59787, 9
59788, 9
59789, 9
59790, 9
59791, 9
59792, 9
59793, 9
59794, 9
59795, 9
59796, 9
59797, 9
59798, 9
59799, 9
59800, 9
59801, 9
59802, 9
59803, 9
59804, 9
59805, 9
59806, 9
59807, 9
59808, 9
59809, 9
59810, 9
59811, 9
59812, 9
59813, 9
59814, 9
59815, 9
59816, 9
59817, 9
59818, 9
59819, 9
59820, 9
59821, 9
59822, 9
59823, 9
59824, 9
59825, 9
59826, 9
59827, 9
59828, 9
59829, 9
59830, 9
59831, 9
59832, 9
59833, 9
59834, 9
59835, 9
59836, 9
59837, 9
59838, 9
59839, 9
59840, 9
59841, 9
59842, 9
59843, 9
59844, 9
59845, 9
59846, 9
59847, 9
59848, 9
59849, 9
59850, 9
59851, 9
59852, 9
59853, 9
59854, 9
59855, 9
59856, 9
59857, 9
59858, 9
59859, 9
59860, 9
59861, 9
59862, 9
59863, 9
59864, 9
59865, 9
59866, 9
59867, 9
59868, 9
59869, 9
59870, 9
59871, 9
59872, 9
59873, 9
59874, 9
59875, 9
59876, 9
59877, 9
59878, 9
59879, 9
59880, 9
59881, 9
59882, 9
59883, 9
59884, 9
59885, 9
59886, 9
59887, 9
59888, 9
59889, 9
59890, 9
59891, 9
59892, 9
59893, 9
59894, 9
59895, 9
59896, 9
59897, 9
59898, 9
59899, 9
59900, 9
59901, 9
59902, 9
59903, 9
59904, 9
59905, 9
59906, 9
59907, 9
59908, 9
59909, 9
59910, 9
59911, 9
59912, 9
59913, 9
59914, 9
59915, 9
59916, 9
59917, 9
59918, 9
59919, 9
59920, 9
59921, 9
59922, 9
59923, 9
59924, 9
59925, 9
59926, 9
59927, 9
59928, 9
59929, 9
59930, 9
59931, 9
59932, 9
59933, 9
59934, 9
59935, 9
59936, 9
59937, 9
59938, 9
59939, 9
59940, 9
59941, 9
59942, 9
59943, 9
59944, 9
59945, 9
59946, 9
59947, 9
59948, 9
59949, 9
59950, 9
59951, 9
59952, 9
59953, 9
59954, 9
59955, 9
59956, 9
59957, 9
59958, 9
59959, 9
59960, 9
59961, 9
59962, 9
59963, 9
59964, 9
59965, 9
59966, 9
59967, 9
59968, 9
59969, 9
59970, 10
59971, 10
59972, 10
59973, 10
59974, 10
59975, 10
59976, 10
59977, 10
59978, 10
59979, 10
59980, 10
59981, 10
59982, 10
59983, 10
59984, 10
59985, 10
59986, 10
59987, 10
59988, 10
59989, 10
59990, 10
59991, 10
59992, 10
59993, 10
59994, 10
59995, 10
59996, 10
59997, 10
59998, 10
59999, 10
60000, 10
60001, 10
60002, 10
60003, 10
60004, 10
60005, 10
60006, 10
60007, 10
60008, 10
60009, 10
60010, 10
60011, 10
60012, 10
60013, 10
60014, 10
60015, 10
60016, 10
60017, 10
60018, 10
60019, 10
60020, 10
60021, 10
60022, 10
60023, 10
60024, 10
60025, 9
60026, 9
60027, 9
60028, 9
60029, 9
60030, 9
60031, 9
60032, 9
60033, 9
60034, 9
60035, 9
60036, 9
60037, 9
60038, 9
60039, 9
60040, 9
60041, 9
60042, 9
60043, 9
60044, 9
60045, 9
60046, 9
60047, 9
60048, 9
60049, 9
60050, 9
60051, 9
60052, 9
60053, 9
60054, 9
60055, 9
60056, 9
60057, 9
60058, 9
60059, 9
60060, 9
60061, 9
60062, 9
60063, 9
60064, 9
60065, 9
60066, 9
60067, 9
60068, 9
60069, 9
60070, 9
60071, 9
60072, 9
60073, 9
60074, 9
60075, 9
60076, 9
60077, 9
60078, 9
60079, 9
60080, 9
60081, 9
60082, 9
60083, 9
60084, 9
60085, 9
60086, 9
60087, 9
60088, 9
60089, 9
60090, 9
60091, 9
60092, 9
60093, 9
60094, 9
60095, 9
60096, 9
60097, 9
60098, 9
60099, 9
60100, 9
60101, 9
60102, 9
60103, 9
60104, 9
60105, 9
60106, 9
60107, 9
60108, 9
60109, 9
60110, 9
60111, 9
60112, 9
60113, 9
60114, 9
60115, 9
60116, 9
60117, 9
60118, 9
60119, 9
60120, 9
60121, 9
60122, 9
60123, 9
60124, 9
60125, 9
60126, 9
60127, 9
60128, 9
60129, 9
60130, 9
60131, 9
60132, 9
60133, 9
60134, 9
60135, 9
60136, 9
60137, 9
60138, 9
60139, 9
60140, 9
60141, 9
60142, 9
60143, 9
60144, 9
60145, 9
60146, 9
60147, 9
60148, 9
60149, 9
60150, 9
60151, 9
60152, 9
60153, 9
60154, 9
60155, 9
60156, 9
60157, 9
60158, 9
60159, 9
60160, 9
60161, 9
60162, 9
60163, 9
60164, 9
60165, 9
60166, 9
60167, 9
60168, 9
60169, 9
60170, 9
60171, 9
60172, 9
60173, 9
60174, 9
60175, 9
60176, 9
60177, 9
60178, 9
60179, 9
60180, 9
60181, 9
60182, 9
60183, 9
60184, 9
60185, 9
60186, 9
60187, 9
60188, 9
60189, 9
60190, 9
60191, 9
60192, 9
60193, 9
60194, 9
60195, 9
60196, 9
60197, 9
60198, 9
60199, 9
60200, 9
60201, 9
60202, 9
60203, 9
60204, 9
60205, 9
60206, 9
60207, 9
60208, 9
60209, 9
60210, 9
60211, 9
60212, 9
60213, 9
60214, 9
60215, 9
60216, 9
60217, 9
60218, 9
60219, 9
60220, 9
60221, 9
60222, 9
60223, 9
60224, 9
60225, 9
60226, 9
60227, 9
60228, 9
60229, 9
60230, 9
60231, 9
60232, 9
60233, 9
60234, 9
60235, 9
60236, 9
60237, 9
60238, 9
60239, 9
60240, 9
60241, 9
60242, 9
60243, 9
60244, 9
60245, 9
60246, 9
60247, 9
60248, 9
60249, 9
60250, 9
60251, 9
60252, 9
60253, 9
60254, 9
60255, 9
60256, 9
60257, 9
60258, 9
60259, 9
60260, 9
60261, 9
60262, 9
60263, 9
60264, 9
60265, 9
60266, 9
60267, 9
60268, 9
60269, 9
60270, 9
60271, 9
60272, 9
60273, 9
60274, 9
60275, 9
60276, 9
60277, 9
60278, 9
60279, 9
60280, 9
60281, 9
60282, 9
60283, 9
60284, 9
60285, 9
60286, 9
60287, 9
60288, 9
60289, 9
60290, 9
60291, 9
60292, 9
60293, 9
60294, 9
60295, 9
60296, 9
60297, 9
60298, 9
60299, 9
60300, 9
60301, 9
60302, 9
60303, 9
60304, 9
60305, 9
60306, 9
60307, 9
60308, 9
60309, 9
60310, 9
60311, 9
60312, 9
60313, 9
60314, 9
60315, 9
60316, 9
60317, 9
60318, 9
60319, 9
60320, 9
60321, 9
60322, 9
60323, 9
60324, 9
60325, 9
60326, 9
60327, 9
60328, 9
60329, 9
60330, 9
60331, 9
60332, 9
60333, 9
60334, 9
60335, 9
60336, 9
60337, 9
60338, 9
60339, 9
60340, 9
60341, 9
60342, 9
60343, 9
60344, 9
60345, 9
60346, 9
60347, 9
60348, 9
60349, 9
60350, 9
60351, 9
60352, 9
60353, 9
60354, 9
60355, 9
60356, 9
60357, 9
60358, 9
60359, 9
60360, 9
60361, 9
60362, 9
60363, 9
60364, 9
60365, 9
60366, 9
60367, 9
60368, 9
60369, 9
60370, 9
60371, 9
60372, 9
60373, 9
60374, 9
60375, 9
60376, 9
60377, 9
60378, 9
60379, 9
60380, 9
60381, 9
60382, 9
60383, 9
60384, 9
60385, 9
60386, 9
60387, 9
60388, 9
60389, 9
60390, 9
60391, 9
60392, 9
60393, 9
60394, 9
60395, 9
60396, 9
60397, 9
60398, 9
60399, 9
60400, 9
60401, 9
60402, 9
60403, 9
60404, 9
60405, 9
60406, 9
60407, 9
60408, 9
60409, 9
60410, 9
60411, 9
60412, 9
60413, 9
60414, 9
60415, 9
60416, 9
60417, 9
60418, 9
60419, 9
60420, 9
60421, 9
60422, 9
60423, 9
60424, 9
60425, 9
60426, 9
60427, 9
60428, 9
60429, 9
60430, 9
60431, 9
60432, 9
60433, 9
60434, 9
60435, 9
60436, 9
60437, 9
60438, 9
60439, 9
60440, 9
60441, 9
60442, 9
60443, 9
60444, 9
60445, 9
60446, 9
60447, 9
60448, 9
60449, 9
60450, 9
60451, 9
60452, 9
60453, 9
60454, 9
60455, 9
60456, 9
60457, 9
60458, 10
60459, 10
60460, 10
60461, 10
60462, 10
60463, 10
60464, 10
60465, 10
60466, 10
60467, 10
60468, 10
60469, 10
60470, 10
60471, 10
60472, 10
60473, 10
60474, 10
60475, 10
60476, 10
60477, 10
60478, 10
60479, 10
60480, 10
60481, 10
60482, 10
60483, 10
60484, 10
60485, 10
60486, 10
60487, 10
60488, 10
60489, 10
60490, 10
60491, 10
60492, 10
60493, 10
60494, 10
60495, 10
60496, 10
60497, 10
60498, 10
60499, 10
60500, 10
60501, 10
60502, 10
60503, 10
60504, 10
60505, 10
60506, 10
60507, 10
60508, 10
60509, 10
60510, 10
60511, 10
60512, 10
60513, 10
60514, 10
60515, 10
60516, 9
60517, 9
60518, 9
60519, 9
60520, 9
60521, 9
60522, 9
60523, 9
60524, 9
60525, 9
60526, 9
60527, 9
60528, 9
60529, 9
60530, 9
60531, 9
60532, 9
60533, 9
60534, 9
60535, 9
60536, 9
60537, 9
60538, 9
60539, 9
60540, 9
60541, 9
60542, 9
60543, 9
60544, 9
60545, 9
60546, 9
60547, 9
60548, 9
60549, 9
60550, 9
60551, 9
60552, 9
60553, 9
60554, 9
60555, 9
60556, 9
60557, 9
60558, 9
60559, 9
60560, 9
60561, 9
60562, 9
60563, 9
60564, 9
60565, 9
60566, 9
60567, 9
60568, 9
60569, 9
60570, 9
60571, 9
60572, 9
60573, 9
60574, 9
60575, 9
60576, 9
60577, 9
60578, 9
60579, 9
60580, 9
60581, 9
60582, 9
60583, 9
60584, 9
60585, 9
60586, 9
60587, 9
60588, 9
60589, 9
60590, 9
60591, 9
60592, 9
60593, 9
60594, 9
60595, 9
60596, 9
60597, 9
60598, 9
60599, 9
60600, 9
60601, 9
60602, 9
60603, 9
60604, 9
60605, 9
60606, 9
60607, 9
60608, 9
60609, 9
60610, 9
60611, 9
60612, 9
60613, 9
60614, 9
60615, 9
60616, 9
60617, 9
60618, 9
60619, 9
60620, 9
60621, 9
60622, 9
60623, 9
60624, 9
60625, 9
60626, 9
60627, 9
60628, 9
60629, 9
60630, 9
60631, 9
60632, 9
60633, 9
60634, 9
60635, 9
60636, 9
60637, 9
60638, 9
60639, 9
60640, 9
60641, 9
60642, 9
60643, 9
60644, 9
60645, 9
60646, 9
60647, 9
60648, 9
60649, 9
60650, 9
60651, 9
60652, 9
60653, 9
60654, 9
60655, 9
60656, 9
60657, 9
60658, 9
60659, 9
60660, 9
60661, 9
60662, 9
60663, 9
60664, 9
60665, 9
60666, 9
60667, 9
60668, 9
60669, 9
60670, 9
60671, 9
60672, 9
60673, 9
60674, 9
60675, 9
60676, 9
60677, 9
60678, 9
60679, 9
60680, 9
60681, 9
60682, 9
60683, 9
60684, 9
60685, 9
60686, 9
60687, 9
60688, 9
60689, 9
60690, 9
60691, 9
60692, 9
60693, 9
60694, 9
60695, 9
60696, 9
60697, 9
60698, 9
60699, 9
60700, 9
60701, 9
60702, 9
60703, 9
60704, 9
60705, 9
60706, 9
60707, 9
60708, 9
60709, 9
60710, 9
60711, 9
60712, 9
60713, 9
60714, 9
60715, 9
60716, 9
60717, 9
60718, 9
60719, 9
60720, 9
60721, 9
60722, 9
60723, 9
60724, 9
60725, 9
60726, 9
60727, 9
60728, 9
60729, 9
60730, 9
60731, 9
60732, 9
60733, 9
60734, 9
60735, 9
60736, 9
60737, 9
60738, 9
60739, 9
60740, 9
60741, 9
60742, 9
60743, 9
60744, 9
60745, 9
60746, 9
60747, 9
60748, 9
60749, 9
60750, 9
60751, 9
60752, 9
60753, 9
60754, 9
60755, 9
60756, 9
60757, 9
60758, 9
60759, 9
60760, 9
60761, 9
60762, 9
60763, 9
60764, 9
60765, 9
60766, 9
60767, 9
60768, 9
60769, 9
60770, 9
60771, 9
60772, 9
60773, 9
60774, 9
60775, 9
60776, 9
60777, 9
60778, 9
60779, 9
60780, 9
60781, 9
60782, 9
60783, 9
60784, 9
60785, 9
60786, 9
60787, 9
60788, 9
60789, 9
60790, 9
60791, 9
60792, 9
60793, 9
60794, 9
60795, 9
60796, 9
60797, 9
60798, 9
60799, 9
60800, 9
60801, 9
60802, 9
60803, 9
60804, 9
60805, 9
60806, 9
60807, 9
60808, 9
60809, 9
60810, 9
60811, 9
60812, 9
60813, 9
60814, 9
60815, 9
60816, 9
60817, 9
60818, 9
60819, 9
60820, 9
60821, 9
60822, 9
60823, 9
60824, 9
60825, 9
60826, 9
60827, 9
60828, 9
60829, 9
60830, 9
60831, 9
60832, 9
60833, 9
60834, 9
60835, 9
60836, 9
60837, 9
60838, 9
60839, 9
60840, 9
60841, 9
60842, 9
60843, 9
60844, 9
60845, 9
60846, 9
60847, 9
60848, 9
60849, 9
60850, 9
60851, 9
60852, 9
60853, 9
60854, 9
60855, 9
60856, 9
60857, 9
60858, 9
60859, 9
60860, 9
60861, 9
60862, 9
60863, 9
60864, 9
60865, 9
60866, 9
60867, 9
60868, 9
60869, 9
60870, 9
60871, 9
60872, 9
60873, 9
60874, 9
60875, 9
60876, 9
60877, 9
60878, 9
60879, 9
60880, 9
60881, 9
60882, 9
60883, 9
60884, 9
60885, 9
60886, 9
60887, 9
60888, 9
60889, 9
60890, 9
60891, 9
60892, 9
60893, 9
60894, 9
60895, 9
60896, 9
60897, 9
60898, 9
60899, 9
60900, 9
60901, 9
60902, 9
60903, 9
60904, 9
60905, 9
60906, 9
60907, 9
60908, 9
60909, 9
60910, 9
60911, 9
60912, 9
60913, 9
60914, 9
60915, 9
60916, 9
60917, 9
60918, 9
60919, 9
60920, 9
60921, 9
60922, 9
60923, 9
60924, 9
60925, 9
60926, 9
60927, 9
60928, 9
60929, 9
60930, 9
60931, 9
60932, 9
60933, 9
60934, 9
60935, 9
60936, 9
60937, 9
60938, 9
60939, 9
60940, 9
60941, 9
60942, 9
60943, 9
60944, 9
60945, 9
60946, 9
60947, 9
60948, 9
60949, 10
60950, 10
60951, 10
60952, 10
60953, 10
60954, 10
60955, 10
60956, 10
60957, 10
60958, 10
60959, 10
60960, 10
60961, 10
60962, 10
60963, 10
60964, 10
60965, 10
60966, 10
60967, 10
60968, 10
60969, 10
60970, 10
60971, 10
60972, 10
60973, 10
60974, 10
60975, 10
60976, 10
60977, 10
60978, 10
60979, 10
60980, 10
60981, 10
60982, 10
60983, 10
60984, 10
60985, 10
60986, 10
60987, 10
60988, 10
60989, 10
60990, 10
60991, 10
60992, 10
60993, 10
60994, 10
60995, 10
60996, 10
60997, 10
60998, 10
60999, 10
61000, 10
61001, 10
61002, 10
61003, 10
61004, 10
61005, 10
61006, 10
61007, 10
61008, 10
61009, 9
61010, 9
61011, 9
61012, 9
61013, 9
61014, 9
61015, 9
61016, 9
61017, 9
61018, 9
61019, 9
61020, 9
61021, 9
61022, 9
61023, 9
61024, 9
61025, 9
61026, 9
61027, 9
61028, 9
61029, 9
61030, 9
61031, 9
61032, 9
61033, 9
61034, 9
61035, 9
61036, 9
61037, 9
61038, 9
61039, 9
61040, 9
61041, 9
61042, 9
61043, 9
61044, 9
61045, 9
61046, 9
61047, 9
61048, 9
61049, 9
61050, 9
61051, 9
61052, 9
61053, 9
61054, 9
61055, 9
61056, 9
61057, 9
61058, 9
61059, 9
61060, 9
61061, 9
61062, 9
61063, 9
61064, 9
61065, 9
61066, 9
61067, 9
61068, 9
61069, 9
61070, 9
61071, 9
61072, 9
61073, 9
61074, 9
61075, 9
61076, 9
61077, 9
61078, 9
61079, 9
61080, 9
61081, 9
61082, 9
61083, 9
61084, 9
61085, 9
61086, 9
61087, 9
61088, 9
61089, 9
61090, 9
61091, 9
61092, 9
61093, 9
61094, 9
61095, 9
61096, 9
61097, 9
61098, 9
61099, 9
61100, 9
61101, 9
61102, 9
61103, 9
61104, 9
61105, 9
61106, 9
61107, 9
61108, 9
61109, 9
61110, 9
61111, 9
61112, 9
61113, 9
61114, 9
61115, 9
61116, 9
61117, 9
61118, 9
61119, 9
61120, 9
61121, 9
61122, 9
61123, 9
61124, 9
61125, 9
61126, 9
61127, 9
61128, 9
61129, 9
61130, 9
61131, 9
61132, 9
61133, 9
61134, 9
61135, 9
61136, 9
61137, 9
61138, 9
61139, 9
61140, 9
61141, 9
61142, 9
61143, 9
61144, 9
61145, 9
61146, 9
61147, 9
61148, 9
61149, 9
61150, 9
61151, 9
61152, 9
61153, 9
61154, 9
61155, 9
61156, 9
61157, 9
61158, 9
61159, 9
61160, 9
61161, 9
61162, 9
61163, 9
61164, 9
61165, 9
61166, 9
61167, 9
61168, 9
61169, 9
61170, 9
61171, 9
61172, 9
61173, 9
61174, 9
61175, 9
61176, 9
61177, 9
61178, 9
61179, 9
61180, 9
61181, 9
61182, 9
61183, 9
61184, 9
61185, 9
61186, 9
61187, 9
61188, 9
61189, 9
61190, 9
61191, 9
61192, 9
61193, 9
61194, 9
61195, 9
61196, 9
61197, 9
61198, 9
61199, 9
61200, 9
61201, 9
61202, 9
61203, 9
61204, 9
61205, 9
61206, 9
61207, 9
61208, 9
61209, 9
61210, 9
61211, 9
61212, 9
61213, 9
61214, 9
61215, 9
61216, 9
61217, 9
61218, 9
61219, 9
61220, 9
61221, 9
61222, 9
61223, 9
61224, 9
61225, 9
61226, 9
61227, 9
61228, 9
61229, 9
61230, 9
61231, 9
61232, 9
61233, 9
61234, 9
61235, 9
61236, 9
61237, 9
61238, 9
61239, 9
61240, 9
61241, 9
61242, 9
61243, 9
61244, 9
61245, 9
61246, 9
61247, 9
61248, 9
61249, 9
61250, 9
61251, 9
61252, 9
61253, 9
61254, 9
61255, 9
61256, 9
61257, 9
61258, 9
61259, 9
61260, 9
61261, 9
61262, 9
61263, 9
61264, 9
61265, 9
61266, 9
61267, 9
61268, 9
61269, 9
61270, 9
61271, 9
61272, 9
61273, 9
61274, 9
61275, 9
61276, 9
61277, 9
61278, 9
61279, 9
61280, 9
61281, 9
61282, 9
61283, 9
61284, 9
61285, 9
61286, 9
61287, 9
61288, 9
61289, 9
61290, 9
61291, 9
61292, 9
61293, 9
61294, 9
61295, 9
61296, 9
61297, 9
61298, 9
61299, 9
61300, 9
61301, 9
61302, 9
61303, 9
61304, 9
61305, 9
61306, 9
61307, 9
61308, 9
61309, 9
61310, 9
61311, 9
61312, 9
61313, 9
61314, 9
61315, 9
61316, 9
61317, 9
61318, 9
61319, 9
61320, 9
61321, 9
61322, 9
61323, 9
61324, 9
61325, 9
61326, 9
61327, 9
61328, 9
61329, 9
61330, 9
61331, 9
61332, 9
61333, 9
61334, 9
61335, 9
61336, 9
61337, 9
61338, 9
61339, 9
61340, 9
61341, 9
61342, 9
61343, 9
61344, 9
61345, 9
61346, 9
61347, 9
61348, 9
61349, 9
61350, 9
61351, 9
61352, 9
61353, 9
61354, 9
61355, 9
61356, 9
61357, 9
61358, 9
61359, 9
61360, 9
61361, 9
61362, 9
61363, 9
61364, 9
61365, 9
61366, 9
61367, 9
61368, 9
61369, 9
61370, 9
61371, 9
61372, 9
61373, 9
61374, 9
61375, 9
61376, 9
61377, 9
61378, 9
61379, 9
61380, 9
61381, 9
61382, 9
61383, 9
61384, 9
61385, 9
61386, 9
61387, 9
61388, 9
61389, 9
61390, 9
61391, 9
61392, 9
61393, 9
61394, 9
61395, 9
61396, 9
61397, 9
61398, 9
61399, 9
61400, 9
61401, 9
61402, 9
61403, 9
61404, 9
61405, 9
61406, 9
61407, 9
61408, 9
61409, 9
61410, 9
61411, 9
61412, 9
61413, 9
61414, 9
61415, 9
61416, 9
61417, 9
61418, 9
61419, 9
61420, 9
61421, 9
61422, 9
61423, 9
61424, 9
61425, 9
61426, 9
61427, 9
61428, 9
61429, 9
61430, 9
61431, 9
61432, 9
61433, 9
61434, 9
61435, 9
61436, 9
61437, 9
61438, 9
61439, 9
61440, 9
61441, 10
61442, 10
61443, 10
61444, 10
61445, 10
61446, 10
61447, 10
61448, 10
61449, 10
61450, 10
61451, 10
61452, 10
61453, 10
61454, 10
61455, 10
61456, 10
61457, 10
61458, 10
61459, 10
61460, 10
61461, 10
61462, 10
61463, 10
61464, 10
61465, 10
61466, 10
61467, 10
61468, 10
61469, 10
61470, 10
61471, 10
61472, 10
61473, 10
61474, 10
61475, 10
61476, 10
61477, 10
61478, 10
61479, 10
61480, 10
61481, 10
61482, 10
61483, 10
61484, 10
61485, 10
61486, 10
61487, 10
61488, 10
61489, 10
61490, 10
61491, 10
61492, 10
61493, 10
61494, 10
61495, 10
61496, 10
61497, 10
61498, 10
61499, 10
61500, 10
61501, 10
61502, 10
61503, 10
61504, 9
61505, 9
61506, 9
61507, 9
61508, 9
61509, 9
61510, 9
61511, 9
61512, 9
61513, 9
61514, 9
61515, 9
61516, 9
61517, 9
61518, 9
61519, 9
61520, 9
61521, 9
61522, 9
61523, 9
61524, 9
61525, 9
61526, 9
61527, 9
61528, 9
61529, 9
61530, 9
61531, 9
61532, 9
61533, 9
61534, 9
61535, 9
61536, 9
61537, 9
61538, 9
61539, 9
61540, 9
61541, 9
61542, 9
61543, 9
61544, 9
61545, 9
61546, 9
61547, 9
61548, 9
61549, 9
61550, 9
61551, 9
61552, 9
61553, 9
61554, 9
61555, 9
61556, 9
61557, 9
61558, 9
61559, 9
61560, 9
61561, 9
61562, 9
61563, 9
61564, 9
61565, 9
61566, 9
61567, 9
61568, 9
61569, 9
61570, 9
61571, 9
61572, 9
61573, 9
61574, 9
61575, 9
61576, 9
61577, 9
61578, 9
61579, 9
61580, 9
61581, 9
61582, 9
61583, 9
61584, 9
61585, 9
61586, 9
61587, 9
61588, 9
61589, 9
61590, 9
61591, 9
61592, 9
61593, 9
61594, 9
61595, 9
61596, 9
61597, 9
61598, 9
61599, 9
61600, 9
61601, 9
61602, 9
61603, 9
61604, 9
61605, 9
61606, 9
61607, 9
61608, 9
61609, 9
61610, 9
61611, 9
61612, 9
61613, 9
61614, 9
61615, 9
61616, 9
61617, 9
61618, 9
61619, 9
61620, 9
61621, 9
61622, 9
61623, 9
61624, 9
61625, 9
61626, 9
61627, 9
61628, 9
61629, 9
61630, 9
61631, 9
61632, 9
61633, 9
61634, 9
61635, 9
61636, 9
61637, 9
61638, 9
61639, 9
61640, 9
61641, 9
61642, 9
61643, 9
61644, 9
61645, 9
61646, 9
61647, 9
61648, 9
61649, 9
61650, 9
61651, 9
61652, 9
61653, 9
61654, 9
61655, 9
61656, 9
61657, 9
61658, 9
61659, 9
61660, 9
61661, 9
61662, 9
61663, 9
61664, 9
61665, 9
61666, 9
61667, 9
61668, 9
61669, 9
61670, 9
61671, 9
61672, 9
61673, 9
61674, 9
61675, 9
61676, 9
61677, 9
61678, 9
61679, 9
61680, 9
61681, 9
61682, 9
61683, 9
61684, 9
61685, 9
61686, 9
61687, 9
61688, 9
61689, 9
61690, 9
61691, 9
61692, 9
61693, 9
61694, 9
61695, 9
61696, 9
61697, 9
61698, 9
61699, 9
61700, 9
61701, 9
61702, 9
61703, 9
61704, 9
61705, 9
61706, 9
61707, 9
61708, 9
61709, 9
61710, 9
61711, 9
61712, 9
61713, 9
61714, 9
61715, 9
61716, 9
61717, 9
61718, 9
61719, 9
61720, 9
61721, 9
61722, 9
61723, 9
61724, 9
61725, 9
61726, 9
61727, 9
61728, 9
61729, 9
61730, 9
61731, 9
61732, 9
61733, 9
61734, 9
61735, 9
61736, 9
61737, 9
61738, 9
61739, 9
61740, 9
61741, 9
61742, 9
61743, 9
61744, 9
61745, 9
61746, 9
61747, 9
61748, 9
61749, 9
61750, 9
61751, 9
61752, 9
61753, 9
61754, 9
61755, 9
61756, 9
61757, 9
61758, 9
61759, 9
61760, 9
61761, 9
61762, 9
61763, 9
61764, 9
61765, 9
61766, 9
61767, 9
61768, 9
61769, 9
61770, 9
61771, 9
61772, 9
61773, 9
61774, 9
61775, 9
61776, 9
61777, 9
61778, 9
61779, 9
61780, 9
61781, 9
61782, 9
61783, 9
61784, 9
61785, 9
61786, 9
61787, 9
61788, 9
61789, 9
61790, 9
61791, 9
61792, 9
61793, 9
61794, 9
61795, 9
61796, 9
61797, 9
61798, 9
61799, 9
61800, 9
61801, 9
61802, 9
61803, 9
61804, 9
61805, 9
61806, 9
61807, 9
61808, 9
61809, 9
61810, 9
61811, 9
61812, 9
61813, 9
61814, 9
61815, 9
61816, 9
61817, 9
61818, 9
61819, 9
61820, 9
61821, 9
61822, 9
61823, 9
61824, 9
61825, 9
61826, 9
61827, 9
61828, 9
61829, 9
61830, 9
61831, 9
61832, 9
61833, 9
61834, 9
61835, 9
61836, 9
61837, 9
61838, 9
61839, 9
61840, 9
61841, 9
61842, 9
61843, 9
61844, 9
61845, 9
61846, 9
61847, 9
61848, 9
61849, 9
61850, 9
61851, 9
61852, 9
61853, 9
61854, 9
61855, 9
61856, 9
61857, 9
61858, 9
61859, 9
61860, 9
61861, 9
61862, 9
61863, 9
61864, 9
61865, 9
61866, 9
61867, 9
61868, 9
61869, 9
61870, 9
61871, 9
61872, 9
61873, 9
61874, 9
61875, 9
61876, 9
61877, 9
61878, 9
61879, 9
61880, 9
61881, 9
61882, 9
61883, 9
61884, 9
61885, 9
61886, 9
61887, 9
61888, 9
61889, 9
61890, 9
61891, 9
61892, 9
61893, 9
61894, 9
61895, 9
61896, 9
61897, 9
61898, 9
61899, 9
61900, 9
61901, 9
61902, 9
61903, 9
61904, 9
61905, 9
61906, 9
61907, 9
61908, 9
61909, 9
61910, 9
61911, 9
61912, 9
61913, 9
61914, 9
61915, 9
61916, 9
61917, 9
61918, 9
61919, 9
61920, 9
61921, 9
61922, 9
61923, 9
61924, 9
61925, 9
61926, 9
61927, 9
61928, 9
61929, 9
61930, 9
61931, 9
61932, 9
61933, 9
61934, 9
61935, 10
61936, 10
61937, 10
61938, 10
61939, 10
61940, 10
61941, 10
61942, 10
61943, 10
61944, 10
61945, 10
61946, 10
61947, 10
61948, 10
61949, 10
61950, 10
61951, 10
61952, 10
61953, 10
61954, 10
61955, 10
61956, 10
61957, 10
61958, 10
61959, 10
61960, 10
61961, 10
61962, 10
61963, 10
61964, 10
61965, 10
61966, 10
61967, 10
61968, 10
61969, 10
61970, 10
61971, 10
61972, 10
61973, 10
61974, 10
61975, 10
61976, 10
61977, 10
61978, 10
61979, 10
61980, 10
61981, 10
61982, 10
61983, 10
61984, 10
61985, 10
61986, 10
61987, 10
61988, 10
61989, 10
61990, 10
61991, 10
61992, 10
61993, 10
61994, 10
61995, 10
61996, 10
61997, 10
61998, 10
61999, 10
62000, 10
62001, 9
62002, 9
62003, 9
62004, 9
62005, 9
62006, 9
62007, 9
62008, 9
62009, 9
62010, 9
62011, 9
62012, 9
62013, 9
62014, 9
62015, 9
62016, 9
62017, 9
62018, 9
62019, 9
62020, 9
62021, 9
62022, 9
62023, 9
62024, 9
62025, 9
62026, 9
62027, 9
62028, 9
62029, 9
62030, 9
62031, 9
62032, 9
62033, 9
62034, 9
62035, 9
62036, 9
62037, 9
62038, 9
62039, 9
62040, 9
62041, 9
62042, 9
62043, 9
62044, 9
62045, 9
62046, 9
62047, 9
62048, 9
62049, 9
62050, 9
62051, 9
62052, 9
62053, 9
62054, 9
62055, 9
62056, 9
62057, 9
62058, 9
62059, 9
62060, 9
62061, 9
62062, 9
62063, 9
62064, 9
62065, 9
62066, 9
62067, 9
62068, 9
62069, 9
62070, 9
62071, 9
62072, 9
62073, 9
62074, 9
62075, 9
62076, 9
62077, 9
62078, 9
62079, 9
62080, 9
62081, 9
62082, 9
62083, 9
62084, 9
62085, 9
62086, 9
62087, 9
62088, 9
62089, 9
62090, 9
62091, 9
62092, 9
62093, 9
62094, 9
62095, 9
62096, 9
62097, 9
62098, 9
62099, 9
62100, 9
62101, 9
62102, 9
62103, 9
62104, 9
62105, 9
62106, 9
62107, 9
62108, 9
62109, 9
62110, 9
62111, 9
62112, 9
62113, 9
62114, 9
62115, 9
62116, 9
62117, 9
62118, 9
62119, 9
62120, 9
62121, 9
62122, 9
62123, 9
62124, 9
62125, 9
62126, 9
62127, 9
62128, 9
62129, 9
62130, 9
62131, 9
62132, 9
62133, 9
62134, 9
62135, 9
62136, 9
62137, 9
62138, 9
62139, 9
62140, 9
62141, 9
62142, 9
62143, 9
62144, 9
62145, 9
62146, 9
62147, 9
62148, 9
62149, 9
62150, 9
62151, 9
62152, 9
62153, 9
62154, 9
62155, 9
62156, 9
62157, 9
62158, 9
62159, 9
62160, 9
62161, 9
62162, 9
62163, 9
62164, 9
62165, 9
62166, 9
62167, 9
62168, 9
62169, 9
62170, 9
62171, 9
62172, 9
62173, 9
62174, 9
62175, 9
62176, 9
62177, 9
62178, 9
62179, 9
62180, 9
62181, 9
62182, 9
62183, 9
62184, 9
62185, 9
62186, 9
62187, 9
62188, 9
62189, 9
62190, 9
62191, 9
62192, 9
62193, 9
62194, 9
62195, 9
62196, 9
62197, 9
62198, 9
62199, 9
62200, 9
62201, 9
62202, 9
62203, 9
62204, 9
62205, 9
62206, 9
62207, 9
62208, 9
62209, 9
62210, 9
62211, 9
62212, 9
62213, 9
62214, 9
62215, 9
62216, 9
62217, 9
62218, 9
62219, 9
62220, 9
62221, 9
62222, 9
62223, 9
62224, 9
62225, 9
62226, 9
62227, 9
62228, 9
62229, 9
62230, 9
62231, 9
62232, 9
62233, 9
62234, 9
62235, 9
62236, 9
62237, 9
62238, 9
62239, 9
62240, 9
62241, 9
62242, 9
62243, 9
62244, 9
62245, 9
62246, 9
62247, 9
62248, 9
62249, 9
62250, 9
62251, 9
62252, 9
62253, 9
62254, 9
62255, 9
62256, 9
62257, 9
62258, 9
62259, 9
62260, 9
62261, 9
62262, 9
62263, 9
62264, 9
62265, 9
62266, 9
62267, 9
62268, 9
62269, 9
62270, 9
62271, 9
62272, 9
62273, 9
62274, 9
62275, 9
62276, 9
62277, 9
62278, 9
62279, 9
62280, 9
62281, 9
62282, 9
62283, 9
62284, 9
62285, 9
62286, 9
62287, 9
62288, 9
62289, 9
62290, 9
62291, 9
62292, 9
62293, 9
62294, 9
62295, 9
62296, 9
62297, 9
62298, 9
62299, 9
62300, 9
62301, 9
62302, 9
62303, 9
62304, 9
62305, 9
62306, 9
62307, 9
62308, 9
62309, 9
62310, 9
62311, 9
62312, 9
62313, 9
62314, 9
62315, 9
62316, 9
62317, 9
62318, 9
62319, 9
62320, 9
62321, 9
62322, 9
62323, 9
62324, 9
62325, 9
62326, 9
62327, 9
62328, 9
62329, 9
62330, 9
62331, 9
62332, 9
62333, 9
62334, 9
62335, 9
62336, 9
62337, 9
62338, 9
62339, 9
62340, 9
62341, 9
62342, 9
62343, 9
62344, 9
62345, 9
62346, 9
62347, 9
62348, 9
62349, 9
62350, 9
62351, 9
62352, 9
62353, 9
62354, 9
62355, 9
62356, 9
62357, 9
62358, 9
62359, 9
62360, 9
62361, 9
62362, 9
62363, 9
62364, 9
62365, 9
62366, 9
62367, 9
62368, 9
62369, 9
62370, 9
62371, 9
62372, 9
62373, 9
62374, 9
62375, 9
62376, 9
62377, 9
62378, 9
62379, 9
62380, 9
62381, 9
62382, 9
62383, 9
62384, 9
62385, 9
62386, 9
62387, 9
62388, 9
62389, 9
62390, 9
62391, 9
62392, 9
62393, 9
62394, 9
62395, 9
62396, 9
62397, 9
62398, 9
62399, 9
62400, 9
62401, 9
62402, 9
62403, 9
62404, 9
62405, 9
62406, 9
62407, 9
62408, 9
62409, 9
62410, 9
62411, 9
62412, 9
62413, 9
62414, 9
62415, 9
62416, 9
62417, 9
62418, 9
62419, 9
62420, 9
62421, 9
62422, 9
62423, 9
62424, 9
62425, 9
62426, 9
62427, 9
62428, 9
62429, 9
62430, 9
62431, 9
62432, 10
62433, 10
62434, 10
62435, 10
62436, 10
62437, 10
62438, 10
62439, 10
62440, 10
62441, 10
62442, 10
62443, 10
62444, 10
62445, 10
62446, 10
62447, 10
62448, 10
62449, 10
62450, 10
62451, 10
62452, 10
62453, 10
62454, 10
62455, 10
62456, 10
62457, 10
62458, 10
62459, 10
62460, 10
62461, 10
62462, 10
62463, 10
62464, 10
62465, 10
62466, 10
62467, 10
62468, 10
62469, 10
62470, 10
62471, 10
62472, 10
62473, 10
62474, 10
62475, 10
62476, 10
62477, 10
62478, 10
62479, 10
62480, 10
62481, 10
62482, 10
62483, 10
62484, 10
62485, 10
62486, 10
62487, 10
62488, 10
62489, 10
62490, 10
62491, 10
62492, 10
62493, 10
62494, 10
62495, 10
62496, 10
62497, 10
62498, 10
62499, 10
62500, 9
62501, 9
62502, 9
62503, 9
62504, 9
62505, 9
62506, 9
62507, 9
62508, 9
62509, 9
62510, 9
62511, 9
62512, 9
62513, 9
62514, 9
62515, 9
62516, 9
62517, 9
62518, 9
62519, 9
62520, 9
62521, 9
62522, 9
62523, 9
62524, 9
62525, 9
62526, 9
62527, 9
62528, 9
62529, 9
62530, 9
62531, 9
62532, 9
62533, 9
62534, 9
62535, 9
62536, 9
62537, 9
62538, 9
62539, 9
62540, 9
62541, 9
62542, 9
62543, 9
62544, 9
62545, 9
62546, 9
62547, 9
62548, 9
62549, 9
62550, 9
62551, 9
62552, 9
62553, 9
62554, 9
62555, 9
62556, 9
62557, 9
62558, 9
62559, 9
62560, 9
62561, 9
62562, 9
62563, 9
62564, 9
62565, 9
62566, 9
62567, 9
62568, 9
62569, 9
62570, 9
62571, 9
62572, 9
62573, 9
62574, 9
62575, 9
62576, 9
62577, 9
62578, 9
62579, 9
62580, 9
62581, 9
62582, 9
62583, 9
62584, 9
62585, 9
62586, 9
62587, 9
62588, 9
62589, 9
62590, 9
62591, 9
62592, 9
62593, 9
62594, 9
62595, 9
62596, 9
62597, 9
62598, 9
62599, 9
62600, 9
62601, 9
62602, 9
62603, 9
62604, 9
62605, 9
62606, 9
62607, 9
62608, 9
62609, 9
62610, 9
62611, 9
62612, 9
62613, 9
62614, 9
62615, 9
62616, 9
62617, 9
62618, 9
62619, 9
62620, 9
62621, 9
62622, 9
62623, 9
62624, 9
62625, 9
62626, 9
62627, 9
62628, 9
62629, 9
62630, 9
62631, 9
62632, 9
62633, 9
62634, 9
62635, 9
62636, 9
62637, 9
62638, 9
62639, 9
62640, 9
62641, 9
62642, 9
62643, 9
62644, 9
62645, 9
62646, 9
62647, 9
62648, 9
62649, 9
62650, 9
62651, 9
62652, 9
62653, 9
62654, 9
62655, 9
62656, 9
62657, 9
62658, 9
62659, 9
62660, 9
62661, 9
62662, 9
62663, 9
62664, 9
62665, 9
62666, 9
62667, 9
62668, 9
62669, 9
62670, 9
62671, 9
62672, 9
62673, 9
62674, 9
62675, 9
62676, 9
62677, 9
62678, 9
62679, 9
62680, 9
62681, 9
62682, 9
62683, 9
62684, 9
62685, 9
62686, 9
62687, 9
62688, 9
62689, 9
62690, 9
62691, 9
62692, 9
62693, 9
62694, 9
62695, 9
62696, 9
62697, 9
62698, 9
62699, 9
62700, 9
62701, 9
62702, 9
62703, 9
62704, 9
62705, 9
62706, 9
62707, 9
62708, 9
62709, 9
62710, 9
62711, 9
62712, 9
62713, 9
62714, 9
62715, 9
62716, 9
62717, 9
62718, 9
62719, 9
62720, 9
62721, 9
62722, 9
62723, 9
62724, 9
62725, 9
62726, 9
62727, 9
62728, 9
62729, 9
62730, 9
62731, 9
62732, 9
62733, 9
62734, 9
62735, 9
62736, 9
62737, 9
62738, 9
62739, 9
62740, 9
62741, 9
62742, 9
62743, 9
62744, 9
62745, 9
62746, 9
62747, 9
62748, 9
62749, 9
62750, 9
62751, 9
62752, 9
62753, 9
62754, 9
62755, 9
62756, 9
62757, 9
62758, 9
62759, 9
62760, 9
62761, 9
62762, 9
62763, 9
62764, 9
62765, 9
62766, 9
62767, 9
62768, 9
62769, 9
62770, 9
62771, 9
62772, 9
62773, 9
62774, 9
62775, 9
62776, 9
62777, 9
62778, 9
62779, 9
62780, 9
62781, 9
62782, 9
62783, 9
62784, 9
62785, 9
62786, 9
62787, 9
62788, 9
62789, 9
62790, 9
62791, 9
62792, 9
62793, 9
62794, 9
62795, 9
62796, 9
62797, 9
62798, 9
62799, 9
62800, 9
62801, 9
62802, 9
62803, 9
62804, 9
62805, 9
62806, 9
62807, 9
62808, 9
62809, 9
62810, 9
62811, 9
62812, 9
62813, 9
62814, 9
62815, 9
62816, 9
62817, 9
62818, 9
62819, 9
62820, 9
62821, 9
62822, 9
62823, 9
62824, 9
62825, 9
62826, 9
62827, 9
62828, 9
62829, 9
62830, 9
62831, 9
62832, 9
62833, 9
62834, 9
62835, 9
62836, 9
62837, 9
62838, 9
62839, 9
62840, 9
62841, 9
62842, 9
62843, 9
62844, 9
62845, 9
62846, 9
62847, 9
62848, 9
62849, 9
62850, 9
62851, 9
62852, 9
62853, 9
62854, 9
62855, 9
62856, 9
62857, 9
62858, 9
62859, 9
62860, 9
62861, 9
62862, 9
62863, 9
62864, 9
62865, 9
62866, 9
62867, 9
62868, 9
62869, 9
62870, 9
62871, 9
62872, 9
62873, 9
62874, 9
62875, 9
62876, 9
62877, 9
62878, 9
62879, 9
62880, 9
62881, 9
62882, 9
62883, 9
62884, 9
62885, 9
62886, 9
62887, 9
62888, 9
62889, 9
62890, 9
62891, 9
62892, 9
62893, 9
62894, 9
62895, 9
62896, 9
62897, 9
62898, 9
62899, 9
62900, 9
62901, 9
62902, 9
62903, 9
62904, 9
62905, 9
62906, 9
62907, 9
62908, 9
62909, 9
62910, 9
62911, 9
62912, 9
62913, 9
62914, 9
62915, 9
62916, 9
62917, 9
62918, 9
62919, 9
62920, 9
62921, 9
62922, 9
62923, 9
62924, 9
62925, 9
62926, 9
62927, 9
62928, 9
62929, 9
62930, 10
62931, 10
62932, 10
62933, 10
62934, 10
62935, 10
62936, 10
62937, 10
62938, 10
62939, 10
62940, 10
62941, 10
62942, 10
62943, 10
62944, 10
62945, 10
62946, 10
62947, 10
62948, 10
62949, 10
62950, 10
62951, 10
62952, 10
62953, 10
62954, 10
62955, 10
62956, 10
62957, 10
62958, 10
62959, 10
62960, 10
62961, 10
62962, 10
62963, 10
62964, 10
62965, 10
62966, 10
62967, 10
62968, 10
62969, 10
62970, 10
62971, 10
62972, 10
62973, 10
62974, 10
62975, 10
62976, 10
62977, 10
62978, 10
62979, 10
62980, 10
62981, 10
62982, 10
62983, 10
62984, 10
62985, 10
62986, 10
62987, 10
62988, 10
62989, 10
62990, 10
62991, 10
62992, 10
62993, 10
62994, 10
62995, 10
62996, 10
62997, 10
62998, 10
62999, 10
63000, 10
63001, 9
63002, 9
63003, 9
63004, 9
63005, 9
63006, 9
63007, 9
63008, 9
63009, 9
63010, 9
63011, 9
63012, 9
63013, 9
63014, 9
63015, 9
63016, 9
63017, 9
63018, 9
63019, 9
63020, 9
63021, 9
63022, 9
63023, 9
63024, 9
63025, 9
63026, 9
63027, 9
63028, 9
63029, 9
63030, 9
63031, 9
63032, 9
63033, 9
63034, 9
63035, 9
63036, 9
63037, 9
63038, 9
63039, 9
63040, 9
63041, 9
63042, 9
63043, 9
63044, 9
63045, 9
63046, 9
63047, 9
63048, 9
63049, 9
63050, 9
63051, 9
63052, 9
63053, 9
63054, 9
63055, 9
63056, 9
63057, 9
63058, 9
63059, 9
63060, 9
63061, 9
63062, 9
63063, 9
63064, 9
63065, 9
63066, 9
63067, 9
63068, 9
63069, 9
63070, 9
63071, 9
63072, 9
63073, 9
63074, 9
63075, 9
63076, 9
63077, 9
63078, 9
63079, 9
63080, 9
63081, 9
63082, 9
63083, 9
63084, 9
63085, 9
63086, 9
63087, 9
63088, 9
63089, 9
63090, 9
63091, 9
63092, 9
63093, 9
63094, 9
63095, 9
63096, 9
63097, 9
63098, 9
63099, 9
63100, 9
63101, 9
63102, 9
63103, 9
63104, 9
63105, 9
63106, 9
63107, 9
63108, 9
63109, 9
63110, 9
63111, 9
63112, 9
63113, 9
63114, 9
63115, 9
63116, 9
63117, 9
63118, 9
63119, 9
63120, 9
63121, 9
63122, 9
63123, 9
63124, 9
63125, 9
63126, 9
63127, 9
63128, 9
63129, 9
63130, 9
63131, 9
63132, 9
63133, 9
63134, 9
63135, 9
63136, 9
63137, 9
63138, 9
63139, 9
63140, 9
63141, 9
63142, 9
63143, 9
63144, 9
63145, 9
63146, 9
63147, 9
63148, 9
63149, 9
63150, 9
63151, 9
63152, 9
63153, 9
63154, 9
63155, 9
63156, 9
63157, 9
63158, 9
63159, 9
63160, 9
63161, 9
63162, 9
63163, 9
63164, 9
63165, 9
63166, 9
63167, 9
63168, 9
63169, 9
63170, 9
63171, 9
63172, 9
63173, 9
63174, 9
63175, 9
63176, 9
63177, 9
63178, 9
63179, 9
63180, 9
63181, 9
63182, 9
63183, 9
63184, 9
63185, 9
63186, 9
63187, 9
63188, 9
63189, 9
63190, 9
63191, 9
63192, 9
63193, 9
63194, 9
63195, 9
63196, 9
63197, 9
63198, 9
63199, 9
63200, 9
63201, 9
63202, 9
63203, 9
63204, 9
63205, 9
63206, 9
63207, 9
63208, 9
63209, 9
63210, 9
63211, 9
63212, 9
63213, 9
63214, 9
63215, 9
63216, 9
63217, 9
63218, 9
63219, 9
63220, 9
63221, 9
63222, 9
63223, 9
63224, 9
63225, 9
63226, 9
63227, 9
63228, 9
63229, 9
63230, 9
63231, 9
63232, 9
63233, 9
63234, 9
63235, 9
63236, 9
63237, 9
63238, 9
63239, 9
63240, 9
63241, 9
63242, 9
63243, 9
63244, 9
63245, 9
63246, 9
63247, 9
63248, 9
63249, 9
63250, 9
63251, 9
63252, 9
63253, 9
63254, 9
63255, 9
63256, 9
63257, 9
63258, 9
63259, 9
63260, 9
63261, 9
63262, 9
63263, 9
63264, 9
63265, 9
63266, 9
63267, 9
63268, 9
63269, 9
63270, 9
63271, 9
63272, 9
63273, 9
63274, 9
63275, 9
63276, 9
63277, 9
63278, 9
63279, 9
63280, 9
63281, 9
63282, 9
63283, 9
63284, 9
63285, 9
63286, 9
63287, 9
63288, 9
63289, 9
63290, 9
63291, 9
63292, 9
63293, 9
63294, 9
63295, 9
63296, 9
63297, 9
63298, 9
63299, 9
63300, 9
63301, 9
63302, 9
63303, 9
63304, 9
63305, 9
63306, 9
63307, 9
63308, 9
63309, 9
63310, 9
63311, 9
63312, 9
63313, 9
63314, 9
63315, 9
63316, 9
63317, 9
63318, 9
63319, 9
63320, 9
63321, 9
63322, 9
63323, 9
63324, 9
63325, 9
63326, 9
63327, 9
63328, 9
63329, 9
63330, 9
63331, 9
63332, 9
63333, 9
63334, 9
63335, 9
63336, 9
63337, 9
63338, 9
63339, 9
63340, 9
63341, 9
63342, 9
63343, 9
63344, 9
63345, 9
63346, 9
63347, 9
63348, 9
63349, 9
63350, 9
63351, 9
63352, 9
63353, 9
63354, 9
63355, 9
63356, 9
63357, 9
63358, 9
63359, 9
63360, 9
63361, 9
63362, 9
63363, 9
63364, 9
63365, 9
63366, 9
63367, 9
63368, 9
63369, 9
63370, 9
63371, 9
63372, 9
63373, 9
63374, 9
63375, 9
63376, 9
63377, 9
63378, 9
63379, 9
63380, 9
63381, 9
63382, 9
63383, 9
63384, 9
63385, 9
63386, 9
63387, 9
63388, 9
63389, 9
63390, 9
63391, 9
63392, 9
63393, 9
63394, 9
63395, 9
63396, 9
63397, 9
63398, 9
63399, 9
63400, 9
63401, 9
63402, 9
63403, 9
63404, 9
63405, 9
63406, 9
63407, 9
63408, 9
63409, 9
63410, 9
63411, 9
63412, 9
63413, 9
63414, 9
63415, 9
63416, 9
63417, 9
63418, 9
63419, 9
63420, 9
63421, 9
63422, 9
63423, 9
63424, 9
63425, 9
63426, 9
63427, 9
63428, 9
63429, 9
63430, 10
63431, 10
63432, 10
63433, 10
63434, 10
63435, 10
63436, 10
63437, 10
63438, 10
63439, 10
63440, 10
63441, 10
63442, 10
63443, 10
63444, 10
63445, 10
63446, 10
63447, 10
63448, 10
63449, 10
63450, 10
63451, 10
63452, 10
63453, 10
63454, 10
63455, 10
63456, 10
63457, 10
63458, 10
63459, 10
63460, 10
63461, 10
63462, 10
63463, 10
63464, 10
63465, 10
63466, 10
63467, 10
63468, 10
63469, 10
63470, 10
63471, 10
63472, 10
63473, 10
63474, 10
63475, 10
63476, 10
63477, 10
63478, 10
63479, 10
63480, 10
63481, 10
63482, 10
63483, 10
63484, 10
63485, 10
63486, 10
63487, 10
63488, 10
63489, 10
63490, 10
63491, 10
63492, 10
63493, 10
63494, 10
63495, 10
63496, 10
63497, 10
63498, 10
63499, 10
63500, 10
63501, 10
63502, 10
63503, 10
63504, 9
63505, 9
63506, 9
63507, 9
63508, 9
63509, 9
63510, 9
63511, 9
63512, 9
63513, 9
63514, 9
63515, 9
63516, 9
63517, 9
63518, 9
63519, 9
63520, 9
63521, 9
63522, 9
63523, 9
63524, 9
63525, 9
63526, 9
63527, 9
63528, 9
63529, 9
63530, 9
63531, 9
63532, 9
63533, 9
63534, 9
63535, 9
63536, 9
63537, 9
63538, 9
63539, 9
63540, 9
63541, 9
63542, 9
63543, 9
63544, 9
63545, 9
63546, 9
63547, 9
63548, 9
63549, 9
63550, 9
63551, 9
63552, 9
63553, 9
63554, 9
63555, 9
63556, 9
63557, 9
63558, 9
63559, 9
63560, 9
63561, 9
63562, 9
63563, 9
63564, 9
63565, 9
63566, 9
63567, 9
63568, 9
63569, 9
63570, 9
63571, 9
63572, 9
63573, 9
63574, 9
63575, 9
63576, 9
63577, 9
63578, 9
63579, 9
63580, 9
63581, 9
63582, 9
63583, 9
63584, 9
63585, 9
63586, 9
63587, 9
63588, 9
63589, 9
63590, 9
63591, 9
63592, 9
63593, 9
63594, 9
63595, 9
63596, 9
63597, 9
63598, 9
63599, 9
63600, 9
63601, 9
63602, 9
63603, 9
63604, 9
63605, 9
63606, 9
63607, 9
63608, 9
63609, 9
63610, 9
63611, 9
63612, 9
63613, 9
63614, 9
63615, 9
63616, 9
63617, 9
63618, 9
63619, 9
63620, 9
63621, 9
63622, 9
63623, 9
63624, 9
63625, 9
63626, 9
63627, 9
63628, 9
63629, 9
63630, 9
63631, 9
63632, 9
63633, 9
63634, 9
63635, 9
63636, 9
63637, 9
63638, 9
63639, 9
63640, 9
63641, 9
63642, 9
63643, 9
63644, 9
63645, 9
63646, 9
63647, 9
63648, 9
63649, 9
63650, 9
63651, 9
63652, 9
63653, 9
63654, 9
63655, 9
63656, 9
63657, 9
63658, 9
63659, 9
63660, 9
63661, 9
63662, 9
63663, 9
63664, 9
63665, 9
63666, 9
63667, 9
63668, 9
63669, 9
63670, 9
63671, 9
63672, 9
63673, 9
63674, 9
63675, 9
63676, 9
63677, 9
63678, 9
63679, 9
63680, 9
63681, 9
63682, 9
63683, 9
63684, 9
63685, 9
63686, 9
63687, 9
63688, 9
63689, 9
63690, 9
63691, 9
63692, 9
63693, 9
63694, 9
63695, 9
63696, 9
63697, 9
63698, 9
63699, 9
63700, 9
63701, 9
63702, 9
63703, 9
63704, 9
63705, 9
63706, 9
63707, 9
63708, 9
63709, 9
63710, 9
63711, 9
63712, 9
63713, 9
63714, 9
63715, 9
63716, 9
63717, 9
63718, 9
63719, 9
63720, 9
63721, 9
63722, 9
63723, 9
63724, 9
63725, 9
63726, 9
63727, 9
63728, 9
63729, 9
63730, 9
63731, 9
63732, 9
63733, 9
63734, 9
63735, 9
63736, 9
63737, 9
63738, 9
63739, 9
63740, 9
63741, 9
63742, 9
63743, 9
63744, 9
63745, 9
63746, 9
63747, 9
63748, 9
63749, 9
63750, 9
63751, 9
63752, 9
63753, 9
63754, 9
63755, 9
63756, 9
63757, 9
63758, 9
63759, 9
63760, 9
63761, 9
63762, 9
63763, 9
63764, 9
63765, 9
63766, 9
63767, 9
63768, 9
63769, 9
63770, 9
63771, 9
63772, 9
63773, 9
63774, 9
63775, 9
63776, 9
63777, 9
63778, 9
63779, 9
63780, 9
63781, 9
63782, 9
63783, 9
63784, 9
63785, 9
63786, 9
63787, 9
63788, 9
63789, 9
63790, 9
63791, 9
63792, 9
63793, 9
63794, 9
63795, 9
63796, 9
63797, 9
63798, 9
63799, 9
63800, 9
63801, 9
63802, 9
63803, 9
63804, 9
63805, 9
63806, 9
63807, 9
63808, 9
63809, 9
63810, 9
63811, 9
63812, 9
63813, 9
63814, 9
63815, 9
63816, 9
63817, 9
63818, 9
63819, 9
63820, 9
63821, 9
63822, 9
63823, 9
63824, 9
63825, 9
63826, 9
63827, 9
63828, 9
63829, 9
63830, 9
63831, 9
63832, 9
63833, 9
63834, 9
63835, 9
63836, 9
63837, 9
63838, 9
63839, 9
63840, 9
63841, 9
63842, 9
63843, 9
63844, 9
63845, 9
63846, 9
63847, 9
63848, 9
63849, 9
63850, 9
63851, 9
63852, 9
63853, 9
63854, 9
63855, 9
63856, 9
63857, 9
63858, 9
63859, 9
63860, 9
63861, 9
63862, 9
63863, 9
63864, 9
63865, 9
63866, 9
63867, 9
63868, 9
63869, 9
63870, 9
63871, 9
63872, 9
63873, 9
63874, 9
63875, 9
63876, 9
63877, 9
63878, 9
63879, 9
63880, 9
63881, 9
63882, 9
63883, 9
63884, 9
63885, 9
63886, 9
63887, 9
63888, 9
63889, 9
63890, 9
63891, 9
63892, 9
63893, 9
63894, 9
63895, 9
63896, 9
63897, 9
63898, 9
63899, 9
63900, 9
63901, 9
63902, 9
63903, 9
63904, 9
63905, 9
63906, 9
63907, 9
63908, 9
63909, 9
63910, 9
63911, 9
63912, 9
63913, 9
63914, 9
63915, 9
63916, 9
63917, 9
63918, 9
63919, 9
63920, 9
63921, 9
63922, 9
63923, 9
63924, 9
63925, 9
63926, 9
63927, 9
63928, 9
63929, 9
63930, 9
63931, 9
63932, 10
63933, 10
63934, 10
63935, 10
63936, 10
63937, 10
63938, 10
63939, 10
63940, 10
63941, 10
63942, 10
63943, 10
63944, 10
63945, 10
63946, 10
63947, 10
63948, 10
63949, 10
63950, 10
63951, 10
63952, 10
63953, 10
63954, 10
63955, 10
63956, 10
63957, 10
63958, 10
63959, 10
63960, 10
63961, 10
63962, 10
63963, 10
63964, 10
63965, 10
63966, 10
63967, 10
63968, 10
63969, 10
63970, 10
63971, 10
63972, 10
63973, 10
63974, 10
63975, 10
63976, 10
63977, 10
63978, 10
63979, 10
63980, 10
63981, 10
63982, 10
63983, 10
63984, 10
63985, 10
63986, 10
63987, 10
63988, 10
63989, 10
63990, 10
63991, 10
63992, 10
63993, 10
63994, 10
63995, 10
63996, 10
63997, 10
63998, 10
63999, 10
64000, 10
64001, 10
64002, 10
64003, 10
64004, 10
64005, 10
64006, 10
64007, 10
64008, 10
64009, 9
64010, 9
64011, 9
64012, 9
64013, 9
64014, 9
64015, 9
64016, 9
64017, 9
64018, 9
64019, 9
64020, 9
64021, 9
64022, 9
64023, 9
64024, 9
64025, 9
64026, 9
64027, 9
64028, 9
64029, 9
64030, 9
64031, 9
64032, 9
64033, 9
64034, 9
64035, 9
64036, 9
64037, 9
64038, 9
64039, 9
64040, 9
64041, 9
64042, 9
64043, 9
64044, 9
64045, 9
64046, 9
64047, 9
64048, 9
64049, 9
64050, 9
64051, 9
64052, 9
64053, 9
64054, 9
64055, 9
64056, 9
64057, 9
64058, 9
64059, 9
64060, 9
64061, 9
64062, 9
64063, 9
64064, 9
64065, 9
64066, 9
64067, 9
64068, 9
64069, 9
64070, 9
64071, 9
64072, 9
64073, 9
64074, 9
64075, 9
64076, 9
64077, 9
64078, 9
64079, 9
64080, 9
64081, 9
64082, 9
64083, 9
64084, 9
64085, 9
64086, 9
64087, 9
64088, 9
64089, 9
64090, 9
64091, 9
64092, 9
64093, 9
64094, 9
64095, 9
64096, 9
64097, 9
64098, 9
64099, 9
64100, 9
64101, 9
64102, 9
64103, 9
64104, 9
64105, 9
64106, 9
64107, 9
64108, 9
64109, 9
64110, 9
64111, 9
64112, 9
64113, 9
64114, 9
64115, 9
64116, 9
64117, 9
64118, 9
64119, 9
64120, 9
64121, 9
64122, 9
64123, 9
64124, 9
64125, 9
64126, 9
64127, 9
64128, 9
64129, 9
64130, 9
64131, 9
64132, 9
64133, 9
64134, 9
64135, 9
64136, 9
64137, 9
64138, 9
64139, 9
64140, 9
64141, 9
64142, 9
64143, 9
64144, 9
64145, 9
64146, 9
64147, 9
64148, 9
64149, 9
64150, 9
64151, 9
64152, 9
64153, 9
64154, 9
64155, 9
64156, 9
64157, 9
64158, 9
64159, 9
64160, 9
64161, 9
64162, 9
64163, 9
64164, 9
64165, 9
64166, 9
64167, 9
64168, 9
64169, 9
64170, 9
64171, 9
64172, 9
64173, 9
64174, 9
64175, 9
64176, 9
64177, 9
64178, 9
64179, 9
64180, 9
64181, 9
64182, 9
64183, 9
64184, 9
64185, 9
64186, 9
64187, 9
64188, 9
64189, 9
64190, 9
64191, 9
64192, 9
64193, 9
64194, 9
64195, 9
64196, 9
64197, 9
64198, 9
64199, 9
64200, 9
64201, 9
64202, 9
64203, 9
64204, 9
64205, 9
64206, 9
64207, 9
64208, 9
64209, 9
64210, 9
64211, 9
64212, 9
64213, 9
64214, 9
64215, 9
64216, 9
64217, 9
64218, 9
64219, 9
64220, 9
64221, 9
64222, 9
64223, 9
64224, 9
64225, 9
64226, 9
64227, 9
64228, 9
64229, 9
64230, 9
64231, 9
64232, 9
64233, 9
64234, 9
64235, 9
64236, 9
64237, 9
64238, 9
64239, 9
64240, 9
64241, 9
64242, 9
64243, 9
64244, 9
64245, 9
64246, 9
64247, 9
64248, 9
64249, 9
64250, 9
64251, 9
64252, 9
64253, 9
64254, 9
64255, 9
64256, 9
64257, 9
64258, 9
64259, 9
64260, 9
64261, 9
64262, 9
64263, 9
64264, 9
64265, 9
64266, 9
64267, 9
64268, 9
64269, 9
64270, 9
64271, 9
64272, 9
64273, 9
64274, 9
64275, 9
64276, 9
64277, 9
64278, 9
64279, 9
64280, 9
64281, 9
64282, 9
64283, 9
64284, 9
64285, 9
64286, 9
64287, 9
64288, 9
64289, 9
64290, 9
64291, 9
64292, 9
64293, 9
64294, 9
64295, 9
64296, 9
64297, 9
64298, 9
64299, 9
64300, 9
64301, 9
64302, 9
64303, 9
64304, 9
64305, 9
64306, 9
64307, 9
64308, 9
64309, 9
64310, 9
64311, 9
64312, 9
64313, 9
64314, 9
64315, 9
64316, 9
64317, 9
64318, 9
64319, 9
64320, 9
64321, 9
64322, 9
64323, 9
64324, 9
64325, 9
64326, 9
64327, 9
64328, 9
64329, 9
64330, 9
64331, 9
64332, 9
64333, 9
64334, 9
64335, 9
64336, 9
64337, 9
64338, 9
64339, 9
64340, 9
64341, 9
64342, 9
64343, 9
64344, 9
64345, 9
64346, 9
64347, 9
64348, 9
64349, 9
64350, 9
64351, 9
64352, 9
64353, 9
64354, 9
64355, 9
64356, 9
64357, 9
64358, 9
64359, 9
64360, 9
64361, 9
64362, 9
64363, 9
64364, 9
64365, 9
64366, 9
64367, 9
64368, 9
64369, 9
64370, 9
64371, 9
64372, 9
64373, 9
64374, 9
64375, 9
64376, 9
64377, 9
64378, 9
64379, 9
64380, 9
64381, 9
64382, 9
64383, 9
64384, 9
64385, 9
64386, 9
64387, 9
64388, 9
64389, 9
64390, 9
64391, 9
64392, 9
64393, 9
64394, 9
64395, 9
64396, 9
64397, 9
64398, 9
64399, 9
64400, 9
64401, 9
64402, 9
64403, 9
64404, 9
64405, 9
64406, 9
64407, 9
64408, 9
64409, 9
64410, 9
64411, 9
64412, 9
64413, 9
64414, 9
64415, 9
64416, 9
64417, 9
64418, 9
64419, 9
64420, 9
64421, 9
64422, 9
64423, 9
64424, 9
64425, 9
64426, 9
64427, 9
64428, 9
64429, 9
64430, 9
64431, 9
64432, 9
64433, 9
64434, 9
64435, 9
64436, 10
64437, 10
64438, 10
64439, 10
64440, 10
64441, 10
64442, 10
64443, 10
64444, 10
64445, 10
64446, 10
64447, 10
64448, 10
64449, 10
64450, 10
64451, 10
64452, 10
64453, 10
64454, 10
64455, 10
64456, 10
64457, 10
64458, 10
64459, 10
64460, 10
64461, 10
64462, 10
64463, 10
64464, 10
64465, 10
64466, 10
64467, 10
64468, 10
64469, 10
64470, 10
64471, 10
64472, 10
64473, 10
64474, 10
64475, 10
64476, 10
64477, 10
64478, 10
64479, 10
64480, 10
64481, 10
64482, 10
64483, 10
64484, 10
64485, 10
64486, 10
64487, 10
64488, 10
64489, 10
64490, 10
64491, 10
64492, 10
64493, 10
64494, 10
64495, 10
64496, 10
64497, 10
64498, 10
64499, 10
64500, 10
64501, 10
64502, 10
64503, 10
64504, 10
64505, 10
64506, 10
64507, 10
64508, 10
64509, 10
64510, 10
64511, 10
64512, 10
64513, 10
64514, 10
64515, 10
64516, 9
64517, 9
64518, 9
64519, 9
64520, 9
64521, 9
64522, 9
64523, 9
64524, 9
64525, 9
64526, 9
64527, 9
64528, 9
64529, 9
64530, 9
64531, 9
64532, 9
64533, 9
64534, 9
64535, 9
64536, 9
64537, 9
64538, 9
64539, 9
64540, 9
64541, 9
64542, 9
64543, 9
64544, 9
64545, 9
64546, 9
64547, 9
64548, 9
64549, 9
64550, 9
64551, 9
64552, 9
64553, 9
64554, 9
64555, 9
64556, 9
64557, 9
64558, 9
64559, 9
64560, 9
64561, 9
64562, 9
64563, 9
64564, 9
64565, 9
64566, 9
64567, 9
64568, 9
64569, 9
64570, 9
64571, 9
64572, 9
64573, 9
64574, 9
64575, 9
64576, 9
64577, 9
64578, 9
64579, 9
64580, 9
64581, 9
64582, 9
64583, 9
64584, 9
64585, 9
64586, 9
64587, 9
64588, 9
64589, 9
64590, 9
64591, 9
64592, 9
64593, 9
64594, 9
64595, 9
64596, 9
64597, 9
64598, 9
64599, 9
64600, 9
64601, 9
64602, 9
64603, 9
64604, 9
64605, 9
64606, 9
64607, 9
64608, 9
64609, 9
64610, 9
64611, 9
64612, 9
64613, 9
64614, 9
64615, 9
64616, 9
64617, 9
64618, 9
64619, 9
64620, 9
64621, 9
64622, 9
64623, 9
64624, 9
64625, 9
64626, 9
64627, 9
64628, 9
64629, 9
64630, 9
64631, 9
64632, 9
64633, 9
64634, 9
64635, 9
64636, 9
64637, 9
64638, 9
64639, 9
64640, 9
64641, 9
64642, 9
64643, 9
64644, 9
64645, 9
64646, 9
64647, 9
64648, 9
64649, 9
64650, 9
64651, 9
64652, 9
64653, 9
64654, 9
64655, 9
64656, 9
64657, 9
64658, 9
64659, 9
64660, 9
64661, 9
64662, 9
64663, 9
64664, 9
64665, 9
64666, 9
64667, 9
64668, 9
64669, 9
64670, 9
64671, 9
64672, 9
64673, 9
64674, 9
64675, 9
64676, 9
64677, 9
64678, 9
64679, 9
64680, 9
64681, 9
64682, 9
64683, 9
64684, 9
64685, 9
64686, 9
64687, 9
64688, 9
64689, 9
64690, 9
64691, 9
64692, 9
64693, 9
64694, 9
64695, 9
64696, 9
64697, 9
64698, 9
64699, 9
64700, 9
64701, 9
64702, 9
64703, 9
64704, 9
64705, 9
64706, 9
64707, 9
64708, 9
64709, 9
64710, 9
64711, 9
64712, 9
64713, 9
64714, 9
64715, 9
64716, 9
64717, 9
64718, 9
64719, 9
64720, 9
64721, 9
64722, 9
64723, 9
64724, 9
64725, 9
64726, 9
64727, 9
64728, 9
64729, 9
64730, 9
64731, 9
64732, 9
64733, 9
64734, 9
64735, 9
64736, 9
64737, 9
64738, 9
64739, 9
64740, 9
64741, 9
64742, 9
64743, 9
64744, 9
64745, 9
64746, 9
64747, 9
64748, 9
64749, 9
64750, 9
64751, 9
64752, 9
64753, 9
64754, 9
64755, 9
64756, 9
64757, 9
64758, 9
64759, 9
64760, 9
64761, 9
64762, 9
64763, 9
64764, 9
64765, 9
64766, 9
64767, 9
64768, 9
64769, 9
64770, 9
64771, 9
64772, 9
64773, 9
64774, 9
64775, 9
64776, 9
64777, 9
64778, 9
64779, 9
64780, 9
64781, 9
64782, 9
64783, 9
64784, 9
64785, 9
64786, 9
64787, 9
64788, 9
64789, 9
64790, 9
64791, 9
64792, 9
64793, 9
64794, 9
64795, 9
64796, 9
64797, 9
64798, 9
64799, 9
64800, 9
64801, 9
64802, 9
64803, 9
64804, 9
64805, 9
64806, 9
64807, 9
64808, 9
64809, 9
64810, 9
64811, 9
64812, 9
64813, 9
64814, 9
64815, 9
64816, 9
64817, 9
64818, 9
64819, 9
64820, 9
64821, 9
64822, 9
64823, 9
64824, 9
64825, 9
64826, 9
64827, 9
64828, 9
64829, 9
64830, 9
64831, 9
64832, 9
64833, 9
64834, 9
64835, 9
64836, 9
64837, 9
64838, 9
64839, 9
64840, 9
64841, 9
64842, 9
64843, 9
64844, 9
64845, 9
64846, 9
64847, 9
64848, 9
64849, 9
64850, 9
64851, 9
64852, 9
64853, 9
64854, 9
64855, 9
64856, 9
64857, 9
64858, 9
64859, 9
64860, 9
64861, 9
64862, 9
64863, 9
64864, 9
64865, 9
64866, 9
64867, 9
64868, 9
64869, 9
64870, 9
64871, 9
64872, 9
64873, 9
64874, 9
64875, 9
64876, 9
64877, 9
64878, 9
64879, 9
64880, 9
64881, 9
64882, 9
64883, 9
64884, 9
64885, 9
64886, 9
64887, 9
64888, 9
64889, 9
64890, 9
64891, 9
64892, 9
64893, 9
64894, 9
64895, 9
64896, 9
64897, 9
64898, 9
64899, 9
64900, 9
64901, 9
64902, 9
64903, 9
64904, 9
64905, 9
64906, 9
64907, 9
64908, 9
64909, 9
64910, 9
64911, 9
64912, 9
64913, 9
64914, 9
64915, 9
64916, 9
64917, 9
64918, 9
64919, 9
64920, 9
64921, 9
64922, 9
64923, 9
64924, 9
64925, 9
64926, 9
64927, 9
64928, 9
64929, 9
64930, 9
64931, 9
64932, 9
64933, 9
64934, 9
64935, 9
64936, 9
64937, 9
64938, 9
64939, 9
64940, 9
64941, 10
64942, 10
64943, 10
64944, 10
64945, 10
64946, 10
64947, 10
64948, 10
64949, 10
64950, 10
64951, 10
64952, 10
64953, 10
64954, 10
64955, 10
64956, 10
64957, 10
64958, 10
64959, 10
64960, 10
64961, 10
64962, 10
64963, 10
64964, 10
64965, 10
64966, 10
64967, 10
64968, 10
64969, 10
64970, 10
64971, 10
64972, 10
64973, 10
64974, 10
64975, 10
64976, 10
64977, 10
64978, 10
64979, 10
64980, 10
64981, 10
64982, 10
64983, 10
64984, 10
64985, 10
64986, 10
64987, 10
64988, 10
64989, 10
64990, 10
64991, 10
64992, 10
64993, 10
64994, 10
64995, 10
64996, 10
64997, 10
64998, 10
64999, 10
65000, 10
65001, 10
65002, 10
65003, 10
65004, 10
65005, 10
65006, 10
65007, 10
65008, 10
65009, 10
65010, 10
65011, 10
65012, 10
65013, 10
65014, 10
65015, 10
65016, 10
65017, 10
65018, 10
65019, 10
65020, 10
65021, 10
65022, 10
65023, 10
65024, 10
65025, 9
65026, 9
65027, 9
65028, 9
65029, 9
65030, 9
65031, 9
65032, 9
65033, 9
65034, 9
65035, 9
65036, 9
65037, 9
65038, 9
65039, 9
65040, 9
65041, 9
65042, 9
65043, 9
65044, 9
65045, 9
65046, 9
65047, 9
65048, 9
65049, 9
65050, 9
65051, 9
65052, 9
65053, 9
65054, 9
65055, 9
65056, 9
65057, 9
65058, 9
65059, 9
65060, 9
65061, 9
65062, 9
65063, 9
65064, 9
65065, 9
65066, 9
65067, 9
65068, 9
65069, 9
65070, 9
65071, 9
65072, 9
65073, 9
65074, 9
65075, 9
65076, 9
65077, 9
65078, 9
65079, 9
65080, 9
65081, 9
65082, 9
65083, 9
65084, 9
65085, 9
65086, 9
65087, 9
65088, 9
65089, 9
65090, 9
65091, 9
65092, 9
65093, 9
65094, 9
65095, 9
65096, 9
65097, 9
65098, 9
65099, 9
65100, 9
65101, 9
65102, 9
65103, 9
65104, 9
65105, 9
65106, 9
65107, 9
65108, 9
65109, 9
65110, 9
65111, 9
65112, 9
65113, 9
65114, 9
65115, 9
65116, 9
65117, 9
65118, 9
65119, 9
65120, 9
65121, 9
65122, 9
65123, 9
65124, 9
65125, 9
65126, 9
65127, 9
65128, 9
65129, 9
65130, 9
65131, 9
65132, 9
65133, 9
65134, 9
65135, 9
65136, 9
65137, 9
65138, 9
65139, 9
65140, 9
65141, 9
65142, 9
65143, 9
65144, 9
65145, 9
65146, 9
65147, 9
65148, 9
65149, 9
65150, 9
65151, 9
65152, 9
65153, 9
65154, 9
65155, 9
65156, 9
65157, 9
65158, 9
65159, 9
65160, 9
65161, 9
65162, 9
65163, 9
65164, 9
65165, 9
65166, 9
65167, 9
65168, 9
65169, 9
65170, 9
65171, 9
65172, 9
65173, 9
65174, 9
65175, 9
65176, 9
65177, 9
65178, 9
65179, 9
65180, 9
65181, 9
65182, 9
65183, 9
65184, 9
65185, 9
65186, 9
65187, 9
65188, 9
65189, 9
65190, 9
65191, 9
65192, 9
65193, 9
65194, 9
65195, 9
65196, 9
65197, 9
65198, 9
65199, 9
65200, 9
65201, 9
65202, 9
65203, 9
65204, 9
65205, 9
65206, 9
65207, 9
65208, 9
65209, 9
65210, 9
65211, 9
65212, 9
65213, 9
65214, 9
65215, 9
65216, 9
65217, 9
65218, 9
65219, 9
65220, 9
65221, 9
65222, 9
65223, 9
65224, 9
65225, 9
65226, 9
65227, 9
65228, 9
65229, 9
65230, 9
65231, 9
65232, 9
65233, 9
65234, 9
65235, 9
65236, 9
65237, 9
65238, 9
65239, 9
65240, 9
65241, 9
65242, 9
65243, 9
65244, 9
65245, 9
65246, 9
65247, 9
65248, 9
65249, 9
65250, 9
65251, 9
65252, 9
65253, 9
65254, 9
65255, 9
65256, 9
65257, 9
65258, 9
65259, 9
65260, 9
65261, 9
65262, 9
65263, 9
65264, 9
65265, 9
65266, 9
65267, 9
65268, 9
65269, 9
65270, 9
65271, 9
65272, 9
65273, 9
65274, 9
65275, 9
65276, 9
65277, 9
65278, 9
65279, 9
65280, 9
65281, 9
65282, 9
65283, 9
65284, 9
65285, 9
65286, 9
65287, 9
65288, 9
65289, 9
65290, 9
65291, 9
65292, 9
65293, 9
65294, 9
65295, 9
65296, 9
65297, 9
65298, 9
65299, 9
65300, 9
65301, 9
65302, 9
65303, 9
65304, 9
65305, 9
65306, 9
65307, 9
65308, 9
65309, 9
65310, 9
65311, 9
65312, 9
65313, 9
65314, 9
65315, 9
65316, 9
65317, 9
65318, 9
65319, 9
65320, 9
65321, 9
65322, 9
65323, 9
65324, 9
65325, 9
65326, 9
65327, 9
65328, 9
65329, 9
65330, 9
65331, 9
65332, 9
65333, 9
65334, 9
65335, 9
65336, 9
65337, 9
65338, 9
65339, 9
65340, 9
65341, 9
65342, 9
65343, 9
65344, 9
65345, 9
65346, 9
65347, 9
65348, 9
65349, 9
65350, 9
65351, 9
65352, 9
65353, 9
65354, 9
65355, 9
65356, 9
65357, 9
65358, 9
65359, 9
65360, 9
65361, 9
65362, 9
65363, 9
65364, 9
65365, 9
65366, 9
65367, 9
65368, 9
65369, 9
65370, 9
65371, 9
65372, 9
65373, 9
65374, 9
65375, 9
65376, 9
65377, 9
65378, 9
65379, 9
65380, 9
65381, 9
65382, 9
65383, 9
65384, 9
65385, 9
65386, 9
65387, 9
65388, 9
65389, 9
65390, 9
65391, 9
65392, 9
65393, 9
65394, 9
65395, 9
65396, 9
65397, 9
65398, 9
65399, 9
65400, 9
65401, 9
65402, 9
65403, 9
65404, 9
65405, 9
65406, 9
65407, 9
65408, 9
65409, 9
65410, 9
65411, 9
65412, 9
65413, 9
65414, 9
65415, 9
65416, 9
65417, 9
65418, 9
65419, 9
65420, 9
65421, 9
65422, 9
65423, 9
65424, 9
65425, 9
65426, 9
65427, 9
65428, 9
65429, 9
65430, 9
65431, 9
65432, 9
65433, 9
65434, 9
65435, 9
65436, 9
65437, 9
65438, 9
65439, 9
65440, 9
65441, 9
65442, 9
65443, 9
65444, 9
65445, 9
65446, 9
65447, 9
65448, 9
65449, 10
65450, 10
65451, 10
65452, 10
65453, 10
65454, 10
65455, 10
65456, 10
65457, 10
65458, 10
65459, 10
65460, 10
65461, 10
65462, 10
65463, 10
65464, 10
65465, 10
65466, 10
65467, 10
65468, 10
65469, 10
65470, 10
65471, 10
65472, 10
65473, 10
65474, 10
65475, 10
65476, 10
65477, 10
65478, 10
65479, 10
65480, 10
65481, 10
65482, 10
65483, 10
65484, 10
65485, 10
65486, 10
65487, 10
65488, 10
65489, 10
65490, 10
65491, 10
65492, 10
65493, 10
65494, 10
65495, 10
65496, 10
65497, 10
65498, 10
65499, 10
65500, 10
65501, 10
65502, 10
65503, 10
65504, 10
65505, 10
65506, 10
65507, 10
65508, 10
65509, 10
65510, 10
65511, 10
65512, 10
65513, 10
65514, 10
65515, 10
65516, 10
65517, 10
65518, 10
65519, 10
65520, 10
65521, 10
65522, 10
65523, 10
65524, 10
65525, 10
65526, 10
65527, 10
65528, 10
65529, 10
65530, 10
65531, 10
65532, 10
65533, 10
65534, 10
65535, 10
65536, 9
65537, 9
65538, 9
65539, 9
65540, 9
65541, 9
65542, 9
65543, 9
65544, 9
65545, 9
65546, 9
65547, 9
65548, 9
65549, 9
65550, 9
65551, 9
65552, 9
65553, 9
65554, 9
65555, 9
65556, 9
65557, 9
65558, 9
65559, 9
65560, 9
65561, 9
65562, 9
65563, 9
65564, 9
65565, 9
65566, 9
65567, 9
65568, 9
65569, 9
65570, 9
65571, 9
65572, 9
65573, 9
65574, 9
65575, 9
65576, 9
65577, 9
65578, 9
65579, 9
65580, 9
65581, 9
65582, 9
65583, 9
65584, 9
65585, 9
65586, 9
65587, 9
65588, 9
65589, 9
65590, 9
65591, 9
65592, 9
65593, 9
65594, 9
65595, 9
65596, 9
65597, 9
65598, 9
65599, 9
65600, 9
65601, 9
65602, 9
65603, 9
65604, 9
65605, 9
65606, 9
65607, 9
65608, 9
65609, 9
65610, 9
65611, 9
65612, 9
65613, 9
65614, 9
65615, 9
65616, 9
65617, 9
65618, 9
65619, 9
65620, 9
65621, 9
65622, 9
65623, 9
65624, 9
65625, 9
65626, 9
65627, 9
65628, 9
65629, 9
65630, 9
65631, 9
65632, 9
65633, 9
65634, 9
65635, 9
65636, 9
65637, 9
65638, 9
65639, 9
65640, 9
65641, 9
65642, 9
65643, 9
65644, 9
65645, 9
65646, 9
65647, 9
65648, 9
65649, 9
65650, 9
65651, 9
65652, 9
65653, 9
65654, 9
65655, 9
65656, 9
65657, 9
65658, 9
65659, 9
65660, 9
65661, 9
65662, 9
65663, 9
65664, 9
65665, 9
65666, 9
65667, 9
65668, 9
65669, 9
65670, 9
65671, 9
65672, 9
65673, 9
65674, 9
65675, 9
65676, 9
65677, 9
65678, 9
65679, 9
65680, 9
65681, 9
65682, 9
65683, 9
65684, 9
65685, 9
65686, 9
65687, 9
65688, 9
65689, 9
65690, 9
65691, 9
65692, 9
65693, 9
65694, 9
65695, 9
65696, 9
65697, 9
65698, 9
65699, 9
65700, 9
65701, 9
65702, 9
65703, 9
65704, 9
65705, 9
65706, 9
65707, 9
65708, 9
65709, 9
65710, 9
65711, 9
65712, 9
65713, 9
65714, 9
65715, 9
65716, 9
65717, 9
65718, 9
65719, 9
65720, 9
65721, 9
65722, 9
65723, 9
65724, 9
65725, 9
65726, 9
65727, 9
65728, 9
65729, 9
65730, 9
65731, 9
65732, 9
65733, 9
65734, 9
65735, 9
65736, 9
65737, 9
65738, 9
65739, 9
65740, 9
65741, 9
65742, 9
65743, 9
65744, 9
65745, 9
65746, 9
65747, 9
65748, 9
65749, 9
65750, 9
65751, 9
65752, 9
65753, 9
65754, 9
65755, 9
65756, 9
65757, 9
65758, 9
65759, 9
65760, 9
65761, 9
65762, 9
65763, 9
65764, 9
65765, 9
65766, 9
65767, 9
65768, 9
65769, 9
65770, 9
65771, 9
65772, 9
65773, 9
65774, 9
65775, 9
65776, 9
65777, 9
65778, 9
65779, 9
65780, 9
65781, 9
65782, 9
65783, 9
65784, 9
65785, 9
65786, 9
65787, 9
65788, 9
65789, 9
65790, 9
65791, 9
65792, 9
65793, 9
65794, 9
65795, 9
65796, 9
65797, 9
65798, 9
65799, 9
65800, 9
65801, 9
65802, 9
65803, 9
65804, 9
65805, 9
65806, 9
65807, 9
65808, 9
65809, 9
65810, 9
65811, 9
65812, 9
65813, 9
65814, 9
65815, 9
65816, 9
65817, 9
65818, 9
65819, 9
65820, 9
65821, 9
65822, 9
65823, 9
65824, 9
65825, 9
65826, 9
65827, 9
65828, 9
65829, 9
65830, 9
65831, 9
65832, 9
65833, 9
65834, 9
65835, 9
65836, 9
65837, 9
65838, 9
65839, 9
65840, 9
65841, 9
65842, 9
65843, 9
65844, 9
65845, 9
65846, 9
65847, 9
65848, 9
65849, 9
65850, 9
65851, 9
65852, 9
65853, 9
65854, 9
65855, 9
65856, 9
65857, 9
65858, 9
65859, 9
65860, 9
65861, 9
65862, 9
65863, 9
65864, 9
65865, 9
65866, 9
65867, 9
65868, 9
65869, 9
65870, 9
65871, 9
65872, 9
65873, 9
65874, 9
65875, 9
65876, 9
65877, 9
65878, 9
65879, 9
65880, 9
65881, 9
65882, 9
65883, 9
65884, 9
65885, 9
65886, 9
65887, 9
65888, 9
65889, 9
65890, 9
65891, 9
65892, 9
65893, 9
65894, 9
65895, 9
65896, 9
65897, 9
65898, 9
65899, 9
65900, 9
65901, 9
65902, 9
65903, 9
65904, 9
65905, 9
65906, 9
65907, 9
65908, 9
65909, 9
65910, 9
65911, 9
65912, 9
65913, 9
65914, 9
65915, 9
65916, 9
65917, 9
65918, 9
65919, 9
65920, 9
65921, 9
65922, 9
65923, 9
65924, 9
65925, 9
65926, 9
65927, 9
65928, 9
65929, 9
65930, 9
65931, 9
65932, 9
65933, 9
65934, 9
65935, 9
65936, 9
65937, 9
65938, 9
65939, 9
65940, 9
65941, 9
65942, 9
65943, 9
65944, 9
65945, 9
65946, 9
65947, 9
65948, 9
65949, 9
65950, 9
65951, 9
65952, 9
65953, 9
65954, 9
65955, 9
65956, 9
65957, 9
65958, 9
65959, 10
65960, 10
65961, 10
65962, 10
65963, 10
65964, 10
65965, 10
65966, 10
65967, 10
65968, 10
65969, 10
65970, 10
65971, 10
65972, 10
65973, 10
65974, 10
65975, 10
65976, 10
65977, 10
65978, 10
65979, 10
65980, 10
65981, 10
65982, 10
65983, 10
65984, 10
65985, 10
65986, 10
65987, 10
65988, 10
65989, 10
65990, 10
65991, 10
65992, 10
65993, 10
65994, 10
65995, 10
65996, 10
65997, 10
65998, 10
65999, 10
66000, 10
66001, 10
66002, 10
66003, 10
66004, 10
66005, 10
66006, 10
66007, 10
66008, 10
66009, 10
66010, 10
66011, 10
66012, 10
66013, 10
66014, 10
66015, 10
66016, 10
66017, 10
66018, 10
66019, 10
66020, 10
66021, 10
66022, 10
66023, 10
66024, 10
66025, 10
66026, 10
66027, 10
66028, 10
66029, 10
66030, 10
66031, 10
66032, 10
66033, 10
66034, 10
66035, 10
66036, 10
66037, 10
66038, 10
66039, 10
66040, 10
66041, 10
66042, 10
66043, 10
66044, 10
66045, 10
66046, 10
66047, 10
66048, 10
66049, 9
66050, 9
66051, 9
66052, 9
66053, 9
66054, 9
66055, 9
66056, 9
66057, 9
66058, 9
66059, 9
66060, 9
66061, 9
66062, 9
66063, 9
66064, 9
66065, 9
66066, 9
66067, 9
66068, 9
66069, 9
66070, 9
66071, 9
66072, 9
66073, 9
66074, 9
66075, 9
66076, 9
66077, 9
66078, 9
66079, 9
66080, 9
66081, 9
66082, 9
66083, 9
66084, 9
66085, 9
66086, 9
66087, 9
66088, 9
66089, 9
66090, 9
66091, 9
66092, 9
66093, 9
66094, 9
66095, 9
66096, 9
66097, 9
66098, 9
66099, 9
66100, 9
66101, 9
66102, 9
66103, 9
66104, 9
66105, 9
66106, 9
66107, 9
66108, 9
66109, 9
66110, 9
66111, 9
66112, 9
66113, 9
66114, 9
66115, 9
66116, 9
66117, 9
66118, 9
66119, 9
66120, 9
66121, 9
66122, 9
66123, 9
66124, 9
66125, 9
66126, 9
66127, 9
66128, 9
66129, 9
66130, 9
66131, 9
66132, 9
66133, 9
66134, 9
66135, 9
66136, 9
66137, 9
66138, 9
66139, 9
66140, 9
66141, 9
66142, 9
66143, 9
66144, 9
66145, 9
66146, 9
66147, 9
66148, 9
66149, 9
66150, 9
66151, 9
66152, 9
66153, 9
66154, 9
66155, 9
66156, 9
66157, 9
66158, 9
66159, 9
66160, 9
66161, 9
66162, 9
66163, 9
66164, 9
66165, 9
66166, 9
66167, 9
66168, 9
66169, 9
66170, 9
66171, 9
66172, 9
66173, 9
66174, 9
66175, 9
66176, 9
66177, 9
66178, 9
66179, 9
66180, 9
66181, 9
66182, 9
66183, 9
66184, 9
66185, 9
66186, 9
66187, 9
66188, 9
66189, 9
66190, 9
66191, 9
66192, 9
66193, 9
66194, 9
66195, 9
66196, 9
66197, 9
66198, 9
66199, 9
66200, 9
66201, 9
66202, 9
66203, 9
66204, 9
66205, 9
66206, 9
66207, 9
66208, 9
66209, 9
66210, 9
66211, 9
66212, 9
66213, 9
66214, 9
66215, 9
66216, 9
66217, 9
66218, 9
66219, 9
66220, 9
66221, 9
66222, 9
66223, 9
66224, 9
66225, 9
66226, 9
66227, 9
66228, 9
66229, 9
66230, 9
66231, 9
66232, 9
66233, 9
66234, 9
66235, 9
66236, 9
66237, 9
66238, 9
66239, 9
66240, 9
66241, 9
66242, 9
66243, 9
66244, 9
66245, 9
66246, 9
66247, 9
66248, 9
66249, 9
66250, 9
66251, 9
66252, 9
66253, 9
66254, 9
66255, 9
66256, 9
66257, 9
66258, 9
66259, 9
66260, 9
66261, 9
66262, 9
66263, 9
66264, 9
66265, 9
66266, 9
66267, 9
66268, 9
66269, 9
66270, 9
66271, 9
66272, 9
66273, 9
66274, 9
66275, 9
66276, 9
66277, 9
66278, 9
66279, 9
66280, 9
66281, 9
66282, 9
66283, 9
66284, 9
66285, 9
66286, 9
66287, 9
66288, 9
66289, 9
66290, 9
66291, 9
66292, 9
66293, 9
66294, 9
66295, 9
66296, 9
66297, 9
66298, 9
66299, 9
66300, 9
66301, 9
66302, 9
66303, 9
66304, 9
66305, 9
66306, 9
66307, 9
66308, 9
66309, 9
66310, 9
66311, 9
66312, 9
66313, 9
66314, 9
66315, 9
66316, 9
66317, 9
66318, 9
66319, 9
66320, 9
66321, 9
66322, 9
66323, 9
66324, 9
66325, 9
66326, 9
66327, 9
66328, 9
66329, 9
66330, 9
66331, 9
66332, 9
66333, 9
66334, 9
66335, 9
66336, 9
66337, 9
66338, 9
66339, 9
66340, 9
66341, 9
66342, 9
66343, 9
66344, 9
66345, 9
66346, 9
66347, 9
66348, 9
66349, 9
66350, 9
66351, 9
66352, 9
66353, 9
66354, 9
66355, 9
66356, 9
66357, 9
66358, 9
66359, 9
66360, 9
66361, 9
66362, 9
66363, 9
66364, 9
66365, 9
66366, 9
66367, 9
66368, 9
66369, 9
66370, 9
66371, 9
66372, 9
66373, 9
66374, 9
66375, 9
66376, 9
66377, 9
66378, 9
66379, 9
66380, 9
66381, 9
66382, 9
66383, 9
66384, 9
66385, 9
66386, 9
66387, 9
66388, 9
66389, 9
66390, 9
66391, 9
66392, 9
66393, 9
66394, 9
66395, 9
66396, 9
66397, 9
66398, 9
66399, 9
66400, 9
66401, 9
66402, 9
66403, 9
66404, 9
66405, 9
66406, 9
66407, 9
66408, 9
66409, 9
66410, 9
66411, 9
66412, 9
66413, 9
66414, 9
66415, 9
66416, 9
66417, 9
66418, 9
66419, 9
66420, 9
66421, 9
66422, 9
66423, 9
66424, 9
66425, 9
66426, 9
66427, 9
66428, 9
66429, 9
66430, 9
66431, 9
66432, 9
66433, 9
66434, 9
66435, 9
66436, 9
66437, 9
66438, 9
66439, 9
66440, 9
66441, 9
66442, 9
66443, 9
66444, 9
66445, 9
66446, 9
66447, 9
66448, 9
66449, 9
66450, 9
66451, 9
66452, 9
66453, 9
66454, 9
66455, 9
66456, 9
66457, 9
66458, 9
66459, 9
66460, 9
66461, 9
66462, 9
66463, 9
66464, 9
66465, 9
66466, 9
66467, 9
66468, 9
66469, 9
66470, 10
66471, 10
66472, 10
66473, 10
66474, 10
66475, 10
66476, 10
66477, 10
66478, 10
66479, 10
66480, 10
66481, 10
66482, 10
66483, 10
66484, 10
66485, 10
66486, 10
66487, 10
66488, 10
66489, 10
66490, 10
66491, 10
66492, 10
66493, 10
66494, 10
66495, 10
66496, 10
66497, 10
66498, 10
66499, 10
66500, 10
66501, 10
66502, 10
66503, 10
66504, 10
66505, 10
66506, 10
66507, 10
66508, 10
66509, 10
66510, 10
66511, 10
66512, 10
66513, 10
66514, 10
66515, 10
66516, 10
66517, 10
66518, 10
66519, 10
66520, 10
66521, 10
66522, 10
66523, 10
66524, 10
66525, 10
66526, 10
66527, 10
66528, 10
66529, 10
66530, 10
66531, 10
66532, 10
66533, 10
66534, 10
66535, 10
66536, 10
66537, 10
66538, 10
66539, 10
66540, 10
66541, 10
66542, 10
66543, 10
66544, 10
66545, 10
66546, 10
66547, 10
66548, 10
66549, 10
66550, 10
66551, 10
66552, 10
66553, 10
66554, 10
66555, 10
66556, 10
66557, 10
66558, 10
66559, 10
66560, 10
66561, 10
66562, 10
66563, 10
66564, 9
66565, 9
66566, 9
66567, 9
66568, 9
66569, 9
66570, 9
66571, 9
66572, 9
66573, 9
66574, 9
66575, 9
66576, 9
66577, 9
66578, 9
66579, 9
66580, 9
66581, 9
66582, 9
66583, 9
66584, 9
66585, 9
66586, 9
66587, 9
66588, 9
66589, 9
66590, 9
66591, 9
66592, 9
66593, 9
66594, 9
66595, 9
66596, 9
66597, 9
66598, 9
66599, 9
66600, 9
66601, 9
66602, 9
66603, 9
66604, 9
66605, 9
66606, 9
66607, 9
66608, 9
66609, 9
66610, 9
66611, 9
66612, 9
66613, 9
66614, 9
66615, 9
66616, 9
66617, 9
66618, 9
66619, 9
66620, 9
66621, 9
66622, 9
66623, 9
66624, 9
66625, 9
66626, 9
66627, 9
66628, 9
66629, 9
66630, 9
66631, 9
66632, 9
66633, 9
66634, 9
66635, 9
66636, 9
66637, 9
66638, 9
66639, 9
66640, 9
66641, 9
66642, 9
66643, 9
66644, 9
66645, 9
66646, 9
66647, 9
66648, 9
66649, 9
66650, 9
66651, 9
66652, 9
66653, 9
66654, 9
66655, 9
66656, 9
66657, 9
66658, 9
66659, 9
66660, 9
66661, 9
66662, 9
66663, 9
66664, 9
66665, 9
66666, 9
66667, 9
66668, 9
66669, 9
66670, 9
66671, 9
66672, 9
66673, 9
66674, 9
66675, 9
66676, 9
66677, 9
66678, 9
66679, 9
66680, 9
66681, 9
66682, 9
66683, 9
66684, 9
66685, 9
66686, 9
66687, 9
66688, 9
66689, 9
66690, 9
66691, 9
66692, 9
66693, 9
66694, 9
66695, 9
66696, 9
66697, 9
66698, 9
66699, 9
66700, 9
66701, 9
66702, 9
66703, 9
66704, 9
66705, 9
66706, 9
66707, 9
66708, 9
66709, 9
66710, 9
66711, 9
66712, 9
66713, 9
66714, 9
66715, 9
66716, 9
66717, 9
66718, 9
66719, 9
66720, 9
66721, 9
66722, 9
66723, 9
66724, 9
66725, 9
66726, 9
66727, 9
66728, 9
66729, 9
66730, 9
66731, 9
66732, 9
66733, 9
66734, 9
66735, 9
66736, 9
66737, 9
66738, 9
66739, 9
66740, 9
66741, 9
66742, 9
66743, 9
66744, 9
66745, 9
66746, 9
66747, 9
66748, 9
66749, 9
66750, 9
66751, 9
66752, 9
66753, 9
66754, 9
66755, 9
66756, 9
66757, 9
66758, 9
66759, 9
66760, 9
66761, 9
66762, 9
66763, 9
66764, 9
66765, 9
66766, 9
66767, 9
66768, 9
66769, 9
66770, 9
66771, 9
66772, 9
66773, 9
66774, 9
66775, 9
66776, 9
66777, 9
66778, 9
66779, 9
66780, 9
66781, 9
66782, 9
66783, 9
66784, 9
66785, 9
66786, 9
66787, 9
66788, 9
66789, 9
66790, 9
66791, 9
66792, 9
66793, 9
66794, 9
66795, 9
66796, 9
66797, 9
66798, 9
66799, 9
66800, 9
66801, 9
66802, 9
66803, 9
66804, 9
66805, 9
66806, 9
66807, 9
66808, 9
66809, 9
66810, 9
66811, 9
66812, 9
66813, 9
66814, 9
66815, 9
66816, 9
66817, 9
66818, 9
66819, 9
66820, 9
66821, 9
66822, 9
66823, 9
66824, 9
66825, 9
66826, 9
66827, 9
66828, 9
66829, 9
66830, 9
66831, 9
66832, 9
66833, 9
66834, 9
66835, 9
66836, 9
66837, 9
66838, 9
66839, 9
66840, 9
66841, 9
66842, 9
66843, 9
66844, 9
66845, 9
66846, 9
66847, 9
66848, 9
66849, 9
66850, 9
66851, 9
66852, 9
66853, 9
66854, 9
66855, 9
66856, 9
66857, 9
66858, 9
66859, 9
66860, 9
66861, 9
66862, 9
66863, 9
66864, 9
66865, 9
66866, 9
66867, 9
66868, 9
66869, 9
66870, 9
66871, 9
66872, 9
66873, 9
66874, 9
66875, 9
66876, 9
66877, 9
66878, 9
66879, 9
66880, 9
66881, 9
66882, 9
66883, 9
66884, 9
66885, 9
66886, 9
66887, 9
66888, 9
66889, 9
66890, 9
66891, 9
66892, 9
66893, 9
66894, 9
66895, 9
66896, 9
66897, 9
66898, 9
66899, 9
66900, 9
66901, 9
66902, 9
66903, 9
66904, 9
66905, 9
66906, 9
66907, 9
66908, 9
66909, 9
66910, 9
66911, 9
66912, 9
66913, 9
66914, 9
66915, 9
66916, 9
66917, 9
66918, 9
66919, 9
66920, 9
66921, 9
66922, 9
66923, 9
66924, 9
66925, 9
66926, 9
66927, 9
66928, 9
66929, 9
66930, 9
66931, 9
66932, 9
66933, 9
66934, 9
66935, 9
66936, 9
66937, 9
66938, 9
66939, 9
66940, 9
66941, 9
66942, 9
66943, 9
66944, 9
66945, 9
66946, 9
66947, 9
66948, 9
66949, 9
66950, 9
66951, 9
66952, 9
66953, 9
66954, 9
66955, 9
66956, 9
66957, 9
66958, 9
66959, 9
66960, 9
66961, 9
66962, 9
66963, 9
66964, 9
66965, 9
66966, 9
66967, 9
66968, 9
66969, 9
66970, 9
66971, 9
66972, 9
66973, 9
66974, 9
66975, 9
66976, 9
66977, 9
66978, 9
66979, 9
66980, 9
66981, 9
66982, 9
66983, 10
66984, 10
66985, 10
66986, 10
66987, 10
66988, 10
66989, 10
66990, 10
66991, 10
66992, 10
66993, 10
66994, 10
66995, 10
66996, 10
66997, 10
66998, 10
66999, 10
67000, 10
67001, 10
67002, 10
67003, 10
67004, 10
67005, 10
67006, 10
67007, 10
67008, 10
67009, 10
67010, 10
67011, 10
67012, 10
67013, 10
67014, 10
67015, 10
67016, 10
67017, 10
67018, 10
67019, 10
67020, 10
67021, 10
67022, 10
67023, 10
67024, 10
67025, 10
67026, 10
67027, 10
67028, 10
67029, 10
67030, 10
67031, 10
67032, 10
67033, 10
67034, 10
67035, 10
67036, 10
67037, 10
67038, 10
67039, 10
67040, 10
67041, 10
67042, 10
67043, 10
67044, 10
67045, 10
67046, 10
67047, 10
67048, 10
67049, 10
67050, 10
67051, 10
67052, 10
67053, 10
67054, 10
67055, 10
67056, 10
67057, 10
67058, 10
67059, 10
67060, 10
67061, 10
67062, 10
67063, 10
67064, 10
67065, 10
67066, 10
67067, 10
67068, 10
67069, 10
67070, 10
67071, 10
67072, 10
67073, 10
67074, 10
67075, 10
67076, 10
67077, 10
67078, 10
67079, 10
67080, 10
67081, 9
67082, 9
67083, 9
67084, 9
67085, 9
67086, 9
67087, 9
67088, 9
67089, 9
67090, 9
67091, 9
67092, 9
67093, 9
67094, 9
67095, 9
67096, 9
67097, 9
67098, 9
67099, 9
67100, 9
67101, 9
67102, 9
67103, 9
67104, 9
67105, 9
67106, 9
67107, 9
67108, 9
67109, 9
67110, 9
67111, 9
67112, 9
67113, 9
67114, 9
67115, 9
67116, 9
67117, 9
67118, 9
67119, 9
67120, 9
67121, 9
67122, 9
67123, 9
67124, 9
67125, 9
67126, 9
67127, 9
67128, 9
67129, 9
67130, 9
67131, 9
67132, 9
67133, 9
67134, 9
67135, 9
67136, 9
67137, 9
67138, 9
67139, 9
67140, 9
67141, 9
67142, 9
67143, 9
67144, 9
67145, 9
67146, 9
67147, 9
67148, 9
67149, 9
67150, 9
67151, 9
67152, 9
67153, 9
67154, 9
67155, 9
67156, 9
67157, 9
67158, 9
67159, 9
67160, 9
67161, 9
67162, 9
67163, 9
67164, 9
67165, 9
67166, 9
67167, 9
67168, 9
67169, 9
67170, 9
67171, 9
67172, 9
67173, 9
67174, 9
67175, 9
67176, 9
67177, 9
67178, 9
67179, 9
67180, 9
67181, 9
67182, 9
67183, 9
67184, 9
67185, 9
67186, 9
67187, 9
67188, 9
67189, 9
67190, 9
67191, 9
67192, 9
67193, 9
67194, 9
67195, 9
67196, 9
67197, 9
67198, 9
67199, 9
67200, 9
67201, 9
67202, 9
67203, 9
67204, 9
67205, 9
67206, 9
67207, 9
67208, 9
67209, 9
67210, 9
67211, 9
67212, 9
67213, 9
67214, 9
67215, 9
67216, 9
67217, 9
67218, 9
67219, 9
67220, 9
67221, 9
67222, 9
67223, 9
67224, 9
67225, 9
67226, 9
67227, 9
67228, 9
67229, 9
67230, 9
67231, 9
67232, 9
67233, 9
67234, 9
67235, 9
67236, 9
67237, 9
67238, 9
67239, 9
67240, 9
67241, 9
67242, 9
67243, 9
67244, 9
67245, 9
67246, 9
67247, 9
67248, 9
67249, 9
67250, 9
67251, 9
67252, 9
67253, 9
67254, 9
67255, 9
67256, 9
67257, 9
67258, 9
67259, 9
67260, 9
67261, 9
67262, 9
67263, 9
67264, 9
67265, 9
67266, 9
67267, 9
67268, 9
67269, 9
67270, 9
67271, 9
67272, 9
67273, 9
67274, 9
67275, 9
67276, 9
67277, 9
67278, 9
67279, 9
67280, 9
67281, 9
67282, 9
67283, 9
67284, 9
67285, 9
67286, 9
67287, 9
67288, 9
67289, 9
67290, 9
67291, 9
67292, 9
67293, 9
67294, 9
67295, 9
67296, 9
67297, 9
67298, 9
67299, 9
67300, 9
67301, 9
67302, 9
67303, 9
67304, 9
67305, 9
67306, 9
67307, 9
67308, 9
67309, 9
67310, 9
67311, 9
67312, 9
67313, 9
67314, 9
67315, 9
67316, 9
67317, 9
67318, 9
67319, 9
67320, 9
67321, 9
67322, 9
67323, 9
67324, 9
67325, 9
67326, 9
67327, 9
67328, 9
67329, 9
67330, 9
67331, 9
67332, 9
67333, 9
67334, 9
67335, 9
67336, 9
67337, 9
67338, 9
67339, 9
67340, 9
67341, 9
67342, 9
67343, 9
67344, 9
67345, 9
67346, 9
67347, 9
67348, 9
67349, 9
67350, 9
67351, 9
67352, 9
67353, 9
67354, 9
67355, 9
67356, 9
67357, 9
67358, 9
67359, 9
67360, 9
67361, 9
67362, 9
67363, 9
67364, 9
67365, 9
67366, 9
67367, 9
67368, 9
67369, 9
67370, 9
67371, 9
67372, 9
67373, 9
67374, 9
67375, 9
67376, 9
67377, 9
67378, 9
67379, 9
67380, 9
67381, 9
67382, 9
67383, 9
67384, 9
67385, 9
67386, 9
67387, 9
67388, 9
67389, 9
67390, 9
67391, 9
67392, 9
67393, 9
67394, 9
67395, 9
67396, 9
67397, 9
67398, 9
67399, 9
67400, 9
67401, 9
67402, 9
67403, 9
67404, 9
67405, 9
67406, 9
67407, 9
67408, 9
67409, 9
67410, 9
67411, 9
67412, 9
67413, 9
67414, 9
67415, 9
67416, 9
67417, 9
67418, 9
67419, 9
67420, 9
67421, 9
67422, 9
67423, 9
67424, 9
67425, 9
67426, 9
67427, 9
67428, 9
67429, 9
67430, 9
67431, 9
67432, 9
67433, 9
67434, 9
67435, 9
67436, 9
67437, 9
67438, 9
67439, 9
67440, 9
67441, 9
67442, 9
67443, 9
67444, 9
67445, 9
67446, 9
67447, 9
67448, 9
67449, 9
67450, 9
67451, 9
67452, 9
67453, 9
67454, 9
67455, 9
67456, 9
67457, 9
67458, 9
67459, 9
67460, 9
67461, 9
67462, 9
67463, 9
67464, 9
67465, 9
67466, 9
67467, 9
67468, 9
67469, 9
67470, 9
67471, 9
67472, 9
67473, 9
67474, 9
67475, 9
67476, 9
67477, 9
67478, 9
67479, 9
67480, 9
67481, 9
67482, 9
67483, 9
67484, 9
67485, 9
67486, 9
67487, 9
67488, 9
67489, 9
67490, 9
67491, 9
67492, 9
67493, 9
67494, 9
67495, 9
67496, 9
67497, 9
67498, 9
67499, 10
67500, 10
67501, 10
67502, 10
67503, 10
67504, 10
67505, 10
67506, 10
67507, 10
67508, 10
67509, 10
67510, 10
67511, 10
67512, 10
67513, 10
67514, 10
67515, 10
67516, 10
67517, 10
67518, 10
67519, 10
67520, 10
67521, 10
67522, 10
67523, 10
67524, 10
67525, 10
67526, 10
67527, 10
67528, 10
67529, 10
67530, 10
67531, 10
67532, 10
67533, 10
67534, 10
67535, 10
67536, 10
67537, 10
67538, 10
67539, 10
67540, 10
67541, 10
67542, 10
67543, 10
67544, 10
67545, 10
67546, 10
67547, 10
67548, 10
67549, 10
67550, 10
67551, 10
67552, 10
67553, 10
67554, 10
67555, 10
67556, 10
67557, 10
67558, 10
67559, 10
67560, 10
67561, 10
67562, 10
67563, 10
67564, 10
67565, 10
67566, 10
67567, 10
67568, 10
67569, 10
67570, 10
67571, 10
67572, 10
67573, 10
67574, 10
67575, 10
67576, 10
67577, 10
67578, 10
67579, 10
67580, 10
67581, 10
67582, 10
67583, 10
67584, 10
67585, 10
67586, 10
67587, 10
67588, 10
67589, 10
67590, 10
67591, 10
67592, 10
67593, 10
67594, 10
67595, 10
67596, 10
67597, 10
67598, 10
67599, 10
67600, 9
67601, 9
67602, 9
67603, 9
67604, 9
67605, 9
67606, 9
67607, 9
67608, 9
67609, 9
67610, 9
67611, 9
67612, 9
67613, 9
67614, 9
67615, 9
67616, 9
67617, 9
67618, 9
67619, 9
67620, 9
67621, 9
67622, 9
67623, 9
67624, 9
67625, 9
67626, 9
67627, 9
67628, 9
67629, 9
67630, 9
67631, 9
67632, 9
67633, 9
67634, 9
67635, 9
67636, 9
67637, 9
67638, 9
67639, 9
67640, 9
67641, 9
67642, 9
67643, 9
67644, 9
67645, 9
67646, 9
67647, 9
67648, 9
67649, 9
67650, 9
67651, 9
67652, 9
67653, 9
67654, 9
67655, 9
67656, 9
67657, 9
67658, 9
67659, 9
67660, 9
67661, 9
67662, 9
67663, 9
67664, 9
67665, 9
67666, 9
67667, 9
67668, 9
67669, 9
67670, 9
67671, 9
67672, 9
67673, 9
67674, 9
67675, 9
67676, 9
67677, 9
67678, 9
67679, 9
67680, 9
67681, 9
67682, 9
67683, 9
67684, 9
67685, 9
67686, 9
67687, 9
67688, 9
67689, 9
67690, 9
67691, 9
67692, 9
67693, 9
67694, 9
67695, 9
67696, 9
67697, 9
67698, 9
67699, 9
67700, 9
67701, 9
67702, 9
67703, 9
67704, 9
67705, 9
67706, 9
67707, 9
67708, 9
67709, 9
67710, 9
67711, 9
67712, 9
67713, 9
67714, 9
67715, 9
67716, 9
67717, 9
67718, 9
67719, 9
67720, 9
67721, 9
67722, 9
67723, 9
67724, 9
67725, 9
67726, 9
67727, 9
67728, 9
67729, 9
67730, 9
67731, 9
67732, 9
67733, 9
67734, 9
67735, 9
67736, 9
67737, 9
67738, 9
67739, 9
67740, 9
67741, 9
67742, 9
67743, 9
67744, 9
67745, 9
67746, 9
67747, 9
67748, 9
67749, 9
67750, 9
67751, 9
67752, 9
67753, 9
67754, 9
67755, 9
67756, 9
67757, 9
67758, 9
67759, 9
67760, 9
67761, 9
67762, 9
67763, 9
67764, 9
67765, 9
67766, 9
67767, 9
67768, 9
67769, 9
67770, 9
67771, 9
67772, 9
67773, 9
67774, 9
67775, 9
67776, 9
67777, 9
67778, 9
67779, 9
67780, 9
67781, 9
67782, 9
67783, 9
67784, 9
67785, 9
67786, 9
67787, 9
67788, 9
67789, 9
67790, 9
67791, 9
67792, 9
67793, 9
67794, 9
67795, 9
67796, 9
67797, 9
67798, 9
67799, 9
67800, 9
67801, 9
67802, 9
67803, 9
67804, 9
67805, 9
67806, 9
67807, 9
67808, 9
67809, 9
67810, 9
67811, 9
67812, 9
67813, 9
67814, 9
67815, 9
67816, 9
67817, 9
67818, 9
67819, 9
67820, 9
67821, 9
67822, 9
67823, 9
67824, 9
67825, 9
67826, 9
67827, 9
67828, 9
67829, 9
67830, 9
67831, 9
67832, 9
67833, 9
67834, 9
67835, 9
67836, 9
67837, 9
67838, 9
67839, 9
67840, 9
67841, 9
67842, 9
67843, 9
67844, 9
67845, 9
67846, 9
67847, 9
67848, 9
67849, 9
67850, 9
67851, 9
67852, 9
67853, 9
67854, 9
67855, 9
67856, 9
67857, 9
67858, 9
67859, 9
67860, 9
67861, 9
67862, 9
67863, 9
67864, 9
67865, 9
67866, 9
67867, 9
67868, 9
67869, 9
67870, 9
67871, 9
67872, 9
67873, 9
67874, 9
67875, 9
67876, 9
67877, 9
67878, 9
67879, 9
67880, 9
67881, 9
67882, 9
67883, 9
67884, 9
67885, 9
67886, 9
67887, 9
67888, 9
67889, 9
67890, 9
67891, 9
67892, 9
67893, 9
67894, 9
67895, 9
67896, 9
67897, 9
67898, 9
67899, 9
67900, 9
67901, 9
67902, 9
67903, 9
67904, 9
67905, 9
67906, 9
67907, 9
67908, 9
67909, 9
67910, 9
67911, 9
67912, 9
67913, 9
67914, 9
67915, 9
67916, 9
67917, 9
67918, 9
67919, 9
67920, 9
67921, 9
67922, 9
67923, 9
67924, 9
67925, 9
67926, 9
67927, 9
67928, 9
67929, 9
67930, 9
67931, 9
67932, 9
67933, 9
67934, 9
67935, 9
67936, 9
67937, 9
67938, 9
67939, 9
67940, 9
67941, 9
67942, 9
67943, 9
67944, 9
67945, 9
67946, 9
67947, 9
67948, 9
67949, 9
67950, 9
67951, 9
67952, 9
67953, 9
67954, 9
67955, 9
67956, 9
67957, 9
67958, 9
67959, 9
67960, 9
67961, 9
67962, 9
67963, 9
67964, 9
67965, 9
67966, 9
67967, 9
67968, 9
67969, 9
67970, 9
67971, 9
67972, 9
67973, 9
67974, 9
67975, 9
67976, 9
67977, 9
67978, 9
67979, 9
67980, 9
67981, 9
67982, 9
67983, 9
67984, 9
67985, 9
67986, 9
67987, 9
67988, 9
67989, 9
67990, 9
67991, 9
67992, 9
67993, 9
67994, 9
67995, 9
67996, 9
67997, 9
67998, 9
67999, 9
68000, 9
68001, 9
68002, 9
68003, 9
68004, 9
68005, 9
68006, 9
68007, 9
68008, 9
68009, 9
68010, 9
68011, 9
68012, 9
68013, 9
68014, 9
68015, 9
68016, 10
68017, 10
68018, 10
68019, 10
68020, 10
68021, 10
68022, 10
68023, 10
68024, 10
68025, 10
68026, 10
68027, 10
68028, 10
68029, 10
68030, 10
68031, 10
68032, 10
68033, 10
68034, 10
68035, 10
68036, 10
68037, 10
68038, 10
68039, 10
68040, 10
68041, 10
68042, 10
68043, 10
68044, 10
68045, 10
68046, 10
68047, 10
68048, 10
68049, 10
68050, 10
68051, 10
68052, 10
68053, 10
68054, 10
68055, 10
68056, 10
68057, 10
68058, 10
68059, 10
68060, 10
68061, 10
68062, 10
68063, 10
68064, 10
68065, 10
68066, 10
68067, 10
68068, 10
68069, 10
68070, 10
68071, 10
68072, 10
68073, 10
68074, 10
68075, 10
68076, 10
68077, 10
68078, 10
68079, 10
68080, 10
68081, 10
68082, 10
68083, 10
68084, 10
68085, 10
68086, 10
68087, 10
68088, 10
68089, 10
68090, 10
68091, 10
68092, 10
68093, 10
68094, 10
68095, 10
68096, 10
68097, 10
68098, 10
68099, 10
68100, 10
68101, 10
68102, 10
68103, 10
68104, 10
68105, 10
68106, 10
68107, 10
68108, 10
68109, 10
68110, 10
68111, 10
68112, 10
68113, 10
68114, 10
68115, 10
68116, 10
68117, 10
68118, 10
68119, 10
68120, 10
68121, 9
68122, 9
68123, 9
68124, 9
68125, 9
68126, 9
68127, 9
68128, 9
68129, 9
68130, 9
68131, 9
68132, 9
68133, 9
68134, 9
68135, 9
68136, 9
68137, 9
68138, 9
68139, 9
68140, 9
68141, 9
68142, 9
68143, 9
68144, 9
68145, 9
68146, 9
68147, 9
68148, 9
68149, 9
68150, 9
68151, 9
68152, 9
68153, 9
68154, 9
68155, 9
68156, 9
68157, 9
68158, 9
68159, 9
68160, 9
68161, 9
68162, 9
68163, 9
68164, 9
68165, 9
68166, 9
68167, 9
68168, 9
68169, 9
68170, 9
68171, 9
68172, 9
68173, 9
68174, 9
68175, 9
68176, 9
68177, 9
68178, 9
68179, 9
68180, 9
68181, 9
68182, 9
68183, 9
68184, 9
68185, 9
68186, 9
68187, 9
68188, 9
68189, 9
68190, 9
68191, 9
68192, 9
68193, 9
68194, 9
68195, 9
68196, 9
68197, 9
68198, 9
68199, 9
68200, 9
68201, 9
68202, 9
68203, 9
68204, 9
68205, 9
68206, 9
68207, 9
68208, 9
68209, 9
68210, 9
68211, 9
68212, 9
68213, 9
68214, 9
68215, 9
68216, 9
68217, 9
68218, 9
68219, 9
68220, 9
68221, 9
68222, 9
68223, 9
68224, 9
68225, 9
68226, 9
68227, 9
68228, 9
68229, 9
68230, 9
68231, 9
68232, 9
68233, 9
68234, 9
68235, 9
68236, 9
68237, 9
68238, 9
68239, 9
68240, 9
68241, 9
68242, 9
68243, 9
68244, 9
68245, 9
68246, 9
68247, 9
68248, 9
68249, 9
68250, 9
68251, 9
68252, 9
68253, 9
68254, 9
68255, 9
68256, 9
68257, 9
68258, 9
68259, 9
68260, 9
68261, 9
68262, 9
68263, 9
68264, 9
68265, 9
68266, 9
68267, 9
68268, 9
68269, 9
68270, 9
68271, 9
68272, 9
68273, 9
68274, 9
68275, 9
68276, 9
68277, 9
68278, 9
68279, 9
68280, 9
68281, 9
68282, 9
68283, 9
68284, 9
68285, 9
68286, 9
68287, 9
68288, 9
68289, 9
68290, 9
68291, 9
68292, 9
68293, 9
68294, 9
68295, 9
68296, 9
68297, 9
68298, 9
68299, 9
68300, 9
68301, 9
68302, 9
68303, 9
68304, 9
68305, 9
68306, 9
68307, 9
68308, 9
68309, 9
68310, 9
68311, 9
68312, 9
68313, 9
68314, 9
68315, 9
68316, 9
68317, 9
68318, 9
68319, 9
68320, 9
68321, 9
68322, 9
68323, 9
68324, 9
68325, 9
68326, 9
68327, 9
68328, 9
68329, 9
68330, 9
68331, 9
68332, 9
68333, 9
68334, 9
68335, 9
68336, 9
68337, 9
68338, 9
68339, 9
68340, 9
68341, 9
68342, 9
68343, 9
68344, 9
68345, 9
68346, 9
68347, 9
68348, 9
68349, 9
68350, 9
68351, 9
68352, 9
68353, 9
68354, 9
68355, 9
68356, 9
68357, 9
68358, 9
68359, 9
68360, 9
68361, 9
68362, 9
68363, 9
68364, 9
68365, 9
68366, 9
68367, 9
68368, 9
68369, 9
68370, 9
68371, 9
68372, 9
68373, 9
68374, 9
68375, 9
68376, 9
68377, 9
68378, 9
68379, 9
68380, 9
68381, 9
68382, 9
68383, 9
68384, 9
68385, 9
68386, 9
68387, 9
68388, 9
68389, 9
68390, 9
68391, 9
68392, 9
68393, 9
68394, 9
68395, 9
68396, 9
68397, 9
68398, 9
68399, 9
68400, 9
68401, 9
68402, 9
68403, 9
68404, 9
68405, 9
68406, 9
68407, 9
68408, 9
68409, 9
68410, 9
68411, 9
68412, 9
68413, 9
68414, 9
68415, 9
68416, 9
68417, 9
68418, 9
68419, 9
68420, 9
68421, 9
68422, 9
68423, 9
68424, 9
68425, 9
68426, 9
68427, 9
68428, 9
68429, 9
68430, 9
68431, 9
68432, 9
68433, 9
68434, 9
68435, 9
68436, 9
68437, 9
68438, 9
68439, 9
68440, 9
68441, 9
68442, 9
68443, 9
68444, 9
68445, 9
68446, 9
68447, 9
68448, 9
68449, 9
68450, 9
68451, 9
68452, 9
68453, 9
68454, 9
68455, 9
68456, 9
68457, 9
68458, 9
68459, 9
68460, 9
68461, 9
68462, 9
68463, 9
68464, 9
68465, 9
68466, 9
68467, 9
68468, 9
68469, 9
68470, 9
68471, 9
68472, 9
68473, 9
68474, 9
68475, 9
68476, 9
68477, 9
68478, 9
68479, 9
68480, 9
68481, 9
68482, 9
68483, 9
68484, 9
68485, 9
68486, 9
68487, 9
68488, 9
68489, 9
68490, 9
68491, 9
68492, 9
68493, 9
68494, 9
68495, 9
68496, 9
68497, 9
68498, 9
68499, 9
68500, 9
68501, 9
68502, 9
68503, 9
68504, 9
68505, 9
68506, 9
68507, 9
68508, 9
68509, 9
68510, 9
68511, 9
68512, 9
68513, 9
68514, 9
68515, 9
68516, 9
68517, 9
68518, 9
68519, 9
68520, 9
68521, 9
68522, 9
68523, 9
68524, 9
68525, 9
68526, 9
68527, 9
68528, 9
68529, 9
68530, 9
68531, 9
68532, 9
68533, 9
68534, 9
68535, 10
68536, 10
68537, 10
68538, 10
68539, 10
68540, 10
68541, 10
68542, 10
68543, 10
68544, 10
68545, 10
68546, 10
68547, 10
68548, 10
68549, 10
68550, 10
68551, 10
68552, 10
68553, 10
68554, 10
68555, 10
68556, 10
68557, 10
68558, 10
68559, 10
68560, 10
68561, 10
68562, 10
68563, 10
68564, 10
68565, 10
68566, 10
68567, 10
68568, 10
68569, 10
68570, 10
68571, 10
68572, 10
68573, 10
68574, 10
68575, 10
68576, 10
68577, 10
68578, 10
68579, 10
68580, 10
68581, 10
68582, 10
68583, 10
68584, 10
68585, 10
68586, 10
68587, 10
68588, 10
68589, 10
68590, 10
68591, 10
68592, 10
68593, 10
68594, 10
68595, 10
68596, 10
68597, 10
68598, 10
68599, 10
68600, 10
68601, 10
68602, 10
68603, 10
68604, 10
68605, 10
68606, 10
68607, 10
68608, 10
68609, 10
68610, 10
68611, 10
68612, 10
68613, 10
68614, 10
68615, 10
68616, 10
68617, 10
68618, 10
68619, 10
68620, 10
68621, 10
68622, 10
68623, 10
68624, 10
68625, 10
68626, 10
68627, 10
68628, 10
68629, 10
68630, 10
68631, 10
68632, 10
68633, 10
68634, 10
68635, 10
68636, 10
68637, 10
68638, 10
68639, 10
68640, 10
68641, 10
68642, 10
68643, 10
68644, 9
68645, 9
68646, 9
68647, 9
68648, 9
68649, 9
68650, 9
68651, 9
68652, 9
68653, 9
68654, 9
68655, 9
68656, 9
68657, 9
68658, 9
68659, 9
68660, 9
68661, 9
68662, 9
68663, 9
68664, 9
68665, 9
68666, 9
68667, 9
68668, 9
68669, 9
68670, 9
68671, 9
68672, 9
68673, 9
68674, 9
68675, 9
68676, 9
68677, 9
68678, 9
68679, 9
68680, 9
68681, 9
68682, 9
68683, 9
68684, 9
68685, 9
68686, 9
68687, 9
68688, 9
68689, 9
68690, 9
68691, 9
68692, 9
68693, 9
68694, 9
68695, 9
68696, 9
68697, 9
68698, 9
68699, 9
68700, 9
68701, 9
68702, 9
68703, 9
68704, 9
68705, 9
68706, 9
68707, 9
68708, 9
68709, 9
68710, 9
68711, 9
68712, 9
68713, 9
68714, 9
68715, 9
68716, 9
68717, 9
68718, 9
68719, 9
68720, 9
68721, 9
68722, 9
68723, 9
68724, 9
68725, 9
68726, 9
68727, 9
68728, 9
68729, 9
68730, 9
68731, 9
68732, 9
68733, 9
68734, 9
68735, 9
68736, 9
68737, 9
68738, 9
68739, 9
68740, 9
68741, 9
68742, 9
68743, 9
68744, 9
68745, 9
68746, 9
68747, 9
68748, 9
68749, 9
68750, 9
68751, 9
68752, 9
68753, 9
68754, 9
68755, 9
68756, 9
68757, 9
68758, 9
68759, 9
68760, 9
68761, 9
68762, 9
68763, 9
68764, 9
68765, 9
68766, 9
68767, 9
68768, 9
68769, 9
68770, 9
68771, 9
68772, 9
68773, 9
68774, 9
68775, 9
68776, 9
68777, 9
68778, 9
68779, 9
68780, 9
68781, 9
68782, 9
68783, 9
68784, 9
68785, 9
68786, 9
68787, 9
68788, 9
68789, 9
68790, 9
68791, 9
68792, 9
68793, 9
68794, 9
68795, 9
68796, 9
68797, 9
68798, 9
68799, 9
68800, 9
68801, 9
68802, 9
68803, 9
68804, 9
68805, 9
68806, 9
68807, 9
68808, 9
68809, 9
68810, 9
68811, 9
68812, 9
68813, 9
68814, 9
68815, 9
68816, 9
68817, 9
68818, 9
68819, 9
68820, 9
68821, 9
68822, 9
68823, 9
68824, 9
68825, 9
68826, 9
68827, 9
68828, 9
68829, 9
68830, 9
68831, 9
68832, 9
68833, 9
68834, 9
68835, 9
68836, 9
68837, 9
68838, 9
68839, 9
68840, 9
68841, 9
68842, 9
68843, 9
68844, 9
68845, 9
68846, 9
68847, 9
68848, 9
68849, 9
68850, 9
68851, 9
68852, 9
68853, 9
68854, 9
68855, 9
68856, 9
68857, 9
68858, 9
68859, 9
68860, 9
68861, 9
68862, 9
68863, 9
68864, 9
68865, 9
68866, 9
68867, 9
68868, 9
68869, 9
68870, 9
68871, 9
68872, 9
68873, 9
68874, 9
68875, 9
68876, 9
68877, 9
68878, 9
68879, 9
68880, 9
68881, 9
68882, 9
68883, 9
68884, 9
68885, 9
68886, 9
68887, 9
68888, 9
68889, 9
68890, 9
68891, 9
68892, 9
68893, 9
68894, 9
68895, 9
68896, 9
68897, 9
68898, 9
68899, 9
68900, 9
68901, 9
68902, 9
68903, 9
68904, 9
68905, 9
68906, 9
68907, 9
68908, 9
68909, 9
68910, 9
68911, 9
68912, 9
68913, 9
68914, 9
68915, 9
68916, 9
68917, 9
68918, 9
68919, 9
68920, 9
68921, 9
68922, 9
68923, 9
68924, 9
68925, 9
68926, 9
68927, 9
68928, 9
68929, 9
68930, 9
68931, 9
68932, 9
68933, 9
68934, 9
68935, 9
68936, 9
68937, 9
68938, 9
68939, 9
68940, 9
68941, 9
68942, 9
68943, 9
68944, 9
68945, 9
68946, 9
68947, 9
68948, 9
68949, 9
68950, 9
68951, 9
68952, 9
68953, 9
68954, 9
68955, 9
68956, 9
68957, 9
68958, 9
68959, 9
68960, 9
68961, 9
68962, 9
68963, 9
68964, 9
68965, 9
68966, 9
68967, 9
68968, 9
68969, 9
68970, 9
68971, 9
68972, 9
68973, 9
68974, 9
68975, 9
68976, 9
68977, 9
68978, 9
68979, 9
68980, 9
68981, 9
68982, 9
68983, 9
68984, 9
68985, 9
68986, 9
68987, 9
68988, 9
68989, 9
68990, 9
68991, 9
68992, 9
68993, 9
68994, 9
68995, 9
68996, 9
68997, 9
68998, 9
68999, 9
69000, 9
69001, 9
69002, 9
69003, 9
69004, 9
69005, 9
69006, 9
69007, 9
69008, 9
69009, 9
69010, 9
69011, 9
69012, 9
69013, 9
69014, 9
69015, 9
69016, 9
69017, 9
69018, 9
69019, 9
69020, 9
69021, 9
69022, 9
69023, 9
69024, 9
69025, 9
69026, 9
69027, 9
69028, 9
69029, 9
69030, 9
69031, 9
69032, 9
69033, 9
69034, 9
69035, 9
69036, 9
69037, 9
69038, 9
69039, 9
69040, 9
69041, 9
69042, 9
69043, 9
69044, 9
69045, 9
69046, 9
69047, 9
69048, 9
69049, 9
69050, 9
69051, 9
69052, 9
69053, 9
69054, 9
69055, 9
69056, 10
69057, 10
69058, 10
69059, 10
69060, 10
69061, 10
69062, 10
69063, 10
69064, 10
69065, 10
69066, 10
69067, 10
69068, 10
69069, 10
69070, 10
69071, 10
69072, 10
69073, 10
69074, 10
69075, 10
69076, 10
69077, 10
69078, 10
69079, 10
69080, 10
69081, 10
69082, 10
69083, 10
69084, 10
69085, 10
69086, 10
69087, 10
69088, 10
69089, 10
69090, 10
69091, 10
69092, 10
69093, 10
69094, 10
69095, 10
69096, 10
69097, 10
69098, 10
69099, 10
69100, 10
69101, 10
69102, 10
69103, 10
69104, 10
69105, 10
69106, 10
69107, 10
69108, 10
69109, 10
69110, 10
69111, 10
69112, 10
69113, 10
69114, 10
69115, 10
69116, 10
69117, 10
69118, 10
69119, 10
69120, 10
69121, 10
69122, 10
69123, 10
69124, 10
69125, 10
69126, 10
69127, 10
69128, 10
69129, 10
69130, 10
69131, 10
69132, 10
69133, 10
69134, 10
69135, 10
69136, 10
69137, 10
69138, 10
69139, 10
69140, 10
69141, 10
69142, 10
69143, 10
69144, 10
69145, 10
69146, 10
69147, 10
69148, 10
69149, 10
69150, 10
69151, 10
69152, 10
69153, 10
69154, 10
69155, 10
69156, 10
69157, 10
69158, 10
69159, 10
69160, 10
69161, 10
69162, 10
69163, 10
69164, 10
69165, 10
69166, 10
69167, 10
69168, 10
69169, 9
69170, 9
69171, 9
69172, 9
69173, 9
69174, 9
69175, 9
69176, 9
69177, 9
69178, 9
69179, 9
69180, 9
69181, 9
69182, 9
69183, 9
69184, 9
69185, 9
69186, 9
69187, 9
69188, 9
69189, 9
69190, 9
69191, 9
69192, 9
69193, 9
69194, 9
69195, 9
69196, 9
69197, 9
69198, 9
69199, 9
69200, 9
69201, 9
69202, 9
69203, 9
69204, 9
69205, 9
69206, 9
69207, 9
69208, 9
69209, 9
69210, 9
69211, 9
69212, 9
69213, 9
69214, 9
69215, 9
69216, 9
69217, 9
69218, 9
69219, 9
69220, 9
69221, 9
69222, 9
69223, 9
69224, 9
69225, 9
69226, 9
69227, 9
69228, 9
69229, 9
69230, 9
69231, 9
69232, 9
69233, 9
69234, 9
69235, 9
69236, 9
69237, 9
69238, 9
69239, 9
69240, 9
69241, 9
69242, 9
69243, 9
69244, 9
69245, 9
69246, 9
69247, 9
69248, 9
69249, 9
69250, 9
69251, 9
69252, 9
69253, 9
69254, 9
69255, 9
69256, 9
69257, 9
69258, 9
69259, 9
69260, 9
69261, 9
69262, 9
69263, 9
69264, 9
69265, 9
69266, 9
69267, 9
69268, 9
69269, 9
69270, 9
69271, 9
69272, 9
69273, 9
69274, 9
69275, 9
69276, 9
69277, 9
69278, 9
69279, 9
69280, 9
69281, 9
69282, 9
69283, 9
69284, 9
69285, 9
69286, 9
69287, 9
69288, 9
69289, 9
69290, 9
69291, 9
69292, 9
69293, 9
69294, 9
69295, 9
69296, 9
69297, 9
69298, 9
69299, 9
69300, 9
69301, 9
69302, 9
69303, 9
69304, 9
69305, 9
69306, 9
69307, 9
69308, 9
69309, 9
69310, 9
69311, 9
69312, 9
69313, 9
69314, 9
69315, 9
69316, 9
69317, 9
69318, 9
69319, 9
69320, 9
69321, 9
69322, 9
69323, 9
69324, 9
69325, 9
69326, 9
69327, 9
69328, 9
69329, 9
69330, 9
69331, 9
69332, 9
69333, 9
69334, 9
69335, 9
69336, 9
69337, 9
69338, 9
69339, 9
69340, 9
69341, 9
69342, 9
69343, 9
69344, 9
69345, 9
69346, 9
69347, 9
69348, 9
69349, 9
69350, 9
69351, 9
69352, 9
69353, 9
69354, 9
69355, 9
69356, 9
69357, 9
69358, 9
69359, 9
69360, 9
69361, 9
69362, 9
69363, 9
69364, 9
69365, 9
69366, 9
69367, 9
69368, 9
69369, 9
69370, 9
69371, 9
69372, 9
69373, 9
69374, 9
69375, 9
69376, 9
69377, 9
69378, 9
69379, 9
69380, 9
69381, 9
69382, 9
69383, 9
69384, 9
69385, 9
69386, 9
69387, 9
69388, 9
69389, 9
69390, 9
69391, 9
69392, 9
69393, 9
69394, 9
69395, 9
69396, 9
69397, 9
69398, 9
69399, 9
69400, 9
69401, 9
69402, 9
69403, 9
69404, 9
69405, 9
69406, 9
69407, 9
69408, 9
69409, 9
69410, 9
69411, 9
69412, 9
69413, 9
69414, 9
69415, 9
69416, 9
69417, 9
69418, 9
69419, 9
69420, 9
69421, 9
69422, 9
69423, 9
69424, 9
69425, 9
69426, 9
69427, 9
69428, 9
69429, 9
69430, 9
69431, 9
69432, 9
69433, 9
69434, 9
69435, 9
69436, 9
69437, 9
69438, 9
69439, 9
69440, 9
69441, 9
69442, 9
69443, 9
69444, 9
69445, 9
69446, 9
69447, 9
69448, 9
69449, 9
69450, 9
69451, 9
69452, 9
69453, 9
69454, 9
69455, 9
69456, 9
69457, 9
69458, 9
69459, 9
69460, 9
69461, 9
69462, 9
69463, 9
69464, 9
69465, 9
69466, 9
69467, 9
69468, 9
69469, 9
69470, 9
69471, 9
69472, 9
69473, 9
69474, 9
69475, 9
69476, 9
69477, 9
69478, 9
69479, 9
69480, 9
69481, 9
69482, 9
69483, 9
69484, 9
69485, 9
69486, 9
69487, 9
69488, 9
69489, 9
69490, 9
69491, 9
69492, 9
69493, 9
69494, 9
69495, 9
69496, 9
69497, 9
69498, 9
69499, 9
69500, 9
69501, 9
69502, 9
69503, 9
69504, 9
69505, 9
69506, 9
69507, 9
69508, 9
69509, 9
69510, 9
69511, 9
69512, 9
69513, 9
69514, 9
69515, 9
69516, 9
69517, 9
69518, 9
69519, 9
69520, 9
69521, 9
69522, 9
69523, 9
69524, 9
69525, 9
69526, 9
69527, 9
69528, 9
69529, 9
69530, 9
69531, 9
69532, 9
69533, 9
69534, 9
69535, 9
69536, 9
69537, 9
69538, 9
69539, 9
69540, 9
69541, 9
69542, 9
69543, 9
69544, 9
69545, 9
69546, 9
69547, 9
69548, 9
69549, 9
69550, 9
69551, 9
69552, 9
69553, 9
69554, 9
69555, 9
69556, 9
69557, 9
69558, 9
69559, 9
69560, 9
69561, 9
69562, 9
69563, 9
69564, 9
69565, 9
69566, 9
69567, 9
69568, 9
69569, 9
69570, 9
69571, 9
69572, 9
69573, 9
69574, 9
69575, 9
69576, 9
69577, 9
69578, 10
69579, 10
69580, 10
69581, 10
69582, 10
69583, 10
69584, 10
69585, 10
69586, 10
69587, 10
69588, 10
69589, 10
69590, 10
69591, 10
69592, 10
69593, 10
69594, 10
69595, 10
69596, 10
69597, 10
69598, 10
69599, 10
69600, 10
69601, 10
69602, 10
69603, 10
69604, 10
69605, 10
69606, 10
69607, 10
69608, 10
69609, 10
69610, 10
69611, 10
69612, 10
69613, 10
69614, 10
69615, 10
69616, 10
69617, 10
69618, 10
69619, 10
69620, 10
69621, 10
69622, 10
69623, 10
69624, 10
69625, 10
69626, 10
69627, 10
69628, 10
69629, 10
69630, 10
69631, 10
69632, 10
69633, 10
69634, 10
69635, 10
69636, 10
69637, 10
69638, 10
69639, 10
69640, 10
69641, 10
69642, 10
69643, 10
69644, 10
69645, 10
69646, 10
69647, 10
69648, 10
69649, 10
69650, 10
69651, 10
69652, 10
69653, 10
69654, 10
69655, 10
69656, 10
69657, 10
69658, 10
69659, 10
69660, 10
69661, 10
69662, 10
69663, 10
69664, 10
69665, 10
69666, 10
69667, 10
69668, 10
69669, 10
69670, 10
69671, 10
69672, 10
69673, 10
69674, 10
69675, 10
69676, 10
69677, 10
69678, 10
69679, 10
69680, 10
69681, 10
69682, 10
69683, 10
69684, 10
69685, 10
69686, 10
69687, 10
69688, 10
69689, 10
69690, 10
69691, 10
69692, 10
69693, 10
69694, 10
69695, 10
69696, 9
69697, 9
69698, 9
69699, 9
69700, 9
69701, 9
69702, 9
69703, 9
69704, 9
69705, 9
69706, 9
69707, 9
69708, 9
69709, 9
69710, 9
69711, 9
69712, 9
69713, 9
69714, 9
69715, 9
69716, 9
69717, 9
69718, 9
69719, 9
69720, 9
69721, 9
69722, 9
69723, 9
69724, 9
69725, 9
69726, 9
69727, 9
69728, 9
69729, 9
69730, 9
69731, 9
69732, 9
69733, 9
69734, 9
69735, 9
69736, 9
69737, 9
69738, 9
69739, 9
69740, 9
69741, 9
69742, 9
69743, 9
69744, 9
69745, 9
69746, 9
69747, 9
69748, 9
69749, 9
69750, 9
69751, 9
69752, 9
69753, 9
69754, 9
69755, 9
69756, 9
69757, 9
69758, 9
69759, 9
69760, 9
69761, 9
69762, 9
69763, 9
69764, 9
69765, 9
69766, 9
69767, 9
69768, 9
69769, 9
69770, 9
69771, 9
69772, 9
69773, 9
69774, 9
69775, 9
69776, 9
69777, 9
69778, 9
69779, 9
69780, 9
69781, 9
69782, 9
69783, 9
69784, 9
69785, 9
69786, 9
69787, 9
69788, 9
69789, 9
69790, 9
69791, 9
69792, 9
69793, 9
69794, 9
69795, 9
69796, 9
69797, 9
69798, 9
69799, 9
69800, 9
69801, 9
69802, 9
69803, 9
69804, 9
69805, 9
69806, 9
69807, 9
69808, 9
69809, 9
69810, 9
69811, 9
69812, 9
69813, 9
69814, 9
69815, 9
69816, 9
69817, 9
69818, 9
69819, 9
69820, 9
69821, 9
69822, 9
69823, 9
69824, 9
69825, 9
69826, 9
69827, 9
69828, 9
69829, 9
69830, 9
69831, 9
69832, 9
69833, 9
69834, 9
69835, 9
69836, 9
69837, 9
69838, 9
69839, 9
69840, 9
69841, 9
69842, 9
69843, 9
69844, 9
69845, 9
69846, 9
69847, 9
69848, 9
69849, 9
69850, 9
69851, 9
69852, 9
69853, 9
69854, 9
69855, 9
69856, 9
69857, 9
69858, 9
69859, 9
69860, 9
69861, 9
69862, 9
69863, 9
69864, 9
69865, 9
69866, 9
69867, 9
69868, 9
69869, 9
69870, 9
69871, 9
69872, 9
69873, 9
69874, 9
69875, 9
69876, 9
69877, 9
69878, 9
69879, 9
69880, 9
69881, 9
69882, 9
69883, 9
69884, 9
69885, 9
69886, 9
69887, 9
69888, 9
69889, 9
69890, 9
69891, 9
69892, 9
69893, 9
69894, 9
69895, 9
69896, 9
69897, 9
69898, 9
69899, 9
69900, 9
69901, 9
69902, 9
69903, 9
69904, 9
69905, 9
69906, 9
69907, 9
69908, 9
69909, 9
69910, 9
69911, 9
69912, 9
69913, 9
69914, 9
69915, 9
69916, 9
69917, 9
69918, 9
69919, 9
69920, 9
69921, 9
69922, 9
69923, 9
69924, 9
69925, 9
69926, 9
69927, 9
69928, 9
69929, 9
69930, 9
69931, 9
69932, 9
69933, 9
69934, 9
69935, 9
69936, 9
69937, 9
69938, 9
69939, 9
69940, 9
69941, 9
69942, 9
69943, 9
69944, 9
69945, 9
69946, 9
69947, 9
69948, 9
69949, 9
69950, 9
69951, 9
69952, 9
69953, 9
69954, 9
69955, 9
69956, 9
69957, 9
69958, 9
69959, 9
69960, 9
69961, 9
69962, 9
69963, 9
69964, 9
69965, 9
69966, 9
69967, 9
69968, 9
69969, 9
69970, 9
69971, 9
69972, 9
69973, 9
69974, 9
69975, 9
69976, 9
69977, 9
69978, 9
69979, 9
69980, 9
69981, 9
69982, 9
69983, 9
69984, 9
69985, 9
69986, 9
69987, 9
69988, 9
69989, 9
69990, 9
69991, 9
69992, 9
69993, 9
69994, 9
69995, 9
69996, 9
69997, 9
69998, 9
69999, 9
70000, 9
70001, 9
70002, 9
70003, 9
70004, 9
70005, 9
70006, 9
70007, 9
70008, 9
70009, 9
70010, 9
70011, 9
70012, 9
70013, 9
70014, 9
70015, 9
70016, 9
70017, 9
70018, 9
70019, 9
70020, 9
70021, 9
70022, 9
70023, 9
70024, 9
70025, 9
70026, 9
70027, 9
70028, 9
70029, 9
70030, 9
70031, 9
70032, 9
70033, 9
70034, 9
70035, 9
70036, 9
70037, 9
70038, 9
70039, 9
70040, 9
70041, 9
70042, 9
70043, 9
70044, 9
70045, 9
70046, 9
70047, 9
70048, 9
70049, 9
70050, 9
70051, 9
70052, 9
70053, 9
70054, 9
70055, 9
70056, 9
70057, 9
70058, 9
70059, 9
70060, 9
70061, 9
70062, 9
70063, 9
70064, 9
70065, 9
70066, 9
70067, 9
70068, 9
70069, 9
70070, 9
70071, 9
70072, 9
70073, 9
70074, 9
70075, 9
70076, 9
70077, 9
70078, 9
70079, 9
70080, 9
70081, 9
70082, 9
70083, 9
70084, 9
70085, 9
70086, 9
70087, 9
70088, 9
70089, 9
70090, 9
70091, 9
70092, 9
70093, 9
70094, 9
70095, 9
70096, 9
70097, 9
70098, 9
70099, 9
70100, 9
70101, 9
70102, 9
70103, 10
70104, 10
70105, 10
70106, 10
70107, 10
70108, 10
70109, 10
70110, 10
70111, 10
70112, 10
70113, 10
70114, 10
70115, 10
70116, 10
70117, 10
70118, 10
70119, 10
70120, 10
70121, 10
70122, 10
70123, 10
70124, 10
70125, 10
70126, 10
70127, 10
70128, 10
70129, 10
70130, 10
70131, 10
70132, 10
70133, 10
70134, 10
70135, 10
70136, 10
70137, 10
70138, 10
70139, 10
70140, 10
70141, 10
70142, 10
70143, 10
70144, 10
70145, 10
70146, 10
70147, 10
70148, 10
70149, 10
70150, 10
70151, 10
70152, 10
70153, 10
70154, 10
70155, 10
70156, 10
70157, 10
70158, 10
70159, 10
70160, 10
70161, 10
70162, 10
70163, 10
70164, 10
70165, 10
70166, 10
70167, 10
70168, 10
70169, 10
70170, 10
70171, 10
70172, 10
70173, 10
70174, 10
70175, 10
70176, 10
70177, 10
70178, 10
70179, 10
70180, 10
70181, 10
70182, 10
70183, 10
70184, 10
70185, 10
70186, 10
70187, 10
70188, 10
70189, 10
70190, 10
70191, 10
70192, 10
70193, 10
70194, 10
70195, 10
70196, 10
70197, 10
70198, 10
70199, 10
70200, 10
70201, 10
70202, 10
70203, 10
70204, 10
70205, 10
70206, 10
70207, 10
70208, 10
70209, 10
70210, 10
70211, 10
70212, 10
70213, 10
70214, 10
70215, 10
70216, 10
70217, 10
70218, 10
70219, 10
70220, 10
70221, 10
70222, 10
70223, 10
70224, 10
70225, 9
70226, 9
70227, 9
70228, 9
70229, 9
70230, 9
70231, 9
70232, 9
70233, 9
70234, 9
70235, 9
70236, 9
70237, 9
70238, 9
70239, 9
70240, 9
70241, 9
70242, 9
70243, 9
70244, 9
70245, 9
70246, 9
70247, 9
70248, 9
70249, 9
70250, 9
70251, 9
70252, 9
70253, 9
70254, 9
70255, 9
70256, 9
70257, 9
70258, 9
70259, 9
70260, 9
70261, 9
70262, 9
70263, 9
70264, 9
70265, 9
70266, 9
70267, 9
70268, 9
70269, 9
70270, 9
70271, 9
70272, 9
70273, 9
70274, 9
70275, 9
70276, 9
70277, 9
70278, 9
70279, 9
70280, 9
70281, 9
70282, 9
70283, 9
70284, 9
70285, 9
70286, 9
70287, 9
70288, 9
70289, 9
70290, 9
70291, 9
70292, 9
70293, 9
70294, 9
70295, 9
70296, 9
70297, 9
70298, 9
70299, 9
70300, 9
70301, 9
70302, 9
70303, 9
70304, 9
70305, 9
70306, 9
70307, 9
70308, 9
70309, 9
70310, 9
70311, 9
70312, 9
70313, 9
70314, 9
70315, 9
70316, 9
70317, 9
70318, 9
70319, 9
70320, 9
70321, 9
70322, 9
70323, 9
70324, 9
70325, 9
70326, 9
70327, 9
70328, 9
70329, 9
70330, 9
70331, 9
70332, 9
70333, 9
70334, 9
70335, 9
70336, 9
70337, 9
70338, 9
70339, 9
70340, 9
70341, 9
70342, 9
70343, 9
70344, 9
70345, 9
70346, 9
70347, 9
70348, 9
70349, 9
70350, 9
70351, 9
70352, 9
70353, 9
70354, 9
70355, 9
70356, 9
70357, 9
70358, 9
70359, 9
70360, 9
70361, 9
70362, 9
70363, 9
70364, 9
70365, 9
70366, 9
70367, 9
70368, 9
70369, 9
70370, 9
70371, 9
70372, 9
70373, 9
70374, 9
70375, 9
70376, 9
70377, 9
70378, 9
70379, 9
70380, 9
70381, 9
70382, 9
70383, 9
70384, 9
70385, 9
70386, 9
70387, 9
70388, 9
70389, 9
70390, 9
70391, 9
70392, 9
70393, 9
70394, 9
70395, 9
70396, 9
70397, 9
70398, 9
70399, 9
70400, 9
70401, 9
70402, 9
70403, 9
70404, 9
70405, 9
70406, 9
70407, 9
70408, 9
70409, 9
70410, 9
70411, 9
70412, 9
70413, 9
70414, 9
70415, 9
70416, 9
70417, 9
70418, 9
70419, 9
70420, 9
70421, 9
70422, 9
70423, 9
70424, 9
70425, 9
70426, 9
70427, 9
70428, 9
70429, 9
70430, 9
70431, 9
70432, 9
70433, 9
70434, 9
70435, 9
70436, 9
70437, 9
70438, 9
70439, 9
70440, 9
70441, 9
70442, 9
70443, 9
70444, 9
70445, 9
70446, 9
70447, 9
70448, 9
70449, 9
70450, 9
70451, 9
70452, 9
70453, 9
70454, 9
70455, 9
70456, 9
70457, 9
70458, 9
70459, 9
70460, 9
70461, 9
70462, 9
70463, 9
70464, 9
70465, 9
70466, 9
70467, 9
70468, 9
70469, 9
70470, 9
70471, 9
70472, 9
70473, 9
70474, 9
70475, 9
70476, 9
70477, 9
70478, 9
70479, 9
70480, 9
70481, 9
70482, 9
70483, 9
70484, 9
70485, 9
70486, 9
70487, 9
70488, 9
70489, 9
70490, 9
70491, 9
70492, 9
70493, 9
70494, 9
70495, 9
70496, 9
70497, 9
70498, 9
70499, 9
70500, 9
70501, 9
70502, 9
70503, 9
70504, 9
70505, 9
70506, 9
70507, 9
70508, 9
70509, 9
70510, 9
70511, 9
70512, 9
70513, 9
70514, 9
70515, 9
70516, 9
70517, 9
70518, 9
70519, 9
70520, 9
70521, 9
70522, 9
70523, 9
70524, 9
70525, 9
70526, 9
70527, 9
70528, 9
70529, 9
70530, 9
70531, 9
70532, 9
70533, 9
70534, 9
70535, 9
70536, 9
70537, 9
70538, 9
70539, 9
70540, 9
70541, 9
70542, 9
70543, 9
70544, 9
70545, 9
70546, 9
70547, 9
70548, 9
70549, 9
70550, 9
70551, 9
70552, 9
70553, 9
70554, 9
70555, 9
70556, 9
70557, 9
70558, 9
70559, 9
70560, 9
70561, 9
70562, 9
70563, 9
70564, 9
70565, 9
70566, 9
70567, 9
70568, 9
70569, 9
70570, 9
70571, 9
70572, 9
70573, 9
70574, 9
70575, 9
70576, 9
70577, 9
70578, 9
70579, 9
70580, 9
70581, 9
70582, 9
70583, 9
70584, 9
70585, 9
70586, 9
70587, 9
70588, 9
70589, 9
70590, 9
70591, 9
70592, 9
70593, 9
70594, 9
70595, 9
70596, 9
70597, 9
70598, 9
70599, 9
70600, 9
70601, 9
70602, 9
70603, 9
70604, 9
70605, 9
70606, 9
70607, 9
70608, 9
70609, 9
70610, 9
70611, 9
70612, 9
70613, 9
70614, 9
70615, 9
70616, 9
70617, 9
70618, 9
70619, 9
70620, 9
70621, 9
70622, 9
70623, 9
70624, 9
70625, 9
70626, 9
70627, 9
70628, 9
70629, 10
70630, 10
70631, 10
70632, 10
70633, 10
70634, 10
70635, 10
70636, 10
70637, 10
70638, 10
70639, 10
70640, 10
70641, 10
70642, 10
70643, 10
70644, 10
70645, 10
70646, 10
70647, 10
70648, 10
70649, 10
70650, 10
70651, 10
70652, 10
70653, 10
70654, 10
70655, 10
70656, 10
70657, 10
70658, 10
70659, 10
70660, 10
70661, 10
70662, 10
70663, 10
70664, 10
70665, 10
70666, 10
70667, 10
70668, 10
70669, 10
70670, 10
70671, 10
70672, 10
70673, 10
70674, 10
70675, 10
70676, 10
70677, 10
70678, 10
70679, 10
70680, 10
70681, 10
70682, 10
70683, 10
70684, 10
70685, 10
70686, 10
70687, 10
70688, 10
70689, 10
70690, 10
70691, 10
70692, 10
70693, 10
70694, 10
70695, 10
70696, 10
70697, 10
70698, 10
70699, 10
70700, 10
70701, 10
70702, 10
70703, 10
70704, 10
70705, 10
70706, 10
70707, 10
70708, 10
70709, 10
70710, 10
70711, 10
70712, 10
70713, 10
70714, 10
70715, 10
70716, 10
70717, 10
70718, 10
70719, 10
70720, 10
70721, 10
70722, 10
70723, 10
70724, 10
70725, 10
70726, 10
70727, 10
70728, 10
70729, 10
70730, 10
70731, 10
70732, 10
70733, 10
70734, 10
70735, 10
70736, 10
70737, 10
70738, 10
70739, 10
70740, 10
70741, 10
70742, 10
70743, 10
70744, 10
70745, 10
70746, 10
70747, 10
70748, 10
70749, 10
70750, 10
70751, 10
70752, 10
70753, 10
70754, 10
70755, 10
70756, 9
70757, 9
70758, 9
70759, 9
70760, 9
70761, 9
70762, 9
70763, 9
70764, 9
70765, 9
70766, 9
70767, 9
70768, 9
70769, 9
70770, 9
70771, 9
70772, 9
70773, 9
70774, 9
70775, 9
70776, 9
70777, 9
70778, 9
70779, 9
70780, 9
70781, 9
70782, 9
70783, 9
70784, 9
70785, 9
70786, 9
70787, 9
70788, 9
70789, 9
70790, 9
70791, 9
70792, 9
70793, 9
70794, 9
70795, 9
70796, 9
70797, 9
70798, 9
70799, 9
70800, 9
70801, 9
70802, 9
70803, 9
70804, 9
70805, 9
70806, 9
70807, 9
70808, 9
70809, 9
70810, 9
70811, 9
70812, 9
70813, 9
70814, 9
70815, 9
70816, 9
70817, 9
70818, 9
70819, 9
70820, 9
70821, 9
70822, 9
70823, 9
70824, 9
70825, 9
70826, 9
70827, 9
70828, 9
70829, 9
70830, 9
70831, 9
70832, 9
70833, 9
70834, 9
70835, 9
70836, 9
70837, 9
70838, 9
70839, 9
70840, 9
70841, 9
70842, 9
70843, 9
70844, 9
70845, 9
70846, 9
70847, 9
70848, 9
70849, 9
70850, 9
70851, 9
70852, 9
70853, 9
70854, 9
70855, 9
70856, 9
70857, 9
70858, 9
70859, 9
70860, 9
70861, 9
70862, 9
70863, 9
70864, 9
70865, 9
70866, 9
70867, 9
70868, 9
70869, 9
70870, 9
70871, 9
70872, 9
70873, 9
70874, 9
70875, 9
70876, 9
70877, 9
70878, 9
70879, 9
70880, 9
70881, 9
70882, 9
70883, 9
70884, 9
70885, 9
70886, 9
70887, 9
70888, 9
70889, 9
70890, 9
70891, 9
70892, 9
70893, 9
70894, 9
70895, 9
70896, 9
70897, 9
70898, 9
70899, 9
70900, 9
70901, 9
70902, 9
70903, 9
70904, 9
70905, 9
70906, 9
70907, 9
70908, 9
70909, 9
70910, 9
70911, 9
70912, 9
70913, 9
70914, 9
70915, 9
70916, 9
70917, 9
70918, 9
70919, 9
70920, 9
70921, 9
70922, 9
70923, 9
70924, 9
70925, 9
70926, 9
70927, 9
70928, 9
70929, 9
70930, 9
70931, 9
70932, 9
70933, 9
70934, 9
70935, 9
70936, 9
70937, 9
70938, 9
70939, 9
70940, 9
70941, 9
70942, 9
70943, 9
70944, 9
70945, 9
70946, 9
70947, 9
70948, 9
70949, 9
70950, 9
70951, 9
70952, 9
70953, 9
70954, 9
70955, 9
70956, 9
70957, 9
70958, 9
70959, 9
70960, 9
70961, 9
70962, 9
70963, 9
70964, 9
70965, 9
70966, 9
70967, 9
70968, 9
70969, 9
70970, 9
70971, 9
70972, 9
70973, 9
70974, 9
70975, 9
70976, 9
70977, 9
70978, 9
70979, 9
70980, 9
70981, 9
70982, 9
70983, 9
70984, 9
70985, 9
70986, 9
70987, 9
70988, 9
70989, 9
70990, 9
70991, 9
70992, 9
70993, 9
70994, 9
70995, 9
70996, 9
70997, 9
70998, 9
70999, 9
71000, 9
71001, 9
71002, 9
71003, 9
71004, 9
71005, 9
71006, 9
71007, 9
71008, 9
71009, 9
71010, 9
71011, 9
71012, 9
71013, 9
71014, 9
71015, 9
71016, 9
71017, 9
71018, 9
71019, 9
71020, 9
71021, 9
71022, 9
71023, 9
71024, 9
71025, 9
71026, 9
71027, 9
71028, 9
71029, 9
71030, 9
71031, 9
71032, 9
71033, 9
71034, 9
71035, 9
71036, 9
71037, 9
71038, 9
71039, 9
71040, 9
71041, 9
71042, 9
71043, 9
71044, 9
71045, 9
71046, 9
71047, 9
71048, 9
71049, 9
71050, 9
71051, 9
71052, 9
71053, 9
71054, 9
71055, 9
71056, 9
71057, 9
71058, 9
71059, 9
71060, 9
71061, 9
71062, 9
71063, 9
71064, 9
71065, 9
71066, 9
71067, 9
71068, 9
71069, 9
71070, 9
71071, 9
71072, 9
71073, 9
71074, 9
71075, 9
71076, 9
71077, 9
71078, 9
71079, 9
71080, 9
71081, 9
71082, 9
71083, 9
71084, 9
71085, 9
71086, 9
71087, 9
71088, 9
71089, 9
71090, 9
71091, 9
71092, 9
71093, 9
71094, 9
71095, 9
71096, 9
71097, 9
71098, 9
71099, 9
71100, 9
71101, 9
71102, 9
71103, 9
71104, 9
71105, 9
71106, 9
71107, 9
71108, 9
71109, 9
71110, 9
71111, 9
71112, 9
71113, 9
71114, 9
71115, 9
71116, 9
71117, 9
71118, 9
71119, 9
71120, 9
71121, 9
71122, 9
71123, 9
71124, 9
71125, 9
71126, 9
71127, 9
71128, 9
71129, 9
71130, 9
71131, 9
71132, 9
71133, 9
71134, 9
71135, 9
71136, 9
71137, 9
71138, 9
71139, 9
71140, 9
71141, 9
71142, 9
71143, 9
71144, 9
71145, 9
71146, 9
71147, 9
71148, 9
71149, 9
71150, 9
71151, 9
71152, 9
71153, 9
71154, 9
71155, 9
71156, 9
71157, 9
71158, 10
71159, 10
71160, 10
71161, 10
71162, 10
71163, 10
71164, 10
71165, 10
71166, 10
71167, 10
71168, 10
71169, 10
71170, 10
71171, 10
71172, 10
71173, 10
71174, 10
71175, 10
71176, 10
71177, 10
71178, 10
71179, 10
71180, 10
71181, 10
71182, 10
71183, 10
71184, 10
71185, 10
71186, 10
71187, 10
71188, 10
71189, 10
71190, 10
71191, 10
71192, 10
71193, 10
71194, 10
71195, 10
71196, 10
71197, 10
71198, 10
71199, 10
71200, 10
71201, 10
71202, 10
71203, 10
71204, 10
71205, 10
71206, 10
71207, 10
71208, 10
71209, 10
71210, 10
71211, 10
71212, 10
71213, 10
71214, 10
71215, 10
71216, 10
71217, 10
71218, 10
71219, 10
71220, 10
71221, 10
71222, 10
71223, 10
71224, 10
71225, 10
71226, 10
71227, 10
71228, 10
71229, 10
71230, 10
71231, 10
71232, 10
71233, 10
71234, 10
71235, 10
71236, 10
71237, 10
71238, 10
71239, 10
71240, 10
71241, 10
71242, 10
71243, 10
71244, 10
71245, 10
71246, 10
71247, 10
71248, 10
71249, 10
71250, 10
71251, 10
71252, 10
71253, 10
71254, 10
71255, 10
71256, 10
71257, 10
71258, 10
71259, 10
71260, 10
71261, 10
71262, 10
71263, 10
71264, 10
71265, 10
71266, 10
71267, 10
71268, 10
71269, 10
71270, 10
71271, 10
71272, 10
71273, 10
71274, 10
71275, 10
71276, 10
71277, 10
71278, 10
71279, 10
71280, 10
71281, 10
71282, 10
71283, 10
71284, 10
71285, 10
71286, 10
71287, 10
71288, 10
71289, 9
71290, 9
71291, 9
71292, 9
71293, 9
71294, 9
71295, 9
71296, 9
71297, 9
71298, 9
71299, 9
71300, 9
71301, 9
71302, 9
71303, 9
71304, 9
71305, 9
71306, 9
71307, 9
71308, 9
71309, 9
71310, 9
71311, 9
71312, 9
71313, 9
71314, 9
71315, 9
71316, 9
71317, 9
71318, 9
71319, 9
71320, 9
71321, 9
71322, 9
71323, 9
71324, 9
71325, 9
71326, 9
71327, 9
71328, 9
71329, 9
71330, 9
71331, 9
71332, 9
71333, 9
71334, 9
71335, 9
71336, 9
71337, 9
71338, 9
71339, 9
71340, 9
71341, 9
71342, 9
71343, 9
71344, 9
71345, 9
71346, 9
71347, 9
71348, 9
71349, 9
71350, 9
71351, 9
71352, 9
71353, 9
71354, 9
71355, 9
71356, 9
71357, 9
71358, 9
71359, 9
71360, 9
71361, 9
71362, 9
71363, 9
71364, 9
71365, 9
71366, 9
71367, 9
71368, 9
71369, 9
71370, 9
71371, 9
71372, 9
71373, 9
71374, 9
71375, 9
71376, 9
71377, 9
71378, 9
71379, 9
71380, 9
71381, 9
71382, 9
71383, 9
71384, 9
71385, 9
71386, 9
71387, 9
71388, 9
71389, 9
71390, 9
71391, 9
71392, 9
71393, 9
71394, 9
71395, 9
71396, 9
71397, 9
71398, 9
71399, 9
71400, 9
71401, 9
71402, 9
71403, 9
71404, 9
71405, 9
71406, 9
71407, 9
71408, 9
71409, 9
71410, 9
71411, 9
71412, 9
71413, 9
71414, 9
71415, 9
71416, 9
71417, 9
71418, 9
71419, 9
71420, 9
71421, 9
71422, 9
71423, 9
71424, 9
71425, 9
71426, 9
71427, 9
71428, 9
71429, 9
71430, 9
71431, 9
71432, 9
71433, 9
71434, 9
71435, 9
71436, 9
71437, 9
71438, 9
71439, 9
71440, 9
71441, 9
71442, 9
71443, 9
71444, 9
71445, 9
71446, 9
71447, 9
71448, 9
71449, 9
71450, 9
71451, 9
71452, 9
71453, 9
71454, 9
71455, 9
71456, 9
71457, 9
71458, 9
71459, 9
71460, 9
71461, 9
71462, 9
71463, 9
71464, 9
71465, 9
71466, 9
71467, 9
71468, 9
71469, 9
71470, 9
71471, 9
71472, 9
71473, 9
71474, 9
71475, 9
71476, 9
71477, 9
71478, 9
71479, 9
71480, 9
71481, 9
71482, 9
71483, 9
71484, 9
71485, 9
71486, 9
71487, 9
71488, 9
71489, 9
71490, 9
71491, 9
71492, 9
71493, 9
71494, 9
71495, 9
71496, 9
71497, 9
71498, 9
71499, 9
71500, 9
71501, 9
71502, 9
71503, 9
71504, 9
71505, 9
71506, 9
71507, 9
71508, 9
71509, 9
71510, 9
71511, 9
71512, 9
71513, 9
71514, 9
71515, 9
71516, 9
71517, 9
71518, 9
71519, 9
71520, 9
71521, 9
71522, 9
71523, 9
71524, 9
71525, 9
71526, 9
71527, 9
71528, 9
71529, 9
71530, 9
71531, 9
71532, 9
71533, 9
71534, 9
71535, 9
71536, 9
71537, 9
71538, 9
71539, 9
71540, 9
71541, 9
71542, 9
71543, 9
71544, 9
71545, 9
71546, 9
71547, 9
71548, 9
71549, 9
71550, 9
71551, 9
71552, 9
71553, 9
71554, 9
71555, 9
71556, 9
71557, 9
71558, 9
71559, 9
71560, 9
71561, 9
71562, 9
71563, 9
71564, 9
71565, 9
71566, 9
71567, 9
71568, 9
71569, 9
71570, 9
71571, 9
71572, 9
71573, 9
71574, 9
71575, 9
71576, 9
71577, 9
71578, 9
71579, 9
71580, 9
71581, 9
71582, 9
71583, 9
71584, 9
71585, 9
71586, 9
71587, 9
71588, 9
71589, 9
71590, 9
71591, 9
71592, 9
71593, 9
71594, 9
71595, 9
71596, 9
71597, 9
71598, 9
71599, 9
71600, 9
71601, 9
71602, 9
71603, 9
71604, 9
71605, 9
71606, 9
71607, 9
71608, 9
71609, 9
71610, 9
71611, 9
71612, 9
71613, 9
71614, 9
71615, 9
71616, 9
71617, 9
71618, 9
71619, 9
71620, 9
71621, 9
71622, 9
71623, 9
71624, 9
71625, 9
71626, 9
71627, 9
71628, 9
71629, 9
71630, 9
71631, 9
71632, 9
71633, 9
71634, 9
71635, 9
71636, 9
71637, 9
71638, 9
71639, 9
71640, 9
71641, 9
71642, 9
71643, 9
71644, 9
71645, 9
71646, 9
71647, 9
71648, 9
71649, 9
71650, 9
71651, 9
71652, 9
71653, 9
71654, 9
71655, 9
71656, 9
71657, 9
71658, 9
71659, 9
71660, 9
71661, 9
71662, 9
71663, 9
71664, 9
71665, 9
71666, 9
71667, 9
71668, 9
71669, 9
71670, 9
71671, 9
71672, 9
71673, 9
71674, 9
71675, 9
71676, 9
71677, 9
71678, 9
71679, 9
71680, 9
71681, 9
71682, 9
71683, 9
71684, 9
71685, 9
71686, 9
71687, 9
71688, 10
71689, 10
71690, 10
71691, 10
71692, 10
71693, 10
71694, 10
71695, 10
71696, 10
71697, 10
71698, 10
71699, 10
71700, 10
71701, 10
71702, 10
71703, 10
71704, 10
71705, 10
71706, 10
71707, 10
71708, 10
71709, 10
71710, 10
71711, 10
71712, 10
71713, 10
71714, 10
71715, 10
71716, 10
71717, 10
71718, 10
71719, 10
71720, 10
71721, 10
71722, 10
71723, 10
71724, 10
71725, 10
71726, 10
71727, 10
71728, 10
71729, 10
71730, 10
71731, 10
71732, 10
71733, 10
71734, 10
71735, 10
71736, 10
71737, 10
71738, 10
71739, 10
71740, 10
71741, 10
71742, 10
71743, 10
71744, 10
71745, 10
71746, 10
71747, 10
71748, 10
71749, 10
71750, 10
71751, 10
71752, 10
71753, 10
71754, 10
71755, 10
71756, 10
71757, 10
71758, 10
71759, 10
71760, 10
71761, 10
71762, 10
71763, 10
71764, 10
71765, 10
71766, 10
71767, 10
71768, 10
71769, 10
71770, 10
71771, 10
71772, 10
71773, 10
71774, 10
71775, 10
71776, 10
71777, 10
71778, 10
71779, 10
71780, 10
71781, 10
71782, 10
71783, 10
71784, 10
71785, 10
71786, 10
71787, 10
71788, 10
71789, 10
71790, 10
71791, 10
71792, 10
71793, 10
71794, 10
71795, 10
71796, 10
71797, 10
71798, 10
71799, 10
71800, 10
71801, 10
71802, 10
71803, 10
71804, 10
71805, 10
71806, 10
71807, 10
71808, 10
71809, 10
71810, 10
71811, 10
71812, 10
71813, 10
71814, 10
71815, 10
71816, 10
71817, 10
71818, 10
71819, 10
71820, 10
71821, 10
71822, 10
71823, 10
71824, 9
71825, 9
71826, 9
71827, 9
71828, 9
71829, 9
71830, 9
71831, 9
71832, 9
71833, 9
71834, 9
71835, 9
71836, 9
71837, 9
71838, 9
71839, 9
71840, 9
71841, 9
71842, 9
71843, 9
71844, 9
71845, 9
71846, 9
71847, 9
71848, 9
71849, 9
71850, 9
71851, 9
71852, 9
71853, 9
71854, 9
71855, 9
71856, 9
71857, 9
71858, 9
71859, 9
71860, 9
71861, 9
71862, 9
71863, 9
71864, 9
71865, 9
71866, 9
71867, 9
71868, 9
71869, 9
71870, 9
71871, 9
71872, 9
71873, 9
71874, 9
71875, 9
71876, 9
71877, 9
71878, 9
71879, 9
71880, 9
71881, 9
71882, 9
71883, 9
71884, 9
71885, 9
71886, 9
71887, 9
71888, 9
71889, 9
71890, 9
71891, 9
71892, 9
71893, 9
71894, 9
71895, 9
71896, 9
71897, 9
71898, 9
71899, 9
71900, 9
71901, 9
71902, 9
71903, 9
71904, 9
71905, 9
71906, 9
71907, 9
71908, 9
71909, 9
71910, 9
71911, 9
71912, 9
71913, 9
71914, 9
71915, 9
71916, 9
71917, 9
71918, 9
71919, 9
71920, 9
71921, 9
71922, 9
71923, 9
71924, 9
71925, 9
71926, 9
71927, 9
71928, 9
71929, 9
71930, 9
71931, 9
71932, 9
71933, 9
71934, 9
71935, 9
71936, 9
71937, 9
71938, 9
71939, 9
71940, 9
71941, 9
71942, 9
71943, 9
71944, 9
71945, 9
71946, 9
71947, 9
71948, 9
71949, 9
71950, 9
71951, 9
71952, 9
71953, 9
71954, 9
71955, 9
71956, 9
71957, 9
71958, 9
71959, 9
71960, 9
71961, 9
71962, 9
71963, 9
71964, 9
71965, 9
71966, 9
71967, 9
71968, 9
71969, 9
71970, 9
71971, 9
71972, 9
71973, 9
71974, 9
71975, 9
71976, 9
71977, 9
71978, 9
71979, 9
71980, 9
71981, 9
71982, 9
71983, 9
71984, 9
71985, 9
71986, 9
71987, 9
71988, 9
71989, 9
71990, 9
71991, 9
71992, 9
71993, 9
71994, 9
71995, 9
71996, 9
71997, 9
71998, 9
71999, 9
72000, 9
72001, 9
72002, 9
72003, 9
72004, 9
72005, 9
72006, 9
72007, 9
72008, 9
72009, 9
72010, 9
72011, 9
72012, 9
72013, 9
72014, 9
72015, 9
72016, 9
72017, 9
72018, 9
72019, 9
72020, 9
72021, 9
72022, 9
72023, 9
72024, 9
72025, 9
72026, 9
72027, 9
72028, 9
72029, 9
72030, 9
72031, 9
72032, 9
72033, 9
72034, 9
72035, 9
72036, 9
72037, 9
72038, 9
72039, 9
72040, 9
72041, 9
72042, 9
72043, 9
72044, 9
72045, 9
72046, 9
72047, 9
72048, 9
72049, 9
72050, 9
72051, 9
72052, 9
72053, 9
72054, 9
72055, 9
72056, 9
72057, 9
72058, 9
72059, 9
72060, 9
72061, 9
72062, 9
72063, 9
72064, 9
72065, 9
72066, 9
72067, 9
72068, 9
72069, 9
72070, 9
72071, 9
72072, 9
72073, 9
72074, 9
72075, 9
72076, 9
72077, 9
72078, 9
72079, 9
72080, 9
72081, 9
72082, 9
72083, 9
72084, 9
72085, 9
72086, 9
72087, 9
72088, 9
72089, 9
72090, 9
72091, 9
72092, 9
72093, 9
72094, 9
72095, 9
72096, 9
72097, 9
72098, 9
72099, 9
72100, 9
72101, 9
72102, 9
72103, 9
72104, 9
72105, 9
72106, 9
72107, 9
72108, 9
72109, 9
72110, 9
72111, 9
72112, 9
72113, 9
72114, 9
72115, 9
72116, 9
72117, 9
72118, 9
72119, 9
72120, 9
72121, 9
72122, 9
72123, 9
72124, 9
72125, 9
72126, 9
72127, 9
72128, 9
72129, 9
72130, 9
72131, 9
72132, 9
72133, 9
72134, 9
72135, 9
72136, 9
72137, 9
72138, 9
72139, 9
72140, 9
72141, 9
72142, 9
72143, 9
72144, 9
72145, 9
72146, 9
72147, 9
72148, 9
72149, 9
72150, 9
72151, 9
72152, 9
72153, 9
72154, 9
72155, 9
72156, 9
72157, 9
72158, 9
72159, 9
72160, 9
72161, 9
72162, 9
72163, 9
72164, 9
72165, 9
72166, 9
72167, 9
72168, 9
72169, 9
72170, 9
72171, 9
72172, 9
72173, 9
72174, 9
72175, 9
72176, 9
72177, 9
72178, 9
72179, 9
72180, 9
72181, 9
72182, 9
72183, 9
72184, 9
72185, 9
72186, 9
72187, 9
72188, 9
72189, 9
72190, 9
72191, 9
72192, 9
72193, 9
72194, 9
72195, 9
72196, 9
72197, 9
72198, 9
72199, 9
72200, 9
72201, 9
72202, 9
72203, 9
72204, 9
72205, 9
72206, 9
72207, 9
72208, 9
72209, 9
72210, 9
72211, 9
72212, 9
72213, 9
72214, 9
72215, 9
72216, 9
72217, 9
72218, 9
72219, 9
72220, 10
72221, 10
72222, 10
72223, 10
72224, 10
72225, 10
72226, 10
72227, 10
72228, 10
72229, 10
72230, 10
72231, 10
72232, 10
72233, 10
72234, 10
72235, 10
72236, 10
72237, 10
72238, 10
72239, 10
72240, 10
72241, 10
72242, 10
72243, 10
72244, 10
72245, 10
72246, 10
72247, 10
72248, 10
72249, 10
72250, 10
72251, 10
72252, 10
72253, 10
72254, 10
72255, 10
72256, 10
72257, 10
72258, 10
72259, 10
72260, 10
72261, 10
72262, 10
72263, 10
72264, 10
72265, 10
72266, 10
72267, 10
72268, 10
72269, 10
72270, 10
72271, 10
72272, 10
72273, 10
72274, 10
72275, 10
72276, 10
72277, 10
72278, 10
72279, 10
72280, 10
72281, 10
72282, 10
72283, 10
72284, 10
72285, 10
72286, 10
72287, 10
72288, 10
72289, 10
72290, 10
72291, 10
72292, 10
72293, 10
72294, 10
72295, 10
72296, 10
72297, 10
72298, 10
72299, 10
72300, 10
72301, 10
72302, 10
72303, 10
72304, 10
72305, 10
72306, 10
72307, 10
72308, 10
72309, 10
72310, 10
72311, 10
72312, 10
72313, 10
72314, 10
72315, 10
72316, 10
72317, 10
72318, 10
72319, 10
72320, 10
72321, 10
72322, 10
72323, 10
72324, 10
72325, 10
72326, 10
72327, 10
72328, 10
72329, 10
72330, 10
72331, 10
72332, 10
72333, 10
72334, 10
72335, 10
72336, 10
72337, 10
72338, 10
72339, 10
72340, 10
72341, 10
72342, 10
72343, 10
72344, 10
72345, 10
72346, 10
72347, 10
72348, 10
72349, 10
72350, 10
72351, 10
72352, 10
72353, 10
72354, 10
72355, 10
72356, 10
72357, 10
72358, 10
72359, 10
72360, 10
72361, 9
72362, 9
72363, 9
72364, 9
72365, 9
72366, 9
72367, 9
72368, 9
72369, 9
72370, 9
72371, 9
72372, 9
72373, 9
72374, 9
72375, 9
72376, 9
72377, 9
72378, 9
72379, 9
72380, 9
72381, 9
72382, 9
72383, 9
72384, 9
72385, 9
72386, 9
72387, 9
72388, 9
72389, 9
72390, 9
72391, 9
72392, 9
72393, 9
72394, 9
72395, 9
72396, 9
72397, 9
72398, 9
72399, 9
72400, 9
72401, 9
72402, 9
72403, 9
72404, 9
72405, 9
72406, 9
72407, 9
72408, 9
72409, 9
72410, 9
72411, 9
72412, 9
72413, 9
72414, 9
72415, 9
72416, 9
72417, 9
72418, 9
72419, 9
72420, 9
72421, 9
72422, 9
72423, 9
72424, 9
72425, 9
72426, 9
72427, 9
72428, 9
72429, 9
72430, 9
72431, 9
72432, 9
72433, 9
72434, 9
72435, 9
72436, 9
72437, 9
72438, 9
72439, 9
72440, 9
72441, 9
72442, 9
72443, 9
72444, 9
72445, 9
72446, 9
72447, 9
72448, 9
72449, 9
72450, 9
72451, 9
72452, 9
72453, 9
72454, 9
72455, 9
72456, 9
72457, 9
72458, 9
72459, 9
72460, 9
72461, 9
72462, 9
72463, 9
72464, 9
72465, 9
72466, 9
72467, 9
72468, 9
72469, 9
72470, 9
72471, 9
72472, 9
72473, 9
72474, 9
72475, 9
72476, 9
72477, 9
72478, 9
72479, 9
72480, 9
72481, 9
72482, 9
72483, 9
72484, 9
72485, 9
72486, 9
72487, 9
72488, 9
72489, 9
72490, 9
72491, 9
72492, 9
72493, 9
72494, 9
72495, 9
72496, 9
72497, 9
72498, 9
72499, 9
72500, 9
72501, 9
72502, 9
72503, 9
72504, 9
72505, 9
72506, 9
72507, 9
72508, 9
72509, 9
72510, 9
72511, 9
72512, 9
72513, 9
72514, 9
72515, 9
72516, 9
72517, 9
72518, 9
72519, 9
72520, 9
72521, 9
72522, 9
72523, 9
72524, 9
72525, 9
72526, 9
72527, 9
72528, 9
72529, 9
72530, 9
72531, 9
72532, 9
72533, 9
72534, 9
72535, 9
72536, 9
72537, 9
72538, 9
72539, 9
72540, 9
72541, 9
72542, 9
72543, 9
72544, 9
72545, 9
72546, 9
72547, 9
72548, 9
72549, 9
72550, 9
72551, 9
72552, 9
72553, 9
72554, 9
72555, 9
72556, 9
72557, 9
72558, 9
72559, 9
72560, 9
72561, 9
72562, 9
72563, 9
72564, 9
72565, 9
72566, 9
72567, 9
72568, 9
72569, 9
72570, 9
72571, 9
72572, 9
72573, 9
72574, 9
72575, 9
72576, 9
72577, 9
72578, 9
72579, 9
72580, 9
72581, 9
72582, 9
72583, 9
72584, 9
72585, 9
72586, 9
72587, 9
72588, 9
72589, 9
72590, 9
72591, 9
72592, 9
72593, 9
72594, 9
72595, 9
72596, 9
72597, 9
72598, 9
72599, 9
72600, 9
72601, 9
72602, 9
72603, 9
72604, 9
72605, 9
72606, 9
72607, 9
72608, 9
72609, 9
72610, 9
72611, 9
72612, 9
72613, 9
72614, 9
72615, 9
72616, 9
72617, 9
72618, 9
72619, 9
72620, 9
72621, 9
72622, 9
72623, 9
72624, 9
72625, 9
72626, 9
72627, 9
72628, 9
72629, 9
72630, 9
72631, 9
72632, 9
72633, 9
72634, 9
72635, 9
72636, 9
72637, 9
72638, 9
72639, 9
72640, 9
72641, 9
72642, 9
72643, 9
72644, 9
72645, 9
72646, 9
72647, 9
72648, 9
72649, 9
72650, 9
72651, 9
72652, 9
72653, 9
72654, 9
72655, 9
72656, 9
72657, 9
72658, 9
72659, 9
72660, 9
72661, 9
72662, 9
72663, 9
72664, 9
72665, 9
72666, 9
72667, 9
72668, 9
72669, 9
72670, 9
72671, 9
72672, 9
72673, 9
72674, 9
72675, 9
72676, 9
72677, 9
72678, 9
72679, 9
72680, 9
72681, 9
72682, 9
72683, 9
72684, 9
72685, 9
72686, 9
72687, 9
72688, 9
72689, 9
72690, 9
72691, 9
72692, 9
72693, 9
72694, 9
72695, 9
72696, 9
72697, 9
72698, 9
72699, 9
72700, 9
72701, 9
72702, 9
72703, 9
72704, 9
72705, 9
72706, 9
72707, 9
72708, 9
72709, 9
72710, 9
72711, 9
72712, 9
72713, 9
72714, 9
72715, 9
72716, 9
72717, 9
72718, 9
72719, 9
72720, 9
72721, 9
72722, 9
72723, 9
72724, 9
72725, 9
72726, 9
72727, 9
72728, 9
72729, 9
72730, 9
72731, 9
72732, 9
72733, 9
72734, 9
72735, 9
72736, 9
72737, 9
72738, 9
72739, 9
72740, 9
72741, 9
72742, 9
72743, 9
72744, 9
72745, 9
72746, 9
72747, 9
72748, 9
72749, 9
72750, 9
72751, 9
72752, 9
72753, 9
72754, 10
72755, 10
72756, 10
72757, 10
72758, 10
72759, 10
72760, 10
72761, 10
72762, 10
72763, 10
72764, 10
72765, 10
72766, 10
72767, 10
72768, 10
72769, 10
72770, 10
72771, 10
72772, 10
72773, 10
72774, 10
72775, 10
72776, 10
72777, 10
72778, 10
72779, 10
72780, 10
72781, 10
72782, 10
72783, 10
72784, 10
72785, 10
72786, 10
72787, 10
72788, 10
72789, 10
72790, 10
72791, 10
72792, 10
72793, 10
72794, 10
72795, 10
72796, 10
72797, 10
72798, 10
72799, 10
72800, 10
72801, 10
72802, 10
72803, 10
72804, 10
72805, 10
72806, 10
72807, 10
72808, 10
72809, 10
72810, 10
72811, 10
72812, 10
72813, 10
72814, 10
72815, 10
72816, 10
72817, 10
72818, 10
72819, 10
72820, 10
72821, 10
72822, 10
72823, 10
72824, 10
72825, 10
72826, 10
72827, 10
72828, 10
72829, 10
72830, 10
72831, 10
72832, 10
72833, 10
72834, 10
72835, 10
72836, 10
72837, 10
72838, 10
72839, 10
72840, 10
72841, 10
72842, 10
72843, 10
72844, 10
72845, 10
72846, 10
72847, 10
72848, 10
72849, 10
72850, 10
72851, 10
72852, 10
72853, 10
72854, 10
72855, 10
72856, 10
72857, 10
72858, 10
72859, 10
72860, 10
72861, 10
72862, 10
72863, 10
72864, 10
72865, 10
72866, 10
72867, 10
72868, 10
72869, 10
72870, 10
72871, 10
72872, 10
72873, 10
72874, 10
72875, 10
72876, 10
72877, 10
72878, 10
72879, 10
72880, 10
72881, 10
72882, 10
72883, 10
72884, 10
72885, 10
72886, 10
72887, 10
72888, 10
72889, 10
72890, 10
72891, 10
72892, 10
72893, 10
72894, 10
72895, 10
72896, 10
72897, 10
72898, 10
72899, 10
72900, 9
72901, 9
72902, 9
72903, 9
72904, 9
72905, 9
72906, 9
72907, 9
72908, 9
72909, 9
72910, 9
72911, 9
72912, 9
72913, 9
72914, 9
72915, 9
72916, 9
72917, 9
72918, 9
72919, 9
72920, 9
72921, 9
72922, 9
72923, 9
72924, 9
72925, 9
72926, 9
72927, 9
72928, 9
72929, 9
72930, 9
72931, 9
72932, 9
72933, 9
72934, 9
72935, 9
72936, 9
72937, 9
72938, 9
72939, 9
72940, 9
72941, 9
72942, 9
72943, 9
72944, 9
72945, 9
72946, 9
72947, 9
72948, 9
72949, 9
72950, 9
72951, 9
72952, 9
72953, 9
72954, 9
72955, 9
72956, 9
72957, 9
72958, 9
72959, 9
72960, 9
72961, 9
72962, 9
72963, 9
72964, 9
72965, 9
72966, 9
72967, 9
72968, 9
72969, 9
72970, 9
72971, 9
72972, 9
72973, 9
72974, 9
72975, 9
72976, 9
72977, 9
72978, 9
72979, 9
72980, 9
72981, 9
72982, 9
72983, 9
72984, 9
72985, 9
72986, 9
72987, 9
72988, 9
72989, 9
72990, 9
72991, 9
72992, 9
72993, 9
72994, 9
72995, 9
72996, 9
72997, 9
72998, 9
72999, 9
73000, 9
73001, 9
73002, 9
73003, 9
73004, 9
73005, 9
73006, 9
73007, 9
73008, 9
73009, 9
73010, 9
73011, 9
73012, 9
73013, 9
73014, 9
73015, 9
73016, 9
73017, 9
73018, 9
73019, 9
73020, 9
73021, 9
73022, 9
73023, 9
73024, 9
73025, 9
73026, 9
73027, 9
73028, 9
73029, 9
73030, 9
73031, 9
73032, 9
73033, 9
73034, 9
73035, 9
73036, 9
73037, 9
73038, 9
73039, 9
73040, 9
73041, 9
73042, 9
73043, 9
73044, 9
73045, 9
73046, 9
73047, 9
73048, 9
73049, 9
73050, 9
73051, 9
73052, 9
73053, 9
73054, 9
73055, 9
73056, 9
73057, 9
73058, 9
73059, 9
73060, 9
73061, 9
73062, 9
73063, 9
73064, 9
73065, 9
73066, 9
73067, 9
73068, 9
73069, 9
73070, 9
73071, 9
73072, 9
73073, 9
73074, 9
73075, 9
73076, 9
73077, 9
73078, 9
73079, 9
73080, 9
73081, 9
73082, 9
73083, 9
73084, 9
73085, 9
73086, 9
73087, 9
73088, 9
73089, 9
73090, 9
73091, 9
73092, 9
73093, 9
73094, 9
73095, 9
73096, 9
73097, 9
73098, 9
73099, 9
73100, 9
73101, 9
73102, 9
73103, 9
73104, 9
73105, 9
73106, 9
73107, 9
73108, 9
73109, 9
73110, 9
73111, 9
73112, 9
73113, 9
73114, 9
73115, 9
73116, 9
73117, 9
73118, 9
73119, 9
73120, 9
73121, 9
73122, 9
73123, 9
73124, 9
73125, 9
73126, 9
73127, 9
73128, 9
73129, 9
73130, 9
73131, 9
73132, 9
73133, 9
73134, 9
73135, 9
73136, 9
73137, 9
73138, 9
73139, 9
73140, 9
73141, 9
73142, 9
73143, 9
73144, 9
73145, 9
73146, 9
73147, 9
73148, 9
73149, 9
73150, 9
73151, 9
73152, 9
73153, 9
73154, 9
73155, 9
73156, 9
73157, 9
73158, 9
73159, 9
73160, 9
73161, 9
73162, 9
73163, 9
73164, 9
73165, 9
73166, 9
73167, 9
73168, 9
73169, 9
73170, 9
73171, 9
73172, 9
73173, 9
73174, 9
73175, 9
73176, 9
73177, 9
73178, 9
73179, 9
73180, 9
73181, 9
73182, 9
73183, 9
73184, 9
73185, 9
73186, 9
73187, 9
73188, 9
73189, 9
73190, 9
73191, 9
73192, 9
73193, 9
73194, 9
73195, 9
73196, 9
73197, 9
73198, 9
73199, 9
73200, 9
73201, 9
73202, 9
73203, 9
73204, 9
73205, 9
73206, 9
73207, 9
73208, 9
73209, 9
73210, 9
73211, 9
73212, 9
73213, 9
73214, 9
73215, 9
73216, 9
73217, 9
73218, 9
73219, 9
73220, 9
73221, 9
73222, 9
73223, 9
73224, 9
73225, 9
73226, 9
73227, 9
73228, 9
73229, 9
73230, 9
73231, 9
73232, 9
73233, 9
73234, 9
73235, 9
73236, 9
73237, 9
73238, 9
73239, 9
73240, 9
73241, 9
73242, 9
73243, 9
73244, 9
73245, 9
73246, 9
73247, 9
73248, 9
73249, 9
73250, 9
73251, 9
73252, 9
73253, 9
73254, 9
73255, 9
73256, 9
73257, 9
73258, 9
73259, 9
73260, 9
73261, 9
73262, 9
73263, 9
73264, 9
73265, 9
73266, 9
73267, 9
73268, 9
73269, 9
73270, 9
73271, 9
73272, 9
73273, 9
73274, 9
73275, 9
73276, 9
73277, 9
73278, 9
73279, 9
73280, 9
73281, 9
73282, 9
73283, 9
73284, 9
73285, 9
73286, 9
73287, 9
73288, 9
73289, 10
73290, 10
73291, 10
73292, 10
73293, 10
73294, 10
73295, 10
73296, 10
73297, 10
73298, 10
73299, 10
73300, 10
73301, 10
73302, 10
73303, 10
73304, 10
73305, 10
73306, 10
73307, 10
73308, 10
73309, 10
73310, 10
73311, 10
73312, 10
73313, 10
73314, 10
73315, 10
73316, 10
73317, 10
73318, 10
73319, 10
73320, 10
73321, 10
73322, 10
73323, 10
73324, 10
73325, 10
73326, 10
73327, 10
73328, 10
73329, 10
73330, 10
73331, 10
73332, 10
73333, 10
73334, 10
73335, 10
73336, 10
73337, 10
73338, 10
73339, 10
73340, 10
73341, 10
73342, 10
73343, 10
73344, 10
73345, 10
73346, 10
73347, 10
73348, 10
73349, 10
73350, 10
73351, 10
73352, 10
73353, 10
73354, 10
73355, 10
73356, 10
73357, 10
73358, 10
73359, 10
73360, 10
73361, 10
73362, 10
73363, 10
73364, 10
73365, 10
73366, 10
73367, 10
73368, 10
73369, 10
73370, 10
73371, 10
73372, 10
73373, 10
73374, 10
73375, 10
73376, 10
73377, 10
73378, 10
73379, 10
73380, 10
73381, 10
73382, 10
73383, 10
73384, 10
73385, 10
73386, 10
73387, 10
73388, 10
73389, 10
73390, 10
73391, 10
73392, 10
73393, 10
73394, 10
73395, 10
73396, 10
73397, 10
73398, 10
73399, 10
73400, 10
73401, 10
73402, 10
73403, 10
73404, 10
73405, 10
73406, 10
73407, 10
73408, 10
73409, 10
73410, 10
73411, 10
73412, 10
73413, 10
73414, 10
73415, 10
73416, 10
73417, 10
73418, 10
73419, 10
73420, 10
73421, 10
73422, 10
73423, 10
73424, 10
73425, 10
73426, 10
73427, 10
73428, 10
73429, 10
73430, 10
73431, 10
73432, 10
73433, 10
73434, 10
73435, 10
73436, 10
73437, 10
73438, 10
73439, 10
73440, 10
73441, 9
73442, 9
73443, 9
73444, 9
73445, 9
73446, 9
73447, 9
73448, 9
73449, 9
73450, 9
73451, 9
73452, 9
73453, 9
73454, 9
73455, 9
73456, 9
73457, 9
73458, 9
73459, 9
73460, 9
73461, 9
73462, 9
73463, 9
73464, 9
73465, 9
73466, 9
73467, 9
73468, 9
73469, 9
73470, 9
73471, 9
73472, 9
73473, 9
73474, 9
73475, 9
73476, 9
73477, 9
73478, 9
73479, 9
73480, 9
73481, 9
73482, 9
73483, 9
73484, 9
73485, 9
73486, 9
73487, 9
73488, 9
73489, 9
73490, 9
73491, 9
73492, 9
73493, 9
73494, 9
73495, 9
73496, 9
73497, 9
73498, 9
73499, 9
73500, 9
73501, 9
73502, 9
73503, 9
73504, 9
73505, 9
73506, 9
73507, 9
73508, 9
73509, 9
73510, 9
73511, 9
73512, 9
73513, 9
73514, 9
73515, 9
73516, 9
73517, 9
73518, 9
73519, 9
73520, 9
73521, 9
73522, 9
73523, 9
73524, 9
73525, 9
73526, 9
73527, 9
73528, 9
73529, 9
73530, 9
73531, 9
73532, 9
73533, 9
73534, 9
73535, 9
73536, 9
73537, 9
73538, 9
73539, 9
73540, 9
73541, 9
73542, 9
73543, 9
73544, 9
73545, 9
73546, 9
73547, 9
73548, 9
73549, 9
73550, 9
73551, 9
73552, 9
73553, 9
73554, 9
73555, 9
73556, 9
73557, 9
73558, 9
73559, 9
73560, 9
73561, 9
73562, 9
73563, 9
73564, 9
73565, 9
73566, 9
73567, 9
73568, 9
73569, 9
73570, 9
73571, 9
73572, 9
73573, 9
73574, 9
73575, 9
73576, 9
73577, 9
73578, 9
73579, 9
73580, 9
73581, 9
73582, 9
73583, 9
73584, 9
73585, 9
73586, 9
73587, 9
73588, 9
73589, 9
73590, 9
73591, 9
73592, 9
73593, 9
73594, 9
73595, 9
73596, 9
73597, 9
73598, 9
73599, 9
73600, 9
73601, 9
73602, 9
73603, 9
73604, 9
73605, 9
73606, 9
73607, 9
73608, 9
73609, 9
73610, 9
73611, 9
73612, 9
73613, 9
73614, 9
73615, 9
73616, 9
73617, 9
73618, 9
73619, 9
73620, 9
73621, 9
73622, 9
73623, 9
73624, 9
73625, 9
73626, 9
73627, 9
73628, 9
73629, 9
73630, 9
73631, 9
73632, 9
73633, 9
73634, 9
73635, 9
73636, 9
73637, 9
73638, 9
73639, 9
73640, 9
73641, 9
73642, 9
73643, 9
73644, 9
73645, 9
73646, 9
73647, 9
73648, 9
73649, 9
73650, 9
73651, 9
73652, 9
73653, 9
73654, 9
73655, 9
73656, 9
73657, 9
73658, 9
73659, 9
73660, 9
73661, 9
73662, 9
73663, 9
73664, 9
73665, 9
73666, 9
73667, 9
73668, 9
73669, 9
73670, 9
73671, 9
73672, 9
73673, 9
73674, 9
73675, 9
73676, 9
73677, 9
73678, 9
73679, 9
73680, 9
73681, 9
73682, 9
73683, 9
73684, 9
73685, 9
73686, 9
73687, 9
73688, 9
73689, 9
73690, 9
73691, 9
73692, 9
73693, 9
73694, 9
73695, 9
73696, 9
73697, 9
73698, 9
73699, 9
73700, 9
73701, 9
73702, 9
73703, 9
73704, 9
73705, 9
73706, 9
73707, 9
73708, 9
73709, 9
73710, 9
73711, 9
73712, 9
73713, 9
73714, 9
73715, 9
73716, 9
73717, 9
73718, 9
73719, 9
73720, 9
73721, 9
73722, 9
73723, 9
73724, 9
73725, 9
73726, 9
73727, 9
73728, 9
73729, 9
73730, 9
73731, 9
73732, 9
73733, 9
73734, 9
73735, 9
73736, 9
73737, 9
73738, 9
73739, 9
73740, 9
73741, 9
73742, 9
73743, 9
73744, 9
73745, 9
73746, 9
73747, 9
73748, 9
73749, 9
73750, 9
73751, 9
73752, 9
73753, 9
73754, 9
73755, 9
73756, 9
73757, 9
73758, 9
73759, 9
73760, 9
73761, 9
73762, 9
73763, 9
73764, 9
73765, 9
73766, 9
73767, 9
73768, 9
73769, 9
73770, 9
73771, 9
73772, 9
73773, 9
73774, 9
73775, 9
73776, 9
73777, 9
73778, 9
73779, 9
73780, 9
73781, 9
73782, 9
73783, 9
73784, 9
73785, 9
73786, 9
73787, 9
73788, 9
73789, 9
73790, 9
73791, 9
73792, 9
73793, 9
73794, 9
73795, 9
73796, 9
73797, 9
73798, 9
73799, 9
73800, 9
73801, 9
73802, 9
73803, 9
73804, 9
73805, 9
73806, 9
73807, 9
73808, 9
73809, 9
73810, 9
73811, 9
73812, 9
73813, 9
73814, 9
73815, 9
73816, 9
73817, 9
73818, 9
73819, 9
73820, 9
73821, 9
73822, 9
73823, 9
73824, 9
73825, 9
73826, 9
73827, 10
73828, 10
73829, 10
73830, 10
73831, 10
73832, 10
73833, 10
73834, 10
73835, 10
73836, 10
73837, 10
73838, 10
73839, 10
73840, 10
73841, 10
73842, 10
73843, 10
73844, 10
73845, 10
73846, 10
73847, 10
73848, 10
73849, 10
73850, 10
73851, 10
73852, 10
73853, 10
73854, 10
73855, 10
73856, 10
73857, 10
73858, 10
73859, 10
73860, 10
73861, 10
73862, 10
73863, 10
73864, 10
73865, 10
73866, 10
73867, 10
73868, 10
73869, 10
73870, 10
73871, 10
73872, 10
73873, 10
73874, 10
73875, 10
73876, 10
73877, 10
73878, 10
73879, 10
73880, 10
73881, 10
73882, 10
73883, 10
73884, 10
73885, 10
73886, 10
73887, 10
73888, 10
73889, 10
73890, 10
73891, 10
73892, 10
73893, 10
73894, 10
73895, 10
73896, 10
73897, 10
73898, 10
73899, 10
73900, 10
73901, 10
73902, 10
73903, 10
73904, 10
73905, 10
73906, 10
73907, 10
73908, 10
73909, 10
73910, 10
73911, 10
73912, 10
73913, 10
73914, 10
73915, 10
73916, 10
73917, 10
73918, 10
73919, 10
73920, 10
73921, 10
73922, 10
73923, 10
73924, 10
73925, 10
73926, 10
73927, 10
73928, 10
73929, 10
73930, 10
73931, 10
73932, 10
73933, 10
73934, 10
73935, 10
73936, 10
73937, 10
73938, 10
73939, 10
73940, 10
73941, 10
73942, 10
73943, 10
73944, 10
73945, 10
73946, 10
73947, 10
73948, 10
73949, 10
73950, 10
73951, 10
73952, 10
73953, 10
73954, 10
73955, 10
73956, 10
73957, 10
73958, 10
73959, 10
73960, 10
73961, 10
73962, 10
73963, 10
73964, 10
73965, 10
73966, 10
73967, 10
73968, 10
73969, 10
73970, 10
73971, 10
73972, 10
73973, 10
73974, 10
73975, 10
73976, 10
73977, 10
73978, 10
73979, 10
73980, 10
73981, 10
73982, 10
73983, 10
73984, 9
73985, 9
73986, 9
73987, 9
73988, 9
73989, 9
73990, 9
73991, 9
73992, 9
73993, 9
73994, 9
73995, 9
73996, 9
73997, 9
73998, 9
73999, 9
74000, 9
74001, 9
74002, 9
74003, 9
74004, 9
74005, 9
74006, 9
74007, 9
74008, 9
74009, 9
74010, 9
74011, 9
74012, 9
74013, 9
74014, 9
74015, 9
74016, 9
74017, 9
74018, 9
74019, 9
74020, 9
74021, 9
74022, 9
74023, 9
74024, 9
74025, 9
74026, 9
74027, 9
74028, 9
74029, 9
74030, 9
74031, 9
74032, 9
74033, 9
74034, 9
74035, 9
74036, 9
74037, 9
74038, 9
74039, 9
74040, 9
74041, 9
74042, 9
74043, 9
74044, 9
74045, 9
74046, 9
74047, 9
74048, 9
74049, 9
74050, 9
74051, 9
74052, 9
74053, 9
74054, 9
74055, 9
74056, 9
74057, 9
74058, 9
74059, 9
74060, 9
74061, 9
74062, 9
74063, 9
74064, 9
74065, 9
74066, 9
74067, 9
74068, 9
74069, 9
74070, 9
74071, 9
74072, 9
74073, 9
74074, 9
74075, 9
74076, 9
74077, 9
74078, 9
74079, 9
74080, 9
74081, 9
74082, 9
74083, 9
74084, 9
74085, 9
74086, 9
74087, 9
74088, 9
74089, 9
74090, 9
74091, 9
74092, 9
74093, 9
74094, 9
74095, 9
74096, 9
74097, 9
74098, 9
74099, 9
74100, 9
74101, 9
74102, 9
74103, 9
74104, 9
74105, 9
74106, 9
74107, 9
74108, 9
74109, 9
74110, 9
74111, 9
74112, 9
74113, 9
74114, 9
74115, 9
74116, 9
74117, 9
74118, 9
74119, 9
74120, 9
74121, 9
74122, 9
74123, 9
74124, 9
74125, 9
74126, 9
74127, 9
74128, 9
74129, 9
74130, 9
74131, 9
74132, 9
74133, 9
74134, 9
74135, 9
74136, 9
74137, 9
74138, 9
74139, 9
74140, 9
74141, 9
74142, 9
74143, 9
74144, 9
74145, 9
74146, 9
74147, 9
74148, 9
74149, 9
74150, 9
74151, 9
74152, 9
74153, 9
74154, 9
74155, 9
74156, 9
74157, 9
74158, 9
74159, 9
74160, 9
74161, 9
74162, 9
74163, 9
74164, 9
74165, 9
74166, 9
74167, 9
74168, 9
74169, 9
74170, 9
74171, 9
74172, 9
74173, 9
74174, 9
74175, 9
74176, 9
74177, 9
74178, 9
74179, 9
74180, 9
74181, 9
74182, 9
74183, 9
74184, 9
74185, 9
74186, 9
74187, 9
74188, 9
74189, 9
74190, 9
74191, 9
74192, 9
74193, 9
74194, 9
74195, 9
74196, 9
74197, 9
74198, 9
74199, 9
74200, 9
74201, 9
74202, 9
74203, 9
74204, 9
74205, 9
74206, 9
74207, 9
74208, 9
74209, 9
74210, 9
74211, 9
74212, 9
74213, 9
74214, 9
74215, 9
74216, 9
74217, 9
74218, 9
74219, 9
74220, 9
74221, 9
74222, 9
74223, 9
74224, 9
74225, 9
74226, 9
74227, 9
74228, 9
74229, 9
74230, 9
74231, 9
74232, 9
74233, 9
74234, 9
74235, 9
74236, 9
74237, 9
74238, 9
74239, 9
74240, 9
74241, 9
74242, 9
74243, 9
74244, 9
74245, 9
74246, 9
74247, 9
74248, 9
74249, 9
74250, 9
74251, 9
74252, 9
74253, 9
74254, 9
74255, 9
74256, 9
74257, 9
74258, 9
74259, 9
74260, 9
74261, 9
74262, 9
74263, 9
74264, 9
74265, 9
74266, 9
74267, 9
74268, 9
74269, 9
74270, 9
74271, 9
74272, 9
74273, 9
74274, 9
74275, 9
74276, 9
74277, 9
74278, 9
74279, 9
74280, 9
74281, 9
74282, 9
74283, 9
74284, 9
74285, 9
74286, 9
74287, 9
74288, 9
74289, 9
74290, 9
74291, 9
74292, 9
74293, 9
74294, 9
74295, 9
74296, 9
74297, 9
74298, 9
74299, 9
74300, 9
74301, 9
74302, 9
74303, 9
74304, 9
74305, 9
74306, 9
74307, 9
74308, 9
74309, 9
74310, 9
74311, 9
74312, 9
74313, 9
74314, 9
74315, 9
74316, 9
74317, 9
74318, 9
74319, 9
74320, 9
74321, 9
74322, 9
74323, 9
74324, 9
74325, 9
74326, 9
74327, 9
74328, 9
74329, 9
74330, 9
74331, 9
74332, 9
74333, 9
74334, 9
74335, 9
74336, 9
74337, 9
74338, 9
74339, 9
74340, 9
74341, 9
74342, 9
74343, 9
74344, 9
74345, 9
74346, 9
74347, 9
74348, 9
74349, 9
74350, 9
74351, 9
74352, 9
74353, 9
74354, 9
74355, 9
74356, 9
74357, 9
74358, 9
74359, 9
74360, 9
74361, 9
74362, 9
74363, 9
74364, 9
74365, 9
74366, 10
74367, 10
74368, 10
74369, 10
74370, 10
74371, 10
74372, 10
74373, 10
74374, 10
74375, 10
74376, 10
74377, 10
74378, 10
74379, 10
74380, 10
74381, 10
74382, 10
74383, 10
74384, 10
74385, 10
74386, 10
74387, 10
74388, 10
74389, 10
74390, 10
74391, 10
74392, 10
74393, 10
74394, 10
74395, 10
74396, 10
74397, 10
74398, 10
74399, 10
74400, 10
74401, 10
74402, 10
74403, 10
74404, 10
74405, 10
74406, 10
74407, 10
74408, 10
74409, 10
74410, 10
74411, 10
74412, 10
74413, 10
74414, 10
74415, 10
74416, 10
74417, 10
74418, 10
74419, 10
74420, 10
74421, 10
74422, 10
74423, 10
74424, 10
74425, 10
74426, 10
74427, 10
74428, 10
74429, 10
74430, 10
74431, 10
74432, 10
74433, 10
74434, 10
74435, 10
74436, 10
74437, 10
74438, 10
74439, 10
74440, 10
74441, 10
74442, 10
74443, 10
74444, 10
74445, 10
74446, 10
74447, 10
74448, 10
74449, 10
74450, 10
74451, 10
74452, 10
74453, 10
74454, 10
74455, 10
74456, 10
74457, 10
74458, 10
74459, 10
74460, 10
74461, 10
74462, 10
74463, 10
74464, 10
74465, 10
74466, 10
74467, 10
74468, 10
74469, 10
74470, 10
74471, 10
74472, 10
74473, 10
74474, 10
74475, 10
74476, 10
74477, 10
74478, 10
74479, 10
74480, 10
74481, 10
74482, 10
74483, 10
74484, 10
74485, 10
74486, 10
74487, 10
74488, 10
74489, 10
74490, 10
74491, 10
74492, 10
74493, 10
74494, 10
74495, 10
74496, 10
74497, 10
74498, 10
74499, 10
74500, 10
74501, 10
74502, 10
74503, 10
74504, 10
74505, 10
74506, 10
74507, 10
74508, 10
74509, 10
74510, 10
74511, 10
74512, 10
74513, 10
74514, 10
74515, 10
74516, 10
74517, 10
74518, 10
74519, 10
74520, 10
74521, 10
74522, 10
74523, 10
74524, 10
74525, 10
74526, 10
74527, 10
74528, 10
74529, 9
74530, 9
74531, 9
74532, 9
74533, 9
74534, 9
74535, 9
74536, 9
74537, 9
74538, 9
74539, 9
74540, 9
74541, 9
74542, 9
74543, 9
74544, 9
74545, 9
74546, 9
74547, 9
74548, 9
74549, 9
74550, 9
74551, 9
74552, 9
74553, 9
74554, 9
74555, 9
74556, 9
74557, 9
74558, 9
74559, 9
74560, 9
74561, 9
74562, 9
74563, 9
74564, 9
74565, 9
74566, 9
74567, 9
74568, 9
74569, 9
74570, 9
74571, 9
74572, 9
74573, 9
74574, 9
74575, 9
74576, 9
74577, 9
74578, 9
74579, 9
74580, 9
74581, 9
74582, 9
74583, 9
74584, 9
74585, 9
74586, 9
74587, 9
74588, 9
74589, 9
74590, 9
74591, 9
74592, 9
74593, 9
74594, 9
74595, 9
74596, 9
74597, 9
74598, 9
74599, 9
74600, 9
74601, 9
74602, 9
74603, 9
74604, 9
74605, 9
74606, 9
74607, 9
74608, 9
74609, 9
74610, 9
74611, 9
74612, 9
74613, 9
74614, 9
74615, 9
74616, 9
74617, 9
74618, 9
74619, 9
74620, 9
74621, 9
74622, 9
74623, 9
74624, 9
74625, 9
74626, 9
74627, 9
74628, 9
74629, 9
74630, 9
74631, 9
74632, 9
74633, 9
74634, 9
74635, 9
74636, 9
74637, 9
74638, 9
74639, 9
74640, 9
74641, 9
74642, 9
74643, 9
74644, 9
74645, 9
74646, 9
74647, 9
74648, 9
74649, 9
74650, 9
74651, 9
74652, 9
74653, 9
74654, 9
74655, 9
74656, 9
74657, 9
74658, 9
74659, 9
74660, 9
74661, 9
74662, 9
74663, 9
74664, 9
74665, 9
74666, 9
74667, 9
74668, 9
74669, 9
74670, 9
74671, 9
74672, 9
74673, 9
74674, 9
74675, 9
74676, 9
74677, 9
74678, 9
74679, 9
74680, 9
74681, 9
74682, 9
74683, 9
74684, 9
74685, 9
74686, 9
74687, 9
74688, 9
74689, 9
74690, 9
74691, 9
74692, 9
74693, 9
74694, 9
74695, 9
74696, 9
74697, 9
74698, 9
74699, 9
74700, 9
74701, 9
74702, 9
74703, 9
74704, 9
74705, 9
74706, 9
74707, 9
74708, 9
74709, 9
74710, 9
74711, 9
74712, 9
74713, 9
74714, 9
74715, 9
74716, 9
74717, 9
74718, 9
74719, 9
74720, 9
74721, 9
74722, 9
74723, 9
74724, 9
74725, 9
74726, 9
74727, 9
74728, 9
74729, 9
74730, 9
74731, 9
74732, 9
74733, 9
74734, 9
74735, 9
74736, 9
74737, 9
74738, 9
74739, 9
74740, 9
74741, 9
74742, 9
74743, 9
74744, 9
74745, 9
74746, 9
74747, 9
74748, 9
74749, 9
74750, 9
74751, 9
74752, 9
74753, 9
74754, 9
74755, 9
74756, 9
74757, 9
74758, 9
74759, 9
74760, 9
74761, 9
74762, 9
74763, 9
74764, 9
74765, 9
74766, 9
74767, 9
74768, 9
74769, 9
74770, 9
74771, 9
74772, 9
74773, 9
74774, 9
74775, 9
74776, 9
74777, 9
74778, 9
74779, 9
74780, 9
74781, 9
74782, 9
74783, 9
74784, 9
74785, 9
74786, 9
74787, 9
74788, 9
74789, 9
74790, 9
74791, 9
74792, 9
74793, 9
74794, 9
74795, 9
74796, 9
74797, 9
74798, 9
74799, 9
74800, 9
74801, 9
74802, 9
74803, 9
74804, 9
74805, 9
74806, 9
74807, 9
74808, 9
74809, 9
74810, 9
74811, 9
74812, 9
74813, 9
74814, 9
74815, 9
74816, 9
74817, 9
74818, 9
74819, 9
74820, 9
74821, 9
74822, 9
74823, 9
74824, 9
74825, 9
74826, 9
74827, 9
74828, 9
74829, 9
74830, 9
74831, 9
74832, 9
74833, 9
74834, 9
74835, 9
74836, 9
74837, 9
74838, 9
74839, 9
74840, 9
74841, 9
74842, 9
74843, 9
74844, 9
74845, 9
74846, 9
74847, 9
74848, 9
74849, 9
74850, 9
74851, 9
74852, 9
74853, 9
74854, 9
74855, 9
74856, 9
74857, 9
74858, 9
74859, 9
74860, 9
74861, 9
74862, 9
74863, 9
74864, 9
74865, 9
74866, 9
74867, 9
74868, 9
74869, 9
74870, 9
74871, 9
74872, 9
74873, 9
74874, 9
74875, 9
74876, 9
74877, 9
74878, 9
74879, 9
74880, 9
74881, 9
74882, 9
74883, 9
74884, 9
74885, 9
74886, 9
74887, 9
74888, 9
74889, 9
74890, 9
74891, 9
74892, 9
74893, 9
74894, 9
74895, 9
74896, 9
74897, 9
74898, 9
74899, 9
74900, 9
74901, 9
74902, 9
74903, 9
74904, 9
74905, 9
74906, 9
74907, 9
74908, 10
74909, 10
74910, 10
74911, 10
74912, 10
74913, 10
74914, 10
74915, 10
74916, 10
74917, 10
74918, 10
74919, 10
74920, 10
74921, 10
74922, 10
74923, 10
74924, 10
74925, 10
74926, 10
74927, 10
74928, 10
74929, 10
74930, 10
74931, 10
74932, 10
74933, 10
74934, 10
74935, 10
74936, 10
74937, 10
74938, 10
74939, 10
74940, 10
74941, 10
74942, 10
74943, 10
74944, 10
74945, 10
74946, 10
74947, 10
74948, 10
74949, 10
74950, 10
74951, 10
74952, 10
74953, 10
74954, 10
74955, 10
74956, 10
74957, 10
74958, 10
74959, 10
74960, 10
74961, 10
74962, 10
74963, 10
74964, 10
74965, 10
74966, 10
74967, 10
74968, 10
74969, 10
74970, 10
74971, 10
74972, 10
74973, 10
74974, 10
74975, 10
74976, 10
74977, 10
74978, 10
74979, 10
74980, 10
74981, 10
74982, 10
74983, 10
74984, 10
74985, 10
74986, 10
74987, 10
74988, 10
74989, 10
74990, 10
74991, 10
74992, 10
74993, 10
74994, 10
74995, 10
74996, 10
74997, 10
74998, 10
74999, 10
75000, 10
75001, 10
75002, 10
75003, 10
75004, 10
75005, 10
75006, 10
75007, 10
75008, 10
75009, 10
75010, 10
75011, 10
75012, 10
75013, 10
75014, 10
75015, 10
75016, 10
75017, 10
75018, 10
75019, 10
75020, 10
75021, 10
75022, 10
75023, 10
75024, 10
75025, 10
75026, 10
75027, 10
75028, 10
75029, 10
75030, 10
75031, 10
75032, 10
75033, 10
75034, 10
75035, 10
75036, 10
75037, 10
75038, 10
75039, 10
75040, 10
75041, 10
75042, 10
75043, 10
75044, 10
75045, 10
75046, 10
75047, 10
75048, 10
75049, 10
75050, 10
75051, 10
75052, 10
75053, 10
75054, 10
75055, 10
75056, 10
75057, 10
75058, 10
75059, 10
75060, 10
75061, 10
75062, 10
75063, 10
75064, 10
75065, 10
75066, 10
75067, 10
75068, 10
75069, 10
75070, 10
75071, 10
75072, 10
75073, 10
75074, 10
75075, 10
75076, 9
75077, 9
75078, 9
75079, 9
75080, 9
75081, 9
75082, 9
75083, 9
75084, 9
75085, 9
75086, 9
75087, 9
75088, 9
75089, 9
75090, 9
75091, 9
75092, 9
75093, 9
75094, 9
75095, 9
75096, 9
75097, 9
75098, 9
75099, 9
75100, 9
75101, 9
75102, 9
75103, 9
75104, 9
75105, 9
75106, 9
75107, 9
75108, 9
75109, 9
75110, 9
75111, 9
75112, 9
75113, 9
75114, 9
75115, 9
75116, 9
75117, 9
75118, 9
75119, 9
75120, 9
75121, 9
75122, 9
75123, 9
75124, 9
75125, 9
75126, 9
75127, 9
75128, 9
75129, 9
75130, 9
75131, 9
75132, 9
75133, 9
75134, 9
75135, 9
75136, 9
75137, 9
75138, 9
75139, 9
75140, 9
75141, 9
75142, 9
75143, 9
75144, 9
75145, 9
75146, 9
75147, 9
75148, 9
75149, 9
75150, 9
75151, 9
75152, 9
75153, 9
75154, 9
75155, 9
75156, 9
75157, 9
75158, 9
75159, 9
75160, 9
75161, 9
75162, 9
75163, 9
75164, 9
75165, 9
75166, 9
75167, 9
75168, 9
75169, 9
75170, 9
75171, 9
75172, 9
75173, 9
75174, 9
75175, 9
75176, 9
75177, 9
75178, 9
75179, 9
75180, 9
75181, 9
75182, 9
75183, 9
75184, 9
75185, 9
75186, 9
75187, 9
75188, 9
75189, 9
75190, 9
75191, 9
75192, 9
75193, 9
75194, 9
75195, 9
75196, 9
75197, 9
75198, 9
75199, 9
75200, 9
75201, 9
75202, 9
75203, 9
75204, 9
75205, 9
75206, 9
75207, 9
75208, 9
75209, 9
75210, 9
75211, 9
75212, 9
75213, 9
75214, 9
75215, 9
75216, 9
75217, 9
75218, 9
75219, 9
75220, 9
75221, 9
75222, 9
75223, 9
75224, 9
75225, 9
75226, 9
75227, 9
75228, 9
75229, 9
75230, 9
75231, 9
75232, 9
75233, 9
75234, 9
75235, 9
75236, 9
75237, 9
75238, 9
75239, 9
75240, 9
75241, 9
75242, 9
75243, 9
75244, 9
75245, 9
75246, 9
75247, 9
75248, 9
75249, 9
75250, 9
75251, 9
75252, 9
75253, 9
75254, 9
75255, 9
75256, 9
75257, 9
75258, 9
75259, 9
75260, 9
75261, 9
75262, 9
75263, 9
75264, 9
75265, 9
75266, 9
75267, 9
75268, 9
75269, 9
75270, 9
75271, 9
75272, 9
75273, 9
75274, 9
75275, 9
75276, 9
75277, 9
75278, 9
75279, 9
75280, 9
75281, 9
75282, 9
75283, 9
75284, 9
75285, 9
75286, 9
75287, 9
75288, 9
75289, 9
75290, 9
75291, 9
75292, 9
75293, 9
75294, 9
75295, 9
75296, 9
75297, 9
75298, 9
75299, 9
75300, 9
75301, 9
75302, 9
75303, 9
75304, 9
75305, 9
75306, 9
75307, 9
75308, 9
75309, 9
75310, 9
75311, 9
75312, 9
75313, 9
75314, 9
75315, 9
75316, 9
75317, 9
75318, 9
75319, 9
75320, 9
75321, 9
75322, 9
75323, 9
75324, 9
75325, 9
75326, 9
75327, 9
75328, 9
75329, 9
75330, 9
75331, 9
75332, 9
75333, 9
75334, 9
75335, 9
75336, 9
75337, 9
75338, 9
75339, 9
75340, 9
75341, 9
75342, 9
75343, 9
75344, 9
75345, 9
75346, 9
75347, 9
75348, 9
75349, 9
75350, 9
75351, 9
75352, 9
75353, 9
75354, 9
75355, 9
75356, 9
75357, 9
75358, 9
75359, 9
75360, 9
75361, 9
75362, 9
75363, 9
75364, 9
75365, 9
75366, 9
75367, 9
75368, 9
75369, 9
75370, 9
75371, 9
75372, 9
75373, 9
75374, 9
75375, 9
75376, 9
75377, 9
75378, 9
75379, 9
75380, 9
75381, 9
75382, 9
75383, 9
75384, 9
75385, 9
75386, 9
75387, 9
75388, 9
75389, 9
75390, 9
75391, 9
75392, 9
75393, 9
75394, 9
75395, 9
75396, 9
75397, 9
75398, 9
75399, 9
75400, 9
75401, 9
75402, 9
75403, 9
75404, 9
75405, 9
75406, 9
75407, 9
75408, 9
75409, 9
75410, 9
75411, 9
75412, 9
75413, 9
75414, 9
75415, 9
75416, 9
75417, 9
75418, 9
75419, 9
75420, 9
75421, 9
75422, 9
75423, 9
75424, 9
75425, 9
75426, 9
75427, 9
75428, 9
75429, 9
75430, 9
75431, 9
75432, 9
75433, 9
75434, 9
75435, 9
75436, 9
75437, 9
75438, 9
75439, 9
75440, 9
75441, 9
75442, 9
75443, 9
75444, 9
75445, 9
75446, 9
75447, 9
75448, 9
75449, 9
75450, 9
75451, 10
75452, 10
75453, 10
75454, 10
75455, 10
75456, 10
75457, 10
75458, 10
75459, 10
75460, 10
75461, 10
75462, 10
75463, 10
75464, 10
75465, 10
75466, 10
75467, 10
75468, 10
75469, 10
75470, 10
75471, 10
75472, 10
75473, 10
75474, 10
75475, 10
75476, 10
75477, 10
75478, 10
75479, 10
75480, 10
75481, 10
75482, 10
75483, 10
75484, 10
75485, 10
75486, 10
75487, 10
75488, 10
75489, 10
75490, 10
75491, 10
75492, 10
75493, 10
75494, 10
75495, 10
75496, 10
75497, 10
75498, 10
75499, 10
75500, 10
75501, 10
75502, 10
75503, 10
75504, 10
75505, 10
75506, 10
75507, 10
75508, 10
75509, 10
75510, 10
75511, 10
75512, 10
75513, 10
75514, 10
75515, 10
75516, 10
75517, 10
75518, 10
75519, 10
75520, 10
75521, 10
75522, 10
75523, 10
75524, 10
75525, 10
75526, 10
75527, 10
75528, 10
75529, 10
75530, 10
75531, 10
75532, 10
75533, 10
75534, 10
75535, 10
75536, 10
75537, 10
75538, 10
75539, 10
75540, 10
75541, 10
75542, 10
75543, 10
75544, 10
75545, 10
75546, 10
75547, 10
75548, 10
75549, 10
75550, 10
75551, 10
75552, 10
75553, 10
75554, 10
75555, 10
75556, 10
75557, 10
75558, 10
75559, 10
75560, 10
75561, 10
75562, 10
75563, 10
75564, 10
75565, 10
75566, 10
75567, 10
75568, 10
75569, 10
75570, 10
75571, 10
75572, 10
75573, 10
75574, 10
75575, 10
75576, 10
75577, 10
75578, 10
75579, 10
75580, 10
75581, 10
75582, 10
75583, 10
75584, 10
75585, 10
75586, 10
75587, 10
75588, 10
75589, 10
75590, 10
75591, 10
75592, 10
75593, 10
75594, 10
75595, 10
75596, 10
75597, 10
75598, 10
75599, 10
75600, 10
75601, 10
75602, 10
75603, 10
75604, 10
75605, 10
75606, 10
75607, 10
75608, 10
75609, 10
75610, 10
75611, 10
75612, 10
75613, 10
75614, 10
75615, 10
75616, 10
75617, 10
75618, 10
75619, 10
75620, 10
75621, 10
75622, 10
75623, 10
75624, 10
75625, 9
75626, 9
75627, 9
75628, 9
75629, 9
75630, 9
75631, 9
75632, 9
75633, 9
75634, 9
75635, 9
75636, 9
75637, 9
75638, 9
75639, 9
75640, 9
75641, 9
75642, 9
75643, 9
75644, 9
75645, 9
75646, 9
75647, 9
75648, 9
75649, 9
75650, 9
75651, 9
75652, 9
75653, 9
75654, 9
75655, 9
75656, 9
75657, 9
75658, 9
75659, 9
75660, 9
75661, 9
75662, 9
75663, 9
75664, 9
75665, 9
75666, 9
75667, 9
75668, 9
75669, 9
75670, 9
75671, 9
75672, 9
75673, 9
75674, 9
75675, 9
75676, 9
75677, 9
75678, 9
75679, 9
75680, 9
75681, 9
75682, 9
75683, 9
75684, 9
75685, 9
75686, 9
75687, 9
75688, 9
75689, 9
75690, 9
75691, 9
75692, 9
75693, 9
75694, 9
75695, 9
75696, 9
75697, 9
75698, 9
75699, 9
75700, 9
75701, 9
75702, 9
75703, 9
75704, 9
75705, 9
75706, 9
75707, 9
75708, 9
75709, 9
75710, 9
75711, 9
75712, 9
75713, 9
75714, 9
75715, 9
75716, 9
75717, 9
75718, 9
75719, 9
75720, 9
75721, 9
75722, 9
75723, 9
75724, 9
75725, 9
75726, 9
75727, 9
75728, 9
75729, 9
75730, 9
75731, 9
75732, 9
75733, 9
75734, 9
75735, 9
75736, 9
75737, 9
75738, 9
75739, 9
75740, 9
75741, 9
75742, 9
75743, 9
75744, 9
75745, 9
75746, 9
75747, 9
75748, 9
75749, 9
75750, 9
75751, 9
75752, 9
75753, 9
75754, 9
75755, 9
75756, 9
75757, 9
75758, 9
75759, 9
75760, 9
75761, 9
75762, 9
75763, 9
75764, 9
75765, 9
75766, 9
75767, 9
75768, 9
75769, 9
75770, 9
75771, 9
75772, 9
75773, 9
75774, 9
75775, 9
75776, 9
75777, 9
75778, 9
75779, 9
75780, 9
75781, 9
75782, 9
75783, 9
75784, 9
75785, 9
75786, 9
75787, 9
75788, 9
75789, 9
75790, 9
75791, 9
75792, 9
75793, 9
75794, 9
75795, 9
75796, 9
75797, 9
75798, 9
75799, 9
75800, 9
75801, 9
75802, 9
75803, 9
75804, 9
75805, 9
75806, 9
75807, 9
75808, 9
75809, 9
75810, 9
75811, 9
75812, 9
75813, 9
75814, 9
75815, 9
75816, 9
75817, 9
75818, 9
75819, 9
75820, 9
75821, 9
75822, 9
75823, 9
75824, 9
75825, 9
75826, 9
75827, 9
75828, 9
75829, 9
75830, 9
75831, 9
75832, 9
75833, 9
75834, 9
75835, 9
75836, 9
75837, 9
75838, 9
75839, 9
75840, 9
75841, 9
75842, 9
75843, 9
75844, 9
75845, 9
75846, 9
75847, 9
75848, 9
75849, 9
75850, 9
75851, 9
75852, 9
75853, 9
75854, 9
75855, 9
75856, 9
75857, 9
75858, 9
75859, 9
75860, 9
75861, 9
75862, 9
75863, 9
75864, 9
75865, 9
75866, 9
75867, 9
75868, 9
75869, 9
75870, 9
75871, 9
75872, 9
75873, 9
75874, 9
75875, 9
75876, 9
75877, 9
75878, 9
75879, 9
75880, 9
75881, 9
75882, 9
75883, 9
75884, 9
75885, 9
75886, 9
75887, 9
75888, 9
75889, 9
75890, 9
75891, 9
75892, 9
75893, 9
75894, 9
75895, 9
75896, 9
75897, 9
75898, 9
75899, 9
75900, 9
75901, 9
75902, 9
75903, 9
75904, 9
75905, 9
75906, 9
75907, 9
75908, 9
75909, 9
75910, 9
75911, 9
75912, 9
75913, 9
75914, 9
75915, 9
75916, 9
75917, 9
75918, 9
75919, 9
75920, 9
75921, 9
75922, 9
75923, 9
75924, 9
75925, 9
75926, 9
75927, 9
75928, 9
75929, 9
75930, 9
75931, 9
75932, 9
75933, 9
75934, 9
75935, 9
75936, 9
75937, 9
75938, 9
75939, 9
75940, 9
75941, 9
75942, 9
75943, 9
75944, 9
75945, 9
75946, 9
75947, 9
75948, 9
75949, 9
75950, 9
75951, 9
75952, 9
75953, 9
75954, 9
75955, 9
75956, 9
75957, 9
75958, 9
75959, 9
75960, 9
75961, 9
75962, 9
75963, 9
75964, 9
75965, 9
75966, 9
75967, 9
75968, 9
75969, 9
75970, 9
75971, 9
75972, 9
75973, 9
75974, 9
75975, 9
75976, 9
75977, 9
75978, 9
75979, 9
75980, 9
75981, 9
75982, 9
75983, 9
75984, 9
75985, 9
75986, 9
75987, 9
75988, 9
75989, 9
75990, 9
75991, 9
75992, 9
75993, 9
75994, 9
75995, 9
75996, 10
75997, 10
75998, 10
75999, 10
76000, 10
76001, 10
76002, 10
76003, 10
76004, 10
76005, 10
76006, 10
76007, 10
76008, 10
76009, 10
76010, 10
76011, 10
76012, 10
76013, 10
76014, 10
76015, 10
76016, 10
76017, 10
76018, 10
76019, 10
76020, 10
76021, 10
76022, 10
76023, 10
76024, 10
76025, 10
76026, 10
76027, 10
76028, 10
76029, 10
76030, 10
76031, 10
76032, 10
76033, 10
76034, 10
76035, 10
76036, 10
76037, 10
76038, 10
76039, 10
76040, 10
76041, 10
76042, 10
76043, 10
76044, 10
76045, 10
76046, 10
76047, 10
76048, 10
76049, 10
76050, 10
76051, 10
76052, 10
76053, 10
76054, 10
76055, 10
76056, 10
76057, 10
76058, 10
76059, 10
76060, 10
76061, 10
76062, 10
76063, 10
76064, 10
76065, 10
76066, 10
76067, 10
76068, 10
76069, 10
76070, 10
76071, 10
76072, 10
76073, 10
76074, 10
76075, 10
76076, 10
76077, 10
76078, 10
76079, 10
76080, 10
76081, 10
76082, 10
76083, 10
76084, 10
76085, 10
76086, 10
76087, 10
76088, 10
76089, 10
76090, 10
76091, 10
76092, 10
76093, 10
76094, 10
76095, 10
76096, 10
76097, 10
76098, 10
76099, 10
76100, 10
76101, 10
76102, 10
76103, 10
76104, 10
76105, 10
76106, 10
76107, 10
76108, 10
76109, 10
76110, 10
76111, 10
76112, 10
76113, 10
76114, 10
76115, 10
76116, 10
76117, 10
76118, 10
76119, 10
76120, 10
76121, 10
76122, 10
76123, 10
76124, 10
76125, 10
76126, 10
76127, 10
76128, 10
76129, 10
76130, 10
76131, 10
76132, 10
76133, 10
76134, 10
76135, 10
76136, 10
76137, 10
76138, 10
76139, 10
76140, 10
76141, 10
76142, 10
76143, 10
76144, 10
76145, 10
76146, 10
76147, 10
76148, 10
76149, 10
76150, 10
76151, 10
76152, 10
76153, 10
76154, 10
76155, 10
76156, 10
76157, 10
76158, 10
76159, 10
76160, 10
76161, 10
76162, 10
76163, 10
76164, 10
76165, 10
76166, 10
76167, 10
76168, 10
76169, 10
76170, 10
76171, 10
76172, 10
76173, 10
76174, 10
76175, 10
76176, 9
76177, 9
76178, 9
76179, 9
76180, 9
76181, 9
76182, 9
76183, 9
76184, 9
76185, 9
76186, 9
76187, 9
76188, 9
76189, 9
76190, 9
76191, 9
76192, 9
76193, 9
76194, 9
76195, 9
76196, 9
76197, 9
76198, 9
76199, 9
76200, 9
76201, 9
76202, 9
76203, 9
76204, 9
76205, 9
76206, 9
76207, 9
76208, 9
76209, 9
76210, 9
76211, 9
76212, 9
76213, 9
76214, 9
76215, 9
76216, 9
76217, 9
76218, 9
76219, 9
76220, 9
76221, 9
76222, 9
76223, 9
76224, 9
76225, 9
76226, 9
76227, 9
76228, 9
76229, 9
76230, 9
76231, 9
76232, 9
76233, 9
76234, 9
76235, 9
76236, 9
76237, 9
76238, 9
76239, 9
76240, 9
76241, 9
76242, 9
76243, 9
76244, 9
76245, 9
76246, 9
76247, 9
76248, 9
76249, 9
76250, 9
76251, 9
76252, 9
76253, 9
76254, 9
76255, 9
76256, 9
76257, 9
76258, 9
76259, 9
76260, 9
76261, 9
76262, 9
76263, 9
76264, 9
76265, 9
76266, 9
76267, 9
76268, 9
76269, 9
76270, 9
76271, 9
76272, 9
76273, 9
76274, 9
76275, 9
76276, 9
76277, 9
76278, 9
76279, 9
76280, 9
76281, 9
76282, 9
76283, 9
76284, 9
76285, 9
76286, 9
76287, 9
76288, 9
76289, 9
76290, 9
76291, 9
76292, 9
76293, 9
76294, 9
76295, 9
76296, 9
76297, 9
76298, 9
76299, 9
76300, 9
76301, 9
76302, 9
76303, 9
76304, 9
76305, 9
76306, 9
76307, 9
76308, 9
76309, 9
76310, 9
76311, 9
76312, 9
76313, 9
76314, 9
76315, 9
76316, 9
76317, 9
76318, 9
76319, 9
76320, 9
76321, 9
76322, 9
76323, 9
76324, 9
76325, 9
76326, 9
76327, 9
76328, 9
76329, 9
76330, 9
76331, 9
76332, 9
76333, 9
76334, 9
76335, 9
76336, 9
76337, 9
76338, 9
76339, 9
76340, 9
76341, 9
76342, 9
76343, 9
76344, 9
76345, 9
76346, 9
76347, 9
76348, 9
76349, 9
76350, 9
76351, 9
76352, 9
76353, 9
76354, 9
76355, 9
76356, 9
76357, 9
76358, 9
76359, 9
76360, 9
76361, 9
76362, 9
76363, 9
76364, 9
76365, 9
76366, 9
76367, 9
76368, 9
76369, 9
76370, 9
76371, 9
76372, 9
76373, 9
76374, 9
76375, 9
76376, 9
76377, 9
76378, 9
76379, 9
76380, 9
76381, 9
76382, 9
76383, 9
76384, 9
76385, 9
76386, 9
76387, 9
76388, 9
76389, 9
76390, 9
76391, 9
76392, 9
76393, 9
76394, 9
76395, 9
76396, 9
76397, 9
76398, 9
76399, 9
76400, 9
76401, 9
76402, 9
76403, 9
76404, 9
76405, 9
76406, 9
76407, 9
76408, 9
76409, 9
76410, 9
76411, 9
76412, 9
76413, 9
76414, 9
76415, 9
76416, 9
76417, 9
76418, 9
76419, 9
76420, 9
76421, 9
76422, 9
76423, 9
76424, 9
76425, 9
76426, 9
76427, 9
76428, 9
76429, 9
76430, 9
76431, 9
76432, 9
76433, 9
76434, 9
76435, 9
76436, 9
76437, 9
76438, 9
76439, 9
76440, 9
76441, 9
76442, 9
76443, 9
76444, 9
76445, 9
76446, 9
76447, 9
76448, 9
76449, 9
76450, 9
76451, 9
76452, 9
76453, 9
76454, 9
76455, 9
76456, 9
76457, 9
76458, 9
76459, 9
76460, 9
76461, 9
76462, 9
76463, 9
76464, 9
76465, 9
76466, 9
76467, 9
76468, 9
76469, 9
76470, 9
76471, 9
76472, 9
76473, 9
76474, 9
76475, 9
76476, 9
76477, 9
76478, 9
76479, 9
76480, 9
76481, 9
76482, 9
76483, 9
76484, 9
76485, 9
76486, 9
76487, 9
76488, 9
76489, 9
76490, 9
76491, 9
76492, 9
76493, 9
76494, 9
76495, 9
76496, 9
76497, 9
76498, 9
76499, 9
76500, 9
76501, 9
76502, 9
76503, 9
76504, 9
76505, 9
76506, 9
76507, 9
76508, 9
76509, 9
76510, 9
76511, 9
76512, 9
76513, 9
76514, 9
76515, 9
76516, 9
76517, 9
76518, 9
76519, 9
76520, 9
76521, 9
76522, 9
76523, 9
76524, 9
76525, 9
76526, 9
76527, 9
76528, 9
76529, 9
76530, 9
76531, 9
76532, 9
76533, 9
76534, 9
76535, 9
76536, 9
76537, 9
76538, 9
76539, 9
76540, 9
76541, 9
76542, 9
76543, 10
76544, 10
76545, 10
76546, 10
76547, 10
76548, 10
76549, 10
76550, 10
76551, 10
76552, 10
76553, 10
76554, 10
76555, 10
76556, 10
76557, 10
76558, 10
76559, 10
76560, 10
76561, 10
76562, 10
76563, 10
76564, 10
76565, 10
76566, 10
76567, 10
76568, 10
76569, 10
76570, 10
76571, 10
76572, 10
76573, 10
76574, 10
76575, 10
76576, 10
76577, 10
76578, 10
76579, 10
76580, 10
76581, 10
76582, 10
76583, 10
76584, 10
76585, 10
76586, 10
76587, 10
76588, 10
76589, 10
76590, 10
76591, 10
76592, 10
76593, 10
76594, 10
76595, 10
76596, 10
76597, 10
76598, 10
76599, 10
76600, 10
76601, 10
76602, 10
76603, 10
76604, 10
76605, 10
76606, 10
76607, 10
76608, 10
76609, 10
76610, 10
76611, 10
76612, 10
76613, 10
76614, 10
76615, 10
76616, 10
76617, 10
76618, 10
76619, 10
76620, 10
76621, 10
76622, 10
76623, 10
76624, 10
76625, 10
76626, 10
76627, 10
76628, 10
76629, 10
76630, 10
76631, 10
76632, 10
76633, 10
76634, 10
76635, 10
76636, 10
76637, 10
76638, 10
76639, 10
76640, 10
76641, 10
76642, 10
76643, 10
76644, 10
76645, 10
76646, 10
76647, 10
76648, 10
76649, 10
76650, 10
76651, 10
76652, 10
76653, 10
76654, 10
76655, 10
76656, 10
76657, 10
76658, 10
76659, 10
76660, 10
76661, 10
76662, 10
76663, 10
76664, 10
76665, 10
76666, 10
76667, 10
76668, 10
76669, 10
76670, 10
76671, 10
76672, 10
76673, 10
76674, 10
76675, 10
76676, 10
76677, 10
76678, 10
76679, 10
76680, 10
76681, 10
76682, 10
76683, 10
76684, 10
76685, 10
76686, 10
76687, 10
76688, 10
76689, 10
76690, 10
76691, 10
76692, 10
76693, 10
76694, 10
76695, 10
76696, 10
76697, 10
76698, 10
76699, 10
76700, 10
76701, 10
76702, 10
76703, 10
76704, 10
76705, 10
76706, 10
76707, 10
76708, 10
76709, 10
76710, 10
76711, 10
76712, 10
76713, 10
76714, 10
76715, 10
76716, 10
76717, 10
76718, 10
76719, 10
76720, 10
76721, 10
76722, 10
76723, 10
76724, 10
76725, 10
76726, 10
76727, 10
76728, 10
76729, 9
76730, 9
76731, 9
76732, 9
76733, 9
76734, 9
76735, 9
76736, 9
76737, 9
76738, 9
76739, 9
76740, 9
76741, 9
76742, 9
76743, 9
76744, 9
76745, 9
76746, 9
76747, 9
76748, 9
76749, 9
76750, 9
76751, 9
76752, 9
76753, 9
76754, 9
76755, 9
76756, 9
76757, 9
76758, 9
76759, 9
76760, 9
76761, 9
76762, 9
76763, 9
76764, 9
76765, 9
76766, 9
76767, 9
76768, 9
76769, 9
76770, 9
76771, 9
76772, 9
76773, 9
76774, 9
76775, 9
76776, 9
76777, 9
76778, 9
76779, 9
76780, 9
76781, 9
76782, 9
76783, 9
76784, 9
76785, 9
76786, 9
76787, 9
76788, 9
76789, 9
76790, 9
76791, 9
76792, 9
76793, 9
76794, 9
76795, 9
76796, 9
76797, 9
76798, 9
76799, 9
76800, 9
76801, 9
76802, 9
76803, 9
76804, 9
76805, 9
76806, 9
76807, 9
76808, 9
76809, 9
76810, 9
76811, 9
76812, 9
76813, 9
76814, 9
76815, 9
76816, 9
76817, 9
76818, 9
76819, 9
76820, 9
76821, 9
76822, 9
76823, 9
76824, 9
76825, 9
76826, 9
76827, 9
76828, 9
76829, 9
76830, 9
76831, 9
76832, 9
76833, 9
76834, 9
76835, 9
76836, 9
76837, 9
76838, 9
76839, 9
76840, 9
76841, 9
76842, 9
76843, 9
76844, 9
76845, 9
76846, 9
76847, 9
76848, 9
76849, 9
76850, 9
76851, 9
76852, 9
76853, 9
76854, 9
76855, 9
76856, 9
76857, 9
76858, 9
76859, 9
76860, 9
76861, 9
76862, 9
76863, 9
76864, 9
76865, 9
76866, 9
76867, 9
76868, 9
76869, 9
76870, 9
76871, 9
76872, 9
76873, 9
76874, 9
76875, 9
76876, 9
76877, 9
76878, 9
76879, 9
76880, 9
76881, 9
76882, 9
76883, 9
76884, 9
76885, 9
76886, 9
76887, 9
76888, 9
76889, 9
76890, 9
76891, 9
76892, 9
76893, 9
76894, 9
76895, 9
76896, 9
76897, 9
76898, 9
76899, 9
76900, 9
76901, 9
76902, 9
76903, 9
76904, 9
76905, 9
76906, 9
76907, 9
76908, 9
76909, 9
76910, 9
76911, 9
76912, 9
76913, 9
76914, 9
76915, 9
76916, 9
76917, 9
76918, 9
76919, 9
76920, 9
76921, 9
76922, 9
76923, 9
76924, 9
76925, 9
76926, 9
76927, 9
76928, 9
76929, 9
76930, 9
76931, 9
76932, 9
76933, 9
76934, 9
76935, 9
76936, 9
76937, 9
76938, 9
76939, 9
76940, 9
76941, 9
76942, 9
76943, 9
76944, 9
76945, 9
76946, 9
76947, 9
76948, 9
76949, 9
76950, 9
76951, 9
76952, 9
76953, 9
76954, 9
76955, 9
76956, 9
76957, 9
76958, 9
76959, 9
76960, 9
76961, 9
76962, 9
76963, 9
76964, 9
76965, 9
76966, 9
76967, 9
76968, 9
76969, 9
76970, 9
76971, 9
76972, 9
76973, 9
76974, 9
76975, 9
76976, 9
76977, 9
76978, 9
76979, 9
76980, 9
76981, 9
76982, 9
76983, 9
76984, 9
76985, 9
76986, 9
76987, 9
76988, 9
76989, 9
76990, 9
76991, 9
76992, 9
76993, 9
76994, 9
76995, 9
76996, 9
76997, 9
76998, 9
76999, 9
77000, 9
77001, 9
77002, 9
77003, 9
77004, 9
77005, 9
77006, 9
77007, 9
77008, 9
77009, 9
77010, 9
77011, 9
77012, 9
77013, 9
77014, 9
77015, 9
77016, 9
77017, 9
77018, 9
77019, 9
77020, 9
77021, 9
77022, 9
77023, 9
77024, 9
77025, 9
77026, 9
77027, 9
77028, 9
77029, 9
77030, 9
77031, 9
77032, 9
77033, 9
77034, 9
77035, 9
77036, 9
77037, 9
77038, 9
77039, 9
77040, 9
77041, 9
77042, 9
77043, 9
77044, 9
77045, 9
77046, 9
77047, 9
77048, 9
77049, 9
77050, 9
77051, 9
77052, 9
77053, 9
77054, 9
77055, 9
77056, 9
77057, 9
77058, 9
77059, 9
77060, 9
77061, 9
77062, 9
77063, 9
77064, 9
77065, 9
77066, 9
77067, 9
77068, 9
77069, 9
77070, 9
77071, 9
77072, 9
77073, 9
77074, 9
77075, 9
77076, 9
77077, 9
77078, 9
77079, 9
77080, 9
77081, 9
77082, 9
77083, 9
77084, 9
77085, 9
77086, 9
77087, 9
77088, 9
77089, 9
77090, 9
77091, 10
77092, 10
77093, 10
77094, 10
77095, 10
77096, 10
77097, 10
77098, 10
77099, 10
77100, 10
77101, 10
77102, 10
77103, 10
77104, 10
77105, 10
77106, 10
77107, 10
77108, 10
77109, 10
77110, 10
77111, 10
77112, 10
77113, 10
77114, 10
77115, 10
77116, 10
77117, 10
77118, 10
77119, 10
77120, 10
77121, 10
77122, 10
77123, 10
77124, 10
77125, 10
77126, 10
77127, 10
77128, 10
77129, 10
77130, 10
77131, 10
77132, 10
77133, 10
77134, 10
77135, 10
77136, 10
77137, 10
77138, 10
77139, 10
77140, 10
77141, 10
77142, 10
77143, 10
77144, 10
77145, 10
77146, 10
77147, 10
77148, 10
77149, 10
77150, 10
77151, 10
77152, 10
77153, 10
77154, 10
77155, 10
77156, 10
77157, 10
77158, 10
77159, 10
77160, 10
77161, 10
77162, 10
77163, 10
77164, 10
77165, 10
77166, 10
77167, 10
77168, 10
77169, 10
77170, 10
77171, 10
77172, 10
77173, 10
77174, 10
77175, 10
77176, 10
77177, 10
77178, 10
77179, 10
77180, 10
77181, 10
77182, 10
77183, 10
77184, 10
77185, 10
77186, 10
77187, 10
77188, 10
77189, 10
77190, 10
77191, 10
77192, 10
77193, 10
77194, 10
77195, 10
77196, 10
77197, 10
77198, 10
77199, 10
77200, 10
77201, 10
77202, 10
77203, 10
77204, 10
77205, 10
77206, 10
77207, 10
77208, 10
77209, 10
77210, 10
77211, 10
77212, 10
77213, 10
77214, 10
77215, 10
77216, 10
77217, 10
77218, 10
77219, 10
77220, 10
77221, 10
77222, 10
77223, 10
77224, 10
77225, 10
77226, 10
77227, 10
77228, 10
77229, 10
77230, 10
77231, 10
77232, 10
77233, 10
77234, 10
77235, 10
77236, 10
77237, 10
77238, 10
77239, 10
77240, 10
77241, 10
77242, 10
77243, 10
77244, 10
77245, 10
77246, 10
77247, 10
77248, 10
77249, 10
77250, 10
77251, 10
77252, 10
77253, 10
77254, 10
77255, 10
77256, 10
77257, 10
77258, 10
77259, 10
77260, 10
77261, 10
77262, 10
77263, 10
77264, 10
77265, 10
77266, 10
77267, 10
77268, 10
77269, 10
77270, 10
77271, 10
77272, 10
77273, 10
77274, 10
77275, 10
77276, 10
77277, 10
77278, 10
77279, 10
77280, 10
77281, 10
77282, 10
77283, 10
77284, 9
77285, 9
77286, 9
77287, 9
77288, 9
77289, 9
77290, 9
77291, 9
77292, 9
77293, 9
77294, 9
77295, 9
77296, 9
77297, 9
77298, 9
77299, 9
77300, 9
77301, 9
77302, 9
77303, 9
77304, 9
77305, 9
77306, 9
77307, 9
77308, 9
77309, 9
77310, 9
77311, 9
77312, 9
77313, 9
77314, 9
77315, 9
77316, 9
77317, 9
77318, 9
77319, 9
77320, 9
77321, 9
77322, 9
77323, 9
77324, 9
77325, 9
77326, 9
77327, 9
77328, 9
77329, 9
77330, 9
77331, 9
77332, 9
77333, 9
77334, 9
77335, 9
77336, 9
77337, 9
77338, 9
77339, 9
77340, 9
77341, 9
77342, 9
77343, 9
77344, 9
77345, 9
77346, 9
77347, 9
77348, 9
77349, 9
77350, 9
77351, 9
77352, 9
77353, 9
77354, 9
77355, 9
77356, 9
77357, 9
77358, 9
77359, 9
77360, 9
77361, 9
77362, 9
77363, 9
77364, 9
77365, 9
77366, 9
77367, 9
77368, 9
77369, 9
77370, 9
77371, 9
77372, 9
77373, 9
77374, 9
77375, 9
77376, 9
77377, 9
77378, 9
77379, 9
77380, 9
77381, 9
77382, 9
77383, 9
77384, 9
77385, 9
77386, 9
77387, 9
77388, 9
77389, 9
77390, 9
77391, 9
77392, 9
77393, 9
77394, 9
77395, 9
77396, 9
77397, 9
77398, 9
77399, 9
77400, 9
77401, 9
77402, 9
77403, 9
77404, 9
77405, 9
77406, 9
77407, 9
77408, 9
77409, 9
77410, 9
77411, 9
77412, 9
77413, 9
77414, 9
77415, 9
77416, 9
77417, 9
77418, 9
77419, 9
77420, 9
77421, 9
77422, 9
77423, 9
77424, 9
77425, 9
77426, 9
77427, 9
77428, 9
77429, 9
77430, 9
77431, 9
77432, 9
77433, 9
77434, 9
77435, 9
77436, 9
77437, 9
77438, 9
77439, 9
77440, 9
77441, 9
77442, 9
77443, 9
77444, 9
77445, 9
77446, 9
77447, 9
77448, 9
77449, 9
77450, 9
77451, 9
77452, 9
77453, 9
77454, 9
77455, 9
77456, 9
77457, 9
77458, 9
77459, 9
77460, 9
77461, 9
77462, 9
77463, 9
77464, 9
77465, 9
77466, 9
77467, 9
77468, 9
77469, 9
77470, 9
77471, 9
77472, 9
77473, 9
77474, 9
77475, 9
77476, 9
77477, 9
77478, 9
77479, 9
77480, 9
77481, 9
77482, 9
77483, 9
77484, 9
77485, 9
77486, 9
77487, 9
77488, 9
77489, 9
77490, 9
77491, 9
77492, 9
77493, 9
77494, 9
77495, 9
77496, 9
77497, 9
77498, 9
77499, 9
77500, 9
77501, 9
77502, 9
77503, 9
77504, 9
77505, 9
77506, 9
77507, 9
77508, 9
77509, 9
77510, 9
77511, 9
77512, 9
77513, 9
77514, 9
77515, 9
77516, 9
77517, 9
77518, 9
77519, 9
77520, 9
77521, 9
77522, 9
77523, 9
77524, 9
77525, 9
77526, 9
77527, 9
77528, 9
77529, 9
77530, 9
77531, 9
77532, 9
77533, 9
77534, 9
77535, 9
77536, 9
77537, 9
77538, 9
77539, 9
77540, 9
77541, 9
77542, 9
77543, 9
77544, 9
77545, 9
77546, 9
77547, 9
77548, 9
77549, 9
77550, 9
77551, 9
77552, 9
77553, 9
77554, 9
77555, 9
77556, 9
77557, 9
77558, 9
77559, 9
77560, 9
77561, 9
77562, 9
77563, 9
77564, 9
77565, 9
77566, 9
77567, 9
77568, 9
77569, 9
77570, 9
77571, 9
77572, 9
77573, 9
77574, 9
77575, 9
77576, 9
77577, 9
77578, 9
77579, 9
77580, 9
77581, 9
77582, 9
77583, 9
77584, 9
77585, 9
77586, 9
77587, 9
77588, 9
77589, 9
77590, 9
77591, 9
77592, 9
77593, 9
77594, 9
77595, 9
77596, 9
77597, 9
77598, 9
77599, 9
77600, 9
77601, 9
77602, 9
77603, 9
77604, 9
77605, 9
77606, 9
77607, 9
77608, 9
77609, 9
77610, 9
77611, 9
77612, 9
77613, 9
77614, 9
77615, 9
77616, 9
77617, 9
77618, 9
77619, 9
77620, 9
77621, 9
77622, 9
77623, 9
77624, 9
77625, 9
77626, 9
77627, 9
77628, 9
77629, 9
77630, 9
77631, 9
77632, 9
77633, 9
77634, 9
77635, 9
77636, 9
77637, 9
77638, 9
77639, 9
77640, 9
77641, 9
77642, 10
77643, 10
77644, 10
77645, 10
77646, 10
77647, 10
77648, 10
77649, 10
77650, 10
77651, 10
77652, 10
77653, 10
77654, 10
77655, 10
77656, 10
77657, 10
77658, 10
77659, 10
77660, 10
77661, 10
77662, 10
77663, 10
77664, 10
77665, 10
77666, 10
77667, 10
77668, 10
77669, 10
77670, 10
77671, 10
77672, 10
77673, 10
77674, 10
77675, 10
77676, 10
77677, 10
77678, 10
77679, 10
77680, 10
77681, 10
77682, 10
77683, 10
77684, 10
77685, 10
77686, 10
77687, 10
77688, 10
77689, 10
77690, 10
77691, 10
77692, 10
77693, 10
77694, 10
77695, 10
77696, 10
77697, 10
77698, 10
77699, 10
77700, 10
77701, 10
77702, 10
77703, 10
77704, 10
77705, 10
77706, 10
77707, 10
77708, 10
77709, 10
77710, 10
77711, 10
77712, 10
77713, 10
77714, 10
77715, 10
77716, 10
77717, 10
77718, 10
77719, 10
77720, 10
77721, 10
77722, 10
77723, 10
77724, 10
77725, 10
77726, 10
77727, 10
77728, 10
77729, 10
77730, 10
77731, 10
77732, 10
77733, 10
77734, 10
77735, 10
77736, 10
77737, 10
77738, 10
77739, 10
77740, 10
77741, 10
77742, 10
77743, 10
77744, 10
77745, 10
77746, 10
77747, 10
77748, 10
77749, 10
77750, 10
77751, 10
77752, 10
77753, 10
77754, 10
77755, 10
77756, 10
77757, 10
77758, 10
77759, 10
77760, 10
77761, 10
77762, 10
77763, 10
77764, 10
77765, 10
77766, 10
77767, 10
77768, 10
77769, 10
77770, 10
77771, 10
77772, 10
77773, 10
77774, 10
77775, 10
77776, 10
77777, 10
77778, 10
77779, 10
77780, 10
77781, 10
77782, 10
77783, 10
77784, 10
77785, 10
77786, 10
77787, 10
77788, 10
77789, 10
77790, 10
77791, 10
77792, 10
77793, 10
77794, 10
77795, 10
77796, 10
77797, 10
77798, 10
77799, 10
77800, 10
77801, 10
77802, 10
77803, 10
77804, 10
77805, 10
77806, 10
77807, 10
77808, 10
77809, 10
77810, 10
77811, 10
77812, 10
77813, 10
77814, 10
77815, 10
77816, 10
77817, 10
77818, 10
77819, 10
77820, 10
77821, 10
77822, 10
77823, 10
77824, 10
77825, 10
77826, 10
77827, 10
77828, 10
77829, 10
77830, 10
77831, 10
77832, 10
77833, 10
77834, 10
77835, 10
77836, 10
77837, 10
77838, 10
77839, 10
77840, 10
77841, 9
77842, 9
77843, 9
77844, 9
77845, 9
77846, 9
77847, 9
77848, 9
77849, 9
77850, 9
77851, 9
77852, 9
77853, 9
77854, 9
77855, 9
77856, 9
77857, 9
77858, 9
77859, 9
77860, 9
77861, 9
77862, 9
77863, 9
77864, 9
77865, 9
77866, 9
77867, 9
77868, 9
77869, 9
77870, 9
77871, 9
77872, 9
77873, 9
77874, 9
77875, 9
77876, 9
77877, 9
77878, 9
77879, 9
77880, 9
77881, 9
77882, 9
77883, 9
77884, 9
77885, 9
77886, 9
77887, 9
77888, 9
77889, 9
77890, 9
77891, 9
77892, 9
77893, 9
77894, 9
77895, 9
77896, 9
77897, 9
77898, 9
77899, 9
77900, 9
77901, 9
77902, 9
77903, 9
77904, 9
77905, 9
77906, 9
77907, 9
77908, 9
77909, 9
77910, 9
77911, 9
77912, 9
77913, 9
77914, 9
77915, 9
77916, 9
77917, 9
77918, 9
77919, 9
77920, 9
77921, 9
77922, 9
77923, 9
77924, 9
77925, 9
77926, 9
77927, 9
77928, 9
77929, 9
77930, 9
77931, 9
77932, 9
77933, 9
77934, 9
77935, 9
77936, 9
77937, 9
77938, 9
77939, 9
77940, 9
77941, 9
77942, 9
77943, 9
77944, 9
77945, 9
77946, 9
77947, 9
77948, 9
77949, 9
77950, 9
77951, 9
77952, 9
77953, 9
77954, 9
77955, 9
77956, 9
77957, 9
77958, 9
77959, 9
77960, 9
77961, 9
77962, 9
77963, 9
77964, 9
77965, 9
77966, 9
77967, 9
77968, 9
77969, 9
77970, 9
77971, 9
77972, 9
77973, 9
77974, 9
77975, 9
77976, 9
77977, 9
77978, 9
77979, 9
77980, 9
77981, 9
77982, 9
77983, 9
77984, 9
77985, 9
77986, 9
77987, 9
77988, 9
77989, 9
77990, 9
77991, 9
77992, 9
77993, 9
77994, 9
77995, 9
77996, 9
77997, 9
77998, 9
77999, 9
78000, 9
78001, 9
78002, 9
78003, 9
78004, 9
78005, 9
78006, 9
78007, 9
78008, 9
78009, 9
78010, 9
78011, 9
78012, 9
78013, 9
78014, 9
78015, 9
78016, 9
78017, 9
78018, 9
78019, 9
78020, 9
78021, 9
78022, 9
78023, 9
78024, 9
78025, 9
78026, 9
78027, 9
78028, 9
78029, 9
78030, 9
78031, 9
78032, 9
78033, 9
78034, 9
78035, 9
78036, 9
78037, 9
78038, 9
78039, 9
78040, 9
78041, 9
78042, 9
78043, 9
78044, 9
78045, 9
78046, 9
78047, 9
78048, 9
78049, 9
78050, 9
78051, 9
78052, 9
78053, 9
78054, 9
78055, 9
78056, 9
78057, 9
78058, 9
78059, 9
78060, 9
78061, 9
78062, 9
78063, 9
78064, 9
78065, 9
78066, 9
78067, 9
78068, 9
78069, 9
78070, 9
78071, 9
78072, 9
78073, 9
78074, 9
78075, 9
78076, 9
78077, 9
78078, 9
78079, 9
78080, 9
78081, 9
78082, 9
78083, 9
78084, 9
78085, 9
78086, 9
78087, 9
78088, 9
78089, 9
78090, 9
78091, 9
78092, 9
78093, 9
78094, 9
78095, 9
78096, 9
78097, 9
78098, 9
78099, 9
78100, 9
78101, 9
78102, 9
78103, 9
78104, 9
78105, 9
78106, 9
78107, 9
78108, 9
78109, 9
78110, 9
78111, 9
78112, 9
78113, 9
78114, 9
78115, 9
78116, 9
78117, 9
78118, 9
78119, 9
78120, 9
78121, 9
78122, 9
78123, 9
78124, 9
78125, 9
78126, 9
78127, 9
78128, 9
78129, 9
78130, 9
78131, 9
78132, 9
78133, 9
78134, 9
78135, 9
78136, 9
78137, 9
78138, 9
78139, 9
78140, 9
78141, 9
78142, 9
78143, 9
78144, 9
78145, 9
78146, 9
78147, 9
78148, 9
78149, 9
78150, 9
78151, 9
78152, 9
78153, 9
78154, 9
78155, 9
78156, 9
78157, 9
78158, 9
78159, 9
78160, 9
78161, 9
78162, 9
78163, 9
78164, 9
78165, 9
78166, 9
78167, 9
78168, 9
78169, 9
78170, 9
78171, 9
78172, 9
78173, 9
78174, 9
78175, 9
78176, 9
78177, 9
78178, 9
78179, 9
78180, 9
78181, 9
78182, 9
78183, 9
78184, 9
78185, 9
78186, 9
78187, 9
78188, 9
78189, 9
78190, 9
78191, 9
78192, 9
78193, 9
78194, 10
78195, 10
78196, 10
78197, 10
78198, 10
78199, 10
78200, 10
78201, 10
78202, 10
78203, 10
78204, 10
78205, 10
78206, 10
78207, 10
78208, 10
78209, 10
78210, 10
78211, 10
78212, 10
78213, 10
78214, 10
78215, 10
78216, 10
78217, 10
78218, 10
78219, 10
78220, 10
78221, 10
78222, 10
78223, 10
78224, 10
78225, 10
78226, 10
78227, 10
78228, 10
78229, 10
78230, 10
78231, 10
78232, 10
78233, 10
78234, 10
78235, 10
78236, 10
78237, 10
78238, 10
78239, 10
78240, 10
78241, 10
78242, 10
78243, 10
78244, 10
78245, 10
78246, 10
78247, 10
78248, 10
78249, 10
78250, 10
78251, 10
78252, 10
78253, 10
78254, 10
78255, 10
78256, 10
78257, 10
78258, 10
78259, 10
78260, 10
78261, 10
78262, 10
78263, 10
78264, 10
78265, 10
78266, 10
78267, 10
78268, 10
78269, 10
78270, 10
78271, 10
78272, 10
78273, 10
78274, 10
78275, 10
78276, 10
78277, 10
78278, 10
78279, 10
78280, 10
78281, 10
78282, 10
78283, 10
78284, 10
78285, 10
78286, 10
78287, 10
78288, 10
78289, 10
78290, 10
78291, 10
78292, 10
78293, 10
78294, 10
78295, 10
78296, 10
78297, 10
78298, 10
78299, 10
78300, 10
78301, 10
78302, 10
78303, 10
78304, 10
78305, 10
78306, 10
78307, 10
78308, 10
78309, 10
78310, 10
78311, 10
78312, 10
78313, 10
78314, 10
78315, 10
78316, 10
78317, 10
78318, 10
78319, 10
78320, 10
78321, 10
78322, 10
78323, 10
78324, 10
78325, 10
78326, 10
78327, 10
78328, 10
78329, 10
78330, 10
78331, 10
78332, 10
78333, 10
78334, 10
78335, 10
78336, 10
78337, 10
78338, 10
78339, 10
78340, 10
78341, 10
78342, 10
78343, 10
78344, 10
78345, 10
78346, 10
78347, 10
78348, 10
78349, 10
78350, 10
78351, 10
78352, 10
78353, 10
78354, 10
78355, 10
78356, 10
78357, 10
78358, 10
78359, 10
78360, 10
78361, 10
78362, 10
78363, 10
78364, 10
78365, 10
78366, 10
78367, 10
78368, 10
78369, 10
78370, 10
78371, 10
78372, 10
78373, 10
78374, 10
78375, 10
78376, 10
78377, 10
78378, 10
78379, 10
78380, 10
78381, 10
78382, 10
78383, 10
78384, 10
78385, 10
78386, 10
78387, 10
78388, 10
78389, 10
78390, 10
78391, 10
78392, 10
78393, 10
78394, 10
78395, 10
78396, 10
78397, 10
78398, 10
78399, 10
78400, 9
78401, 9
78402, 9
78403, 9
78404, 9
78405, 9
78406, 9
78407, 9
78408, 9
78409, 9
78410, 9
78411, 9
78412, 9
78413, 9
78414, 9
78415, 9
78416, 9
78417, 9
78418, 9
78419, 9
78420, 9
78421, 9
78422, 9
78423, 9
78424, 9
78425, 9
78426, 9
78427, 9
78428, 9
78429, 9
78430, 9
78431, 9
78432, 9
78433, 9
78434, 9
78435, 9
78436, 9
78437, 9
78438, 9
78439, 9
78440, 9
78441, 9
78442, 9
78443, 9
78444, 9
78445, 9
78446, 9
78447, 9
78448, 9
78449, 9
78450, 9
78451, 9
78452, 9
78453, 9
78454, 9
78455, 9
78456, 9
78457, 9
78458, 9
78459, 9
78460, 9
78461, 9
78462, 9
78463, 9
78464, 9
78465, 9
78466, 9
78467, 9
78468, 9
78469, 9
78470, 9
78471, 9
78472, 9
78473, 9
78474, 9
78475, 9
78476, 9
78477, 9
78478, 9
78479, 9
78480, 9
78481, 9
78482, 9
78483, 9
78484, 9
78485, 9
78486, 9
78487, 9
78488, 9
78489, 9
78490, 9
78491, 9
78492, 9
78493, 9
78494, 9
78495, 9
78496, 9
78497, 9
78498, 9
78499, 9
78500, 9
78501, 9
78502, 9
78503, 9
78504, 9
78505, 9
78506, 9
78507, 9
78508, 9
78509, 9
78510, 9
78511, 9
78512, 9
78513, 9
78514, 9
78515, 9
78516, 9
78517, 9
78518, 9
78519, 9
78520, 9
78521, 9
78522, 9
78523, 9
78524, 9
78525, 9
78526, 9
78527, 9
78528, 9
78529, 9
78530, 9
78531, 9
78532, 9
78533, 9
78534, 9
78535, 9
78536, 9
78537, 9
78538, 9
78539, 9
78540, 9
78541, 9
78542, 9
78543, 9
78544, 9
78545, 9
78546, 9
78547, 9
78548, 9
78549, 9
78550, 9
78551, 9
78552, 9
78553, 9
78554, 9
78555, 9
78556, 9
78557, 9
78558, 9
78559, 9
78560, 9
78561, 9
78562, 9
78563, 9
78564, 9
78565, 9
78566, 9
78567, 9
78568, 9
78569, 9
78570, 9
78571, 9
78572, 9
78573, 9
78574, 9
78575, 9
78576, 9
78577, 9
78578, 9
78579, 9
78580, 9
78581, 9
78582, 9
78583, 9
78584, 9
78585, 9
78586, 9
78587, 9
78588, 9
78589, 9
78590, 9
78591, 9
78592, 9
78593, 9
78594, 9
78595, 9
78596, 9
78597, 9
78598, 9
78599, 9
78600, 9
78601, 9
78602, 9
78603, 9
78604, 9
78605, 9
78606, 9
78607, 9
78608, 9
78609, 9
78610, 9
78611, 9
78612, 9
78613, 9
78614, 9
78615, 9
78616, 9
78617, 9
78618, 9
78619, 9
78620, 9
78621, 9
78622, 9
78623, 9
78624, 9
78625, 9
78626, 9
78627, 9
78628, 9
78629, 9
78630, 9
78631, 9
78632, 9
78633, 9
78634, 9
78635, 9
78636, 9
78637, 9
78638, 9
78639, 9
78640, 9
78641, 9
78642, 9
78643, 9
78644, 9
78645, 9
78646, 9
78647, 9
78648, 9
78649, 9
78650, 9
78651, 9
78652, 9
78653, 9
78654, 9
78655, 9
78656, 9
78657, 9
78658, 9
78659, 9
78660, 9
78661, 9
78662, 9
78663, 9
78664, 9
78665, 9
78666, 9
78667, 9
78668, 9
78669, 9
78670, 9
78671, 9
78672, 9
78673, 9
78674, 9
78675, 9
78676, 9
78677, 9
78678, 9
78679, 9
78680, 9
78681, 9
78682, 9
78683, 9
78684, 9
78685, 9
78686, 9
78687, 9
78688, 9
78689, 9
78690, 9
78691, 9
78692, 9
78693, 9
78694, 9
78695, 9
78696, 9
78697, 9
78698, 9
78699, 9
78700, 9
78701, 9
78702, 9
78703, 9
78704, 9
78705, 9
78706, 9
78707, 9
78708, 9
78709, 9
78710, 9
78711, 9
78712, 9
78713, 9
78714, 9
78715, 9
78716, 9
78717, 9
78718, 9
78719, 9
78720, 9
78721, 9
78722, 9
78723, 9
78724, 9
78725, 9
78726, 9
78727, 9
78728, 9
78729, 9
78730, 9
78731, 9
78732, 9
78733, 9
78734, 9
78735, 9
78736, 9
78737, 9
78738, 9
78739, 9
78740, 9
78741, 9
78742, 9
78743, 9
78744, 9
78745, 9
78746, 9
78747, 9
78748, 10
78749, 10
78750, 10
78751, 10
78752, 10
78753, 10
78754, 10
78755, 10
78756, 10
78757, 10
78758, 10
78759, 10
78760, 10
78761, 10
78762, 10
78763, 10
78764, 10
78765, 10
78766, 10
78767, 10
78768, 10
78769, 10
78770, 10
78771, 10
78772, 10
78773, 10
78774, 10
78775, 10
78776, 10
78777, 10
78778, 10
78779, 10
78780, 10
78781, 10
78782, 10
78783, 10
78784, 10
78785, 10
78786, 10
78787, 10
78788, 10
78789, 10
78790, 10
78791, 10
78792, 10
78793, 10
78794, 10
78795, 10
78796, 10
78797, 10
78798, 10
78799, 10
78800, 10
78801, 10
78802, 10
78803, 10
78804, 10
78805, 10
78806, 10
78807, 10
78808, 10
78809, 10
78810, 10
78811, 10
78812, 10
78813, 10
78814, 10
78815, 10
78816, 10
78817, 10
78818, 10
78819, 10
78820, 10
78821, 10
78822, 10
78823, 10
78824, 10
78825, 10
78826, 10
78827, 10
78828, 10
78829, 10
78830, 10
78831, 10
78832, 10
78833, 10
78834, 10
78835, 10
78836, 10
78837, 10
78838, 10
78839, 10
78840, 10
78841, 10
78842, 10
78843, 10
78844, 10
78845, 10
78846, 10
78847, 10
78848, 10
78849, 10
78850, 10
78851, 10
78852, 10
78853, 10
78854, 10
78855, 10
78856, 10
78857, 10
78858, 10
78859, 10
78860, 10
78861, 10
78862, 10
78863, 10
78864, 10
78865, 10
78866, 10
78867, 10
78868, 10
78869, 10
78870, 10
78871, 10
78872, 10
78873, 10
78874, 10
78875, 10
78876, 10
78877, 10
78878, 10
78879, 10
78880, 10
78881, 10
78882, 10
78883, 10
78884, 10
78885, 10
78886, 10
78887, 10
78888, 10
78889, 10
78890, 10
78891, 10
78892, 10
78893, 10
78894, 10
78895, 10
78896, 10
78897, 10
78898, 10
78899, 10
78900, 10
78901, 10
78902, 10
78903, 10
78904, 10
78905, 10
78906, 10
78907, 10
78908, 10
78909, 10
78910, 10
78911, 10
78912, 10
78913, 10
78914, 10
78915, 10
78916, 10
78917, 10
78918, 10
78919, 10
78920, 10
78921, 10
78922, 10
78923, 10
78924, 10
78925, 10
78926, 10
78927, 10
78928, 10
78929, 10
78930, 10
78931, 10
78932, 10
78933, 10
78934, 10
78935, 10
78936, 10
78937, 10
78938, 10
78939, 10
78940, 10
78941, 10
78942, 10
78943, 10
78944, 10
78945, 10
78946, 10
78947, 10
78948, 10
78949, 10
78950, 10
78951, 10
78952, 10
78953, 10
78954, 10
78955, 10
78956, 10
78957, 10
78958, 10
78959, 10
78960, 10
78961, 9
78962, 9
78963, 9
78964, 9
78965, 9
78966, 9
78967, 9
78968, 9
78969, 9
78970, 9
78971, 9
78972, 9
78973, 9
78974, 9
78975, 9
78976, 9
78977, 9
78978, 9
78979, 9
78980, 9
78981, 9
78982, 9
78983, 9
78984, 9
78985, 9
78986, 9
78987, 9
78988, 9
78989, 9
78990, 9
78991, 9
78992, 9
78993, 9
78994, 9
78995, 9
78996, 9
78997, 9
78998, 9
78999, 9
79000, 9
79001, 9
79002, 9
79003, 9
79004, 9
79005, 9
79006, 9
79007, 9
79008, 9
79009, 9
79010, 9
79011, 9
79012, 9
79013, 9
79014, 9
79015, 9
79016, 9
79017, 9
79018, 9
79019, 9
79020, 9
79021, 9
79022, 9
79023, 9
79024, 9
79025, 9
79026, 9
79027, 9
79028, 9
79029, 9
79030, 9
79031, 9
79032, 9
79033, 9
79034, 9
79035, 9
79036, 9
79037, 9
79038, 9
79039, 9
79040, 9
79041, 9
79042, 9
79043, 9
79044, 9
79045, 9
79046, 9
79047, 9
79048, 9
79049, 9
79050, 9
79051, 9
79052, 9
79053, 9
79054, 9
79055, 9
79056, 9
79057, 9
79058, 9
79059, 9
79060, 9
79061, 9
79062, 9
79063, 9
79064, 9
79065, 9
79066, 9
79067, 9
79068, 9
79069, 9
79070, 9
79071, 9
79072, 9
79073, 9
79074, 9
79075, 9
79076, 9
79077, 9
79078, 9
79079, 9
79080, 9
79081, 9
79082, 9
79083, 9
79084, 9
79085, 9
79086, 9
79087, 9
79088, 9
79089, 9
79090, 9
79091, 9
79092, 9
79093, 9
79094, 9
79095, 9
79096, 9
79097, 9
79098, 9
79099, 9
79100, 9
79101, 9
79102, 9
79103, 9
79104, 9
79105, 9
79106, 9
79107, 9
79108, 9
79109, 9
79110, 9
79111, 9
79112, 9
79113, 9
79114, 9
79115, 9
79116, 9
79117, 9
79118, 9
79119, 9
79120, 9
79121, 9
79122, 9
79123, 9
79124, 9
79125, 9
79126, 9
79127, 9
79128, 9
79129, 9
79130, 9
79131, 9
79132, 9
79133, 9
79134, 9
79135, 9
79136, 9
79137, 9
79138, 9
79139, 9
79140, 9
79141, 9
79142, 9
79143, 9
79144, 9
79145, 9
79146, 9
79147, 9
79148, 9
79149, 9
79150, 9
79151, 9
79152, 9
79153, 9
79154, 9
79155, 9
79156, 9
79157, 9
79158, 9
79159, 9
79160, 9
79161, 9
79162, 9
79163, 9
79164, 9
79165, 9
79166, 9
79167, 9
79168, 9
79169, 9
79170, 9
79171, 9
79172, 9
79173, 9
79174, 9
79175, 9
79176, 9
79177, 9
79178, 9
79179, 9
79180, 9
79181, 9
79182, 9
79183, 9
79184, 9
79185, 9
79186, 9
79187, 9
79188, 9
79189, 9
79190, 9
79191, 9
79192, 9
79193, 9
79194, 9
79195, 9
79196, 9
79197, 9
79198, 9
79199, 9
79200, 9
79201, 9
79202, 9
79203, 9
79204, 9
79205, 9
79206, 9
79207, 9
79208, 9
79209, 9
79210, 9
79211, 9
79212, 9
79213, 9
79214, 9
79215, 9
79216, 9
79217, 9
79218, 9
79219, 9
79220, 9
79221, 9
79222, 9
79223, 9
79224, 9
79225, 9
79226, 9
79227, 9
79228, 9
79229, 9
79230, 9
79231, 9
79232, 9
79233, 9
79234, 9
79235, 9
79236, 9
79237, 9
79238, 9
79239, 9
79240, 9
79241, 9
79242, 9
79243, 9
79244, 9
79245, 9
79246, 9
79247, 9
79248, 9
79249, 9
79250, 9
79251, 9
79252, 9
79253, 9
79254, 9
79255, 9
79256, 9
79257, 9
79258, 9
79259, 9
79260, 9
79261, 9
79262, 9
79263, 9
79264, 9
79265, 9
79266, 9
79267, 9
79268, 9
79269, 9
79270, 9
79271, 9
79272, 9
79273, 9
79274, 9
79275, 9
79276, 9
79277, 9
79278, 9
79279, 9
79280, 9
79281, 9
79282, 9
79283, 9
79284, 9
79285, 9
79286, 9
79287, 9
79288, 9
79289, 9
79290, 9
79291, 9
79292, 9
79293, 9
79294, 9
79295, 9
79296, 9
79297, 9
79298, 9
79299, 9
79300, 9
79301, 9
79302, 9
79303, 9
79304, 10
79305, 10
79306, 10
79307, 10
79308, 10
79309, 10
79310, 10
79311, 10
79312, 10
79313, 10
79314, 10
79315, 10
79316, 10
79317, 10
79318, 10
79319, 10
79320, 10
79321, 10
79322, 10
79323, 10
79324, 10
79325, 10
79326, 10
79327, 10
79328, 10
79329, 10
79330, 10
79331, 10
79332, 10
79333, 10
79334, 10
79335, 10
79336, 10
79337, 10
79338, 10
79339, 10
79340, 10
79341, 10
79342, 10
79343, 10
79344, 10
79345, 10
79346, 10
79347, 10
79348, 10
79349, 10
79350, 10
79351, 10
79352, 10
79353, 10
79354, 10
79355, 10
79356, 10
79357, 10
79358, 10
79359, 10
79360, 10
79361, 10
79362, 10
79363, 10
79364, 10
79365, 10
79366, 10
79367, 10
79368, 10
79369, 10
79370, 10
79371, 10
79372, 10
79373, 10
79374, 10
79375, 10
79376, 10
79377, 10
79378, 10
79379, 10
79380, 10
79381, 10
79382, 10
79383, 10
79384, 10
79385, 10
79386, 10
79387, 10
79388, 10
79389, 10
79390, 10
79391, 10
79392, 10
79393, 10
79394, 10
79395, 10
79396, 10
79397, 10
79398, 10
79399, 10
79400, 10
79401, 10
79402, 10
79403, 10
79404, 10
79405, 10
79406, 10
79407, 10
79408, 10
79409, 10
79410, 10
79411, 10
79412, 10
79413, 10
79414, 10
79415, 10
79416, 10
79417, 10
79418, 10
79419, 10
79420, 10
79421, 10
79422, 10
79423, 10
79424, 10
79425, 10
79426, 10
79427, 10
79428, 10
79429, 10
79430, 10
79431, 10
79432, 10
79433, 10
79434, 10
79435, 10
79436, 10
79437, 10
79438, 10
79439, 10
79440, 10
79441, 10
79442, 10
79443, 10
79444, 10
79445, 10
79446, 10
79447, 10
79448, 10
79449, 10
79450, 10
79451, 10
79452, 10
79453, 10
79454, 10
79455, 10
79456, 10
79457, 10
79458, 10
79459, 10
79460, 10
79461, 10
79462, 10
79463, 10
79464, 10
79465, 10
79466, 10
79467, 10
79468, 10
79469, 10
79470, 10
79471, 10
79472, 10
79473, 10
79474, 10
79475, 10
79476, 10
79477, 10
79478, 10
79479, 10
79480, 10
79481, 10
79482, 10
79483, 10
79484, 10
79485, 10
79486, 10
79487, 10
79488, 10
79489, 10
79490, 10
79491, 10
79492, 10
79493, 10
79494, 10
79495, 10
79496, 10
79497, 10
79498, 10
79499, 10
79500, 10
79501, 10
79502, 10
79503, 10
79504, 10
79505, 10
79506, 10
79507, 10
79508, 10
79509, 10
79510, 10
79511, 10
79512, 10
79513, 10
79514, 10
79515, 10
79516, 10
79517, 10
79518, 10
79519, 10
79520, 10
79521, 10
79522, 10
79523, 10
79524, 9
79525, 9
79526, 9
79527, 9
79528, 9
79529, 9
79530, 9
79531, 9
79532, 9
79533, 9
79534, 9
79535, 9
79536, 9
79537, 9
79538, 9
79539, 9
79540, 9
79541, 9
79542, 9
79543, 9
79544, 9
79545, 9
79546, 9
79547, 9
79548, 9
79549, 9
79550, 9
79551, 9
79552, 9
79553, 9
79554, 9
79555, 9
79556, 9
79557, 9
79558, 9
79559, 9
79560, 9
79561, 9
79562, 9
79563, 9
79564, 9
79565, 9
79566, 9
79567, 9
79568, 9
79569, 9
79570, 9
79571, 9
79572, 9
79573, 9
79574, 9
79575, 9
79576, 9
79577, 9
79578, 9
79579, 9
79580, 9
79581, 9
79582, 9
79583, 9
79584, 9
79585, 9
79586, 9
79587, 9
79588, 9
79589, 9
79590, 9
79591, 9
79592, 9
79593, 9
79594, 9
79595, 9
79596, 9
79597, 9
79598, 9
79599, 9
79600, 9
79601, 9
79602, 9
79603, 9
79604, 9
79605, 9
79606, 9
79607, 9
79608, 9
79609, 9
79610, 9
79611, 9
79612, 9
79613, 9
79614, 9
79615, 9
79616, 9
79617, 9
79618, 9
79619, 9
79620, 9
79621, 9
79622, 9
79623, 9
79624, 9
79625, 9
79626, 9
79627, 9
79628, 9
79629, 9
79630, 9
79631, 9
79632, 9
79633, 9
79634, 9
79635, 9
79636, 9
79637, 9
79638, 9
79639, 9
79640, 9
79641, 9
79642, 9
79643, 9
79644, 9
79645, 9
79646, 9
79647, 9
79648, 9
79649, 9
79650, 9
79651, 9
79652, 9
79653, 9
79654, 9
79655, 9
79656, 9
79657, 9
79658, 9
79659, 9
79660, 9
79661, 9
79662, 9
79663, 9
79664, 9
79665, 9
79666, 9
79667, 9
79668, 9
79669, 9
79670, 9
79671, 9
79672, 9
79673, 9
79674, 9
79675, 9
79676, 9
79677, 9
79678, 9
79679, 9
79680, 9
79681, 9
79682, 9
79683, 9
79684, 9
79685, 9
79686, 9
79687, 9
79688, 9
79689, 9
79690, 9
79691, 9
79692, 9
79693, 9
79694, 9
79695, 9
79696, 9
79697, 9
79698, 9
79699, 9
79700, 9
79701, 9
79702, 9
79703, 9
79704, 9
79705, 9
79706, 9
79707, 9
79708, 9
79709, 9
79710, 9
79711, 9
79712, 9
79713, 9
79714, 9
79715, 9
79716, 9
79717, 9
79718, 9
79719, 9
79720, 9
79721, 9
79722, 9
79723, 9
79724, 9
79725, 9
79726, 9
79727, 9
79728, 9
79729, 9
79730, 9
79731, 9
79732, 9
79733, 9
79734, 9
79735, 9
79736, 9
79737, 9
79738, 9
79739, 9
79740, 9
79741, 9
79742, 9
79743, 9
79744, 9
79745, 9
79746, 9
79747, 9
79748, 9
79749, 9
79750, 9
79751, 9
79752, 9
79753, 9
79754, 9
79755, 9
79756, 9
79757, 9
79758, 9
79759, 9
79760, 9
79761, 9
79762, 9
79763, 9
79764, 9
79765, 9
79766, 9
79767, 9
79768, 9
79769, 9
79770, 9
79771, 9
79772, 9
79773, 9
79774, 9
79775, 9
79776, 9
79777, 9
79778, 9
79779, 9
79780, 9
79781, 9
79782, 9
79783, 9
79784, 9
79785, 9
79786, 9
79787, 9
79788, 9
79789, 9
79790, 9
79791, 9
79792, 9
79793, 9
79794, 9
79795, 9
79796, 9
79797, 9
79798, 9
79799, 9
79800, 9
79801, 9
79802, 9
79803, 9
79804, 9
79805, 9
79806, 9
79807, 9
79808, 9
79809, 9
79810, 9
79811, 9
79812, 9
79813, 9
79814, 9
79815, 9
79816, 9
79817, 9
79818, 9
79819, 9
79820, 9
79821, 9
79822, 9
79823, 9
79824, 9
79825, 9
79826, 9
79827, 9
79828, 9
79829, 9
79830, 9
79831, 9
79832, 9
79833, 9
79834, 9
79835, 9
79836, 9
79837, 9
79838, 9
79839, 9
79840, 9
79841, 9
79842, 9
79843, 9
79844, 9
79845, 9
79846, 9
79847, 9
79848, 9
79849, 9
79850, 9
79851, 9
79852, 9
79853, 9
79854, 9
79855, 9
79856, 9
79857, 9
79858, 9
79859, 9
79860, 9
79861, 9
79862, 10
79863, 10
79864, 10
79865, 10
79866, 10
79867, 10
79868, 10
79869, 10
79870, 10
79871, 10
79872, 10
79873, 10
79874, 10
79875, 10
79876, 10
79877, 10
79878, 10
79879, 10
79880, 10
79881, 10
79882, 10
79883, 10
79884, 10
79885, 10
79886, 10
79887, 10
79888, 10
79889, 10
79890, 10
79891, 10
79892, 10
79893, 10
79894, 10
79895, 10
79896, 10
79897, 10
79898, 10
79899, 10
79900, 10
79901, 10
79902, 10
79903, 10
79904, 10
79905, 10
79906, 10
79907, 10
79908, 10
79909, 10
79910, 10
79911, 10
79912, 10
79913, 10
79914, 10
79915, 10
79916, 10
79917, 10
79918, 10
79919, 10
79920, 10
79921, 10
79922, 10
79923, 10
79924, 10
79925, 10
79926, 10
79927, 10
79928, 10
79929, 10
79930, 10
79931, 10
79932, 10
79933, 10
79934, 10
79935, 10
79936, 10
79937, 10
79938, 10
79939, 10
79940, 10
79941, 10
79942, 10
79943, 10
79944, 10
79945, 10
79946, 10
79947, 10
79948, 10
79949, 10
79950, 10
79951, 10
79952, 10
79953, 10
79954, 10
79955, 10
79956, 10
79957, 10
79958, 10
79959, 10
79960, 10
79961, 10
79962, 10
79963, 10
79964, 10
79965, 10
79966, 10
79967, 10
79968, 10
79969, 10
79970, 10
79971, 10
79972, 10
79973, 10
79974, 10
79975, 10
79976, 10
79977, 10
79978, 10
79979, 10
79980, 10
79981, 10
79982, 10
79983, 10
79984, 10
79985, 10
79986, 10
79987, 10
79988, 10
79989, 10
79990, 10
79991, 10
79992, 10
79993, 10
79994, 10
79995, 10
79996, 10
79997, 10
79998, 10
79999, 10
80000, 10
80001, 10
80002, 10
80003, 10
80004, 10
80005, 10
80006, 10
80007, 10
80008, 10
80009, 10
80010, 10
80011, 10
80012, 10
80013, 10
80014, 10
80015, 10
80016, 10
80017, 10
80018, 10
80019, 10
80020, 10
80021, 10
80022, 10
80023, 10
80024, 10
80025, 10
80026, 10
80027, 10
80028, 10
80029, 10
80030, 10
80031, 10
80032, 10
80033, 10
80034, 10
80035, 10
80036, 10
80037, 10
80038, 10
80039, 10
80040, 10
80041, 10
80042, 10
80043, 10
80044, 10
80045, 10
80046, 10
80047, 10
80048, 10
80049, 10
80050, 10
80051, 10
80052, 10
80053, 10
80054, 10
80055, 10
80056, 10
80057, 10
80058, 10
80059, 10
80060, 10
80061, 10
80062, 10
80063, 10
80064, 10
80065, 10
80066, 10
80067, 10
80068, 10
80069, 10
80070, 10
80071, 10
80072, 10
80073, 10
80074, 10
80075, 10
80076, 10
80077, 10
80078, 10
80079, 10
80080, 10
80081, 10
80082, 10
80083, 10
80084, 10
80085, 10
80086, 10
80087, 10
80088, 10
80089, 9
80090, 9
80091, 9
80092, 9
80093, 9
80094, 9
80095, 9
80096, 9
80097, 9
80098, 9
80099, 9
80100, 9
80101, 9
80102, 9
80103, 9
80104, 9
80105, 9
80106, 9
80107, 9
80108, 9
80109, 9
80110, 9
80111, 9
80112, 9
80113, 9
80114, 9
80115, 9
80116, 9
80117, 9
80118, 9
80119, 9
80120, 9
80121, 9
80122, 9
80123, 9
80124, 9
80125, 9
80126, 9
80127, 9
80128, 9
80129, 9
80130, 9
80131, 9
80132, 9
80133, 9
80134, 9
80135, 9
80136, 9
80137, 9
80138, 9
80139, 9
80140, 9
80141, 9
80142, 9
80143, 9
80144, 9
80145, 9
80146, 9
80147, 9
80148, 9
80149, 9
80150, 9
80151, 9
80152, 9
80153, 9
80154, 9
80155, 9
80156, 9
80157, 9
80158, 9
80159, 9
80160, 9
80161, 9
80162, 9
80163, 9
80164, 9
80165, 9
80166, 9
80167, 9
80168, 9
80169, 9
80170, 9
80171, 9
80172, 9
80173, 9
80174, 9
80175, 9
80176, 9
80177, 9
80178, 9
80179, 9
80180, 9
80181, 9
80182, 9
80183, 9
80184, 9
80185, 9
80186, 9
80187, 9
80188, 9
80189, 9
80190, 9
80191, 9
80192, 9
80193, 9
80194, 9
80195, 9
80196, 9
80197, 9
80198, 9
80199, 9
80200, 9
80201, 9
80202, 9
80203, 9
80204, 9
80205, 9
80206, 9
80207, 9
80208, 9
80209, 9
80210, 9
80211, 9
80212, 9
80213, 9
80214, 9
80215, 9
80216, 9
80217, 9
80218, 9
80219, 9
80220, 9
80221, 9
80222, 9
80223, 9
80224, 9
80225, 9
80226, 9
80227, 9
80228, 9
80229, 9
80230, 9
80231, 9
80232, 9
80233, 9
80234, 9
80235, 9
80236, 9
80237, 9
80238, 9
80239, 9
80240, 9
80241, 9
80242, 9
80243, 9
80244, 9
80245, 9
80246, 9
80247, 9
80248, 9
80249, 9
80250, 9
80251, 9
80252, 9
80253, 9
80254, 9
80255, 9
80256, 9
80257, 9
80258, 9
80259, 9
80260, 9
80261, 9
80262, 9
80263, 9
80264, 9
80265, 9
80266, 9
80267, 9
80268, 9
80269, 9
80270, 9
80271, 9
80272, 9
80273, 9
80274, 9
80275, 9
80276, 9
80277, 9
80278, 9
80279, 9
80280, 9
80281, 9
80282, 9
80283, 9
80284, 9
80285, 9
80286, 9
80287, 9
80288, 9
80289, 9
80290, 9
80291, 9
80292, 9
80293, 9
80294, 9
80295, 9
80296, 9
80297, 9
80298, 9
80299, 9
80300, 9
80301, 9
80302, 9
80303, 9
80304, 9
80305, 9
80306, 9
80307, 9
80308, 9
80309, 9
80310, 9
80311, 9
80312, 9
80313, 9
80314, 9
80315, 9
80316, 9
80317, 9
80318, 9
80319, 9
80320, 9
80321, 9
80322, 9
80323, 9
80324, 9
80325, 9
80326, 9
80327, 9
80328, 9
80329, 9
80330, 9
80331, 9
80332, 9
80333, 9
80334, 9
80335, 9
80336, 9
80337, 9
80338, 9
80339, 9
80340, 9
80341, 9
80342, 9
80343, 9
80344, 9
80345, 9
80346, 9
80347, 9
80348, 9
80349, 9
80350, 9
80351, 9
80352, 9
80353, 9
80354, 9
80355, 9
80356, 9
80357, 9
80358, 9
80359, 9
80360, 9
80361, 9
80362, 9
80363, 9
80364, 9
80365, 9
80366, 9
80367, 9
80368, 9
80369, 9
80370, 9
80371, 9
80372, 9
80373, 9
80374, 9
80375, 9
80376, 9
80377, 9
80378, 9
80379, 9
80380, 9
80381, 9
80382, 9
80383, 9
80384, 9
80385, 9
80386, 9
80387, 9
80388, 9
80389, 9
80390, 9
80391, 9
80392, 9
80393, 9
80394, 9
80395, 9
80396, 9
80397, 9
80398, 9
80399, 9
80400, 9
80401, 9
80402, 9
80403, 9
80404, 9
80405, 9
80406, 9
80407, 9
80408, 9
80409, 9
80410, 9
80411, 9
80412, 9
80413, 9
80414, 9
80415, 9
80416, 9
80417, 9
80418, 9
80419, 9
80420, 9
80421, 10
80422, 10
80423, 10
80424, 10
80425, 10
80426, 10
80427, 10
80428, 10
80429, 10
80430, 10
80431, 10
80432, 10
80433, 10
80434, 10
80435, 10
80436, 10
80437, 10
80438, 10
80439, 10
80440, 10
80441, 10
80442, 10
80443, 10
80444, 10
80445, 10
80446, 10
80447, 10
80448, 10
80449, 10
80450, 10
80451, 10
80452, 10
80453, 10
80454, 10
80455, 10
80456, 10
80457, 10
80458, 10
80459, 10
80460, 10
80461, 10
80462, 10
80463, 10
80464, 10
80465, 10
80466, 10
80467, 10
80468, 10
80469, 10
80470, 10
80471, 10
80472, 10
80473, 10
80474, 10
80475, 10
80476, 10
80477, 10
80478, 10
80479, 10
80480, 10
80481, 10
80482, 10
80483, 10
80484, 10
80485, 10
80486, 10
80487, 10
80488, 10
80489, 10
80490, 10
80491, 10
80492, 10
80493, 10
80494, 10
80495, 10
80496, 10
80497, 10
80498, 10
80499, 10
80500, 10
80501, 10
80502, 10
80503, 10
80504, 10
80505, 10
80506, 10
80507, 10
80508, 10
80509, 10
80510, 10
80511, 10
80512, 10
80513, 10
80514, 10
80515, 10
80516, 10
80517, 10
80518, 10
80519, 10
80520, 10
80521, 10
80522, 10
80523, 10
80524, 10
80525, 10
80526, 10
80527, 10
80528, 10
80529, 10
80530, 10
80531, 10
80532, 10
80533, 10
80534, 10
80535, 10
80536, 10
80537, 10
80538, 10
80539, 10
80540, 10
80541, 10
80542, 10
80543, 10
80544, 10
80545, 10
80546, 10
80547, 10
80548, 10
80549, 10
80550, 10
80551, 10
80552, 10
80553, 10
80554, 10
80555, 10
80556, 10
80557, 10
80558, 10
80559, 10
80560, 10
80561, 10
80562, 10
80563, 10
80564, 10
80565, 10
80566, 10
80567, 10
80568, 10
80569, 10
80570, 10
80571, 10
80572, 10
80573, 10
80574, 10
80575, 10
80576, 10
80577, 10
80578, 10
80579, 10
80580, 10
80581, 10
80582, 10
80583, 10
80584, 10
80585, 10
80586, 10
80587, 10
80588, 10
80589, 10
80590, 10
80591, 10
80592, 10
80593, 10
80594, 10
80595, 10
80596, 10
80597, 10
80598, 10
80599, 10
80600, 10
80601, 10
80602, 10
80603, 10
80604, 10
80605, 10
80606, 10
80607, 10
80608, 10
80609, 10
80610, 10
80611, 10
80612, 10
80613, 10
80614, 10
80615, 10
80616, 10
80617, 10
80618, 10
80619, 10
80620, 10
80621, 10
80622, 10
80623, 10
80624, 10
80625, 10
80626, 10
80627, 10
80628, 10
80629, 10
80630, 10
80631, 10
80632, 10
80633, 10
80634, 10
80635, 10
80636, 10
80637, 10
80638, 10
80639, 10
80640, 10
80641, 10
80642, 10
80643, 10
80644, 10
80645, 10
80646, 10
80647, 10
80648, 10
80649, 10
80650, 10
80651, 10
80652, 10
80653, 10
80654, 10
80655, 10
80656, 9
80657, 9
80658, 9
80659, 9
80660, 9
80661, 9
80662, 9
80663, 9
80664, 9
80665, 9
80666, 9
80667, 9
80668, 9
80669, 9
80670, 9
80671, 9
80672, 9
80673, 9
80674, 9
80675, 9
80676, 9
80677, 9
80678, 9
80679, 9
80680, 9
80681, 9
80682, 9
80683, 9
80684, 9
80685, 9
80686, 9
80687, 9
80688, 9
80689, 9
80690, 9
80691, 9
80692, 9
80693, 9
80694, 9
80695, 9
80696, 9
80697, 9
80698, 9
80699, 9
80700, 9
80701, 9
80702, 9
80703, 9
80704, 9
80705, 9
80706, 9
80707, 9
80708, 9
80709, 9
80710, 9
80711, 9
80712, 9
80713, 9
80714, 9
80715, 9
80716, 9
80717, 9
80718, 9
80719, 9
80720, 9
80721, 9
80722, 9
80723, 9
80724, 9
80725, 9
80726, 9
80727, 9
80728, 9
80729, 9
80730, 9
80731, 9
80732, 9
80733, 9
80734, 9
80735, 9
80736, 9
80737, 9
80738, 9
80739, 9
80740, 9
80741, 9
80742, 9
80743, 9
80744, 9
80745, 9
80746, 9
80747, 9
80748, 9
80749, 9
80750, 9
80751, 9
80752, 9
80753, 9
80754, 9
80755, 9
80756, 9
80757, 9
80758, 9
80759, 9
80760, 9
80761, 9
80762, 9
80763, 9
80764, 9
80765, 9
80766, 9
80767, 9
80768, 9
80769, 9
80770, 9
80771, 9
80772, 9
80773, 9
80774, 9
80775, 9
80776, 9
80777, 9
80778, 9
80779, 9
80780, 9
80781, 9
80782, 9
80783, 9
80784, 9
80785, 9
80786, 9
80787, 9
80788, 9
80789, 9
80790, 9
80791, 9
80792, 9
80793, 9
80794, 9
80795, 9
80796, 9
80797, 9
80798, 9
80799, 9
80800, 9
80801, 9
80802, 9
80803, 9
80804, 9
80805, 9
80806, 9
80807, 9
80808, 9
80809, 9
80810, 9
80811, 9
80812, 9
80813, 9
80814, 9
80815, 9
80816, 9
80817, 9
80818, 9
80819, 9
80820, 9
80821, 9
80822, 9
80823, 9
80824, 9
80825, 9
80826, 9
80827, 9
80828, 9
80829, 9
80830, 9
80831, 9
80832, 9
80833, 9
80834, 9
80835, 9
80836, 9
80837, 9
80838, 9
80839, 9
80840, 9
80841, 9
80842, 9
80843, 9
80844, 9
80845, 9
80846, 9
80847, 9
80848, 9
80849, 9
80850, 9
80851, 9
80852, 9
80853, 9
80854, 9
80855, 9
80856, 9
80857, 9
80858, 9
80859, 9
80860, 9
80861, 9
80862, 9
80863, 9
80864, 9
80865, 9
80866, 9
80867, 9
80868, 9
80869, 9
80870, 9
80871, 9
80872, 9
80873, 9
80874, 9
80875, 9
80876, 9
80877, 9
80878, 9
80879, 9
80880, 9
80881, 9
80882, 9
80883, 9
80884, 9
80885, 9
80886, 9
80887, 9
80888, 9
80889, 9
80890, 9
80891, 9
80892, 9
80893, 9
80894, 9
80895, 9
80896, 9
80897, 9
80898, 9
80899, 9
80900, 9
80901, 9
80902, 9
80903, 9
80904, 9
80905, 9
80906, 9
80907, 9
80908, 9
80909, 9
80910, 9
80911, 9
80912, 9
80913, 9
80914, 9
80915, 9
80916, 9
80917, 9
80918, 9
80919, 9
80920, 9
80921, 9
80922, 9
80923, 9
80924, 9
80925, 9
80926, 9
80927, 9
80928, 9
80929, 9
80930, 9
80931, 9
80932, 9
80933, 9
80934, 9
80935, 9
80936, 9
80937, 9
80938, 9
80939, 9
80940, 9
80941, 9
80942, 9
80943, 9
80944, 9
80945, 9
80946, 9
80947, 9
80948, 9
80949, 9
80950, 9
80951, 9
80952, 9
80953, 9
80954, 9
80955, 9
80956, 9
80957, 9
80958, 9
80959, 9
80960, 9
80961, 9
80962, 9
80963, 9
80964, 9
80965, 9
80966, 9
80967, 9
80968, 9
80969, 9
80970, 9
80971, 9
80972, 9
80973, 9
80974, 9
80975, 9
80976, 9
80977, 9
80978, 9
80979, 9
80980, 9
80981, 9
80982, 9
80983, 10
80984, 10
80985, 10
80986, 10
80987, 10
80988, 10
80989, 10
80990, 10
80991, 10
80992, 10
80993, 10
80994, 10
80995, 10
80996, 10
80997, 10
80998, 10
80999, 10
81000, 10
81001, 10
81002, 10
81003, 10
81004, 10
81005, 10
81006, 10
81007, 10
81008, 10
81009, 10
81010, 10
81011, 10
81012, 10
81013, 10
81014, 10
81015, 10
81016, 10
81017, 10
81018, 10
81019, 10
81020, 10
81021, 10
81022, 10
81023, 10
81024, 10
81025, 10
81026, 10
81027, 10
81028, 10
81029, 10
81030, 10
81031, 10
81032, 10
81033, 10
81034, 10
81035, 10
81036, 10
81037, 10
81038, 10
81039, 10
81040, 10
81041, 10
81042, 10
81043, 10
81044, 10
81045, 10
81046, 10
81047, 10
81048, 10
81049, 10
81050, 10
81051, 10
81052, 10
81053, 10
81054, 10
81055, 10
81056, 10
81057, 10
81058, 10
81059, 10
81060, 10
81061, 10
81062, 10
81063, 10
81064, 10
81065, 10
81066, 10
81067, 10
81068, 10
81069, 10
81070, 10
81071, 10
81072, 10
81073, 10
81074, 10
81075, 10
81076, 10
81077, 10
81078, 10
81079, 10
81080, 10
81081, 10
81082, 10
81083, 10
81084, 10
81085, 10
81086, 10
81087, 10
81088, 10
81089, 10
81090, 10
81091, 10
81092, 10
81093, 10
81094, 10
81095, 10
81096, 10
81097, 10
81098, 10
81099, 10
81100, 10
81101, 10
81102, 10
81103, 10
81104, 10
81105, 10
81106, 10
81107, 10
81108, 10
81109, 10
81110, 10
81111, 10
81112, 10
81113, 10
81114, 10
81115, 10
81116, 10
81117, 10
81118, 10
81119, 10
81120, 10
81121, 10
81122, 10
81123, 10
81124, 10
81125, 10
81126, 10
81127, 10
81128, 10
81129, 10
81130, 10
81131, 10
81132, 10
81133, 10
81134, 10
81135, 10
81136, 10
81137, 10
81138, 10
81139, 10
81140, 10
81141, 10
81142, 10
81143, 10
81144, 10
81145, 10
81146, 10
81147, 10
81148, 10
81149, 10
81150, 10
81151, 10
81152, 10
81153, 10
81154, 10
81155, 10
81156, 10
81157, 10
81158, 10
81159, 10
81160, 10
81161, 10
81162, 10
81163, 10
81164, 10
81165, 10
81166, 10
81167, 10
81168, 10
81169, 10
81170, 10
81171, 10
81172, 10
81173, 10
81174, 10
81175, 10
81176, 10
81177, 10
81178, 10
81179, 10
81180, 10
81181, 10
81182, 10
81183, 10
81184, 10
81185, 10
81186, 10
81187, 10
81188, 10
81189, 10
81190, 10
81191, 10
81192, 10
81193, 10
81194, 10
81195, 10
81196, 10
81197, 10
81198, 10
81199, 10
81200, 10
81201, 10
81202, 10
81203, 10
81204, 10
81205, 10
81206, 10
81207, 10
81208, 10
81209, 10
81210, 10
81211, 10
81212, 10
81213, 10
81214, 10
81215, 10
81216, 10
81217, 10
81218, 10
81219, 10
81220, 10
81221, 10
81222, 10
81223, 10
81224, 10
81225, 9
81226, 9
81227, 9
81228, 9
81229, 9
81230, 9
81231, 9
81232, 9
81233, 9
81234, 9
81235, 9
81236, 9
81237, 9
81238, 9
81239, 9
81240, 9
81241, 9
81242, 9
81243, 9
81244, 9
81245, 9
81246, 9
81247, 9
81248, 9
81249, 9
81250, 9
81251, 9
81252, 9
81253, 9
81254, 9
81255, 9
81256, 9
81257, 9
81258, 9
81259, 9
81260, 9
81261, 9
81262, 9
81263, 9
81264, 9
81265, 9
81266, 9
81267, 9
81268, 9
81269, 9
81270, 9
81271, 9
81272, 9
81273, 9
81274, 9
81275, 9
81276, 9
81277, 9
81278, 9
81279, 9
81280, 9
81281, 9
81282, 9
81283, 9
81284, 9
81285, 9
81286, 9
81287, 9
81288, 9
81289, 9
81290, 9
81291, 9
81292, 9
81293, 9
81294, 9
81295, 9
81296, 9
81297, 9
81298, 9
81299, 9
81300, 9
81301, 9
81302, 9
81303, 9
81304, 9
81305, 9
81306, 9
81307, 9
81308, 9
81309, 9
81310, 9
81311, 9
81312, 9
81313, 9
81314, 9
81315, 9
81316, 9
81317, 9
81318, 9
81319, 9
81320, 9
81321, 9
81322, 9
81323, 9
81324, 9
81325, 9
81326, 9
81327, 9
81328, 9
81329, 9
81330, 9
81331, 9
81332, 9
81333, 9
81334, 9
81335, 9
81336, 9
81337, 9
81338, 9
81339, 9
81340, 9
81341, 9
81342, 9
81343, 9
81344, 9
81345, 9
81346, 9
81347, 9
81348, 9
81349, 9
81350, 9
81351, 9
81352, 9
81353, 9
81354, 9
81355, 9
81356, 9
81357, 9
81358, 9
81359, 9
81360, 9
81361, 9
81362, 9
81363, 9
81364, 9
81365, 9
81366, 9
81367, 9
81368, 9
81369, 9
81370, 9
81371, 9
81372, 9
81373, 9
81374, 9
81375, 9
81376, 9
81377, 9
81378, 9
81379, 9
81380, 9
81381, 9
81382, 9
81383, 9
81384, 9
81385, 9
81386, 9
81387, 9
81388, 9
81389, 9
81390, 9
81391, 9
81392, 9
81393, 9
81394, 9
81395, 9
81396, 9
81397, 9
81398, 9
81399, 9
81400, 9
81401, 9
81402, 9
81403, 9
81404, 9
81405, 9
81406, 9
81407, 9
81408, 9
81409, 9
81410, 9
81411, 9
81412, 9
81413, 9
81414, 9
81415, 9
81416, 9
81417, 9
81418, 9
81419, 9
81420, 9
81421, 9
81422, 9
81423, 9
81424, 9
81425, 9
81426, 9
81427, 9
81428, 9
81429, 9
81430, 9
81431, 9
81432, 9
81433, 9
81434, 9
81435, 9
81436, 9
81437, 9
81438, 9
81439, 9
81440, 9
81441, 9
81442, 9
81443, 9
81444, 9
81445, 9
81446, 9
81447, 9
81448, 9
81449, 9
81450, 9
81451, 9
81452, 9
81453, 9
81454, 9
81455, 9
81456, 9
81457, 9
81458, 9
81459, 9
81460, 9
81461, 9
81462, 9
81463, 9
81464, 9
81465, 9
81466, 9
81467, 9
81468, 9
81469, 9
81470, 9
81471, 9
81472, 9
81473, 9
81474, 9
81475, 9
81476, 9
81477, 9
81478, 9
81479, 9
81480, 9
81481, 9
81482, 9
81483, 9
81484, 9
81485, 9
81486, 9
81487, 9
81488, 9
81489, 9
81490, 9
81491, 9
81492, 9
81493, 9
81494, 9
81495, 9
81496, 9
81497, 9
81498, 9
81499, 9
81500, 9
81501, 9
81502, 9
81503, 9
81504, 9
81505, 9
81506, 9
81507, 9
81508, 9
81509, 9
81510, 9
81511, 9
81512, 9
81513, 9
81514, 9
81515, 9
81516, 9
81517, 9
81518, 9
81519, 9
81520, 9
81521, 9
81522, 9
81523, 9
81524, 9
81525, 9
81526, 9
81527, 9
81528, 9
81529, 9
81530, 9
81531, 9
81532, 9
81533, 9
81534, 9
81535, 9
81536, 9
81537, 9
81538, 9
81539, 9
81540, 9
81541, 9
81542, 9
81543, 9
81544, 9
81545, 9
81546, 10
81547, 10
81548, 10
81549, 10
81550, 10
81551, 10
81552, 10
81553, 10
81554, 10
81555, 10
81556, 10
81557, 10
81558, 10
81559, 10
81560, 10
81561, 10
81562, 10
81563, 10
81564, 10
81565, 10
81566, 10
81567, 10
81568, 10
81569, 10
81570, 10
81571, 10
81572, 10
81573, 10
81574, 10
81575, 10
81576, 10
81577, 10
81578, 10
81579, 10
81580, 10
81581, 10
81582, 10
81583, 10
81584, 10
81585, 10
81586, 10
81587, 10
81588, 10
81589, 10
81590, 10
81591, 10
81592, 10
81593, 10
81594, 10
81595, 10
81596, 10
81597, 10
81598, 10
81599, 10
81600, 10
81601, 10
81602, 10
81603, 10
81604, 10
81605, 10
81606, 10
81607, 10
81608, 10
81609, 10
81610, 10
81611, 10
81612, 10
81613, 10
81614, 10
81615, 10
81616, 10
81617, 10
81618, 10
81619, 10
81620, 10
81621, 10
81622, 10
81623, 10
81624, 10
81625, 10
81626, 10
81627, 10
81628, 10
81629, 10
81630, 10
81631, 10
81632, 10
81633, 10
81634, 10
81635, 10
81636, 10
81637, 10
81638, 10
81639, 10
81640, 10
81641, 10
81642, 10
81643, 10
81644, 10
81645, 10
81646, 10
81647, 10
81648, 10
81649, 10
81650, 10
81651, 10
81652, 10
81653, 10
81654, 10
81655, 10
81656, 10
81657, 10
81658, 10
81659, 10
81660, 10
81661, 10
81662, 10
81663, 10
81664, 10
81665, 10
81666, 10
81667, 10
81668, 10
81669, 10
81670, 10
81671, 10
81672, 10
81673, 10
81674, 10
81675, 10
81676, 10
81677, 10
81678, 10
81679, 10
81680, 10
81681, 10
81682, 10
81683, 10
81684, 10
81685, 10
81686, 10
81687, 10
81688, 10
81689, 10
81690, 10
81691, 10
81692, 10
81693, 10
81694, 10
81695, 10
81696, 10
81697, 10
81698, 10
81699, 10
81700, 10
81701, 10
81702, 10
81703, 10
81704, 10
81705, 10
81706, 10
81707, 10
81708, 10
81709, 10
81710, 10
81711, 10
81712, 10
81713, 10
81714, 10
81715, 10
81716, 10
81717, 10
81718, 10
81719, 10
81720, 10
81721, 10
81722, 10
81723, 10
81724, 10
81725, 10
81726, 10
81727, 10
81728, 10
81729, 10
81730, 10
81731, 10
81732, 10
81733, 10
81734, 10
81735, 10
81736, 10
81737, 10
81738, 10
81739, 10
81740, 10
81741, 10
81742, 10
81743, 10
81744, 10
81745, 10
81746, 10
81747, 10
81748, 10
81749, 10
81750, 10
81751, 10
81752, 10
81753, 10
81754, 10
81755, 10
81756, 10
81757, 10
81758, 10
81759, 10
81760, 10
81761, 10
81762, 10
81763, 10
81764, 10
81765, 10
81766, 10
81767, 10
81768, 10
81769, 10
81770, 10
81771, 10
81772, 10
81773, 10
81774, 10
81775, 10
81776, 10
81777, 10
81778, 10
81779, 10
81780, 10
81781, 10
81782, 10
81783, 10
81784, 10
81785, 10
81786, 10
81787, 10
81788, 10
81789, 10
81790, 10
81791, 10
81792, 10
81793, 10
81794, 10
81795, 10
81796, 9
81797, 9
81798, 9
81799, 9
81800, 9
81801, 9
81802, 9
81803, 9
81804, 9
81805, 9
81806, 9
81807, 9
81808, 9
81809, 9
81810, 9
81811, 9
81812, 9
81813, 9
81814, 9
81815, 9
81816, 9
81817, 9
81818, 9
81819, 9
81820, 9
81821, 9
81822, 9
81823, 9
81824, 9
81825, 9
81826, 9
81827, 9
81828, 9
81829, 9
81830, 9
81831, 9
81832, 9
81833, 9
81834, 9
81835, 9
81836, 9
81837, 9
81838, 9
81839, 9
81840, 9
81841, 9
81842, 9
81843, 9
81844, 9
81845, 9
81846, 9
81847, 9
81848, 9
81849, 9
81850, 9
81851, 9
81852, 9
81853, 9
81854, 9
81855, 9
81856, 9
81857, 9
81858, 9
81859, 9
81860, 9
81861, 9
81862, 9
81863, 9
81864, 9
81865, 9
81866, 9
81867, 9
81868, 9
81869, 9
81870, 9
81871, 9
81872, 9
81873, 9
81874, 9
81875, 9
81876, 9
81877, 9
81878, 9
81879, 9
81880, 9
81881, 9
81882, 9
81883, 9
81884, 9
81885, 9
81886, 9
81887, 9
81888, 9
81889, 9
81890, 9
81891, 9
81892, 9
81893, 9
81894, 9
81895, 9
81896, 9
81897, 9
81898, 9
81899, 9
81900, 9
81901, 9
81902, 9
81903, 9
81904, 9
81905, 9
81906, 9
81907, 9
81908, 9
81909, 9
81910, 9
81911, 9
81912, 9
81913, 9
81914, 9
81915, 9
81916, 9
81917, 9
81918, 9
81919, 9
81920, 9
81921, 9
81922, 9
81923, 9
81924, 9
81925, 9
81926, 9
81927, 9
81928, 9
81929, 9
81930, 9
81931, 9
81932, 9
81933, 9
81934, 9
81935, 9
81936, 9
81937, 9
81938, 9
81939, 9
81940, 9
81941, 9
81942, 9
81943, 9
81944, 9
81945, 9
81946, 9
81947, 9
81948, 9
81949, 9
81950, 9
81951, 9
81952, 9
81953, 9
81954, 9
81955, 9
81956, 9
81957, 9
81958, 9
81959, 9
81960, 9
81961, 9
81962, 9
81963, 9
81964, 9
81965, 9
81966, 9
81967, 9
81968, 9
81969, 9
81970, 9
81971, 9
81972, 9
81973, 9
81974, 9
81975, 9
81976, 9
81977, 9
81978, 9
81979, 9
81980, 9
81981, 9
81982, 9
81983, 9
81984, 9
81985, 9
81986, 9
81987, 9
81988, 9
81989, 9
81990, 9
81991, 9
81992, 9
81993, 9
81994, 9
81995, 9
81996, 9
81997, 9
81998, 9
81999, 9
82000, 9
82001, 9
82002, 9
82003, 9
82004, 9
82005, 9
82006, 9
82007, 9
82008, 9
82009, 9
82010, 9
82011, 9
82012, 9
82013, 9
82014, 9
82015, 9
82016, 9
82017, 9
82018, 9
82019, 9
82020, 9
82021, 9
82022, 9
82023, 9
82024, 9
82025, 9
82026, 9
82027, 9
82028, 9
82029, 9
82030, 9
82031, 9
82032, 9
82033, 9
82034, 9
82035, 9
82036, 9
82037, 9
82038, 9
82039, 9
82040, 9
82041, 9
82042, 9
82043, 9
82044, 9
82045, 9
82046, 9
82047, 9
82048, 9
82049, 9
82050, 9
82051, 9
82052, 9
82053, 9
82054, 9
82055, 9
82056, 9
82057, 9
82058, 9
82059, 9
82060, 9
82061, 9
82062, 9
82063, 9
82064, 9
82065, 9
82066, 9
82067, 9
82068, 9
82069, 9
82070, 9
82071, 9
82072, 9
82073, 9
82074, 9
82075, 9
82076, 9
82077, 9
82078, 9
82079, 9
82080, 9
82081, 9
82082, 9
82083, 9
82084, 9
82085, 9
82086, 9
82087, 9
82088, 9
82089, 9
82090, 9
82091, 9
82092, 9
82093, 9
82094, 9
82095, 9
82096, 9
82097, 9
82098, 9
82099, 9
82100, 9
82101, 9
82102, 9
82103, 9
82104, 9
82105, 9
82106, 9
82107, 9
82108, 9
82109, 9
82110, 9
82111, 10
82112, 10
82113, 10
82114, 10
82115, 10
82116, 10
82117, 10
82118, 10
82119, 10
82120, 10
82121, 10
82122, 10
82123, 10
82124, 10
82125, 10
82126, 10
82127, 10
82128, 10
82129, 10
82130, 10
82131, 10
82132, 10
82133, 10
82134, 10
82135, 10
82136, 10
82137, 10
82138, 10
82139, 10
82140, 10
82141, 10
82142, 10
82143, 10
82144, 10
82145, 10
82146, 10
82147, 10
82148, 10
82149, 10
82150, 10
82151, 10
82152, 10
82153, 10
82154, 10
82155, 10
82156, 10
82157, 10
82158, 10
82159, 10
82160, 10
82161, 10
82162, 10
82163, 10
82164, 10
82165, 10
82166, 10
82167, 10
82168, 10
82169, 10
82170, 10
82171, 10
82172, 10
82173, 10
82174, 10
82175, 10
82176, 10
82177, 10
82178, 10
82179, 10
82180, 10
82181, 10
82182, 10
82183, 10
82184, 10
82185, 10
82186, 10
82187, 10
82188, 10
82189, 10
82190, 10
82191, 10
82192, 10
82193, 10
82194, 10
82195, 10
82196, 10
82197, 10
82198, 10
82199, 10
82200, 10
82201, 10
82202, 10
82203, 10
82204, 10
82205, 10
82206, 10
82207, 10
82208, 10
82209, 10
82210, 10
82211, 10
82212, 10
82213, 10
82214, 10
82215, 10
82216, 10
82217, 10
82218, 10
82219, 10
82220, 10
82221, 10
82222, 10
82223, 10
82224, 10
82225, 10
82226, 10
82227, 10
82228, 10
82229, 10
82230, 10
82231, 10
82232, 10
82233, 10
82234, 10
82235, 10
82236, 10
82237, 10
82238, 10
82239, 10
82240, 10
82241, 10
82242, 10
82243, 10
82244, 10
82245, 10
82246, 10
82247, 10
82248, 10
82249, 10
82250, 10
82251, 10
82252, 10
82253, 10
82254, 10
82255, 10
82256, 10
82257, 10
82258, 10
82259, 10
82260, 10
82261, 10
82262, 10
82263, 10
82264, 10
82265, 10
82266, 10
82267, 10
82268, 10
82269, 10
82270, 10
82271, 10
82272, 10
82273, 10
82274, 10
82275, 10
82276, 10
82277, 10
82278, 10
82279, 10
82280, 10
82281, 10
82282, 10
82283, 10
82284, 10
82285, 10
82286, 10
82287, 10
82288, 10
82289, 10
82290, 10
82291, 10
82292, 10
82293, 10
82294, 10
82295, 10
82296, 10
82297, 10
82298, 10
82299, 10
82300, 10
82301, 10
82302, 10
82303, 10
82304, 10
82305, 10
82306, 10
82307, 10
82308, 10
82309, 10
82310, 10
82311, 10
82312, 10
82313, 10
82314, 10
82315, 10
82316, 10
82317, 10
82318, 10
82319, 10
82320, 10
82321, 10
82322, 10
82323, 10
82324, 10
82325, 10
82326, 10
82327, 10
82328, 10
82329, 10
82330, 10
82331, 10
82332, 10
82333, 10
82334, 10
82335, 10
82336, 10
82337, 10
82338, 10
82339, 10
82340, 10
82341, 10
82342, 10
82343, 10
82344, 10
82345, 10
82346, 10
82347, 10
82348, 10
82349, 10
82350, 10
82351, 10
82352, 10
82353, 10
82354, 10
82355, 10
82356, 10
82357, 10
82358, 10
82359, 10
82360, 10
82361, 10
82362, 10
82363, 10
82364, 10
82365, 10
82366, 10
82367, 10
82368, 10
82369, 9
82370, 9
82371, 9
82372, 9
82373, 9
82374, 9
82375, 9
82376, 9
82377, 9
82378, 9
82379, 9
82380, 9
82381, 9
82382, 9
82383, 9
82384, 9
82385, 9
82386, 9
82387, 9
82388, 9
82389, 9
82390, 9
82391, 9
82392, 9
82393, 9
82394, 9
82395, 9
82396, 9
82397, 9
82398, 9
82399, 9
82400, 9
82401, 9
82402, 9
82403, 9
82404, 9
82405, 9
82406, 9
82407, 9
82408, 9
82409, 9
82410, 9
82411, 9
82412, 9
82413, 9
82414, 9
82415, 9
82416, 9
82417, 9
82418, 9
82419, 9
82420, 9
82421, 9
82422, 9
82423, 9
82424, 9
82425, 9
82426, 9
82427, 9
82428, 9
82429, 9
82430, 9
82431, 9
82432, 9
82433, 9
82434, 9
82435, 9
82436, 9
82437, 9
82438, 9
82439, 9
82440, 9
82441, 9
82442, 9
82443, 9
82444, 9
82445, 9
82446, 9
82447, 9
82448, 9
82449, 9
82450, 9
82451, 9
82452, 9
82453, 9
82454, 9
82455, 9
82456, 9
82457, 9
82458, 9
82459, 9
82460, 9
82461, 9
82462, 9
82463, 9
82464, 9
82465, 9
82466, 9
82467, 9
82468, 9
82469, 9
82470, 9
82471, 9
82472, 9
82473, 9
82474, 9
82475, 9
82476, 9
82477, 9
82478, 9
82479, 9
82480, 9
82481, 9
82482, 9
82483, 9
82484, 9
82485, 9
82486, 9
82487, 9
82488, 9
82489, 9
82490, 9
82491, 9
82492, 9
82493, 9
82494, 9
82495, 9
82496, 9
82497, 9
82498, 9
82499, 9
82500, 9
82501, 9
82502, 9
82503, 9
82504, 9
82505, 9
82506, 9
82507, 9
82508, 9
82509, 9
82510, 9
82511, 9
82512, 9
82513, 9
82514, 9
82515, 9
82516, 9
82517, 9
82518, 9
82519, 9
82520, 9
82521, 9
82522, 9
82523, 9
82524, 9
82525, 9
82526, 9
82527, 9
82528, 9
82529, 9
82530, 9
82531, 9
82532, 9
82533, 9
82534, 9
82535, 9
82536, 9
82537, 9
82538, 9
82539, 9
82540, 9
82541, 9
82542, 9
82543, 9
82544, 9
82545, 9
82546, 9
82547, 9
82548, 9
82549, 9
82550, 9
82551, 9
82552, 9
82553, 9
82554, 9
82555, 9
82556, 9
82557, 9
82558, 9
82559, 9
82560, 9
82561, 9
82562, 9
82563, 9
82564, 9
82565, 9
82566, 9
82567, 9
82568, 9
82569, 9
82570, 9
82571, 9
82572, 9
82573, 9
82574, 9
82575, 9
82576, 9
82577, 9
82578, 9
82579, 9
82580, 9
82581, 9
82582, 9
82583, 9
82584, 9
82585, 9
82586, 9
82587, 9
82588, 9
82589, 9
82590, 9
82591, 9
82592, 9
82593, 9
82594, 9
82595, 9
82596, 9
82597, 9
82598, 9
82599, 9
82600, 9
82601, 9
82602, 9
82603, 9
82604, 9
82605, 9
82606, 9
82607, 9
82608, 9
82609, 9
82610, 9
82611, 9
82612, 9
82613, 9
82614, 9
82615, 9
82616, 9
82617, 9
82618, 9
82619, 9
82620, 9
82621, 9
82622, 9
82623, 9
82624, 9
82625, 9
82626, 9
82627, 9
82628, 9
82629, 9
82630, 9
82631, 9
82632, 9
82633, 9
82634, 9
82635, 9
82636, 9
82637, 9
82638, 9
82639, 9
82640, 9
82641, 9
82642, 9
82643, 9
82644, 9
82645, 9
82646, 9
82647, 9
82648, 9
82649, 9
82650, 9
82651, 9
82652, 9
82653, 9
82654, 9
82655, 9
82656, 9
82657, 9
82658, 9
82659, 9
82660, 9
82661, 9
82662, 9
82663, 9
82664, 9
82665, 9
82666, 9
82667, 9
82668, 9
82669, 9
82670, 9
82671, 9
82672, 9
82673, 9
82674, 9
82675, 9
82676, 9
82677, 10
82678, 10
82679, 10
82680, 10
82681, 10
82682, 10
82683, 10
82684, 10
82685, 10
82686, 10
82687, 10
82688, 10
82689, 10
82690, 10
82691, 10
82692, 10
82693, 10
82694, 10
82695, 10
82696, 10
82697, 10
82698, 10
82699, 10
82700, 10
82701, 10
82702, 10
82703, 10
82704, 10
82705, 10
82706, 10
82707, 10
82708, 10
82709, 10
82710, 10
82711, 10
82712, 10
82713, 10
82714, 10
82715, 10
82716, 10
82717, 10
82718, 10
82719, 10
82720, 10
82721, 10
82722, 10
82723, 10
82724, 10
82725, 10
82726, 10
82727, 10
82728, 10
82729, 10
82730, 10
82731, 10
82732, 10
82733, 10
82734, 10
82735, 10
82736, 10
82737, 10
82738, 10
82739, 10
82740, 10
82741, 10
82742, 10
82743, 10
82744, 10
82745, 10
82746, 10
82747, 10
82748, 10
82749, 10
82750, 10
82751, 10
82752, 10
82753, 10
82754, 10
82755, 10
82756, 10
82757, 10
82758, 10
82759, 10
82760, 10
82761, 10
82762, 10
82763, 10
82764, 10
82765, 10
82766, 10
82767, 10
82768, 10
82769, 10
82770, 10
82771, 10
82772, 10
82773, 10
82774, 10
82775, 10
82776, 10
82777, 10
82778, 10
82779, 10
82780, 10
82781, 10
82782, 10
82783, 10
82784, 10
82785, 10
82786, 10
82787, 10
82788, 10
82789, 10
82790, 10
82791, 10
82792, 10
82793, 10
82794, 10
82795, 10
82796, 10
82797, 10
82798, 10
82799, 10
82800, 10
82801, 10
82802, 10
82803, 10
82804, 10
82805, 10
82806, 10
82807, 10
82808, 10
82809, 10
82810, 10
82811, 10
82812, 10
82813, 10
82814, 10
82815, 10
82816, 10
82817, 10
82818, 10
82819, 10
82820, 10
82821, 10
82822, 10
82823, 10
82824, 10
82825, 10
82826, 10
82827, 10
82828, 10
82829, 10
82830, 10
82831, 10
82832, 10
82833, 10
82834, 10
82835, 10
82836, 10
82837, 10
82838, 10
82839, 10
82840, 10
82841, 10
82842, 10
82843, 10
82844, 10
82845, 10
82846, 10
82847, 10
82848, 10
82849, 10
82850, 10
82851, 10
82852, 10
82853, 10
82854, 10
82855, 10
82856, 10
82857, 10
82858, 10
82859, 10
82860, 10
82861, 10
82862, 10
82863, 10
82864, 10
82865, 10
82866, 10
82867, 10
82868, 10
82869, 10
82870, 10
82871, 10
82872, 10
82873, 10
82874, 10
82875, 10
82876, 10
82877, 10
82878, 10
82879, 10
82880, 10
82881, 10
82882, 10
82883, 10
82884, 10
82885, 10
82886, 10
82887, 10
82888, 10
82889, 10
82890, 10
82891, 10
82892, 10
82893, 10
82894, 10
82895, 10
82896, 10
82897, 10
82898, 10
82899, 10
82900, 10
82901, 10
82902, 10
82903, 10
82904, 10
82905, 10
82906, 10
82907, 10
82908, 10
82909, 10
82910, 10
82911, 10
82912, 10
82913, 10
82914, 10
82915, 10
82916, 10
82917, 10
82918, 10
82919, 10
82920, 10
82921, 10
82922, 10
82923, 10
82924, 10
82925, 10
82926, 10
82927, 10
82928, 10
82929, 10
82930, 10
82931, 10
82932, 10
82933, 10
82934, 10
82935, 10
82936, 10
82937, 10
82938, 10
82939, 10
82940, 10
82941, 10
82942, 10
82943, 10
82944, 9
82945, 9
82946, 9
82947, 9
82948, 9
82949, 9
82950, 9
82951, 9
82952, 9
82953, 9
82954, 9
82955, 9
82956, 9
82957, 9
82958, 9
82959, 9
82960, 9
82961, 9
82962, 9
82963, 9
82964, 9
82965, 9
82966, 9
82967, 9
82968, 9
82969, 9
82970, 9
82971, 9
82972, 9
82973, 9
82974, 9
82975, 9
82976, 9
82977, 9
82978, 9
82979, 9
82980, 9
82981, 9
82982, 9
82983, 9
82984, 9
82985, 9
82986, 9
82987, 9
82988, 9
82989, 9
82990, 9
82991, 9
82992, 9
82993, 9
82994, 9
82995, 9
82996, 9
82997, 9
82998, 9
82999, 9
83000, 9
83001, 9
83002, 9
83003, 9
83004, 9
83005, 9
83006, 9
83007, 9
83008, 9
83009, 9
83010, 9
83011, 9
83012, 9
83013, 9
83014, 9
83015, 9
83016, 9
83017, 9
83018, 9
83019, 9
83020, 9
83021, 9
83022, 9
83023, 9
83024, 9
83025, 9
83026, 9
83027, 9
83028, 9
83029, 9
83030, 9
83031, 9
83032, 9
83033, 9
83034, 9
83035, 9
83036, 9
83037, 9
83038, 9
83039, 9
83040, 9
83041, 9
83042, 9
83043, 9
83044, 9
83045, 9
83046, 9
83047, 9
83048, 9
83049, 9
83050, 9
83051, 9
83052, 9
83053, 9
83054, 9
83055, 9
83056, 9
83057, 9
83058, 9
83059, 9
83060, 9
83061, 9
83062, 9
83063, 9
83064, 9
83065, 9
83066, 9
83067, 9
83068, 9
83069, 9
83070, 9
83071, 9
83072, 9
83073, 9
83074, 9
83075, 9
83076, 9
83077, 9
83078, 9
83079, 9
83080, 9
83081, 9
83082, 9
83083, 9
83084, 9
83085, 9
83086, 9
83087, 9
83088, 9
83089, 9
83090, 9
83091, 9
83092, 9
83093, 9
83094, 9
83095, 9
83096, 9
83097, 9
83098, 9
83099, 9
83100, 9
83101, 9
83102, 9
83103, 9
83104, 9
83105, 9
83106, 9
83107, 9
83108, 9
83109, 9
83110, 9
83111, 9
83112, 9
83113, 9
83114, 9
83115, 9
83116, 9
83117, 9
83118, 9
83119, 9
83120, 9
83121, 9
83122, 9
83123, 9
83124, 9
83125, 9
83126, 9
83127, 9
83128, 9
83129, 9
83130, 9
83131, 9
83132, 9
83133, 9
83134, 9
83135, 9
83136, 9
83137, 9
83138, 9
83139, 9
83140, 9
83141, 9
83142, 9
83143, 9
83144, 9
83145, 9
83146, 9
83147, 9
83148, 9
83149, 9
83150, 9
83151, 9
83152, 9
83153, 9
83154, 9
83155, 9
83156, 9
83157, 9
83158, 9
83159, 9
83160, 9
83161, 9
83162, 9
83163, 9
83164, 9
83165, 9
83166, 9
83167, 9
83168, 9
83169, 9
83170, 9
83171, 9
83172, 9
83173, 9
83174, 9
83175, 9
83176, 9
83177, 9
83178, 9
83179, 9
83180, 9
83181, 9
83182, 9
83183, 9
83184, 9
83185, 9
83186, 9
83187, 9
83188, 9
83189, 9
83190, 9
83191, 9
83192, 9
83193, 9
83194, 9
83195, 9
83196, 9
83197, 9
83198, 9
83199, 9
83200, 9
83201, 9
83202, 9
83203, 9
83204, 9
83205, 9
83206, 9
83207, 9
83208, 9
83209, 9
83210, 9
83211, 9
83212, 9
83213, 9
83214, 9
83215, 9
83216, 9
83217, 9
83218, 9
83219, 9
83220, 9
83221, 9
83222, 9
83223, 9
83224, 9
83225, 9
83226, 9
83227, 9
83228, 9
83229, 9
83230, 9
83231, 9
83232, 9
83233, 9
83234, 9
83235, 9
83236, 9
83237, 9
83238, 9
83239, 9
83240, 9
83241, 9
83242, 9
83243, 9
83244, 9
83245, 9
83246, 10
83247, 10
83248, 10
83249, 10
83250, 10
83251, 10
83252, 10
83253, 10
83254, 10
83255, 10
83256, 10
83257, 10
83258, 10
83259, 10
83260, 10
83261, 10
83262, 10
83263, 10
83264, 10
83265, 10
83266, 10
83267, 10
83268, 10
83269, 10
83270, 10
83271, 10
83272, 10
83273, 10
83274, 10
83275, 10
83276, 10
83277, 10
83278, 10
83279, 10
83280, 10
83281, 10
83282, 10
83283, 10
83284, 10
83285, 10
83286, 10
83287, 10
83288, 10
83289, 10
83290, 10
83291, 10
83292, 10
83293, 10
83294, 10
83295, 10
83296, 10
83297, 10
83298, 10
83299, 10
83300, 10
83301, 10
83302, 10
83303, 10
83304, 10
83305, 10
83306, 10
83307, 10
83308, 10
83309, 10
83310, 10
83311, 10
83312, 10
83313, 10
83314, 10
83315, 10
83316, 10
83317, 10
83318, 10
83319, 10
83320, 10
83321, 10
83322, 10
83323, 10
83324, 10
83325, 10
83326, 10
83327, 10
83328, 10
83329, 10
83330, 10
83331, 10
83332, 10
83333, 10
83334, 10
83335, 10
83336, 10
83337, 10
83338, 10
83339, 10
83340, 10
83341, 10
83342, 10
83343, 10
83344, 10
83345, 10
83346, 10
83347, 10
83348, 10
83349, 10
83350, 10
83351, 10
83352, 10
83353, 10
83354, 10
83355, 10
83356, 10
83357, 10
83358, 10
83359, 10
83360, 10
83361, 10
83362, 10
83363, 10
83364, 10
83365, 10
83366, 10
83367, 10
83368, 10
83369, 10
83370, 10
83371, 10
83372, 10
83373, 10
83374, 10
83375, 10
83376, 10
83377, 10
83378, 10
83379, 10
83380, 10
83381, 10
83382, 10
83383, 10
83384, 10
83385, 10
83386, 10
83387, 10
83388, 10
83389, 10
83390, 10
83391, 10
83392, 10
83393, 10
83394, 10
83395, 10
83396, 10
83397, 10
83398, 10
83399, 10
83400, 10
83401, 10
83402, 10
83403, 10
83404, 10
83405, 10
83406, 10
83407, 10
83408, 10
83409, 10
83410, 10
83411, 10
83412, 10
83413, 10
83414, 10
83415, 10
83416, 10
83417, 10
83418, 10
83419, 10
83420, 10
83421, 10
83422, 10
83423, 10
83424, 10
83425, 10
83426, 10
83427, 10
83428, 10
83429, 10
83430, 10
83431, 10
83432, 10
83433, 10
83434, 10
83435, 10
83436, 10
83437, 10
83438, 10
83439, 10
83440, 10
83441, 10
83442, 10
83443, 10
83444, 10
83445, 10
83446, 10
83447, 10
83448, 10
83449, 10
83450, 10
83451, 10
83452, 10
83453, 10
83454, 10
83455, 10
83456, 10
83457, 10
83458, 10
83459, 10
83460, 10
83461, 10
83462, 10
83463, 10
83464, 10
83465, 10
83466, 10
83467, 10
83468, 10
83469, 10
83470, 10
83471, 10
83472, 10
83473, 10
83474, 10
83475, 10
83476, 10
83477, 10
83478, 10
83479, 10
83480, 10
83481, 10
83482, 10
83483, 10
83484, 10
83485, 10
83486, 10
83487, 10
83488, 10
83489, 10
83490, 10
83491, 10
83492, 10
83493, 10
83494, 10
83495, 10
83496, 10
83497, 10
83498, 10
83499, 10
83500, 10
83501, 10
83502, 10
83503, 10
83504, 10
83505, 10
83506, 10
83507, 10
83508, 10
83509, 10
83510, 10
83511, 10
83512, 10
83513, 10
83514, 10
83515, 10
83516, 10
83517, 10
83518, 10
83519, 10
83520, 10
83521, 9
83522, 9
83523, 9
83524, 9
83525, 9
83526, 9
83527, 9
83528, 9
83529, 9
83530, 9
83531, 9
83532, 9
83533, 9
83534, 9
83535, 9
83536, 9
83537, 9
83538, 9
83539, 9
83540, 9
83541, 9
83542, 9
83543, 9
83544, 9
83545, 9
83546, 9
83547, 9
83548, 9
83549, 9
83550, 9
83551, 9
83552, 9
83553, 9
83554, 9
83555, 9
83556, 9
83557, 9
83558, 9
83559, 9
83560, 9
83561, 9
83562, 9
83563, 9
83564, 9
83565, 9
83566, 9
83567, 9
83568, 9
83569, 9
83570, 9
83571, 9
83572, 9
83573, 9
83574, 9
83575, 9
83576, 9
83577, 9
83578, 9
83579, 9
83580, 9
83581, 9
83582, 9
83583, 9
83584, 9
83585, 9
83586, 9
83587, 9
83588, 9
83589, 9
83590, 9
83591, 9
83592, 9
83593, 9
83594, 9
83595, 9
83596, 9
83597, 9
83598, 9
83599, 9
83600, 9
83601, 9
83602, 9
83603, 9
83604, 9
83605, 9
83606, 9
83607, 9
83608, 9
83609, 9
83610, 9
83611, 9
83612, 9
83613, 9
83614, 9
83615, 9
83616, 9
83617, 9
83618, 9
83619, 9
83620, 9
83621, 9
83622, 9
83623, 9
83624, 9
83625, 9
83626, 9
83627, 9
83628, 9
83629, 9
83630, 9
83631, 9
83632, 9
83633, 9
83634, 9
83635, 9
83636, 9
83637, 9
83638, 9
83639, 9
83640, 9
83641, 9
83642, 9
83643, 9
83644, 9
83645, 9
83646, 9
83647, 9
83648, 9
83649, 9
83650, 9
83651, 9
83652, 9
83653, 9
83654, 9
83655, 9
83656, 9
83657, 9
83658, 9
83659, 9
83660, 9
83661, 9
83662, 9
83663, 9
83664, 9
83665, 9
83666, 9
83667, 9
83668, 9
83669, 9
83670, 9
83671, 9
83672, 9
83673, 9
83674, 9
83675, 9
83676, 9
83677, 9
83678, 9
83679, 9
83680, 9
83681, 9
83682, 9
83683, 9
83684, 9
83685, 9
83686, 9
83687, 9
83688, 9
83689, 9
83690, 9
83691, 9
83692, 9
83693, 9
83694, 9
83695, 9
83696, 9
83697, 9
83698, 9
83699, 9
83700, 9
83701, 9
83702, 9
83703, 9
83704, 9
83705, 9
83706, 9
83707, 9
83708, 9
83709, 9
83710, 9
83711, 9
83712, 9
83713, 9
83714, 9
83715, 9
83716, 9
83717, 9
83718, 9
83719, 9
83720, 9
83721, 9
83722, 9
83723, 9
83724, 9
83725, 9
83726, 9
83727, 9
83728, 9
83729, 9
83730, 9
83731, 9
83732, 9
83733, 9
83734, 9
83735, 9
83736, 9
83737, 9
83738, 9
83739, 9
83740, 9
83741, 9
83742, 9
83743, 9
83744, 9
83745, 9
83746, 9
83747, 9
83748, 9
83749, 9
83750, 9
83751, 9
83752, 9
83753, 9
83754, 9
83755, 9
83756, 9
83757, 9
83758, 9
83759, 9
83760, 9
83761, 9
83762, 9
83763, 9
83764, 9
83765, 9
83766, 9
83767, 9
83768, 9
83769, 9
83770, 9
83771, 9
83772, 9
83773, 9
83774, 9
83775, 9
83776, 9
83777, 9
83778, 9
83779, 9
83780, 9
83781, 9
83782, 9
83783, 9
83784, 9
83785, 9
83786, 9
83787, 9
83788, 9
83789, 9
83790, 9
83791, 9
83792, 9
83793, 9
83794, 9
83795, 9
83796, 9
83797, 9
83798, 9
83799, 9
83800, 9
83801, 9
83802, 9
83803, 9
83804, 9
83805, 9
83806, 9
83807, 9
83808, 9
83809, 9
83810, 9
83811, 9
83812, 9
83813, 9
83814, 9
83815, 9
83816, 10
83817, 10
83818, 10
83819, 10
83820, 10
83821, 10
83822, 10
83823, 10
83824, 10
83825, 10
83826, 10
83827, 10
83828, 10
83829, 10
83830, 10
83831, 10
83832, 10
83833, 10
83834, 10
83835, 10
83836, 10
83837, 10
83838, 10
83839, 10
83840, 10
83841, 10
83842, 10
83843, 10
83844, 10
83845, 10
83846, 10
83847, 10
83848, 10
83849, 10
83850, 10
83851, 10
83852, 10
83853, 10
83854, 10
83855, 10
83856, 10
83857, 10
83858, 10
83859, 10
83860, 10
83861, 10
83862, 10
83863, 10
83864, 10
83865, 10
83866, 10
83867, 10
83868, 10
83869, 10
83870, 10
83871, 10
83872, 10
83873, 10
83874, 10
83875, 10
83876, 10
83877, 10
83878, 10
83879, 10
83880, 10
83881, 10
83882, 10
83883, 10
83884, 10
83885, 10
83886, 10
83887, 10
83888, 10
83889, 10
83890, 10
83891, 10
83892, 10
83893, 10
83894, 10
83895, 10
83896, 10
83897, 10
83898, 10
83899, 10
83900, 10
83901, 10
83902, 10
83903, 10
83904, 10
83905, 10
83906, 10
83907, 10
83908, 10
83909, 10
83910, 10
83911, 10
83912, 10
83913, 10
83914, 10
83915, 10
83916, 10
83917, 10
83918, 10
83919, 10
83920, 10
83921, 10
83922, 10
83923, 10
83924, 10
83925, 10
83926, 10
83927, 10
83928, 10
83929, 10
83930, 10
83931, 10
83932, 10
83933, 10
83934, 10
83935, 10
83936, 10
83937, 10
83938, 10
83939, 10
83940, 10
83941, 10
83942, 10
83943, 10
83944, 10
83945, 10
83946, 10
83947, 10
83948, 10
83949, 10
83950, 10
83951, 10
83952, 10
83953, 10
83954, 10
83955, 10
83956, 10
83957, 10
83958, 10
83959, 10
83960, 10
83961, 10
83962, 10
83963, 10
83964, 10
83965, 10
83966, 10
83967, 10
83968, 10
83969, 10
83970, 10
83971, 10
83972, 10
83973, 10
83974, 10
83975, 10
83976, 10
83977, 10
83978, 10
83979, 10
83980, 10
83981, 10
83982, 10
83983, 10
83984, 10
83985, 10
83986, 10
83987, 10
83988, 10
83989, 10
83990, 10
83991, 10
83992, 10
83993, 10
83994, 10
83995, 10
83996, 10
83997, 10
83998, 10
83999, 10
84000, 10
84001, 10
84002, 10
84003, 10
84004, 10
84005, 10
84006, 10
84007, 10
84008, 10
84009, 10
84010, 10
84011, 10
84012, 10
84013, 10
84014, 10
84015, 10
84016, 10
84017, 10
84018, 10
84019, 10
84020, 10
84021, 10
84022, 10
84023, 10
84024, 10
84025, 10
84026, 10
84027, 10
84028, 10
84029, 10
84030, 10
84031, 10
84032, 10
84033, 10
84034, 10
84035, 10
84036, 10
84037, 10
84038, 10
84039, 10
84040, 10
84041, 10
84042, 10
84043, 10
84044, 10
84045, 10
84046, 10
84047, 10
84048, 10
84049, 10
84050, 10
84051, 10
84052, 10
84053, 10
84054, 10
84055, 10
84056, 10
84057, 10
84058, 10
84059, 10
84060, 10
84061, 10
84062, 10
84063, 10
84064, 10
84065, 10
84066, 10
84067, 10
84068, 10
84069, 10
84070, 10
84071, 10
84072, 10
84073, 10
84074, 10
84075, 10
84076, 10
84077, 10
84078, 10
84079, 10
84080, 10
84081, 10
84082, 10
84083, 10
84084, 10
84085, 10
84086, 10
84087, 10
84088, 10
84089, 10
84090, 10
84091, 10
84092, 10
84093, 10
84094, 10
84095, 10
84096, 10
84097, 10
84098, 10
84099, 10
84100, 9
84101, 9
84102, 9
84103, 9
84104, 9
84105, 9
84106, 9
84107, 9
84108, 9
84109, 9
84110, 9
84111, 9
84112, 9
84113, 9
84114, 9
84115, 9
84116, 9
84117, 9
84118, 9
84119, 9
84120, 9
84121, 9
84122, 9
84123, 9
84124, 9
84125, 9
84126, 9
84127, 9
84128, 9
84129, 9
84130, 9
84131, 9
84132, 9
84133, 9
84134, 9
84135, 9
84136, 9
84137, 9
84138, 9
84139, 9
84140, 9
84141, 9
84142, 9
84143, 9
84144, 9
84145, 9
84146, 9
84147, 9
84148, 9
84149, 9
84150, 9
84151, 9
84152, 9
84153, 9
84154, 9
84155, 9
84156, 9
84157, 9
84158, 9
84159, 9
84160, 9
84161, 9
84162, 9
84163, 9
84164, 9
84165, 9
84166, 9
84167, 9
84168, 9
84169, 9
84170, 9
84171, 9
84172, 9
84173, 9
84174, 9
84175, 9
84176, 9
84177, 9
84178, 9
84179, 9
84180, 9
84181, 9
84182, 9
84183, 9
84184, 9
84185, 9
84186, 9
84187, 9
84188, 9
84189, 9
84190, 9
84191, 9
84192, 9
84193, 9
84194, 9
84195, 9
84196, 9
84197, 9
84198, 9
84199, 9
84200, 9
84201, 9
84202, 9
84203, 9
84204, 9
84205, 9
84206, 9
84207, 9
84208, 9
84209, 9
84210, 9
84211, 9
84212, 9
84213, 9
84214, 9
84215, 9
84216, 9
84217, 9
84218, 9
84219, 9
84220, 9
84221, 9
84222, 9
84223, 9
84224, 9
84225, 9
84226, 9
84227, 9
84228, 9
84229, 9
84230, 9
84231, 9
84232, 9
84233, 9
84234, 9
84235, 9
84236, 9
84237, 9
84238, 9
84239, 9
84240, 9
84241, 9
84242, 9
84243, 9
84244, 9
84245, 9
84246, 9
84247, 9
84248, 9
84249, 9
84250, 9
84251, 9
84252, 9
84253, 9
84254, 9
84255, 9
84256, 9
84257, 9
84258, 9
84259, 9
84260, 9
84261, 9
84262, 9
84263, 9
84264, 9
84265, 9
84266, 9
84267, 9
84268, 9
84269, 9
84270, 9
84271, 9
84272, 9
84273, 9
84274, 9
84275, 9
84276, 9
84277, 9
84278, 9
84279, 9
84280, 9
84281, 9
84282, 9
84283, 9
84284, 9
84285, 9
84286, 9
84287, 9
84288, 9
84289, 9
84290, 9
84291, 9
84292, 9
84293, 9
84294, 9
84295, 9
84296, 9
84297, 9
84298, 9
84299, 9
84300, 9
84301, 9
84302, 9
84303, 9
84304, 9
84305, 9
84306, 9
84307, 9
84308, 9
84309, 9
84310, 9
84311, 9
84312, 9
84313, 9
84314, 9
84315, 9
84316, 9
84317, 9
84318, 9
84319, 9
84320, 9
84321, 9
84322, 9
84323, 9
84324, 9
84325, 9
84326, 9
84327, 9
84328, 9
84329, 9
84330, 9
84331, 9
84332, 9
84333, 9
84334, 9
84335, 9
84336, 9
84337, 9
84338, 9
84339, 9
84340, 9
84341, 9
84342, 9
84343, 9
84344, 9
84345, 9
84346, 9
84347, 9
84348, 9
84349, 9
84350, 9
84351, 9
84352, 9
84353, 9
84354, 9
84355, 9
84356, 9
84357, 9
84358, 9
84359, 9
84360, 9
84361, 9
84362, 9
84363, 9
84364, 9
84365, 9
84366, 9
84367, 9
84368, 9
84369, 9
84370, 9
84371, 9
84372, 9
84373, 9
84374, 9
84375, 9
84376, 9
84377, 9
84378, 9
84379, 9
84380, 9
84381, 9
84382, 9
84383, 9
84384, 9
84385, 9
84386, 9
84387, 9
84388, 10
84389, 10
84390, 10
84391, 10
84392, 10
84393, 10
84394, 10
84395, 10
84396, 10
84397, 10
84398, 10
84399, 10
84400, 10
84401, 10
84402, 10
84403, 10
84404, 10
84405, 10
84406, 10
84407, 10
84408, 10
84409, 10
84410, 10
84411, 10
84412, 10
84413, 10
84414, 10
84415, 10
84416, 10
84417, 10
84418, 10
84419, 10
84420, 10
84421, 10
84422, 10
84423, 10
84424, 10
84425, 10
84426, 10
84427, 10
84428, 10
84429, 10
84430, 10
84431, 10
84432, 10
84433, 10
84434, 10
84435, 10
84436, 10
84437, 10
84438, 10
84439, 10
84440, 10
84441, 10
84442, 10
84443, 10
84444, 10
84445, 10
84446, 10
84447, 10
84448, 10
84449, 10
84450, 10
84451, 10
84452, 10
84453, 10
84454, 10
84455, 10
84456, 10
84457, 10
84458, 10
84459, 10
84460, 10
84461, 10
84462, 10
84463, 10
84464, 10
84465, 10
84466, 10
84467, 10
84468, 10
84469, 10
84470, 10
84471, 10
84472, 10
84473, 10
84474, 10
84475, 10
84476, 10
84477, 10
84478, 10
84479, 10
84480, 10
84481, 10
84482, 10
84483, 10
84484, 10
84485, 10
84486, 10
84487, 10
84488, 10
84489, 10
84490, 10
84491, 10
84492, 10
84493, 10
84494, 10
84495, 10
84496, 10
84497, 10
84498, 10
84499, 10
84500, 10
84501, 10
84502, 10
84503, 10
84504, 10
84505, 10
84506, 10
84507, 10
84508, 10
84509, 10
84510, 10
84511, 10
84512, 10
84513, 10
84514, 10
84515, 10
84516, 10
84517, 10
84518, 10
84519, 10
84520, 10
84521, 10
84522, 10
84523, 10
84524, 10
84525, 10
84526, 10
84527, 10
84528, 10
84529, 10
84530, 10
84531, 10
84532, 10
84533, 10
84534, 10
84535, 10
84536, 10
84537, 10
84538, 10
84539, 10
84540, 10
84541, 10
84542, 10
84543, 10
84544, 10
84545, 10
84546, 10
84547, 10
84548, 10
84549, 10
84550, 10
84551, 10
84552, 10
84553, 10
84554, 10
84555, 10
84556, 10
84557, 10
84558, 10
84559, 10
84560, 10
84561, 10
84562, 10
84563, 10
84564, 10
84565, 10
84566, 10
84567, 10
84568, 10
84569, 10
84570, 10
84571, 10
84572, 10
84573, 10
84574, 10
84575, 10
84576, 10
84577, 10
84578, 10
84579, 10
84580, 10
84581, 10
84582, 10
84583, 10
84584, 10
84585, 10
84586, 10
84587, 10
84588, 10
84589, 10
84590, 10
84591, 10
84592, 10
84593, 10
84594, 10
84595, 10
84596, 10
84597, 10
84598, 10
84599, 10
84600, 10
84601, 10
84602, 10
84603, 10
84604, 10
84605, 10
84606, 10
84607, 10
84608, 10
84609, 10
84610, 10
84611, 10
84612, 10
84613, 10
84614, 10
84615, 10
84616, 10
84617, 10
84618, 10
84619, 10
84620, 10
84621, 10
84622, 10
84623, 10
84624, 10
84625, 10
84626, 10
84627, 10
84628, 10
84629, 10
84630, 10
84631, 10
84632, 10
84633, 10
84634, 10
84635, 10
84636, 10
84637, 10
84638, 10
84639, 10
84640, 10
84641, 10
84642, 10
84643, 10
84644, 10
84645, 10
84646, 10
84647, 10
84648, 10
84649, 10
84650, 10
84651, 10
84652, 10
84653, 10
84654, 10
84655, 10
84656, 10
84657, 10
84658, 10
84659, 10
84660, 10
84661, 10
84662, 10
84663, 10
84664, 10
84665, 10
84666, 10
84667, 10
84668, 10
84669, 10
84670, 10
84671, 10
84672, 10
84673, 10
84674, 10
84675, 10
84676, 10
84677, 10
84678, 10
84679, 10
84680, 10
84681, 9
84682, 9
84683, 9
84684, 9
84685, 9
84686, 9
84687, 9
84688, 9
84689, 9
84690, 9
84691, 9
84692, 9
84693, 9
84694, 9
84695, 9
84696, 9
84697, 9
84698, 9
84699, 9
84700, 9
84701, 9
84702, 9
84703, 9
84704, 9
84705, 9
84706, 9
84707, 9
84708, 9
84709, 9
84710, 9
84711, 9
84712, 9
84713, 9
84714, 9
84715, 9
84716, 9
84717, 9
84718, 9
84719, 9
84720, 9
84721, 9
84722, 9
84723, 9
84724, 9
84725, 9
84726, 9
84727, 9
84728, 9
84729, 9
84730, 9
84731, 9
84732, 9
84733, 9
84734, 9
84735, 9
84736, 9
84737, 9
84738, 9
84739, 9
84740, 9
84741, 9
84742, 9
84743, 9
84744, 9
84745, 9
84746, 9
84747, 9
84748, 9
84749, 9
84750, 9
84751, 9
84752, 9
84753, 9
84754, 9
84755, 9
84756, 9
84757, 9
84758, 9
84759, 9
84760, 9
84761, 9
84762, 9
84763, 9
84764, 9
84765, 9
84766, 9
84767, 9
84768, 9
84769, 9
84770, 9
84771, 9
84772, 9
84773, 9
84774, 9
84775, 9
84776, 9
84777, 9
84778, 9
84779, 9
84780, 9
84781, 9
84782, 9
84783, 9
84784, 9
84785, 9
84786, 9
84787, 9
84788, 9
84789, 9
84790, 9
84791, 9
84792, 9
84793, 9
84794, 9
84795, 9
84796, 9
84797, 9
84798, 9
84799, 9
84800, 9
84801, 9
84802, 9
84803, 9
84804, 9
84805, 9
84806, 9
84807, 9
84808, 9
84809, 9
84810, 9
84811, 9
84812, 9
84813, 9
84814, 9
84815, 9
84816, 9
84817, 9
84818, 9
84819, 9
84820, 9
84821, 9
84822, 9
84823, 9
84824, 9
84825, 9
84826, 9
84827, 9
84828, 9
84829, 9
84830, 9
84831, 9
84832, 9
84833, 9
84834, 9
84835, 9
84836, 9
84837, 9
84838, 9
84839, 9
84840, 9
84841, 9
84842, 9
84843, 9
84844, 9
84845, 9
84846, 9
84847, 9
84848, 9
84849, 9
84850, 9
84851, 9
84852, 9
84853, 9
84854, 9
84855, 9
84856, 9
84857, 9
84858, 9
84859, 9
84860, 9
84861, 9
84862, 9
84863, 9
84864, 9
84865, 9
84866, 9
84867, 9
84868, 9
84869, 9
84870, 9
84871, 9
84872, 9
84873, 9
84874, 9
84875, 9
84876, 9
84877, 9
84878, 9
84879, 9
84880, 9
84881, 9
84882, 9
84883, 9
84884, 9
84885, 9
84886, 9
84887, 9
84888, 9
84889, 9
84890, 9
84891, 9
84892, 9
84893, 9
84894, 9
84895, 9
84896, 9
84897, 9
84898, 9
84899, 9
84900, 9
84901, 9
84902, 9
84903, 9
84904, 9
84905, 9
84906, 9
84907, 9
84908, 9
84909, 9
84910, 9
84911, 9
84912, 9
84913, 9
84914, 9
84915, 9
84916, 9
84917, 9
84918, 9
84919, 9
84920, 9
84921, 9
84922, 9
84923, 9
84924, 9
84925, 9
84926, 9
84927, 9
84928, 9
84929, 9
84930, 9
84931, 9
84932, 9
84933, 9
84934, 9
84935, 9
84936, 9
84937, 9
84938, 9
84939, 9
84940, 9
84941, 9
84942, 9
84943, 9
84944, 9
84945, 9
84946, 9
84947, 9
84948, 9
84949, 9
84950, 9
84951, 9
84952, 9
84953, 9
84954, 9
84955, 9
84956, 9
84957, 9
84958, 9
84959, 9
84960, 9
84961, 9
84962, 10
84963, 10
84964, 10
84965, 10
84966, 10
84967, 10
84968, 10
84969, 10
84970, 10
84971, 10
84972, 10
84973, 10
84974, 10
84975, 10
84976, 10
84977, 10
84978, 10
84979, 10
84980, 10
84981, 10
84982, 10
84983, 10
84984, 10
84985, 10
84986, 10
84987, 10
84988, 10
84989, 10
84990, 10
84991, 10
84992, 10
84993, 10
84994, 10
84995, 10
84996, 10
84997, 10
84998, 10
84999, 10
85000, 10
85001, 10
85002, 10
85003, 10
85004, 10
85005, 10
85006, 10
85007, 10
85008, 10
85009, 10
85010, 10
85011, 10
85012, 10
85013, 10
85014, 10
85015, 10
85016, 10
85017, 10
85018, 10
85019, 10
85020, 10
85021, 10
85022, 10
85023, 10
85024, 10
85025, 10
85026, 10
85027, 10
85028, 10
85029, 10
85030, 10
85031, 10
85032, 10
85033, 10
85034, 10
85035, 10
85036, 10
85037, 10
85038, 10
85039, 10
85040, 10
85041, 10
85042, 10
85043, 10
85044, 10
85045, 10
85046, 10
85047, 10
85048, 10
85049, 10
85050, 10
85051, 10
85052, 10
85053, 10
85054, 10
85055, 10
85056, 10
85057, 10
85058, 10
85059, 10
85060, 10
85061, 10
85062, 10
85063, 10
85064, 10
85065, 10
85066, 10
85067, 10
85068, 10
85069, 10
85070, 10
85071, 10
85072, 10
85073, 10
85074, 10
85075, 10
85076, 10
85077, 10
85078, 10
85079, 10
85080, 10
85081, 10
85082, 10
85083, 10
85084, 10
85085, 10
85086, 10
85087, 10
85088, 10
85089, 10
85090, 10
85091, 10
85092, 10
85093, 10
85094, 10
85095, 10
85096, 10
85097, 10
85098, 10
85099, 10
85100, 10
85101, 10
85102, 10
85103, 10
85104, 10
85105, 10
85106, 10
85107, 10
85108, 10
85109, 10
85110, 10
85111, 10
85112, 10
85113, 10
85114, 10
85115, 10
85116, 10
85117, 10
85118, 10
85119, 10
85120, 10
85121, 10
85122, 10
85123, 10
85124, 10
85125, 10
85126, 10
85127, 10
85128, 10
85129, 10
85130, 10
85131, 10
85132, 10
85133, 10
85134, 10
85135, 10
85136, 10
85137, 10
85138, 10
85139, 10
85140, 10
85141, 10
85142, 10
85143, 10
85144, 10
85145, 10
85146, 10
85147, 10
85148, 10
85149, 10
85150, 10
85151, 10
85152, 10
85153, 10
85154, 10
85155, 10
85156, 10
85157, 10
85158, 10
85159, 10
85160, 10
85161, 10
85162, 10
85163, 10
85164, 10
85165, 10
85166, 10
85167, 10
85168, 10
85169, 10
85170, 10
85171, 10
85172, 10
85173, 10
85174, 10
85175, 10
85176, 10
85177, 10
85178, 10
85179, 10
85180, 10
85181, 10
85182, 10
85183, 10
85184, 10
85185, 10
85186, 10
85187, 10
85188, 10
85189, 10
85190, 10
85191, 10
85192, 10
85193, 10
85194, 10
85195, 10
85196, 10
85197, 10
85198, 10
85199, 10
85200, 10
85201, 10
85202, 10
85203, 10
85204, 10
85205, 10
85206, 10
85207, 10
85208, 10
85209, 10
85210, 10
85211, 10
85212, 10
85213, 10
85214, 10
85215, 10
85216, 10
85217, 10
85218, 10
85219, 10
85220, 10
85221, 10
85222, 10
85223, 10
85224, 10
85225, 10
85226, 10
85227, 10
85228, 10
85229, 10
85230, 10
85231, 10
85232, 10
85233, 10
85234, 10
85235, 10
85236, 10
85237, 10
85238, 10
85239, 10
85240, 10
85241, 10
85242, 10
85243, 10
85244, 10
85245, 10
85246, 10
85247, 10
85248, 10
85249, 10
85250, 10
85251, 10
85252, 10
85253, 10
85254, 10
85255, 10
85256, 10
85257, 10
85258, 10
85259, 10
85260, 10
85261, 10
85262, 10
85263, 10
85264, 9
85265, 9
85266, 9
85267, 9
85268, 9
85269, 9
85270, 9
85271, 9
85272, 9
85273, 9
85274, 9
85275, 9
85276, 9
85277, 9
85278, 9
85279, 9
85280, 9
85281, 9
85282, 9
85283, 9
85284, 9
85285, 9
85286, 9
85287, 9
85288, 9
85289, 9
85290, 9
85291, 9
85292, 9
85293, 9
85294, 9
85295, 9
85296, 9
85297, 9
85298, 9
85299, 9
85300, 9
85301, 9
85302, 9
85303, 9
85304, 9
85305, 9
85306, 9
85307, 9
85308, 9
85309, 9
85310, 9
85311, 9
85312, 9
85313, 9
85314, 9
85315, 9
85316, 9
85317, 9
85318, 9
85319, 9
85320, 9
85321, 9
85322, 9
85323, 9
85324, 9
85325, 9
85326, 9
85327, 9
85328, 9
85329, 9
85330, 9
85331, 9
85332, 9
85333, 9
85334, 9
85335, 9
85336, 9
85337, 9
85338, 9
85339, 9
85340, 9
85341, 9
85342, 9
85343, 9
85344, 9
85345, 9
85346, 9
85347, 9
85348, 9
85349, 9
85350, 9
85351, 9
85352, 9
85353, 9
85354, 9
85355, 9
85356, 9
85357, 9
85358, 9
85359, 9
85360, 9
85361, 9
85362, 9
85363, 9
85364, 9
85365, 9
85366, 9
85367, 9
85368, 9
85369, 9
85370, 9
85371, 9
85372, 9
85373, 9
85374, 9
85375, 9
85376, 9
85377, 9
85378, 9
85379, 9
85380, 9
85381, 9
85382, 9
85383, 9
85384, 9
85385, 9
85386, 9
85387, 9
85388, 9
85389, 9
85390, 9
85391, 9
85392, 9
85393, 9
85394, 9
85395, 9
85396, 9
85397, 9
85398, 9
85399, 9
85400, 9
85401, 9
85402, 9
85403, 9
85404, 9
85405, 9
85406, 9
85407, 9
85408, 9
85409, 9
85410, 9
85411, 9
85412, 9
85413, 9
85414, 9
85415, 9
85416, 9
85417, 9
85418, 9
85419, 9
85420, 9
85421, 9
85422, 9
85423, 9
85424, 9
85425, 9
85426, 9
85427, 9
85428, 9
85429, 9
85430, 9
85431, 9
85432, 9
85433, 9
85434, 9
85435, 9
85436, 9
85437, 9
85438, 9
85439, 9
85440, 9
85441, 9
85442, 9
85443, 9
85444, 9
85445, 9
85446, 9
85447, 9
85448, 9
85449, 9
85450, 9
85451, 9
85452, 9
85453, 9
85454, 9
85455, 9
85456, 9
85457, 9
85458, 9
85459, 9
85460, 9
85461, 9
85462, 9
85463, 9
85464, 9
85465, 9
85466, 9
85467, 9
85468, 9
85469, 9
85470, 9
85471, 9
85472, 9
85473, 9
85474, 9
85475, 9
85476, 9
85477, 9
85478, 9
85479, 9
85480, 9
85481, 9
85482, 9
85483, 9
85484, 9
85485, 9
85486, 9
85487, 9
85488, 9
85489, 9
85490, 9
85491, 9
85492, 9
85493, 9
85494, 9
85495, 9
85496, 9
85497, 9
85498, 9
85499, 9
85500, 9
85501, 9
85502, 9
85503, 9
85504, 9
85505, 9
85506, 9
85507, 9
85508, 9
85509, 9
85510, 9
85511, 9
85512, 9
85513, 9
85514, 9
85515, 9
85516, 9
85517, 9
85518, 9
85519, 9
85520, 9
85521, 9
85522, 9
85523, 9
85524, 9
85525, 9
85526, 9
85527, 9
85528, 9
85529, 9
85530, 9
85531, 9
85532, 9
85533, 9
85534, 9
85535, 9
85536, 9
85537, 9
85538, 10
85539, 10
85540, 10
85541, 10
85542, 10
85543, 10
85544, 10
85545, 10
85546, 10
85547, 10
85548, 10
85549, 10
85550, 10
85551, 10
85552, 10
85553, 10
85554, 10
85555, 10
85556, 10
85557, 10
85558, 10
85559, 10
85560, 10
85561, 10
85562, 10
85563, 10
85564, 10
85565, 10
85566, 10
85567, 10
85568, 10
85569, 10
85570, 10
85571, 10
85572, 10
85573, 10
85574, 10
85575, 10
85576, 10
85577, 10
85578, 10
85579, 10
85580, 10
85581, 10
85582, 10
85583, 10
85584, 10
85585, 10
85586, 10
85587, 10
85588, 10
85589, 10
85590, 10
85591, 10
85592, 10
85593, 10
85594, 10
85595, 10
85596, 10
85597, 10
85598, 10
85599, 10
85600, 10
85601, 10
85602, 10
85603, 10
85604, 10
85605, 10
85606, 10
85607, 10
85608, 10
85609, 10
85610, 10
85611, 10
85612, 10
85613, 10
85614, 10
85615, 10
85616, 10
85617, 10
85618, 10
85619, 10
85620, 10
85621, 10
85622, 10
85623, 10
85624, 10
85625, 10
85626, 10
85627, 10
85628, 10
85629, 10
85630, 10
85631, 10
85632, 10
85633, 10
85634, 10
85635, 10
85636, 10
85637, 10
85638, 10
85639, 10
85640, 10
85641, 10
85642, 10
85643, 10
85644, 10
85645, 10
85646, 10
85647, 10
85648, 10
85649, 10
85650, 10
85651, 10
85652, 10
85653, 10
85654, 10
85655, 10
85656, 10
85657, 10
85658, 10
85659, 10
85660, 10
85661, 10
85662, 10
85663, 10
85664, 10
85665, 10
85666, 10
85667, 10
85668, 10
85669, 10
85670, 10
85671, 10
85672, 10
85673, 10
85674, 10
85675, 10
85676, 10
85677, 10
85678, 10
85679, 10
85680, 10
85681, 10
85682, 10
85683, 10
85684, 10
85685, 10
85686, 10
85687, 10
85688, 10
85689, 10
85690, 10
85691, 10
85692, 10
85693, 10
85694, 10
85695, 10
85696, 10
85697, 10
85698, 10
85699, 10
85700, 10
85701, 10
85702, 10
85703, 10
85704, 10
85705, 10
85706, 10
85707, 10
85708, 10
85709, 10
85710, 10
85711, 10
85712, 10
85713, 10
85714, 10
85715, 10
85716, 10
85717, 10
85718, 10
85719, 10
85720, 10
85721, 10
85722, 10
85723, 10
85724, 10
85725, 10
85726, 10
85727, 10
85728, 10
85729, 10
85730, 10
85731, 10
85732, 10
85733, 10
85734, 10
85735, 10
85736, 10
85737, 10
85738, 10
85739, 10
85740, 10
85741, 10
85742, 10
85743, 10
85744, 10
85745, 10
85746, 10
85747, 10
85748, 10
85749, 10
85750, 10
85751, 10
85752, 10
85753, 10
85754, 10
85755, 10
85756, 10
85757, 10
85758, 10
85759, 10
85760, 10
85761, 10
85762, 10
85763, 10
85764, 10
85765, 10
85766, 10
85767, 10
85768, 10
85769, 10
85770, 10
85771, 10
85772, 10
85773, 10
85774, 10
85775, 10
85776, 10
85777, 10
85778, 10
85779, 10
85780, 10
85781, 10
85782, 10
85783, 10
85784, 10
85785, 10
85786, 10
85787, 10
85788, 10
85789, 10
85790, 10
85791, 10
85792, 10
85793, 10
85794, 10
85795, 10
85796, 10
85797, 10
85798, 10
85799, 10
85800, 10
85801, 10
85802, 10
85803, 10
85804, 10
85805, 10
85806, 10
85807, 10
85808, 10
85809, 10
85810, 10
85811, 10
85812, 10
85813, 10
85814, 10
85815, 10
85816, 10
85817, 10
85818, 10
85819, 10
85820, 10
85821, 10
85822, 10
85823, 10
85824, 10
85825, 10
85826, 10
85827, 10
85828, 10
85829, 10
85830, 10
85831, 10
85832, 10
85833, 10
85834, 10
85835, 10
85836, 10
85837, 10
85838, 10
85839, 10
85840, 10
85841, 10
85842, 10
85843, 10
85844, 10
85845, 10
85846, 10
85847, 10
85848, 10
85849, 9
85850, 9
85851, 9
85852, 9
85853, 9
85854, 9
85855, 9
85856, 9
85857, 9
85858, 9
85859, 9
85860, 9
85861, 9
85862, 9
85863, 9
85864, 9
85865, 9
85866, 9
85867, 9
85868, 9
85869, 9
85870, 9
85871, 9
85872, 9
85873, 9
85874, 9
85875, 9
85876, 9
85877, 9
85878, 9
85879, 9
85880, 9
85881, 9
85882, 9
85883, 9
85884, 9
85885, 9
85886, 9
85887, 9
85888, 9
85889, 9
85890, 9
85891, 9
85892, 9
85893, 9
85894, 9
85895, 9
85896, 9
85897, 9
85898, 9
85899, 9
85900, 9
85901, 9
85902, 9
85903, 9
85904, 9
85905, 9
85906, 9
85907, 9
85908, 9
85909, 9
85910, 9
85911, 9
85912, 9
85913, 9
85914, 9
85915, 9
85916, 9
85917, 9
85918, 9
85919, 9
85920, 9
85921, 9
85922, 9
85923, 9
85924, 9
85925, 9
85926, 9
85927, 9
85928, 9
85929, 9
85930, 9
85931, 9
85932, 9
85933, 9
85934, 9
85935, 9
85936, 9
85937, 9
85938, 9
85939, 9
85940, 9
85941, 9
85942, 9
85943, 9
85944, 9
85945, 9
85946, 9
85947, 9
85948, 9
85949, 9
85950, 9
85951, 9
85952, 9
85953, 9
85954, 9
85955, 9
85956, 9
85957, 9
85958, 9
85959, 9
85960, 9
85961, 9
85962, 9
85963, 9
85964, 9
85965, 9
85966, 9
85967, 9
85968, 9
85969, 9
85970, 9
85971, 9
85972, 9
85973, 9
85974, 9
85975, 9
85976, 9
85977, 9
85978, 9
85979, 9
85980, 9
85981, 9
85982, 9
85983, 9
85984, 9
85985, 9
85986, 9
85987, 9
85988, 9
85989, 9
85990, 9
85991, 9
85992, 9
85993, 9
85994, 9
85995, 9
85996, 9
85997, 9
85998, 9
85999, 9
86000, 9
86001, 9
86002, 9
86003, 9
86004, 9
86005, 9
86006, 9
86007, 9
86008, 9
86009, 9
86010, 9
86011, 9
86012, 9
86013, 9
86014, 9
86015, 9
86016, 9
86017, 9
86018, 9
86019, 9
86020, 9
86021, 9
86022, 9
86023, 9
86024, 9
86025, 9
86026, 9
86027, 9
86028, 9
86029, 9
86030, 9
86031, 9
86032, 9
86033, 9
86034, 9
86035, 9
86036, 9
86037, 9
86038, 9
86039, 9
86040, 9
86041, 9
86042, 9
86043, 9
86044, 9
86045, 9
86046, 9
86047, 9
86048, 9
86049, 9
86050, 9
86051, 9
86052, 9
86053, 9
86054, 9
86055, 9
86056, 9
86057, 9
86058, 9
86059, 9
86060, 9
86061, 9
86062, 9
86063, 9
86064, 9
86065, 9
86066, 9
86067, 9
86068, 9
86069, 9
86070, 9
86071, 9
86072, 9
86073, 9
86074, 9
86075, 9
86076, 9
86077, 9
86078, 9
86079, 9
86080, 9
86081, 9
86082, 9
86083, 9
86084, 9
86085, 9
86086, 9
86087, 9
86088, 9
86089, 9
86090, 9
86091, 9
86092, 9
86093, 9
86094, 9
86095, 9
86096, 9
86097, 9
86098, 9
86099, 9
86100, 9
86101, 9
86102, 9
86103, 9
86104, 9
86105, 9
86106, 9
86107, 9
86108, 9
86109, 9
86110, 9
86111, 9
86112, 9
86113, 9
86114, 9
86115, 10
86116, 10
86117, 10
86118, 10
86119, 10
86120, 10
86121, 10
86122, 10
86123, 10
86124, 10
86125, 10
86126, 10
86127, 10
86128, 10
86129, 10
86130, 10
86131, 10
86132, 10
86133, 10
86134, 10
86135, 10
86136, 10
86137, 10
86138, 10
86139, 10
86140, 10
86141, 10
86142, 10
86143, 10
86144, 10
86145, 10
86146, 10
86147, 10
86148, 10
86149, 10
86150, 10
86151, 10
86152, 10
86153, 10
86154, 10
86155, 10
86156, 10
86157, 10
86158, 10
86159, 10
86160, 10
86161, 10
86162, 10
86163, 10
86164, 10
86165, 10
86166, 10
86167, 10
86168, 10
86169, 10
86170, 10
86171, 10
86172, 10
86173, 10
86174, 10
86175, 10
86176, 10
86177, 10
86178, 10
86179, 10
86180, 10
86181, 10
86182, 10
86183, 10
86184, 10
86185, 10
86186, 10
86187, 10
86188, 10
86189, 10
86190, 10
86191, 10
86192, 10
86193, 10
86194, 10
86195, 10
86196, 10
86197, 10
86198, 10
86199, 10
86200, 10
86201, 10
86202, 10
86203, 10
86204, 10
86205, 10
86206, 10
86207, 10
86208, 10
86209, 10
86210, 10
86211, 10
86212, 10
86213, 10
86214, 10
86215, 10
86216, 10
86217, 10
86218, 10
86219, 10
86220, 10
86221, 10
86222, 10
86223, 10
86224, 10
86225, 10
86226, 10
86227, 10
86228, 10
86229, 10
86230, 10
86231, 10
86232, 10
86233, 10
86234, 10
86235, 10
86236, 10
86237, 10
86238, 10
86239, 10
86240, 10
86241, 10
86242, 10
86243, 10
86244, 10
86245, 10
86246, 10
86247, 10
86248, 10
86249, 10
86250, 10
86251, 10
86252, 10
86253, 10
86254, 10
86255, 10
86256, 10
86257, 10
86258, 10
86259, 10
86260, 10
86261, 10
86262, 10
86263, 10
86264, 10
86265, 10
86266, 10
86267, 10
86268, 10
86269, 10
86270, 10
86271, 10
86272, 10
86273, 10
86274, 10
86275, 10
86276, 10
86277, 10
86278, 10
86279, 10
86280, 10
86281, 10
86282, 10
86283, 10
86284, 10
86285, 10
86286, 10
86287, 10
86288, 10
86289, 10
86290, 10
86291, 10
86292, 10
86293, 10
86294, 10
86295, 10
86296, 10
86297, 10
86298, 10
86299, 10
86300, 10
86301, 10
86302, 10
86303, 10
86304, 10
86305, 10
86306, 10
86307, 10
86308, 10
86309, 10
86310, 10
86311, 10
86312, 10
86313, 10
86314, 10
86315, 10
86316, 10
86317, 10
86318, 10
86319, 10
86320, 10
86321, 10
86322, 10
86323, 10
86324, 10
86325, 10
86326, 10
86327, 10
86328, 10
86329, 10
86330, 10
86331, 10
86332, 10
86333, 10
86334, 10
86335, 10
86336, 10
86337, 10
86338, 10
86339, 10
86340, 10
86341, 10
86342, 10
86343, 10
86344, 10
86345, 10
86346, 10
86347, 10
86348, 10
86349, 10
86350, 10
86351, 10
86352, 10
86353, 10
86354, 10
86355, 10
86356, 10
86357, 10
86358, 10
86359, 10
86360, 10
86361, 10
86362, 10
86363, 10
86364, 10
86365, 10
86366, 10
86367, 10
86368, 10
86369, 10
86370, 10
86371, 10
86372, 10
86373, 10
86374, 10
86375, 10
86376, 10
86377, 10
86378, 10
86379, 10
86380, 10
86381, 10
86382, 10
86383, 10
86384, 10
86385, 10
86386, 10
86387, 10
86388, 10
86389, 10
86390, 10
86391, 10
86392, 10
86393, 10
86394, 10
86395, 10
86396, 10
86397, 10
86398, 10
86399, 10
86400, 10
86401, 10
86402, 10
86403, 10
86404, 10
86405, 10
86406, 10
86407, 10
86408, 10
86409, 10
86410, 10
86411, 10
86412, 10
86413, 10
86414, 10
86415, 10
86416, 10
86417, 10
86418, 10
86419, 10
86420, 10
86421, 10
86422, 10
86423, 10
86424, 10
86425, 10
86426, 10
86427, 10
86428, 10
86429, 10
86430, 10
86431, 10
86432, 10
86433, 10
86434, 10
86435, 10
86436, 9
86437, 9
86438, 9
86439, 9
86440, 9
86441, 9
86442, 9
86443, 9
86444, 9
86445, 9
86446, 9
86447, 9
86448, 9
86449, 9
86450, 9
86451, 9
86452, 9
86453, 9
86454, 9
86455, 9
86456, 9
86457, 9
86458, 9
86459, 9
86460, 9
86461, 9
86462, 9
86463, 9
86464, 9
86465, 9
86466, 9
86467, 9
86468, 9
86469, 9
86470, 9
86471, 9
86472, 9
86473, 9
86474, 9
86475, 9
86476, 9
86477, 9
86478, 9
86479, 9
86480, 9
86481, 9
86482, 9
86483, 9
86484, 9
86485, 9
86486, 9
86487, 9
86488, 9
86489, 9
86490, 9
86491, 9
86492, 9
86493, 9
86494, 9
86495, 9
86496, 9
86497, 9
86498, 9
86499, 9
86500, 9
86501, 9
86502, 9
86503, 9
86504, 9
86505, 9
86506, 9
86507, 9
86508, 9
86509, 9
86510, 9
86511, 9
86512, 9
86513, 9
86514, 9
86515, 9
86516, 9
86517, 9
86518, 9
86519, 9
86520, 9
86521, 9
86522, 9
86523, 9
86524, 9
86525, 9
86526, 9
86527, 9
86528, 9
86529, 9
86530, 9
86531, 9
86532, 9
86533, 9
86534, 9
86535, 9
86536, 9
86537, 9
86538, 9
86539, 9
86540, 9
86541, 9
86542, 9
86543, 9
86544, 9
86545, 9
86546, 9
86547, 9
86548, 9
86549, 9
86550, 9
86551, 9
86552, 9
86553, 9
86554, 9
86555, 9
86556, 9
86557, 9
86558, 9
86559, 9
86560, 9
86561, 9
86562, 9
86563, 9
86564, 9
86565, 9
86566, 9
86567, 9
86568, 9
86569, 9
86570, 9
86571, 9
86572, 9
86573, 9
86574, 9
86575, 9
86576, 9
86577, 9
86578, 9
86579, 9
86580, 9
86581, 9
86582, 9
86583, 9
86584, 9
86585, 9
86586, 9
86587, 9
86588, 9
86589, 9
86590, 9
86591, 9
86592, 9
86593, 9
86594, 9
86595, 9
86596, 9
86597, 9
86598, 9
86599, 9
86600, 9
86601, 9
86602, 9
86603, 9
86604, 9
86605, 9
86606, 9
86607, 9
86608, 9
86609, 9
86610, 9
86611, 9
86612, 9
86613, 9
86614, 9
86615, 9
86616, 9
86617, 9
86618, 9
86619, 9
86620, 9
86621, 9
86622, 9
86623, 9
86624, 9
86625, 9
86626, 9
86627, 9
86628, 9
86629, 9
86630, 9
86631, 9
86632, 9
86633, 9
86634, 9
86635, 9
86636, 9
86637, 9
86638, 9
86639, 9
86640, 9
86641, 9
86642, 9
86643, 9
86644, 9
86645, 9
86646, 9
86647, 9
86648, 9
86649, 9
86650, 9
86651, 9
86652, 9
86653, 9
86654, 9
86655, 9
86656, 9
86657, 9
86658, 9
86659, 9
86660, 9
86661, 9
86662, 9
86663, 9
86664, 9
86665, 9
86666, 9
86667, 9
86668, 9
86669, 9
86670, 9
86671, 9
86672, 9
86673, 9
86674, 9
86675, 9
86676, 9
86677, 9
86678, 9
86679, 9
86680, 9
86681, 9
86682, 9
86683, 9
86684, 9
86685, 9
86686, 9
86687, 9
86688, 9
86689, 9
86690, 9
86691, 9
86692, 9
86693, 9
86694, 10
86695, 10
86696, 10
86697, 10
86698, 10
86699, 10
86700, 10
86701, 10
86702, 10
86703, 10
86704, 10
86705, 10
86706, 10
86707, 10
86708, 10
86709, 10
86710, 10
86711, 10
86712, 10
86713, 10
86714, 10
86715, 10
86716, 10
86717, 10
86718, 10
86719, 10
86720, 10
86721, 10
86722, 10
86723, 10
86724, 10
86725, 10
86726, 10
86727, 10
86728, 10
86729, 10
86730, 10
86731, 10
86732, 10
86733, 10
86734, 10
86735, 10
86736, 10
86737, 10
86738, 10
86739, 10
86740, 10
86741, 10
86742, 10
86743, 10
86744, 10
86745, 10
86746, 10
86747, 10
86748, 10
86749, 10
86750, 10
86751, 10
86752, 10
86753, 10
86754, 10
86755, 10
86756, 10
86757, 10
86758, 10
86759, 10
86760, 10
86761, 10
86762, 10
86763, 10
86764, 10
86765, 10
86766, 10
86767, 10
86768, 10
86769, 10
86770, 10
86771, 10
86772, 10
86773, 10
86774, 10
86775, 10
86776, 10
86777, 10
86778, 10
86779, 10
86780, 10
86781, 10
86782, 10
86783, 10
86784, 10
86785, 10
86786, 10
86787, 10
86788, 10
86789, 10
86790, 10
86791, 10
86792, 10
86793, 10
86794, 10
86795, 10
86796, 10
86797, 10
86798, 10
86799, 10
86800, 10
86801, 10
86802, 10
86803, 10
86804, 10
86805, 10
86806, 10
86807, 10
86808, 10
86809, 10
86810, 10
86811, 10
86812, 10
86813, 10
86814, 10
86815, 10
86816, 10
86817, 10
86818, 10
86819, 10
86820, 10
86821, 10
86822, 10
86823, 10
86824, 10
86825, 10
86826, 10
86827, 10
86828, 10
86829, 10
86830, 10
86831, 10
86832, 10
86833, 10
86834, 10
86835, 10
86836, 10
86837, 10
86838, 10
86839, 10
86840, 10
86841, 10
86842, 10
86843, 10
86844, 10
86845, 10
86846, 10
86847, 10
86848, 10
86849, 10
86850, 10
86851, 10
86852, 10
86853, 10
86854, 10
86855, 10
86856, 10
86857, 10
86858, 10
86859, 10
86860, 10
86861, 10
86862, 10
86863, 10
86864, 10
86865, 10
86866, 10
86867, 10
86868, 10
86869, 10
86870, 10
86871, 10
86872, 10
86873, 10
86874, 10
86875, 10
86876, 10
86877, 10
86878, 10
86879, 10
86880, 10
86881, 10
86882, 10
86883, 10
86884, 10
86885, 10
86886, 10
86887, 10
86888, 10
86889, 10
86890, 10
86891, 10
86892, 10
86893, 10
86894, 10
86895, 10
86896, 10
86897, 10
86898, 10
86899, 10
86900, 10
86901, 10
86902, 10
86903, 10
86904, 10
86905, 10
86906, 10
86907, 10
86908, 10
86909, 10
86910, 10
86911, 10
86912, 10
86913, 10
86914, 10
86915, 10
86916, 10
86917, 10
86918, 10
86919, 10
86920, 10
86921, 10
86922, 10
86923, 10
86924, 10
86925, 10
86926, 10
86927, 10
86928, 10
86929, 10
86930, 10
86931, 10
86932, 10
86933, 10
86934, 10
86935, 10
86936, 10
86937, 10
86938, 10
86939, 10
86940, 10
86941, 10
86942, 10
86943, 10
86944, 10
86945, 10
86946, 10
86947, 10
86948, 10
86949, 10
86950, 10
86951, 10
86952, 10
86953, 10
86954, 10
86955, 10
86956, 10
86957, 10
86958, 10
86959, 10
86960, 10
86961, 10
86962, 10
86963, 10
86964, 10
86965, 10
86966, 10
86967, 10
86968, 10
86969, 10
86970, 10
86971, 10
86972, 10
86973, 10
86974, 10
86975, 10
86976, 10
86977, 10
86978, 10
86979, 10
86980, 10
86981, 10
86982, 10
86983, 10
86984, 10
86985, 10
86986, 10
86987, 10
86988, 10
86989, 10
86990, 10
86991, 10
86992, 10
86993, 10
86994, 10
86995, 10
86996, 10
86997, 10
86998, 10
86999, 10
87000, 10
87001, 10
87002, 10
87003, 10
87004, 10
87005, 10
87006, 10
87007, 10
87008, 10
87009, 10
87010, 10
87011, 10
87012, 10
87013, 10
87014, 10
87015, 10
87016, 10
87017, 10
87018, 10
87019, 10
87020, 10
87021, 10
87022, 10
87023, 10
87024, 10
87025, 9
87026, 9
87027, 9
87028, 9
87029, 9
87030, 9
87031, 9
87032, 9
87033, 9
87034, 9
87035, 9
87036, 9
87037, 9
87038, 9
87039, 9
87040, 9
87041, 9
87042, 9
87043, 9
87044, 9
87045, 9
87046, 9
87047, 9
87048, 9
87049, 9
87050, 9
87051, 9
87052, 9
87053, 9
87054, 9
87055, 9
87056, 9
87057, 9
87058, 9
87059, 9
87060, 9
87061, 9
87062, 9
87063, 9
87064, 9
87065, 9
87066, 9
87067, 9
87068, 9
87069, 9
87070, 9
87071, 9
87072, 9
87073, 9
87074, 9
87075, 9
87076, 9
87077, 9
87078, 9
87079, 9
87080, 9
87081, 9
87082, 9
87083, 9
87084, 9
87085, 9
87086, 9
87087, 9
87088, 9
87089, 9
87090, 9
87091, 9
87092, 9
87093, 9
87094, 9
87095, 9
87096, 9
87097, 9
87098, 9
87099, 9
87100, 9
87101, 9
87102, 9
87103, 9
87104, 9
87105, 9
87106, 9
87107, 9
87108, 9
87109, 9
87110, 9
87111, 9
87112, 9
87113, 9
87114, 9
87115, 9
87116, 9
87117, 9
87118, 9
87119, 9
87120, 9
87121, 9
87122, 9
87123, 9
87124, 9
87125, 9
87126, 9
87127, 9
87128, 9
87129, 9
87130, 9
87131, 9
87132, 9
87133, 9
87134, 9
87135, 9
87136, 9
87137, 9
87138, 9
87139, 9
87140, 9
87141, 9
87142, 9
87143, 9
87144, 9
87145, 9
87146, 9
87147, 9
87148, 9
87149, 9
87150, 9
87151, 9
87152, 9
87153, 9
87154, 9
87155, 9
87156, 9
87157, 9
87158, 9
87159, 9
87160, 9
87161, 9
87162, 9
87163, 9
87164, 9
87165, 9
87166, 9
87167, 9
87168, 9
87169, 9
87170, 9
87171, 9
87172, 9
87173, 9
87174, 9
87175, 9
87176, 9
87177, 9
87178, 9
87179, 9
87180, 9
87181, 9
87182, 9
87183, 9
87184, 9
87185, 9
87186, 9
87187, 9
87188, 9
87189, 9
87190, 9
87191, 9
87192, 9
87193, 9
87194, 9
87195, 9
87196, 9
87197, 9
87198, 9
87199, 9
87200, 9
87201, 9
87202, 9
87203, 9
87204, 9
87205, 9
87206, 9
87207, 9
87208, 9
87209, 9
87210, 9
87211, 9
87212, 9
87213, 9
87214, 9
87215, 9
87216, 9
87217, 9
87218, 9
87219, 9
87220, 9
87221, 9
87222, 9
87223, 9
87224, 9
87225, 9
87226, 9
87227, 9
87228, 9
87229, 9
87230, 9
87231, 9
87232, 9
87233, 9
87234, 9
87235, 9
87236, 9
87237, 9
87238, 9
87239, 9
87240, 9
87241, 9
87242, 9
87243, 9
87244, 9
87245, 9
87246, 9
87247, 9
87248, 9
87249, 9
87250, 9
87251, 9
87252, 9
87253, 9
87254, 9
87255, 9
87256, 9
87257, 9
87258, 9
87259, 9
87260, 9
87261, 9
87262, 9
87263, 9
87264, 9
87265, 9
87266, 9
87267, 9
87268, 9
87269, 9
87270, 9
87271, 9
87272, 9
87273, 9
87274, 9
87275, 10
87276, 10
87277, 10
87278, 10
87279, 10
87280, 10
87281, 10
87282, 10
87283, 10
87284, 10
87285, 10
87286, 10
87287, 10
87288, 10
87289, 10
87290, 10
87291, 10
87292, 10
87293, 10
87294, 10
87295, 10
87296, 10
87297, 10
87298, 10
87299, 10
87300, 10
87301, 10
87302, 10
87303, 10
87304, 10
87305, 10
87306, 10
87307, 10
87308, 10
87309, 10
87310, 10
87311, 10
87312, 10
87313, 10
87314, 10
87315, 10
87316, 10
87317, 10
87318, 10
87319, 10
87320, 10
87321, 10
87322, 10
87323, 10
87324, 10
87325, 10
87326, 10
87327, 10
87328, 10
87329, 10
87330, 10
87331, 10
87332, 10
87333, 10
87334, 10
87335, 10
87336, 10
87337, 10
87338, 10
87339, 10
87340, 10
87341, 10
87342, 10
87343, 10
87344, 10
87345, 10
87346, 10
87347, 10
87348, 10
87349, 10
87350, 10
87351, 10
87352, 10
87353, 10
87354, 10
87355, 10
87356, 10
87357, 10
87358, 10
87359, 10
87360, 10
87361, 10
87362, 10
87363, 10
87364, 10
87365, 10
87366, 10
87367, 10
87368, 10
87369, 10
87370, 10
87371, 10
87372, 10
87373, 10
87374, 10
87375, 10
87376, 10
87377, 10
87378, 10
87379, 10
87380, 10
87381, 10
87382, 10
87383, 10
87384, 10
87385, 10
87386, 10
87387, 10
87388, 10
87389, 10
87390, 10
87391, 10
87392, 10
87393, 10
87394, 10
87395, 10
87396, 10
87397, 10
87398, 10
87399, 10
87400, 10
87401, 10
87402, 10
87403, 10
87404, 10
87405, 10
87406, 10
87407, 10
87408, 10
87409, 10
87410, 10
87411, 10
87412, 10
87413, 10
87414, 10
87415, 10
87416, 10
87417, 10
87418, 10
87419, 10
87420, 10
87421, 10
87422, 10
87423, 10
87424, 10
87425, 10
87426, 10
87427, 10
87428, 10
87429, 10
87430, 10
87431, 10
87432, 10
87433, 10
87434, 10
87435, 10
87436, 10
87437, 10
87438, 10
87439, 10
87440, 10
87441, 10
87442, 10
87443, 10
87444, 10
87445, 10
87446, 10
87447, 10
87448, 10
87449, 10
87450, 10
87451, 10
87452, 10
87453, 10
87454, 10
87455, 10
87456, 10
87457, 10
87458, 10
87459, 10
87460, 10
87461, 10
87462, 10
87463, 10
87464, 10
87465, 10
87466, 10
87467, 10
87468, 10
87469, 10
87470, 10
87471, 10
87472, 10
87473, 10
87474, 10
87475, 10
87476, 10
87477, 10
87478, 10
87479, 10
87480, 10
87481, 10
87482, 10
87483, 10
87484, 10
87485, 10
87486, 10
87487, 10
87488, 10
87489, 10
87490, 10
87491, 10
87492, 10
87493, 10
87494, 10
87495, 10
87496, 10
87497, 10
87498, 10
87499, 10
87500, 10
87501, 10
87502, 10
87503, 10
87504, 10
87505, 10
87506, 10
87507, 10
87508, 10
87509, 10
87510, 10
87511, 10
87512, 10
87513, 10
87514, 10
87515, 10
87516, 10
87517, 10
87518, 10
87519, 10
87520, 10
87521, 10
87522, 10
87523, 10
87524, 10
87525, 10
87526, 10
87527, 10
87528, 10
87529, 10
87530, 10
87531, 10
87532, 10
87533, 10
87534, 10
87535, 10
87536, 10
87537, 10
87538, 10
87539, 10
87540, 10
87541, 10
87542, 10
87543, 10
87544, 10
87545, 10
87546, 10
87547, 10
87548, 10
87549, 10
87550, 10
87551, 10
87552, 10
87553, 10
87554, 10
87555, 10
87556, 10
87557, 10
87558, 10
87559, 10
87560, 10
87561, 10
87562, 10
87563, 10
87564, 10
87565, 10
87566, 10
87567, 10
87568, 10
87569, 10
87570, 10
87571, 10
87572, 10
87573, 10
87574, 10
87575, 10
87576, 10
87577, 10
87578, 10
87579, 10
87580, 10
87581, 10
87582, 10
87583, 10
87584, 10
87585, 10
87586, 10
87587, 10
87588, 10
87589, 10
87590, 10
87591, 10
87592, 10
87593, 10
87594, 10
87595, 10
87596, 10
87597, 10
87598, 10
87599, 10
87600, 10
87601, 10
87602, 10
87603, 10
87604, 10
87605, 10
87606, 10
87607, 10
87608, 10
87609, 10
87610, 10
87611, 10
87612, 10
87613, 10
87614, 10
87615, 10
87616, 9
87617, 9
87618, 9
87619, 9
87620, 9
87621, 9
87622, 9
87623, 9
87624, 9
87625, 9
87626, 9
87627, 9
87628, 9
87629, 9
87630, 9
87631, 9
87632, 9
87633, 9
87634, 9
87635, 9
87636, 9
87637, 9
87638, 9
87639, 9
87640, 9
87641, 9
87642, 9
87643, 9
87644, 9
87645, 9
87646, 9
87647, 9
87648, 9
87649, 9
87650, 9
87651, 9
87652, 9
87653, 9
87654, 9
87655, 9
87656, 9
87657, 9
87658, 9
87659, 9
87660, 9
87661, 9
87662, 9
87663, 9
87664, 9
87665, 9
87666, 9
87667, 9
87668, 9
87669, 9
87670, 9
87671, 9
87672, 9
87673, 9
87674, 9
87675, 9
87676, 9
87677, 9
87678, 9
87679, 9
87680, 9
87681, 9
87682, 9
87683, 9
87684, 9
87685, 9
87686, 9
87687, 9
87688, 9
87689, 9
87690, 9
87691, 9
87692, 9
87693, 9
87694, 9
87695, 9
87696, 9
87697, 9
87698, 9
87699, 9
87700, 9
87701, 9
87702, 9
87703, 9
87704, 9
87705, 9
87706, 9
87707, 9
87708, 9
87709, 9
87710, 9
87711, 9
87712, 9
87713, 9
87714, 9
87715, 9
87716, 9
87717, 9
87718, 9
87719, 9
87720, 9
87721, 9
87722, 9
87723, 9
87724, 9
87725, 9
87726, 9
87727, 9
87728, 9
87729, 9
87730, 9
87731, 9
87732, 9
87733, 9
87734, 9
87735, 9
87736, 9
87737, 9
87738, 9
87739, 9
87740, 9
87741, 9
87742, 9
87743, 9
87744, 9
87745, 9
87746, 9
87747, 9
87748, 9
87749, 9
87750, 9
87751, 9
87752, 9
87753, 9
87754, 9
87755, 9
87756, 9
87757, 9
87758, 9
87759, 9
87760, 9
87761, 9
87762, 9
87763, 9
87764, 9
87765, 9
87766, 9
87767, 9
87768, 9
87769, 9
87770, 9
87771, 9
87772, 9
87773, 9
87774, 9
87775, 9
87776, 9
87777, 9
87778, 9
87779, 9
87780, 9
87781, 9
87782, 9
87783, 9
87784, 9
87785, 9
87786, 9
87787, 9
87788, 9
87789, 9
87790, 9
87791, 9
87792, 9
87793, 9
87794, 9
87795, 9
87796, 9
87797, 9
87798, 9
87799, 9
87800, 9
87801, 9
87802, 9
87803, 9
87804, 9
87805, 9
87806, 9
87807, 9
87808, 9
87809, 9
87810, 9
87811, 9
87812, 9
87813, 9
87814, 9
87815, 9
87816, 9
87817, 9
87818, 9
87819, 9
87820, 9
87821, 9
87822, 9
87823, 9
87824, 9
87825, 9
87826, 9
87827, 9
87828, 9
87829, 9
87830, 9
87831, 9
87832, 9
87833, 9
87834, 9
87835, 9
87836, 9
87837, 9
87838, 9
87839, 9
87840, 9
87841, 9
87842, 9
87843, 9
87844, 9
87845, 9
87846, 9
87847, 9
87848, 9
87849, 9
87850, 9
87851, 9
87852, 9
87853, 9
87854, 9
87855, 9
87856, 9
87857, 9
87858, 10
87859, 10
87860, 10
87861, 10
87862, 10
87863, 10
87864, 10
87865, 10
87866, 10
87867, 10
87868, 10
87869, 10
87870, 10
87871, 10
87872, 10
87873, 10
87874, 10
87875, 10
87876, 10
87877, 10
87878, 10
87879, 10
87880, 10
87881, 10
87882, 10
87883, 10
87884, 10
87885, 10
87886, 10
87887, 10
87888, 10
87889, 10
87890, 10
87891, 10
87892, 10
87893, 10
87894, 10
87895, 10
87896, 10
87897, 10
87898, 10
87899, 10
87900, 10
87901, 10
87902, 10
87903, 10
87904, 10
87905, 10
87906, 10
87907, 10
87908, 10
87909, 10
87910, 10
87911, 10
87912, 10
87913, 10
87914, 10
87915, 10
87916, 10
87917, 10
87918, 10
87919, 10
87920, 10
87921, 10
87922, 10
87923, 10
87924, 10
87925, 10
87926, 10
87927, 10
87928, 10
87929, 10
87930, 10
87931, 10
87932, 10
87933, 10
87934, 10
87935, 10
87936, 10
87937, 10
87938, 10
87939, 10
87940, 10
87941, 10
87942, 10
87943, 10
87944, 10
87945, 10
87946, 10
87947, 10
87948, 10
87949, 10
87950, 10
87951, 10
87952, 10
87953, 10
87954, 10
87955, 10
87956, 10
87957, 10
87958, 10
87959, 10
87960, 10
87961, 10
87962, 10
87963, 10
87964, 10
87965, 10
87966, 10
87967, 10
87968, 10
87969, 10
87970, 10
87971, 10
87972, 10
87973, 10
87974, 10
87975, 10
87976, 10
87977, 10
87978, 10
87979, 10
87980, 10
87981, 10
87982, 10
87983, 10
87984, 10
87985, 10
87986, 10
87987, 10
87988, 10
87989, 10
87990, 10
87991, 10
87992, 10
87993, 10
87994, 10
87995, 10
87996, 10
87997, 10
87998, 10
87999, 10
88000, 10
88001, 10
88002, 10
88003, 10
88004, 10
88005, 10
88006, 10
88007, 10
88008, 10
88009, 10
88010, 10
88011, 10
88012, 10
88013, 10
88014, 10
88015, 10
88016, 10
88017, 10
88018, 10
88019, 10
88020, 10
88021, 10
88022, 10
88023, 10
88024, 10
88025, 10
88026, 10
88027, 10
88028, 10
88029, 10
88030, 10
88031, 10
88032, 10
88033, 10
88034, 10
88035, 10
88036, 10
88037, 10
88038, 10
88039, 10
88040, 10
88041, 10
88042, 10
88043, 10
88044, 10
88045, 10
88046, 10
88047, 10
88048, 10
88049, 10
88050, 10
88051, 10
88052, 10
88053, 10
88054, 10
88055, 10
88056, 10
88057, 10
88058, 10
88059, 10
88060, 10
88061, 10
88062, 10
88063, 10
88064, 10
88065, 10
88066, 10
88067, 10
88068, 10
88069, 10
88070, 10
88071, 10
88072, 10
88073, 10
88074, 10
88075, 10
88076, 10
88077, 10
88078, 10
88079, 10
88080, 10
88081, 10
88082, 10
88083, 10
88084, 10
88085, 10
88086, 10
88087, 10
88088, 10
88089, 10
88090, 10
88091, 10
88092, 10
88093, 10
88094, 10
88095, 10
88096, 10
88097, 10
88098, 10
88099, 10
88100, 10
88101, 10
88102, 10
88103, 10
88104, 10
88105, 10
88106, 10
88107, 10
88108, 10
88109, 10
88110, 10
88111, 10
88112, 10
88113, 10
88114, 10
88115, 10
88116, 10
88117, 10
88118, 10
88119, 10
88120, 10
88121, 10
88122, 10
88123, 10
88124, 10
88125, 10
88126, 10
88127, 10
88128, 10
88129, 10
88130, 10
88131, 10
88132, 10
88133, 10
88134, 10
88135, 10
88136, 10
88137, 10
88138, 10
88139, 10
88140, 10
88141, 10
88142, 10
88143, 10
88144, 10
88145, 10
88146, 10
88147, 10
88148, 10
88149, 10
88150, 10
88151, 10
88152, 10
88153, 10
88154, 10
88155, 10
88156, 10
88157, 10
88158, 10
88159, 10
88160, 10
88161, 10
88162, 10
88163, 10
88164, 10
88165, 10
88166, 10
88167, 10
88168, 10
88169, 10
88170, 10
88171, 10
88172, 10
88173, 10
88174, 10
88175, 10
88176, 10
88177, 10
88178, 10
88179, 10
88180, 10
88181, 10
88182, 10
88183, 10
88184, 10
88185, 10
88186, 10
88187, 10
88188, 10
88189, 10
88190, 10
88191, 10
88192, 10
88193, 10
88194, 10
88195, 10
88196, 10
88197, 10
88198, 10
88199, 10
88200, 10
88201, 10
88202, 10
88203, 10
88204, 10
88205, 10
88206, 10
88207, 10
88208, 10
88209, 9
88210, 9
88211, 9
88212, 9
88213, 9
88214, 9
88215, 9
88216, 9
88217, 9
88218, 9
88219, 9
88220, 9
88221, 9
88222, 9
88223, 9
88224, 9
88225, 9
88226, 9
88227, 9
88228, 9
88229, 9
88230, 9
88231, 9
88232, 9
88233, 9
88234, 9
88235, 9
88236, 9
88237, 9
88238, 9
88239, 9
88240, 9
88241, 9
88242, 9
88243, 9
88244, 9
88245, 9
88246, 9
88247, 9
88248, 9
88249, 9
88250, 9
88251, 9
88252, 9
88253, 9
88254, 9
88255, 9
88256, 9
88257, 9
88258, 9
88259, 9
88260, 9
88261, 9
88262, 9
88263, 9
88264, 9
88265, 9
88266, 9
88267, 9
88268, 9
88269, 9
88270, 9
88271, 9
88272, 9
88273, 9
88274, 9
88275, 9
88276, 9
88277, 9
88278, 9
88279, 9
88280, 9
88281, 9
88282, 9
88283, 9
88284, 9
88285, 9
88286, 9
88287, 9
88288, 9
88289, 9
88290, 9
88291, 9
88292, 9
88293, 9
88294, 9
88295, 9
88296, 9
88297, 9
88298, 9
88299, 9
88300, 9
88301, 9
88302, 9
88303, 9
88304, 9
88305, 9
88306, 9
88307, 9
88308, 9
88309, 9
88310, 9
88311, 9
88312, 9
88313, 9
88314, 9
88315, 9
88316, 9
88317, 9
88318, 9
88319, 9
88320, 9
88321, 9
88322, 9
88323, 9
88324, 9
88325, 9
88326, 9
88327, 9
88328, 9
88329, 9
88330, 9
88331, 9
88332, 9
88333, 9
88334, 9
88335, 9
88336, 9
88337, 9
88338, 9
88339, 9
88340, 9
88341, 9
88342, 9
88343, 9
88344, 9
88345, 9
88346, 9
88347, 9
88348, 9
88349, 9
88350, 9
88351, 9
88352, 9
88353, 9
88354, 9
88355, 9
88356, 9
88357, 9
88358, 9
88359, 9
88360, 9
88361, 9
88362, 9
88363, 9
88364, 9
88365, 9
88366, 9
88367, 9
88368, 9
88369, 9
88370, 9
88371, 9
88372, 9
88373, 9
88374, 9
88375, 9
88376, 9
88377, 9
88378, 9
88379, 9
88380, 9
88381, 9
88382, 9
88383, 9
88384, 9
88385, 9
88386, 9
88387, 9
88388, 9
88389, 9
88390, 9
88391, 9
88392, 9
88393, 9
88394, 9
88395, 9
88396, 9
88397, 9
88398, 9
88399, 9
88400, 9
88401, 9
88402, 9
88403, 9
88404, 9
88405, 9
88406, 9
88407, 9
88408, 9
88409, 9
88410, 9
88411, 9
88412, 9
88413, 9
88414, 9
88415, 9
88416, 9
88417, 9
88418, 9
88419, 9
88420, 9
88421, 9
88422, 9
88423, 9
88424, 9
88425, 9
88426, 9
88427, 9
88428, 9
88429, 9
88430, 9
88431, 9
88432, 9
88433, 9
88434, 9
88435, 9
88436, 9
88437, 9
88438, 9
88439, 9
88440, 9
88441, 9
88442, 10
88443, 10
88444, 10
88445, 10
88446, 10
88447, 10
88448, 10
88449, 10
88450, 10
88451, 10
88452, 10
88453, 10
88454, 10
88455, 10
88456, 10
88457, 10
88458, 10
88459, 10
88460, 10
88461, 10
88462, 10
88463, 10
88464, 10
88465, 10
88466, 10
88467, 10
88468, 10
88469, 10
88470, 10
88471, 10
88472, 10
88473, 10
88474, 10
88475, 10
88476, 10
88477, 10
88478, 10
88479, 10
88480, 10
88481, 10
88482, 10
88483, 10
88484, 10
88485, 10
88486, 10
88487, 10
88488, 10
88489, 10
88490, 10
88491, 10
88492, 10
88493, 10
88494, 10
88495, 10
88496, 10
88497, 10
88498, 10
88499, 10
88500, 10
88501, 10
88502, 10
88503, 10
88504, 10
88505, 10
88506, 10
88507, 10
88508, 10
88509, 10
88510, 10
88511, 10
88512, 10
88513, 10
88514, 10
88515, 10
88516, 10
88517, 10
88518, 10
88519, 10
88520, 10
88521, 10
88522, 10
88523, 10
88524, 10
88525, 10
88526, 10
88527, 10
88528, 10
88529, 10
88530, 10
88531, 10
88532, 10
88533, 10
88534, 10
88535, 10
88536, 10
88537, 10
88538, 10
88539, 10
88540, 10
88541, 10
88542, 10
88543, 10
88544, 10
88545, 10
88546, 10
88547, 10
88548, 10
88549, 10
88550, 10
88551, 10
88552, 10
88553, 10
88554, 10
88555, 10
88556, 10
88557, 10
88558, 10
88559, 10
88560, 10
88561, 10
88562, 10
88563, 10
88564, 10
88565, 10
88566, 10
88567, 10
88568, 10
88569, 10
88570, 10
88571, 10
88572, 10
88573, 10
88574, 10
88575, 10
88576, 10
88577, 10
88578, 10
88579, 10
88580, 10
88581, 10
88582, 10
88583, 10
88584, 10
88585, 10
88586, 10
88587, 10
88588, 10
88589, 10
88590, 10
88591, 10
88592, 10
88593, 10
88594, 10
88595, 10
88596, 10
88597, 10
88598, 10
88599, 10
88600, 10
88601, 10
88602, 10
88603, 10
88604, 10
88605, 10
88606, 10
88607, 10
88608, 10
88609, 10
88610, 10
88611, 10
88612, 10
88613, 10
88614, 10
88615, 10
88616, 10
88617, 10
88618, 10
88619, 10
88620, 10
88621, 10
88622, 10
88623, 10
88624, 10
88625, 10
88626, 10
88627, 10
88628, 10
88629, 10
88630, 10
88631, 10
88632, 10
88633, 10
88634, 10
88635, 10
88636, 10
88637, 10
88638, 10
88639, 10
88640, 10
88641, 10
88642, 10
88643, 10
88644, 10
88645, 10
88646, 10
88647, 10
88648, 10
88649, 10
88650, 10
88651, 10
88652, 10
88653, 10
88654, 10
88655, 10
88656, 10
88657, 10
88658, 10
88659, 10
88660, 10
88661, 10
88662, 10
88663, 10
88664, 10
88665, 10
88666, 10
88667, 10
88668, 10
88669, 10
88670, 10
88671, 10
88672, 10
88673, 10
88674, 10
88675, 10
88676, 10
88677, 10
88678, 10
88679, 10
88680, 10
88681, 10
88682, 10
88683, 10
88684, 10
88685, 10
88686, 10
88687, 10
88688, 10
88689, 10
88690, 10
88691, 10
88692, 10
88693, 10
88694, 10
88695, 10
88696, 10
88697, 10
88698, 10
88699, 10
88700, 10
88701, 10
88702, 10
88703, 10
88704, 10
88705, 10
88706, 10
88707, 10
88708, 10
88709, 10
88710, 10
88711, 10
88712, 10
88713, 10
88714, 10
88715, 10
88716, 10
88717, 10
88718, 10
88719, 10
88720, 10
88721, 10
88722, 10
88723, 10
88724, 10
88725, 10
88726, 10
88727, 10
88728, 10
88729, 10
88730, 10
88731, 10
88732, 10
88733, 10
88734, 10
88735, 10
88736, 10
88737, 10
88738, 10
88739, 10
88740, 10
88741, 10
88742, 10
88743, 10
88744, 10
88745, 10
88746, 10
88747, 10
88748, 10
88749, 10
88750, 10
88751, 10
88752, 10
88753, 10
88754, 10
88755, 10
88756, 10
88757, 10
88758, 10
88759, 10
88760, 10
88761, 10
88762, 10
88763, 10
88764, 10
88765, 10
88766, 10
88767, 10
88768, 10
88769, 10
88770, 10
88771, 10
88772, 10
88773, 10
88774, 10
88775, 10
88776, 10
88777, 10
88778, 10
88779, 10
88780, 10
88781, 10
88782, 10
88783, 10
88784, 10
88785, 10
88786, 10
88787, 10
88788, 10
88789, 10
88790, 10
88791, 10
88792, 10
88793, 10
88794, 10
88795, 10
88796, 10
88797, 10
88798, 10
88799, 10
88800, 10
88801, 10
88802, 10
88803, 10
88804, 9
88805, 9
88806, 9
88807, 9
88808, 9
88809, 9
88810, 9
88811, 9
88812, 9
88813, 9
88814, 9
88815, 9
88816, 9
88817, 9
88818, 9
88819, 9
88820, 9
88821, 9
88822, 9
88823, 9
88824, 9
88825, 9
88826, 9
88827, 9
88828, 9
88829, 9
88830, 9
88831, 9
88832, 9
88833, 9
88834, 9
88835, 9
88836, 9
88837, 9
88838, 9
88839, 9
88840, 9
88841, 9
88842, 9
88843, 9
88844, 9
88845, 9
88846, 9
88847, 9
88848, 9
88849, 9
88850, 9
88851, 9
88852, 9
88853, 9
88854, 9
88855, 9
88856, 9
88857, 9
88858, 9
88859, 9
88860, 9
88861, 9
88862, 9
88863, 9
88864, 9
88865, 9
88866, 9
88867, 9
88868, 9
88869, 9
88870, 9
88871, 9
88872, 9
88873, 9
88874, 9
88875, 9
88876, 9
88877, 9
88878, 9
88879, 9
88880, 9
88881, 9
88882, 9
88883, 9
88884, 9
88885, 9
88886, 9
88887, 9
88888, 9
88889, 9
88890, 9
88891, 9
88892, 9
88893, 9
88894, 9
88895, 9
88896, 9
88897, 9
88898, 9
88899, 9
88900, 9
88901, 9
88902, 9
88903, 9
88904, 9
88905, 9
88906, 9
88907, 9
88908, 9
88909, 9
88910, 9
88911, 9
88912, 9
88913, 9
88914, 9
88915, 9
88916, 9
88917, 9
88918, 9
88919, 9
88920, 9
88921, 9
88922, 9
88923, 9
88924, 9
88925, 9
88926, 9
88927, 9
88928, 9
88929, 9
88930, 9
88931, 9
88932, 9
88933, 9
88934, 9
88935, 9
88936, 9
88937, 9
88938, 9
88939, 9
88940, 9
88941, 9
88942, 9
88943, 9
88944, 9
88945, 9
88946, 9
88947, 9
88948, 9
88949, 9
88950, 9
88951, 9
88952, 9
88953, 9
88954, 9
88955, 9
88956, 9
88957, 9
88958, 9
88959, 9
88960, 9
88961, 9
88962, 9
88963, 9
88964, 9
88965, 9
88966, 9
88967, 9
88968, 9
88969, 9
88970, 9
88971, 9
88972, 9
88973, 9
88974, 9
88975, 9
88976, 9
88977, 9
88978, 9
88979, 9
88980, 9
88981, 9
88982, 9
88983, 9
88984, 9
88985, 9
88986, 9
88987, 9
88988, 9
88989, 9
88990, 9
88991, 9
88992, 9
88993, 9
88994, 9
88995, 9
88996, 9
88997, 9
88998, 9
88999, 9
89000, 9
89001, 9
89002, 9
89003, 9
89004, 9
89005, 9
89006, 9
89007, 9
89008, 9
89009, 9
89010, 9
89011, 9
89012, 9
89013, 9
89014, 9
89015, 9
89016, 9
89017, 9
89018, 9
89019, 9
89020, 9
89021, 9
89022, 9
89023, 9
89024, 9
89025, 9
89026, 9
89027, 9
89028, 9
89029, 10
89030, 10
89031, 10
89032, 10
89033, 10
89034, 10
89035, 10
89036, 10
89037, 10
89038, 10
89039, 10
89040, 10
89041, 10
89042, 10
89043, 10
89044, 10
89045, 10
89046, 10
89047, 10
89048, 10
89049, 10
89050, 10
89051, 10
89052, 10
89053, 10
89054, 10
89055, 10
89056, 10
89057, 10
89058, 10
89059, 10
89060, 10
89061, 10
89062, 10
89063, 10
89064, 10
89065, 10
89066, 10
89067, 10
89068, 10
89069, 10
89070, 10
89071, 10
89072, 10
89073, 10
89074, 10
89075, 10
89076, 10
89077, 10
89078, 10
89079, 10
89080, 10
89081, 10
89082, 10
89083, 10
89084, 10
89085, 10
89086, 10
89087, 10
89088, 10
89089, 10
89090, 10
89091, 10
89092, 10
89093, 10
89094, 10
89095, 10
89096, 10
89097, 10
89098, 10
89099, 10
89100, 10
89101, 10
89102, 10
89103, 10
89104, 10
89105, 10
89106, 10
89107, 10
89108, 10
89109, 10
89110, 10
89111, 10
89112, 10
89113, 10
89114, 10
89115, 10
89116, 10
89117, 10
89118, 10
89119, 10
89120, 10
89121, 10
89122, 10
89123, 10
89124, 10
89125, 10
89126, 10
89127, 10
89128, 10
89129, 10
89130, 10
89131, 10
89132, 10
89133, 10
89134, 10
89135, 10
89136, 10
89137, 10
89138, 10
89139, 10
89140, 10
89141, 10
89142, 10
89143, 10
89144, 10
89145, 10
89146, 10
89147, 10
89148, 10
89149, 10
89150, 10
89151, 10
89152, 10
89153, 10
89154, 10
89155, 10
89156, 10
89157, 10
89158, 10
89159, 10
89160, 10
89161, 10
89162, 10
89163, 10
89164, 10
89165, 10
89166, 10
89167, 10
89168, 10
89169, 10
89170, 10
89171, 10
89172, 10
89173, 10
89174, 10
89175, 10
89176, 10
89177, 10
89178, 10
89179, 10
89180, 10
89181, 10
89182, 10
89183, 10
89184, 10
89185, 10
89186, 10
89187, 10
89188, 10
89189, 10
89190, 10
89191, 10
89192, 10
89193, 10
89194, 10
89195, 10
89196, 10
89197, 10
89198, 10
89199, 10
89200, 10
89201, 10
89202, 10
89203, 10
89204, 10
89205, 10
89206, 10
89207, 10
89208, 10
89209, 10
89210, 10
89211, 10
89212, 10
89213, 10
89214, 10
89215, 10
89216, 10
89217, 10
89218, 10
89219, 10
89220, 10
89221, 10
89222, 10
89223, 10
89224, 10
89225, 10
89226, 10
89227, 10
89228, 10
89229, 10
89230, 10
89231, 10
89232, 10
89233, 10
89234, 10
89235, 10
89236, 10
89237, 10
89238, 10
89239, 10
89240, 10
89241, 10
89242, 10
89243, 10
89244, 10
89245, 10
89246, 10
89247, 10
89248, 10
89249, 10
89250, 10
89251, 10
89252, 10
89253, 10
89254, 10
89255, 10
89256, 10
89257, 10
89258, 10
89259, 10
89260, 10
89261, 10
89262, 10
89263, 10
89264, 10
89265, 10
89266, 10
89267, 10
89268, 10
89269, 10
89270, 10
89271, 10
89272, 10
89273, 10
89274, 10
89275, 10
89276, 10
89277, 10
89278, 10
89279, 10
89280, 10
89281, 10
89282, 10
89283, 10
89284, 10
89285, 10
89286, 10
89287, 10
89288, 10
89289, 10
89290, 10
89291, 10
89292, 10
89293, 10
89294, 10
89295, 10
89296, 10
89297, 10
89298, 10
89299, 10
89300, 10
89301, 10
89302, 10
89303, 10
89304, 10
89305, 10
89306, 10
89307, 10
89308, 10
89309, 10
89310, 10
89311, 10
89312, 10
89313, 10
89314, 10
89315, 10
89316, 10
89317, 10
89318, 10
89319, 10
89320, 10
89321, 10
89322, 10
89323, 10
89324, 10
89325, 10
89326, 10
89327, 10
89328, 10
89329, 10
89330, 10
89331, 10
89332, 10
89333, 10
89334, 10
89335, 10
89336, 10
89337, 10
89338, 10
89339, 10
89340, 10
89341, 10
89342, 10
89343, 10
89344, 10
89345, 10
89346, 10
89347, 10
89348, 10
89349, 10
89350, 10
89351, 10
89352, 10
89353, 10
89354, 10
89355, 10
89356, 10
89357, 10
89358, 10
89359, 10
89360, 10
89361, 10
89362, 10
89363, 10
89364, 10
89365, 10
89366, 10
89367, 10
89368, 10
89369, 10
89370, 10
89371, 10
89372, 10
89373, 10
89374, 10
89375, 10
89376, 10
89377, 10
89378, 10
89379, 10
89380, 10
89381, 10
89382, 10
89383, 10
89384, 10
89385, 10
89386, 10
89387, 10
89388, 10
89389, 10
89390, 10
89391, 10
89392, 10
89393, 10
89394, 10
89395, 10
89396, 10
89397, 10
89398, 10
89399, 10
89400, 10
89401, 9
89402, 9
89403, 9
89404, 9
89405, 9
89406, 9
89407, 9
89408, 9
89409, 9
89410, 9
89411, 9
89412, 9
89413, 9
89414, 9
89415, 9
89416, 9
89417, 9
89418, 9
89419, 9
89420, 9
89421, 9
89422, 9
89423, 9
89424, 9
89425, 9
89426, 9
89427, 9
89428, 9
89429, 9
89430, 9
89431, 9
89432, 9
89433, 9
89434, 9
89435, 9
89436, 9
89437, 9
89438, 9
89439, 9
89440, 9
89441, 9
89442, 9
89443, 9
89444, 9
89445, 9
89446, 9
89447, 9
89448, 9
89449, 9
89450, 9
89451, 9
89452, 9
89453, 9
89454, 9
89455, 9
89456, 9
89457, 9
89458, 9
89459, 9
89460, 9
89461, 9
89462, 9
89463, 9
89464, 9
89465, 9
89466, 9
89467, 9
89468, 9
89469, 9
89470, 9
89471, 9
89472, 9
89473, 9
89474, 9
89475, 9
89476, 9
89477, 9
89478, 9
89479, 9
89480, 9
89481, 9
89482, 9
89483, 9
89484, 9
89485, 9
89486, 9
89487, 9
89488, 9
89489, 9
89490, 9
89491, 9
89492, 9
89493, 9
89494, 9
89495, 9
89496, 9
89497, 9
89498, 9
89499, 9
89500, 9
89501, 9
89502, 9
89503, 9
89504, 9
89505, 9
89506, 9
89507, 9
89508, 9
89509, 9
89510, 9
89511, 9
89512, 9
89513, 9
89514, 9
89515, 9
89516, 9
89517, 9
89518, 9
89519, 9
89520, 9
89521, 9
89522, 9
89523, 9
89524, 9
89525, 9
89526, 9
89527, 9
89528, 9
89529, 9
89530, 9
89531, 9
89532, 9
89533, 9
89534, 9
89535, 9
89536, 9
89537, 9
89538, 9
89539, 9
89540, 9
89541, 9
89542, 9
89543, 9
89544, 9
89545, 9
89546, 9
89547, 9
89548, 9
89549, 9
89550, 9
89551, 9
89552, 9
89553, 9
89554, 9
89555, 9
89556, 9
89557, 9
89558, 9
89559, 9
89560, 9
89561, 9
89562, 9
89563, 9
89564, 9
89565, 9
89566, 9
89567, 9
89568, 9
89569, 9
89570, 9
89571, 9
89572, 9
89573, 9
89574, 9
89575, 9
89576, 9
89577, 9
89578, 9
89579, 9
89580, 9
89581, 9
89582, 9
89583, 9
89584, 9
89585, 9
89586, 9
89587, 9
89588, 9
89589, 9
89590, 9
89591, 9
89592, 9
89593, 9
89594, 9
89595, 9
89596, 9
89597, 9
89598, 9
89599, 9
89600, 9
89601, 9
89602, 9
89603, 9
89604, 9
89605, 9
89606, 9
89607, 9
89608, 9
89609, 9
89610, 9
89611, 9
89612, 9
89613, 9
89614, 9
89615, 9
89616, 9
89617, 10
89618, 10
89619, 10
89620, 10
89621, 10
89622, 10
89623, 10
89624, 10
89625, 10
89626, 10
89627, 10
89628, 10
89629, 10
89630, 10
89631, 10
89632, 10
89633, 10
89634, 10
89635, 10
89636, 10
89637, 10
89638, 10
89639, 10
89640, 10
89641, 10
89642, 10
89643, 10
89644, 10
89645, 10
89646, 10
89647, 10
89648, 10
89649, 10
89650, 10
89651, 10
89652, 10
89653, 10
89654, 10
89655, 10
89656, 10
89657, 10
89658, 10
89659, 10
89660, 10
89661, 10
89662, 10
89663, 10
89664, 10
89665, 10
89666, 10
89667, 10
89668, 10
89669, 10
89670, 10
89671, 10
89672, 10
89673, 10
89674, 10
89675, 10
89676, 10
89677, 10
89678, 10
89679, 10
89680, 10
89681, 10
89682, 10
89683, 10
89684, 10
89685, 10
89686, 10
89687, 10
89688, 10
89689, 10
89690, 10
89691, 10
89692, 10
89693, 10
89694, 10
89695, 10
89696, 10
89697, 10
89698, 10
89699, 10
89700, 10
89701, 10
89702, 10
89703, 10
89704, 10
89705, 10
89706, 10
89707, 10
89708, 10
89709, 10
89710, 10
89711, 10
89712, 10
89713, 10
89714, 10
89715, 10
89716, 10
89717, 10
89718, 10
89719, 10
89720, 10
89721, 10
89722, 10
89723, 10
89724, 10
89725, 10
89726, 10
89727, 10
89728, 10
89729, 10
89730, 10
89731, 10
89732, 10
89733, 10
89734, 10
89735, 10
89736, 10
89737, 10
89738, 10
89739, 10
89740, 10
89741, 10
89742, 10
89743, 10
89744, 10
89745, 10
89746, 10
89747, 10
89748, 10
89749, 10
89750, 10
89751, 10
89752, 10
89753, 10
89754, 10
89755, 10
89756, 10
89757, 10
89758, 10
89759, 10
89760, 10
89761, 10
89762, 10
89763, 10
89764, 10
89765, 10
89766, 10
89767, 10
89768, 10
89769, 10
89770, 10
89771, 10
89772, 10
89773, 10
89774, 10
89775, 10
89776, 10
89777, 10
89778, 10
89779, 10
89780, 10
89781, 10
89782, 10
89783, 10
89784, 10
89785, 10
89786, 10
89787, 10
89788, 10
89789, 10
89790, 10
89791, 10
89792, 10
89793, 10
89794, 10
89795, 10
89796, 10
89797, 10
89798, 10
89799, 10
89800, 10
89801, 10
89802, 10
89803, 10
89804, 10
89805, 10
89806, 10
89807, 10
89808, 10
89809, 10
89810, 10
89811, 10
89812, 10
89813, 10
89814, 10
89815, 10
89816, 10
89817, 10
89818, 10
89819, 10
89820, 10
89821, 10
89822, 10
89823, 10
89824, 10
89825, 10
89826, 10
89827, 10
89828, 10
89829, 10
89830, 10
89831, 10
89832, 10
89833, 10
89834, 10
89835, 10
89836, 10
89837, 10
89838, 10
89839, 10
89840, 10
89841, 10
89842, 10
89843, 10
89844, 10
89845, 10
89846, 10
89847, 10
89848, 10
89849, 10
89850, 10
89851, 10
89852, 10
89853, 10
89854, 10
89855, 10
89856, 10
89857, 10
89858, 10
89859, 10
89860, 10
89861, 10
89862, 10
89863, 10
89864, 10
89865, 10
89866, 10
89867, 10
89868, 10
89869, 10
89870, 10
89871, 10
89872, 10
89873, 10
89874, 10
89875, 10
89876, 10
89877, 10
89878, 10
89879, 10
89880, 10
89881, 10
89882, 10
89883, 10
89884, 10
89885, 10
89886, 10
89887, 10
89888, 10
89889, 10
89890, 10
89891, 10
89892, 10
89893, 10
89894, 10
89895, 10
89896, 10
89897, 10
89898, 10
89899, 10
89900, 10
89901, 10
89902, 10
89903, 10
89904, 10
89905, 10
89906, 10
89907, 10
89908, 10
89909, 10
89910, 10
89911, 10
89912, 10
89913, 10
89914, 10
89915, 10
89916, 10
89917, 10
89918, 10
89919, 10
89920, 10
89921, 10
89922, 10
89923, 10
89924, 10
89925, 10
89926, 10
89927, 10
89928, 10
89929, 10
89930, 10
89931, 10
89932, 10
89933, 10
89934, 10
89935, 10
89936, 10
89937, 10
89938, 10
89939, 10
89940, 10
89941, 10
89942, 10
89943, 10
89944, 10
89945, 10
89946, 10
89947, 10
89948, 10
89949, 10
89950, 10
89951, 10
89952, 10
89953, 10
89954, 10
89955, 10
89956, 10
89957, 10
89958, 10
89959, 10
89960, 10
89961, 10
89962, 10
89963, 10
89964, 10
89965, 10
89966, 10
89967, 10
89968, 10
89969, 10
89970, 10
89971, 10
89972, 10
89973, 10
89974, 10
89975, 10
89976, 10
89977, 10
89978, 10
89979, 10
89980, 10
89981, 10
89982, 10
89983, 10
89984, 10
89985, 10
89986, 10
89987, 10
89988, 10
89989, 10
89990, 10
89991, 10
89992, 10
89993, 10
89994, 10
89995, 10
89996, 10
89997, 10
89998, 10
89999, 10
90000, 9
90001, 9
90002, 9
90003, 9
90004, 9
90005, 9
90006, 9
90007, 9
90008, 9
90009, 9
90010, 9
90011, 9
90012, 9
90013, 9
90014, 9
90015, 9
90016, 9
90017, 9
90018, 9
90019, 9
90020, 9
90021, 9
90022, 9
90023, 9
90024, 9
90025, 9
90026, 9
90027, 9
90028, 9
90029, 9
90030, 9
90031, 9
90032, 9
90033, 9
90034, 9
90035, 9
90036, 9
90037, 9
90038, 9
90039, 9
90040, 9
90041, 9
90042, 9
90043, 9
90044, 9
90045, 9
90046, 9
90047, 9
90048, 9
90049, 9
90050, 9
90051, 9
90052, 9
90053, 9
90054, 9
90055, 9
90056, 9
90057, 9
90058, 9
90059, 9
90060, 9
90061, 9
90062, 9
90063, 9
90064, 9
90065, 9
90066, 9
90067, 9
90068, 9
90069, 9
90070, 9
90071, 9
90072, 9
90073, 9
90074, 9
90075, 9
90076, 9
90077, 9
90078, 9
90079, 9
90080, 9
90081, 9
90082, 9
90083, 9
90084, 9
90085, 9
90086, 9
90087, 9
90088, 9
90089, 9
90090, 9
90091, 9
90092, 9
90093, 9
90094, 9
90095, 9
90096, 9
90097, 9
90098, 9
90099, 9
90100, 9
90101, 9
90102, 9
90103, 9
90104, 9
90105, 9
90106, 9
90107, 9
90108, 9
90109, 9
90110, 9
90111, 9
90112, 9
90113, 9
90114, 9
90115, 9
90116, 9
90117, 9
90118, 9
90119, 9
90120, 9
90121, 9
90122, 9
90123, 9
90124, 9
90125, 9
90126, 9
90127, 9
90128, 9
90129, 9
90130, 9
90131, 9
90132, 9
90133, 9
90134, 9
90135, 9
90136, 9
90137, 9
90138, 9
90139, 9
90140, 9
90141, 9
90142, 9
90143, 9
90144, 9
90145, 9
90146, 9
90147, 9
90148, 9
90149, 9
90150, 9
90151, 9
90152, 9
90153, 9
90154, 9
90155, 9
90156, 9
90157, 9
90158, 9
90159, 9
90160, 9
90161, 9
90162, 9
90163, 9
90164, 9
90165, 9
90166, 9
90167, 9
90168, 9
90169, 9
90170, 9
90171, 9
90172, 9
90173, 9
90174, 9
90175, 9
90176, 9
90177, 9
90178, 9
90179, 9
90180, 9
90181, 9
90182, 9
90183, 9
90184, 9
90185, 9
90186, 9
90187, 9
90188, 9
90189, 9
90190, 9
90191, 9
90192, 9
90193, 9
90194, 9
90195, 9
90196, 9
90197, 9
90198, 9
90199, 9
90200, 9
90201, 9
90202, 9
90203, 9
90204, 9
90205, 9
90206, 10
90207, 10
90208, 10
90209, 10
90210, 10
90211, 10
90212, 10
90213, 10
90214, 10
90215, 10
90216, 10
90217, 10
90218, 10
90219, 10
90220, 10
90221, 10
90222, 10
90223, 10
90224, 10
90225, 10
90226, 10
90227, 10
90228, 10
90229, 10
90230, 10
90231, 10
90232, 10
90233, 10
90234, 10
90235, 10
90236, 10
90237, 10
90238, 10
90239, 10
90240, 10
90241, 10
90242, 10
90243, 10
90244, 10
90245, 10
90246, 10
90247, 10
90248, 10
90249, 10
90250, 10
90251, 10
90252, 10
90253, 10
90254, 10
90255, 10
90256, 10
90257, 10
90258, 10
90259, 10
90260, 10
90261, 10
90262, 10
90263, 10
90264, 10
90265, 10
90266, 10
90267, 10
90268, 10
90269, 10
90270, 10
90271, 10
90272, 10
90273, 10
90274, 10
90275, 10
90276, 10
90277, 10
90278, 10
90279, 10
90280, 10
90281, 10
90282, 10
90283, 10
90284, 10
90285, 10
90286, 10
90287, 10
90288, 10
90289, 10
90290, 10
90291, 10
90292, 10
90293, 10
90294, 10
90295, 10
90296, 10
90297, 10
90298, 10
90299, 10
90300, 10
90301, 10
90302, 10
90303, 10
90304, 10
90305, 10
90306, 10
90307, 10
90308, 10
90309, 10
90310, 10
90311, 10
90312, 10
90313, 10
90314, 10
90315, 10
90316, 10
90317, 10
90318, 10
90319, 10
90320, 10
90321, 10
90322, 10
90323, 10
90324, 10
90325, 10
90326, 10
90327, 10
90328, 10
90329, 10
90330, 10
90331, 10
90332, 10
90333, 10
90334, 10
90335, 10
90336, 10
90337, 10
90338, 10
90339, 10
90340, 10
90341, 10
90342, 10
90343, 10
90344, 10
90345, 10
90346, 10
90347, 10
90348, 10
90349, 10
90350, 10
90351, 10
90352, 10
90353, 10
90354, 10
90355, 10
90356, 10
90357, 10
90358, 10
90359, 10
90360, 10
90361, 10
90362, 10
90363, 10
90364, 10
90365, 10
90366, 10
90367, 10
90368, 10
90369, 10
90370, 10
90371, 10
90372, 10
90373, 10
90374, 10
90375, 10
90376, 10
90377, 10
90378, 10
90379, 10
90380, 10
90381, 10
90382, 10
90383, 10
90384, 10
90385, 10
90386, 10
90387, 10
90388, 10
90389, 10
90390, 10
90391, 10
90392, 10
90393, 10
90394, 10
90395, 10
90396, 10
90397, 10
90398, 10
90399, 10
90400, 10
90401, 10
90402, 10
90403, 10
90404, 10
90405, 10
90406, 10
90407, 10
90408, 10
90409, 10
90410, 10
90411, 10
90412, 10
90413, 10
90414, 10
90415, 10
90416, 10
90417, 10
90418, 10
90419, 10
90420, 10
90421, 10
90422, 10
90423, 10
90424, 10
90425, 10
90426, 10
90427, 10
90428, 10
90429, 10
90430, 10
90431, 10
90432, 10
90433, 10
90434, 10
90435, 10
90436, 10
90437, 10
90438, 10
90439, 10
90440, 10
90441, 10
90442, 10
90443, 10
90444, 10
90445, 10
90446, 10
90447, 10
90448, 10
90449, 10
90450, 10
90451, 10
90452, 10
90453, 10
90454, 10
90455, 10
90456, 10
90457, 10
90458, 10
90459, 10
90460, 10
90461, 10
90462, 10
90463, 10
90464, 10
90465, 10
90466, 10
90467, 10
90468, 10
90469, 10
90470, 10
90471, 10
90472, 10
90473, 10
90474, 10
90475, 10
90476, 10
90477, 10
90478, 10
90479, 10
90480, 10
90481, 10
90482, 10
90483, 10
90484, 10
90485, 10
90486, 10
90487, 10
90488, 10
90489, 10
90490, 10
90491, 10
90492, 10
90493, 10
90494, 10
90495, 10
90496, 10
90497, 10
90498, 10
90499, 10
90500, 10
90501, 10
90502, 10
90503, 10
90504, 10
90505, 10
90506, 10
90507, 10
90508, 10
90509, 10
90510, 10
90511, 10
90512, 10
90513, 10
90514, 10
90515, 10
90516, 10
90517, 10
90518, 10
90519, 10
90520, 10
90521, 10
90522, 10
90523, 10
90524, 10
90525, 10
90526, 10
90527, 10
90528, 10
90529, 10
90530, 10
90531, 10
90532, 10
90533, 10
90534, 10
90535, 10
90536, 10
90537, 10
90538, 10
90539, 10
90540, 10
90541, 10
90542, 10
90543, 10
90544, 10
90545, 10
90546, 10
90547, 10
90548, 10
90549, 10
90550, 10
90551, 10
90552, 10
90553, 10
90554, 10
90555, 10
90556, 10
90557, 10
90558, 10
90559, 10
90560, 10
90561, 10
90562, 10
90563, 10
90564, 10
90565, 10
90566, 10
90567, 10
90568, 10
90569, 10
90570, 10
90571, 10
90572, 10
90573, 10
90574, 10
90575, 10
90576, 10
90577, 10
90578, 10
90579, 10
90580, 10
90581, 10
90582, 10
90583, 10
90584, 10
90585, 10
90586, 10
90587, 10
90588, 10
90589, 10
90590, 10
90591, 10
90592, 10
90593, 10
90594, 10
90595, 10
90596, 10
90597, 10
90598, 10
90599, 10
90600, 10
90601, 9
90602, 9
90603, 9
90604, 9
90605, 9
90606, 9
90607, 9
90608, 9
90609, 9
90610, 9
90611, 9
90612, 9
90613, 9
90614, 9
90615, 9
90616, 9
90617, 9
90618, 9
90619, 9
90620, 9
90621, 9
90622, 9
90623, 9
90624, 9
90625, 9
90626, 9
90627, 9
90628, 9
90629, 9
90630, 9
90631, 9
90632, 9
90633, 9
90634, 9
90635, 9
90636, 9
90637, 9
90638, 9
90639, 9
90640, 9
90641, 9
90642, 9
90643, 9
90644, 9
90645, 9
90646, 9
90647, 9
90648, 9
90649, 9
90650, 9
90651, 9
90652, 9
90653, 9
90654, 9
90655, 9
90656, 9
90657, 9
90658, 9
90659, 9
90660, 9
90661, 9
90662, 9
90663, 9
90664, 9
90665, 9
90666, 9
90667, 9
90668, 9
90669, 9
90670, 9
90671, 9
90672, 9
90673, 9
90674, 9
90675, 9
90676, 9
90677, 9
90678, 9
90679, 9
90680, 9
90681, 9
90682, 9
90683, 9
90684, 9
90685, 9
90686, 9
90687, 9
90688, 9
90689, 9
90690, 9
90691, 9
90692, 9
90693, 9
90694, 9
90695, 9
90696, 9
90697, 9
90698, 9
90699, 9
90700, 9
90701, 9
90702, 9
90703, 9
90704, 9
90705, 9
90706, 9
90707, 9
90708, 9
90709, 9
90710, 9
90711, 9
90712, 9
90713, 9
90714, 9
90715, 9
90716, 9
90717, 9
90718, 9
90719, 9
90720, 9
90721, 9
90722, 9
90723, 9
90724, 9
90725, 9
90726, 9
90727, 9
90728, 9
90729, 9
90730, 9
90731, 9
90732, 9
90733, 9
90734, 9
90735, 9
90736, 9
90737, 9
90738, 9
90739, 9
90740, 9
90741, 9
90742, 9
90743, 9
90744, 9
90745, 9
90746, 9
90747, 9
90748, 9
90749, 9
90750, 9
90751, 9
90752, 9
90753, 9
90754, 9
90755, 9
90756, 9
90757, 9
90758, 9
90759, 9
90760, 9
90761, 9
90762, 9
90763, 9
90764, 9
90765, 9
90766, 9
90767, 9
90768, 9
90769, 9
90770, 9
90771, 9
90772, 9
90773, 9
90774, 9
90775, 9
90776, 9
90777, 9
90778, 9
90779, 9
90780, 9
90781, 9
90782, 9
90783, 9
90784, 9
90785, 9
90786, 9
90787, 9
90788, 9
90789, 9
90790, 9
90791, 9
90792, 9
90793, 9
90794, 9
90795, 9
90796, 9
90797, 9
90798, 10
90799, 10
90800, 10
90801, 10
90802, 10
90803, 10
90804, 10
90805, 10
90806, 10
90807, 10
90808, 10
90809, 10
90810, 10
90811, 10
90812, 10
90813, 10
90814, 10
90815, 10
90816, 10
90817, 10
90818, 10
90819, 10
90820, 10
90821, 10
90822, 10
90823, 10
90824, 10
90825, 10
90826, 10
90827, 10
90828, 10
90829, 10
90830, 10
90831, 10
90832, 10
90833, 10
90834, 10
90835, 10
90836, 10
90837, 10
90838, 10
90839, 10
90840, 10
90841, 10
90842, 10
90843, 10
90844, 10
90845, 10
90846, 10
90847, 10
90848, 10
90849, 10
90850, 10
90851, 10
90852, 10
90853, 10
90854, 10
90855, 10
90856, 10
90857, 10
90858, 10
90859, 10
90860, 10
90861, 10
90862, 10
90863, 10
90864, 10
90865, 10
90866, 10
90867, 10
90868, 10
90869, 10
90870, 10
90871, 10
90872, 10
90873, 10
90874, 10
90875, 10
90876, 10
90877, 10
90878, 10
90879, 10
90880, 10
90881, 10
90882, 10
90883, 10
90884, 10
90885, 10
90886, 10
90887, 10
90888, 10
90889, 10
90890, 10
90891, 10
90892, 10
90893, 10
90894, 10
90895, 10
90896, 10
90897, 10
90898, 10
90899, 10
90900, 10
90901, 10
90902, 10
90903, 10
90904, 10
90905, 10
90906, 10
90907, 10
90908, 10
90909, 10
90910, 10
90911, 10
90912, 10
90913, 10
90914, 10
90915, 10
90916, 10
90917, 10
90918, 10
90919, 10
90920, 10
90921, 10
90922, 10
90923, 10
90924, 10
90925, 10
90926, 10
90927, 10
90928, 10
90929, 10
90930, 10
90931, 10
90932, 10
90933, 10
90934, 10
90935, 10
90936, 10
90937, 10
90938, 10
90939, 10
90940, 10
90941, 10
90942, 10
90943, 10
90944, 10
90945, 10
90946, 10
90947, 10
90948, 10
90949, 10
90950, 10
90951, 10
90952, 10
90953, 10
90954, 10
90955, 10
90956, 10
90957, 10
90958, 10
90959, 10
90960, 10
90961, 10
90962, 10
90963, 10
90964, 10
90965, 10
90966, 10
90967, 10
90968, 10
90969, 10
90970, 10
90971, 10
90972, 10
90973, 10
90974, 10
90975, 10
90976, 10
90977, 10
90978, 10
90979, 10
90980, 10
90981, 10
90982, 10
90983, 10
90984, 10
90985, 10
90986, 10
90987, 10
90988, 10
90989, 10
90990, 10
90991, 10
90992, 10
90993, 10
90994, 10
90995, 10
90996, 10
90997, 10
90998, 10
90999, 10
91000, 10
91001, 10
91002, 10
91003, 10
91004, 10
91005, 10
91006, 10
91007, 10
91008, 10
91009, 10
91010, 10
91011, 10
91012, 10
91013, 10
91014, 10
91015, 10
91016, 10
91017, 10
91018, 10
91019, 10
91020, 10
91021, 10
91022, 10
91023, 10
91024, 10
91025, 10
91026, 10
91027, 10
91028, 10
91029, 10
91030, 10
91031, 10
91032, 10
91033, 10
91034, 10
91035, 10
91036, 10
91037, 10
91038, 10
91039, 10
91040, 10
91041, 10
91042, 10
91043, 10
91044, 10
91045, 10
91046, 10
91047, 10
91048, 10
91049, 10
91050, 10
91051, 10
91052, 10
91053, 10
91054, 10
91055, 10
91056, 10
91057, 10
91058, 10
91059, 10
91060, 10
91061, 10
91062, 10
91063, 10
91064, 10
91065, 10
91066, 10
91067, 10
91068, 10
91069, 10
91070, 10
91071, 10
91072, 10
91073, 10
91074, 10
91075, 10
91076, 10
91077, 10
91078, 10
91079, 10
91080, 10
91081, 10
91082, 10
91083, 10
91084, 10
91085, 10
91086, 10
91087, 10
91088, 10
91089, 10
91090, 10
91091, 10
91092, 10
91093, 10
91094, 10
91095, 10
91096, 10
91097, 10
91098, 10
91099, 10
91100, 10
91101, 10
91102, 10
91103, 10
91104, 10
91105, 10
91106, 10
91107, 10
91108, 10
91109, 10
91110, 10
91111, 10
91112, 10
91113, 10
91114, 10
91115, 10
91116, 10
91117, 10
91118, 10
91119, 10
91120, 10
91121, 10
91122, 10
91123, 10
91124, 10
91125, 10
91126, 10
91127, 10
91128, 10
91129, 10
91130, 10
91131, 10
91132, 10
91133, 10
91134, 10
91135, 10
91136, 10
91137, 10
91138, 10
91139, 10
91140, 10
91141, 10
91142, 10
91143, 10
91144, 10
91145, 10
91146, 10
91147, 10
91148, 10
91149, 10
91150, 10
91151, 10
91152, 10
91153, 10
91154, 10
91155, 10
91156, 10
91157, 10
91158, 10
91159, 10
91160, 10
91161, 10
91162, 10
91163, 10
91164, 10
91165, 10
91166, 10
91167, 10
91168, 10
91169, 10
91170, 10
91171, 10
91172, 10
91173, 10
91174, 10
91175, 10
91176, 10
91177, 10
91178, 10
91179, 10
91180, 10
91181, 10
91182, 10
91183, 10
91184, 10
91185, 10
91186, 10
91187, 10
91188, 10
91189, 10
91190, 10
91191, 10
91192, 10
91193, 10
91194, 10
91195, 10
91196, 10
91197, 10
91198, 10
91199, 10
91200, 10
91201, 10
91202, 10
91203, 10
91204, 9
91205, 9
91206, 9
91207, 9
91208, 9
91209, 9
91210, 9
91211, 9
91212, 9
91213, 9
91214, 9
91215, 9
91216, 9
91217, 9
91218, 9
91219, 9
91220, 9
91221, 9
91222, 9
91223, 9
91224, 9
91225, 9
91226, 9
91227, 9
91228, 9
91229, 9
91230, 9
91231, 9
91232, 9
91233, 9
91234, 9
91235, 9
91236, 9
91237, 9
91238, 9
91239, 9
91240, 9
91241, 9
91242, 9
91243, 9
91244, 9
91245, 9
91246, 9
91247, 9
91248, 9
91249, 9
91250, 9
91251, 9
91252, 9
91253, 9
91254, 9
91255, 9
91256, 9
91257, 9
91258, 9
91259, 9
91260, 9
91261, 9
91262, 9
91263, 9
91264, 9
91265, 9
91266, 9
91267, 9
91268, 9
91269, 9
91270, 9
91271, 9
91272, 9
91273, 9
91274, 9
91275, 9
91276, 9
91277, 9
91278, 9
91279, 9
91280, 9
91281, 9
91282, 9
91283, 9
91284, 9
91285, 9
91286, 9
91287, 9
91288, 9
91289, 9
91290, 9
91291, 9
91292, 9
91293, 9
91294, 9
91295, 9
91296, 9
91297, 9
91298, 9
91299, 9
91300, 9
91301, 9
91302, 9
91303, 9
91304, 9
91305, 9
91306, 9
91307, 9
91308, 9
91309, 9
91310, 9
91311, 9
91312, 9
91313, 9
91314, 9
91315, 9
91316, 9
91317, 9
91318, 9
91319, 9
91320, 9
91321, 9
91322, 9
91323, 9
91324, 9
91325, 9
91326, 9
91327, 9
91328, 9
91329, 9
91330, 9
91331, 9
91332, 9
91333, 9
91334, 9
91335, 9
91336, 9
91337, 9
91338, 9
91339, 9
91340, 9
91341, 9
91342, 9
91343, 9
91344, 9
91345, 9
91346, 9
91347, 9
91348, 9
91349, 9
91350, 9
91351, 9
91352, 9
91353, 9
91354, 9
91355, 9
91356, 9
91357, 9
91358, 9
91359, 9
91360, 9
91361, 9
91362, 9
91363, 9
91364, 9
91365, 9
91366, 9
91367, 9
91368, 9
91369, 9
91370, 9
91371, 9
91372, 9
91373, 9
91374, 9
91375, 9
91376, 9
91377, 9
91378, 9
91379, 9
91380, 9
91381, 9
91382, 9
91383, 9
91384, 9
91385, 9
91386, 9
91387, 9
91388, 9
91389, 9
91390, 9
91391, 10
91392, 10
91393, 10
91394, 10
91395, 10
91396, 10
91397, 10
91398, 10
91399, 10
91400, 10
91401, 10
91402, 10
91403, 10
91404, 10
91405, 10
91406, 10
91407, 10
91408, 10
91409, 10
91410, 10
91411, 10
91412, 10
91413, 10
91414, 10
91415, 10
91416, 10
91417, 10
91418, 10
91419, 10
91420, 10
91421, 10
91422, 10
91423, 10
91424, 10
91425, 10
91426, 10
91427, 10
91428, 10
91429, 10
91430, 10
91431, 10
91432, 10
91433, 10
91434, 10
91435, 10
91436, 10
91437, 10
91438, 10
91439, 10
91440, 10
91441, 10
91442, 10
91443, 10
91444, 10
91445, 10
91446, 10
91447, 10
91448, 10
91449, 10
91450, 10
91451, 10
91452, 10
91453, 10
91454, 10
91455, 10
91456, 10
91457, 10
91458, 10
91459, 10
91460, 10
91461, 10
91462, 10
91463, 10
91464, 10
91465, 10
91466, 10
91467, 10
91468, 10
91469, 10
91470, 10
91471, 10
91472, 10
91473, 10
91474, 10
91475, 10
91476, 10
91477, 10
91478, 10
91479, 10
91480, 10
91481, 10
91482, 10
91483, 10
91484, 10
91485, 10
91486, 10
91487, 10
91488, 10
91489, 10
91490, 10
91491, 10
91492, 10
91493, 10
91494, 10
91495, 10
91496, 10
91497, 10
91498, 10
91499, 10
91500, 10
91501, 10
91502, 10
91503, 10
91504, 10
91505, 10
91506, 10
91507, 10
91508, 10
91509, 10
91510, 10
91511, 10
91512, 10
91513, 10
91514, 10
91515, 10
91516, 10
91517, 10
91518, 10
91519, 10
91520, 10
91521, 10
91522, 10
91523, 10
91524, 10
91525, 10
91526, 10
91527, 10
91528, 10
91529, 10
91530, 10
91531, 10
91532, 10
91533, 10
91534, 10
91535, 10
91536, 10
91537, 10
91538, 10
91539, 10
91540, 10
91541, 10
91542, 10
91543, 10
91544, 10
91545, 10
91546, 10
91547, 10
91548, 10
91549, 10
91550, 10
91551, 10
91552, 10
91553, 10
91554, 10
91555, 10
91556, 10
91557, 10
91558, 10
91559, 10
91560, 10
91561, 10
91562, 10
91563, 10
91564, 10
91565, 10
91566, 10
91567, 10
91568, 10
91569, 10
91570, 10
91571, 10
91572, 10
91573, 10
91574, 10
91575, 10
91576, 10
91577, 10
91578, 10
91579, 10
91580, 10
91581, 10
91582, 10
91583, 10
91584, 10
91585, 10
91586, 10
91587, 10
91588, 10
91589, 10
91590, 10
91591, 10
91592, 10
91593, 10
91594, 10
91595, 10
91596, 10
91597, 10
91598, 10
91599, 10
91600, 10
91601, 10
91602, 10
91603, 10
91604, 10
91605, 10
91606, 10
91607, 10
91608, 10
91609, 10
91610, 10
91611, 10
91612, 10
91613, 10
91614, 10
91615, 10
91616, 10
91617, 10
91618, 10
91619, 10
91620, 10
91621, 10
91622, 10
91623, 10
91624, 10
91625, 10
91626, 10
91627, 10
91628, 10
91629, 10
91630, 10
91631, 10
91632, 10
91633, 10
91634, 10
91635, 10
91636, 10
91637, 10
91638, 10
91639, 10
91640, 10
91641, 10
91642, 10
91643, 10
91644, 10
91645, 10
91646, 10
91647, 10
91648, 10
91649, 10
91650, 10
91651, 10
91652, 10
91653, 10
91654, 10
91655, 10
91656, 10
91657, 10
91658, 10
91659, 10
91660, 10
91661, 10
91662, 10
91663, 10
91664, 10
91665, 10
91666, 10
91667, 10
91668, 10
91669, 10
91670, 10
91671, 10
91672, 10
91673, 10
91674, 10
91675, 10
91676, 10
91677, 10
91678, 10
91679, 10
91680, 10
91681, 10
91682, 10
91683, 10
91684, 10
91685, 10
91686, 10
91687, 10
91688, 10
91689, 10
91690, 10
91691, 10
91692, 10
91693, 10
91694, 10
91695, 10
91696, 10
91697, 10
91698, 10
91699, 10
91700, 10
91701, 10
91702, 10
91703, 10
91704, 10
91705, 10
91706, 10
91707, 10
91708, 10
91709, 10
91710, 10
91711, 10
91712, 10
91713, 10
91714, 10
91715, 10
91716, 10
91717, 10
91718, 10
91719, 10
91720, 10
91721, 10
91722, 10
91723, 10
91724, 10
91725, 10
91726, 10
91727, 10
91728, 10
91729, 10
91730, 10
91731, 10
91732, 10
91733, 10
91734, 10
91735, 10
91736, 10
91737, 10
91738, 10
91739, 10
91740, 10
91741, 10
91742, 10
91743, 10
91744, 10
91745, 10
91746, 10
91747, 10
91748, 10
91749, 10
91750, 10
91751, 10
91752, 10
91753, 10
91754, 10
91755, 10
91756, 10
91757, 10
91758, 10
91759, 10
91760, 10
91761, 10
91762, 10
91763, 10
91764, 10
91765, 10
91766, 10
91767, 10
91768, 10
91769, 10
91770, 10
91771, 10
91772, 10
91773, 10
91774, 10
91775, 10
91776, 10
91777, 10
91778, 10
91779, 10
91780, 10
91781, 10
91782, 10
91783, 10
91784, 10
91785, 10
91786, 10
91787, 10
91788, 10
91789, 10
91790, 10
91791, 10
91792, 10
91793, 10
91794, 10
91795, 10
91796, 10
91797, 10
91798, 10
91799, 10
91800, 10
91801, 10
91802, 10
91803, 10
91804, 10
91805, 10
91806, 10
91807, 10
91808, 10
91809, 9
91810, 9
91811, 9
91812, 9
91813, 9
91814, 9
91815, 9
91816, 9
91817, 9
91818, 9
91819, 9
91820, 9
91821, 9
91822, 9
91823, 9
91824, 9
91825, 9
91826, 9
91827, 9
91828, 9
91829, 9
91830, 9
91831, 9
91832, 9
91833, 9
91834, 9
91835, 9
91836, 9
91837, 9
91838, 9
91839, 9
91840, 9
91841, 9
91842, 9
91843, 9
91844, 9
91845, 9
91846, 9
91847, 9
91848, 9
91849, 9
91850, 9
91851, 9
91852, 9
91853, 9
91854, 9
91855, 9
91856, 9
91857, 9
91858, 9
91859, 9
91860, 9
91861, 9
91862, 9
91863, 9
91864, 9
91865, 9
91866, 9
91867, 9
91868, 9
91869, 9
91870, 9
91871, 9
91872, 9
91873, 9
91874, 9
91875, 9
91876, 9
91877, 9
91878, 9
91879, 9
91880, 9
91881, 9
91882, 9
91883, 9
91884, 9
91885, 9
91886, 9
91887, 9
91888, 9
91889, 9
91890, 9
91891, 9
91892, 9
91893, 9
91894, 9
91895, 9
91896, 9
91897, 9
91898, 9
91899, 9
91900, 9
91901, 9
91902, 9
91903, 9
91904, 9
91905, 9
91906, 9
91907, 9
91908, 9
91909, 9
91910, 9
91911, 9
91912, 9
91913, 9
91914, 9
91915, 9
91916, 9
91917, 9
91918, 9
91919, 9
91920, 9
91921, 9
91922, 9
91923, 9
91924, 9
91925, 9
91926, 9
91927, 9
91928, 9
91929, 9
91930, 9
91931, 9
91932, 9
91933, 9
91934, 9
91935, 9
91936, 9
91937, 9
91938, 9
91939, 9
91940, 9
91941, 9
91942, 9
91943, 9
91944, 9
91945, 9
91946, 9
91947, 9
91948, 9
91949, 9
91950, 9
91951, 9
91952, 9
91953, 9
91954, 9
91955, 9
91956, 9
91957, 9
91958, 9
91959, 9
91960, 9
91961, 9
91962, 9
91963, 9
91964, 9
91965, 9
91966, 9
91967, 9
91968, 9
91969, 9
91970, 9
91971, 9
91972, 9
91973, 9
91974, 9
91975, 9
91976, 9
91977, 9
91978, 9
91979, 9
91980, 9
91981, 9
91982, 9
91983, 9
91984, 9
91985, 9
91986, 10
91987, 10
91988, 10
91989, 10
91990, 10
91991, 10
91992, 10
91993, 10
91994, 10
91995, 10
91996, 10
91997, 10
91998, 10
91999, 10
92000, 10
92001, 10
92002, 10
92003, 10
92004, 10
92005, 10
92006, 10
92007, 10
92008, 10
92009, 10
92010, 10
92011, 10
92012, 10
92013, 10
92014, 10
92015, 10
92016, 10
92017, 10
92018, 10
92019, 10
92020, 10
92021, 10
92022, 10
92023, 10
92024, 10
92025, 10
92026, 10
92027, 10
92028, 10
92029, 10
92030, 10
92031, 10
92032, 10
92033, 10
92034, 10
92035, 10
92036, 10
92037, 10
92038, 10
92039, 10
92040, 10
92041, 10
92042, 10
92043, 10
92044, 10
92045, 10
92046, 10
92047, 10
92048, 10
92049, 10
92050, 10
92051, 10
92052, 10
92053, 10
92054, 10
92055, 10
92056, 10
92057, 10
92058, 10
92059, 10
92060, 10
92061, 10
92062, 10
92063, 10
92064, 10
92065, 10
92066, 10
92067, 10
92068, 10
92069, 10
92070, 10
92071, 10
92072, 10
92073, 10
92074, 10
92075, 10
92076, 10
92077, 10
92078, 10
92079, 10
92080, 10
92081, 10
92082, 10
92083, 10
92084, 10
92085, 10
92086, 10
92087, 10
92088, 10
92089, 10
92090, 10
92091, 10
92092, 10
92093, 10
92094, 10
92095, 10
92096, 10
92097, 10
92098, 10
92099, 10
92100, 10
92101, 10
92102, 10
92103, 10
92104, 10
92105, 10
92106, 10
92107, 10
92108, 10
92109, 10
92110, 10
92111, 10
92112, 10
92113, 10
92114, 10
92115, 10
92116, 10
92117, 10
92118, 10
92119, 10
92120, 10
92121, 10
92122, 10
92123, 10
92124, 10
92125, 10
92126, 10
92127, 10
92128, 10
92129, 10
92130, 10
92131, 10
92132, 10
92133, 10
92134, 10
92135, 10
92136, 10
92137, 10
92138, 10
92139, 10
92140, 10
92141, 10
92142, 10
92143, 10
92144, 10
92145, 10
92146, 10
92147, 10
92148, 10
92149, 10
92150, 10
92151, 10
92152, 10
92153, 10
92154, 10
92155, 10
92156, 10
92157, 10
92158, 10
92159, 10
92160, 10
92161, 10
92162, 10
92163, 10
92164, 10
92165, 10
92166, 10
92167, 10
92168, 10
92169, 10
92170, 10
92171, 10
92172, 10
92173, 10
92174, 10
92175, 10
92176, 10
92177, 10
92178, 10
92179, 10
92180, 10
92181, 10
92182, 10
92183, 10
92184, 10
92185, 10
92186, 10
92187, 10
92188, 10
92189, 10
92190, 10
92191, 10
92192, 10
92193, 10
92194, 10
92195, 10
92196, 10
92197, 10
92198, 10
92199, 10
92200, 10
92201, 10
92202, 10
92203, 10
92204, 10
92205, 10
92206, 10
92207, 10
92208, 10
92209, 10
92210, 10
92211, 10
92212, 10
92213, 10
92214, 10
92215, 10
92216, 10
92217, 10
92218, 10
92219, 10
92220, 10
92221, 10
92222, 10
92223, 10
92224, 10
92225, 10
92226, 10
92227, 10
92228, 10
92229, 10
92230, 10
92231, 10
92232, 10
92233, 10
92234, 10
92235, 10
92236, 10
92237, 10
92238, 10
92239, 10
92240, 10
92241, 10
92242, 10
92243, 10
92244, 10
92245, 10
92246, 10
92247, 10
92248, 10
92249, 10
92250, 10
92251, 10
92252, 10
92253, 10
92254, 10
92255, 10
92256, 10
92257, 10
92258, 10
92259, 10
92260, 10
92261, 10
92262, 10
92263, 10
92264, 10
92265, 10
92266, 10
92267, 10
92268, 10
92269, 10
92270, 10
92271, 10
92272, 10
92273, 10
92274, 10
92275, 10
92276, 10
92277, 10
92278, 10
92279, 10
92280, 10
92281, 10
92282, 10
92283, 10
92284, 10
92285, 10
92286, 10
92287, 10
92288, 10
92289, 10
92290, 10
92291, 10
92292, 10
92293, 10
92294, 10
92295, 10
92296, 10
92297, 10
92298, 10
92299, 10
92300, 10
92301, 10
92302, 10
92303, 10
92304, 10
92305, 10
92306, 10
92307, 10
92308, 10
92309, 10
92310, 10
92311, 10
92312, 10
92313, 10
92314, 10
92315, 10
92316, 10
92317, 10
92318, 10
92319, 10
92320, 10
92321, 10
92322, 10
92323, 10
92324, 10
92325, 10
92326, 10
92327, 10
92328, 10
92329, 10
92330, 10
92331, 10
92332, 10
92333, 10
92334, 10
92335, 10
92336, 10
92337, 10
92338, 10
92339, 10
92340, 10
92341, 10
92342, 10
92343, 10
92344, 10
92345, 10
92346, 10
92347, 10
92348, 10
92349, 10
92350, 10
92351, 10
92352, 10
92353, 10
92354, 10
92355, 10
92356, 10
92357, 10
92358, 10
92359, 10
92360, 10
92361, 10
92362, 10
92363, 10
92364, 10
92365, 10
92366, 10
92367, 10
92368, 10
92369, 10
92370, 10
92371, 10
92372, 10
92373, 10
92374, 10
92375, 10
92376, 10
92377, 10
92378, 10
92379, 10
92380, 10
92381, 10
92382, 10
92383, 10
92384, 10
92385, 10
92386, 10
92387, 10
92388, 10
92389, 10
92390, 10
92391, 10
92392, 10
92393, 10
92394, 10
92395, 10
92396, 10
92397, 10
92398, 10
92399, 10
92400, 10
92401, 10
92402, 10
92403, 10
92404, 10
92405, 10
92406, 10
92407, 10
92408, 10
92409, 10
92410, 10
92411, 10
92412, 10
92413, 10
92414, 10
92415, 10
92416, 9
92417, 9
92418, 9
92419, 9
92420, 9
92421, 9
92422, 9
92423, 9
92424, 9
92425, 9
92426, 9
92427, 9
92428, 9
92429, 9
92430, 9
92431, 9
92432, 9
92433, 9
92434, 9
92435, 9
92436, 9
92437, 9
92438, 9
92439, 9
92440, 9
92441, 9
92442, 9
92443, 9
92444, 9
92445, 9
92446, 9
92447, 9
92448, 9
92449, 9
92450, 9
92451, 9
92452, 9
92453, 9
92454, 9
92455, 9
92456, 9
92457, 9
92458, 9
92459, 9
92460, 9
92461, 9
92462, 9
92463, 9
92464, 9
92465, 9
92466, 9
92467, 9
92468, 9
92469, 9
92470, 9
92471, 9
92472, 9
92473, 9
92474, 9
92475, 9
92476, 9
92477, 9
92478, 9
92479, 9
92480, 9
92481, 9
92482, 9
92483, 9
92484, 9
92485, 9
92486, 9
92487, 9
92488, 9
92489, 9
92490, 9
92491, 9
92492, 9
92493, 9
92494, 9
92495, 9
92496, 9
92497, 9
92498, 9
92499, 9
92500, 9
92501, 9
92502, 9
92503, 9
92504, 9
92505, 9
92506, 9
92507, 9
92508, 9
92509, 9
92510, 9
92511, 9
92512, 9
92513, 9
92514, 9
92515, 9
92516, 9
92517, 9
92518, 9
92519, 9
92520, 9
92521, 9
92522, 9
92523, 9
92524, 9
92525, 9
92526, 9
92527, 9
92528, 9
92529, 9
92530, 9
92531, 9
92532, 9
92533, 9
92534, 9
92535, 9
92536, 9
92537, 9
92538, 9
92539, 9
92540, 9
92541, 9
92542, 9
92543, 9
92544, 9
92545, 9
92546, 9
92547, 9
92548, 9
92549, 9
92550, 9
92551, 9
92552, 9
92553, 9
92554, 9
92555, 9
92556, 9
92557, 9
92558, 9
92559, 9
92560, 9
92561, 9
92562, 9
92563, 9
92564, 9
92565, 9
92566, 9
92567, 9
92568, 9
92569, 9
92570, 9
92571, 9
92572, 9
92573, 9
92574, 9
92575, 9
92576, 9
92577, 9
92578, 9
92579, 9
92580, 9
92581, 9
92582, 10
92583, 10
92584, 10
92585, 10
92586, 10
92587, 10
92588, 10
92589, 10
92590, 10
92591, 10
92592, 10
92593, 10
92594, 10
92595, 10
92596, 10
92597, 10
92598, 10
92599, 10
92600, 10
92601, 10
92602, 10
92603, 10
92604, 10
92605, 10
92606, 10
92607, 10
92608, 10
92609, 10
92610, 10
92611, 10
92612, 10
92613, 10
92614, 10
92615, 10
92616, 10
92617, 10
92618, 10
92619, 10
92620, 10
92621, 10
92622, 10
92623, 10
92624, 10
92625, 10
92626, 10
92627, 10
92628, 10
92629, 10
92630, 10
92631, 10
92632, 10
92633, 10
92634, 10
92635, 10
92636, 10
92637, 10
92638, 10
92639, 10
92640, 10
92641, 10
92642, 10
92643, 10
92644, 10
92645, 10
92646, 10
92647, 10
92648, 10
92649, 10
92650, 10
92651, 10
92652, 10
92653, 10
92654, 10
92655, 10
92656, 10
92657, 10
92658, 10
92659, 10
92660, 10
92661, 10
92662, 10
92663, 10
92664, 10
92665, 10
92666, 10
92667, 10
92668, 10
92669, 10
92670, 10
92671, 10
92672, 10
92673, 10
92674, 10
92675, 10
92676, 10
92677, 10
92678, 10
92679, 10
92680, 10
92681, 10
92682, 10
92683, 10
92684, 10
92685, 10
92686, 10
92687, 10
92688, 10
92689, 10
92690, 10
92691, 10
92692, 10
92693, 10
92694, 10
92695, 10
92696, 10
92697, 10
92698, 10
92699, 10
92700, 10
92701, 10
92702, 10
92703, 10
92704, 10
92705, 10
92706, 10
92707, 10
92708, 10
92709, 10
92710, 10
92711, 10
92712, 10
92713, 10
92714, 10
92715, 10
92716, 10
92717, 10
92718, 10
92719, 10
92720, 10
92721, 10
92722, 10
92723, 10
92724, 10
92725, 10
92726, 10
92727, 10
92728, 10
92729, 10
92730, 10
92731, 10
92732, 10
92733, 10
92734, 10
92735, 10
92736, 10
92737, 10
92738, 10
92739, 10
92740, 10
92741, 10
92742, 10
92743, 10
92744, 10
92745, 10
92746, 10
92747, 10
92748, 10
92749, 10
92750, 10
92751, 10
92752, 10
92753, 10
92754, 10
92755, 10
92756, 10
92757, 10
92758, 10
92759, 10
92760, 10
92761, 10
92762, 10
92763, 10
92764, 10
92765, 10
92766, 10
92767, 10
92768, 10
92769, 10
92770, 10
92771, 10
92772, 10
92773, 10
92774, 10
92775, 10
92776, 10
92777, 10
92778, 10
92779, 10
92780, 10
92781, 10
92782, 10
92783, 10
92784, 10
92785, 10
92786, 10
92787, 10
92788, 10
92789, 10
92790, 10
92791, 10
92792, 10
92793, 10
92794, 10
92795, 10
92796, 10
92797, 10
92798, 10
92799, 10
92800, 10
92801, 10
92802, 10
92803, 10
92804, 10
92805, 10
92806, 10
92807, 10
92808, 10
92809, 10
92810, 10
92811, 10
92812, 10
92813, 10
92814, 10
92815, 10
92816, 10
92817, 10
92818, 10
92819, 10
92820, 10
92821, 10
92822, 10
92823, 10
92824, 10
92825, 10
92826, 10
92827, 10
92828, 10
92829, 10
92830, 10
92831, 10
92832, 10
92833, 10
92834, 10
92835, 10
92836, 10
92837, 10
92838, 10
92839, 10
92840, 10
92841, 10
92842, 10
92843, 10
92844, 10
92845, 10
92846, 10
92847, 10
92848, 10
92849, 10
92850, 10
92851, 10
92852, 10
92853, 10
92854, 10
92855, 10
92856, 10
92857, 10
92858, 10
92859, 10
92860, 10
92861, 10
92862, 10
92863, 10
92864, 10
92865, 10
92866, 10
92867, 10
92868, 10
92869, 10
92870, 10
92871, 10
92872, 10
92873, 10
92874, 10
92875, 10
92876, 10
92877, 10
92878, 10
92879, 10
92880, 10
92881, 10
92882, 10
92883, 10
92884, 10
92885, 10
92886, 10
92887, 10
92888, 10
92889, 10
92890, 10
92891, 10
92892, 10
92893, 10
92894, 10
92895, 10
92896, 10
92897, 10
92898, 10
92899, 10
92900, 10
92901, 10
92902, 10
92903, 10
92904, 10
92905, 10
92906, 10
92907, 10
92908, 10
92909, 10
92910, 10
92911, 10
92912, 10
92913, 10
92914, 10
92915, 10
92916, 10
92917, 10
92918, 10
92919, 10
92920, 10
92921, 10
92922, 10
92923, 10
92924, 10
92925, 10
92926, 10
92927, 10
92928, 10
92929, 10
92930, 10
92931, 10
92932, 10
92933, 10
92934, 10
92935, 10
92936, 10
92937, 10
92938, 10
92939, 10
92940, 10
92941, 10
92942, 10
92943, 10
92944, 10
92945, 10
92946, 10
92947, 10
92948, 10
92949, 10
92950, 10
92951, 10
92952, 10
92953, 10
92954, 10
92955, 10
92956, 10
92957, 10
92958, 10
92959, 10
92960, 10
92961, 10
92962, 10
92963, 10
92964, 10
92965, 10
92966, 10
92967, 10
92968, 10
92969, 10
92970, 10
92971, 10
92972, 10
92973, 10
92974, 10
92975, 10
92976, 10
92977, 10
92978, 10
92979, 10
92980, 10
92981, 10
92982, 10
92983, 10
92984, 10
92985, 10
92986, 10
92987, 10
92988, 10
92989, 10
92990, 10
92991, 10
92992, 10
92993, 10
92994, 10
92995, 10
92996, 10
92997, 10
92998, 10
92999, 10
93000, 10
93001, 10
93002, 10
93003, 10
93004, 10
93005, 10
93006, 10
93007, 10
93008, 10
93009, 10
93010, 10
93011, 10
93012, 10
93013, 10
93014, 10
93015, 10
93016, 10
93017, 10
93018, 10
93019, 10
93020, 10
93021, 10
93022, 10
93023, 10
93024, 10
93025, 9
93026, 9
93027, 9
93028, 9
93029, 9
93030, 9
93031, 9
93032, 9
93033, 9
93034, 9
93035, 9
93036, 9
93037, 9
93038, 9
93039, 9
93040, 9
93041, 9
93042, 9
93043, 9
93044, 9
93045, 9
93046, 9
93047, 9
93048, 9
93049, 9
93050, 9
93051, 9
93052, 9
93053, 9
93054, 9
93055, 9
93056, 9
93057, 9
93058, 9
93059, 9
93060, 9
93061, 9
93062, 9
93063, 9
93064, 9
93065, 9
93066, 9
93067, 9
93068, 9
93069, 9
93070, 9
93071, 9
93072, 9
93073, 9
93074, 9
93075, 9
93076, 9
93077, 9
93078, 9
93079, 9
93080, 9
93081, 9
93082, 9
93083, 9
93084, 9
93085, 9
93086, 9
93087, 9
93088, 9
93089, 9
93090, 9
93091, 9
93092, 9
93093, 9
93094, 9
93095, 9
93096, 9
93097, 9
93098, 9
93099, 9
93100, 9
93101, 9
93102, 9
93103, 9
93104, 9
93105, 9
93106, 9
93107, 9
93108, 9
93109, 9
93110, 9
93111, 9
93112, 9
93113, 9
93114, 9
93115, 9
93116, 9
93117, 9
93118, 9
93119, 9
93120, 9
93121, 9
93122, 9
93123, 9
93124, 9
93125, 9
93126, 9
93127, 9
93128, 9
93129, 9
93130, 9
93131, 9
93132, 9
93133, 9
93134, 9
93135, 9
93136, 9
93137, 9
93138, 9
93139, 9
93140, 9
93141, 9
93142, 9
93143, 9
93144, 9
93145, 9
93146, 9
93147, 9
93148, 9
93149, 9
93150, 9
93151, 9
93152, 9
93153, 9
93154, 9
93155, 9
93156, 9
93157, 9
93158, 9
93159, 9
93160, 9
93161, 9
93162, 9
93163, 9
93164, 9
93165, 9
93166, 9
93167, 9
93168, 9
93169, 9
93170, 9
93171, 9
93172, 9
93173, 9
93174, 9
93175, 9
93176, 9
93177, 9
93178, 9
93179, 9
93180, 9
93181, 10
93182, 10
93183, 10
93184, 10
93185, 10
93186, 10
93187, 10
93188, 10
93189, 10
93190, 10
93191, 10
93192, 10
93193, 10
93194, 10
93195, 10
93196, 10
93197, 10
93198, 10
93199, 10
93200, 10
93201, 10
93202, 10
93203, 10
93204, 10
93205, 10
93206, 10
93207, 10
93208, 10
93209, 10
93210, 10
93211, 10
93212, 10
93213, 10
93214, 10
93215, 10
93216, 10
93217, 10
93218, 10
93219, 10
93220, 10
93221, 10
93222, 10
93223, 10
93224, 10
93225, 10
93226, 10
93227, 10
93228, 10
93229, 10
93230, 10
93231, 10
93232, 10
93233, 10
93234, 10
93235, 10
93236, 10
93237, 10
93238, 10
93239, 10
93240, 10
93241, 10
93242, 10
93243, 10
93244, 10
93245, 10
93246, 10
93247, 10
93248, 10
93249, 10
93250, 10
93251, 10
93252, 10
93253, 10
93254, 10
93255, 10
93256, 10
93257, 10
93258, 10
93259, 10
93260, 10
93261, 10
93262, 10
93263, 10
93264, 10
93265, 10
93266, 10
93267, 10
93268, 10
93269, 10
93270, 10
93271, 10
93272, 10
93273, 10
93274, 10
93275, 10
93276, 10
93277, 10
93278, 10
93279, 10
93280, 10
93281, 10
93282, 10
93283, 10
93284, 10
93285, 10
93286, 10
93287, 10
93288, 10
93289, 10
93290, 10
93291, 10
93292, 10
93293, 10
93294, 10
93295, 10
93296, 10
93297, 10
93298, 10
93299, 10
93300, 10
93301, 10
93302, 10
93303, 10
93304, 10
93305, 10
93306, 10
93307, 10
93308, 10
93309, 10
93310, 10
93311, 10
93312, 10
93313, 10
93314, 10
93315, 10
93316, 10
93317, 10
93318, 10
93319, 10
93320, 10
93321, 10
93322, 10
93323, 10
93324, 10
93325, 10
93326, 10
93327, 10
93328, 10
93329, 10
93330, 10
93331, 10
93332, 10
93333, 10
93334, 10
93335, 10
93336, 10
93337, 10
93338, 10
93339, 10
93340, 10
93341, 10
93342, 10
93343, 10
93344, 10
93345, 10
93346, 10
93347, 10
93348, 10
93349, 10
93350, 10
93351, 10
93352, 10
93353, 10
93354, 10
93355, 10
93356, 10
93357, 10
93358, 10
93359, 10
93360, 10
93361, 10
93362, 10
93363, 10
93364, 10
93365, 10
93366, 10
93367, 10
93368, 10
93369, 10
93370, 10
93371, 10
93372, 10
93373, 10
93374, 10
93375, 10
93376, 10
93377, 10
93378, 10
93379, 10
93380, 10
93381, 10
93382, 10
93383, 10
93384, 10
93385, 10
93386, 10
93387, 10
93388, 10
93389, 10
93390, 10
93391, 10
93392, 10
93393, 10
93394, 10
93395, 10
93396, 10
93397, 10
93398, 10
93399, 10
93400, 10
93401, 10
93402, 10
93403, 10
93404, 10
93405, 10
93406, 10
93407, 10
93408, 10
93409, 10
93410, 10
93411, 10
93412, 10
93413, 10
93414, 10
93415, 10
93416, 10
93417, 10
93418, 10
93419, 10
93420, 10
93421, 10
93422, 10
93423, 10
93424, 10
93425, 10
93426, 10
93427, 10
93428, 10
93429, 10
93430, 10
93431, 10
93432, 10
93433, 10
93434, 10
93435, 10
93436, 10
93437, 10
93438, 10
93439, 10
93440, 10
93441, 10
93442, 10
93443, 10
93444, 10
93445, 10
93446, 10
93447, 10
93448, 10
93449, 10
93450, 10
93451, 10
93452, 10
93453, 10
93454, 10
93455, 10
93456, 10
93457, 10
93458, 10
93459, 10
93460, 10
93461, 10
93462, 10
93463, 10
93464, 10
93465, 10
93466, 10
93467, 10
93468, 10
93469, 10
93470, 10
93471, 10
93472, 10
93473, 10
93474, 10
93475, 10
93476, 10
93477, 10
93478, 10
93479, 10
93480, 10
93481, 10
93482, 10
93483, 10
93484, 10
93485, 10
93486, 10
93487, 10
93488, 10
93489, 10
93490, 10
93491, 10
93492, 10
93493, 10
93494, 10
93495, 10
93496, 10
93497, 10
93498, 10
93499, 10
93500, 10
93501, 10
93502, 10
93503, 10
93504, 10
93505, 10
93506, 10
93507, 10
93508, 10
93509, 10
93510, 10
93511, 10
93512, 10
93513, 10
93514, 10
93515, 10
93516, 10
93517, 10
93518, 10
93519, 10
93520, 10
93521, 10
93522, 10
93523, 10
93524, 10
93525, 10
93526, 10
93527, 10
93528, 10
93529, 10
93530, 10
93531, 10
93532, 10
93533, 10
93534, 10
93535, 10
93536, 10
93537, 10
93538, 10
93539, 10
93540, 10
93541, 10
93542, 10
93543, 10
93544, 10
93545, 10
93546, 10
93547, 10
93548, 10
93549, 10
93550, 10
93551, 10
93552, 10
93553, 10
93554, 10
93555, 10
93556, 10
93557, 10
93558, 10
93559, 10
93560, 10
93561, 10
93562, 10
93563, 10
93564, 10
93565, 10
93566, 10
93567, 10
93568, 10
93569, 10
93570, 10
93571, 10
93572, 10
93573, 10
93574, 10
93575, 10
93576, 10
93577, 10
93578, 10
93579, 10
93580, 10
93581, 10
93582, 10
93583, 10
93584, 10
93585, 10
93586, 10
93587, 10
93588, 10
93589, 10
93590, 10
93591, 10
93592, 10
93593, 10
93594, 10
93595, 10
93596, 10
93597, 10
93598, 10
93599, 10
93600, 10
93601, 10
93602, 10
93603, 10
93604, 10
93605, 10
93606, 10
93607, 10
93608, 10
93609, 10
93610, 10
93611, 10
93612, 10
93613, 10
93614, 10
93615, 10
93616, 10
93617, 10
93618, 10
93619, 10
93620, 10
93621, 10
93622, 10
93623, 10
93624, 10
93625, 10
93626, 10
93627, 10
93628, 10
93629, 10
93630, 10
93631, 10
93632, 10
93633, 10
93634, 10
93635, 10
93636, 9
93637, 9
93638, 9
93639, 9
93640, 9
93641, 9
93642, 9
93643, 9
93644, 9
93645, 9
93646, 9
93647, 9
93648, 9
93649, 9
93650, 9
93651, 9
93652, 9
93653, 9
93654, 9
93655, 9
93656, 9
93657, 9
93658, 9
93659, 9
93660, 9
93661, 9
93662, 9
93663, 9
93664, 9
93665, 9
93666, 9
93667, 9
93668, 9
93669, 9
93670, 9
93671, 9
93672, 9
93673, 9
93674, 9
93675, 9
93676, 9
93677, 9
93678, 9
93679, 9
93680, 9
93681, 9
93682, 9
93683, 9
93684, 9
93685, 9
93686, 9
93687, 9
93688, 9
93689, 9
93690, 9
93691, 9
93692, 9
93693, 9
93694, 9
93695, 9
93696, 9
93697, 9
93698, 9
93699, 9
93700, 9
93701, 9
93702, 9
93703, 9
93704, 9
93705, 9
93706, 9
93707, 9
93708, 9
93709, 9
93710, 9
93711, 9
93712, 9
93713, 9
93714, 9
93715, 9
93716, 9
93717, 9
93718, 9
93719, 9
93720, 9
93721, 9
93722, 9
93723, 9
93724, 9
93725, 9
93726, 9
93727, 9
93728, 9
93729, 9
93730, 9
93731, 9
93732, 9
93733, 9
93734, 9
93735, 9
93736, 9
93737, 9
93738, 9
93739, 9
93740, 9
93741, 9
93742, 9
93743, 9
93744, 9
93745, 9
93746, 9
93747, 9
93748, 9
93749, 9
93750, 9
93751, 9
93752, 9
93753, 9
93754, 9
93755, 9
93756, 9
93757, 9
93758, 9
93759, 9
93760, 9
93761, 9
93762, 9
93763, 9
93764, 9
93765, 9
93766, 9
93767, 9
93768, 9
93769, 9
93770, 9
93771, 9
93772, 9
93773, 9
93774, 9
93775, 9
93776, 9
93777, 9
93778, 9
93779, 9
93780, 9
93781, 10
93782, 10
93783, 10
93784, 10
93785, 10
93786, 10
93787, 10
93788, 10
93789, 10
93790, 10
93791, 10
93792, 10
93793, 10
93794, 10
93795, 10
93796, 10
93797, 10
93798, 10
93799, 10
93800, 10
93801, 10
93802, 10
93803, 10
93804, 10
93805, 10
93806, 10
93807, 10
93808, 10
93809, 10
93810, 10
93811, 10
93812, 10
93813, 10
93814, 10
93815, 10
93816, 10
93817, 10
93818, 10
93819, 10
93820, 10
93821, 10
93822, 10
93823, 10
93824, 10
93825, 10
93826, 10
93827, 10
93828, 10
93829, 10
93830, 10
93831, 10
93832, 10
93833, 10
93834, 10
93835, 10
93836, 10
93837, 10
93838, 10
93839, 10
93840, 10
93841, 10
93842, 10
93843, 10
93844, 10
93845, 10
93846, 10
93847, 10
93848, 10
93849, 10
93850, 10
93851, 10
93852, 10
93853, 10
93854, 10
93855, 10
93856, 10
93857, 10
93858, 10
93859, 10
93860, 10
93861, 10
93862, 10
93863, 10
93864, 10
93865, 10
93866, 10
93867, 10
93868, 10
93869, 10
93870, 10
93871, 10
93872, 10
93873, 10
93874, 10
93875, 10
93876, 10
93877, 10
93878, 10
93879, 10
93880, 10
93881, 10
93882, 10
93883, 10
93884, 10
93885, 10
93886, 10
93887, 10
93888, 10
93889, 10
93890, 10
93891, 10
93892, 10
93893, 10
93894, 10
93895, 10
93896, 10
93897, 10
93898, 10
93899, 10
93900, 10
93901, 10
93902, 10
93903, 10
93904, 10
93905, 10
93906, 10
93907, 10
93908, 10
93909, 10
93910, 10
93911, 10
93912, 10
93913, 10
93914, 10
93915, 10
93916, 10
93917, 10
93918, 10
93919, 10
93920, 10
93921, 10
93922, 10
93923, 10
93924, 10
93925, 10
93926, 10
93927, 10
93928, 10
93929, 10
93930, 10
93931, 10
93932, 10
93933, 10
93934, 10
93935, 10
93936, 10
93937, 10
93938, 10
93939, 10
93940, 10
93941, 10
93942, 10
93943, 10
93944, 10
93945, 10
93946, 10
93947, 10
93948, 10
93949, 10
93950, 10
93951, 10
93952, 10
93953, 10
93954, 10
93955, 10
93956, 10
93957, 10
93958, 10
93959, 10
93960, 10
93961, 10
93962, 10
93963, 10
93964, 10
93965, 10
93966, 10
93967, 10
93968, 10
93969, 10
93970, 10
93971, 10
93972, 10
93973, 10
93974, 10
93975, 10
93976, 10
93977, 10
93978, 10
93979, 10
93980, 10
93981, 10
93982, 10
93983, 10
93984, 10
93985, 10
93986, 10
93987, 10
93988, 10
93989, 10
93990, 10
93991, 10
93992, 10
93993, 10
93994, 10
93995, 10
93996, 10
93997, 10
93998, 10
93999, 10
94000, 10
94001, 10
94002, 10
94003, 10
94004, 10
94005, 10
94006, 10
94007, 10
94008, 10
94009, 10
94010, 10
94011, 10
94012, 10
94013, 10
94014, 10
94015, 10
94016, 10
94017, 10
94018, 10
94019, 10
94020, 10
94021, 10
94022, 10
94023, 10
94024, 10
94025, 10
94026, 10
94027, 10
94028, 10
94029, 10
94030, 10
94031, 10
94032, 10
94033, 10
94034, 10
94035, 10
94036, 10
94037, 10
94038, 10
94039, 10
94040, 10
94041, 10
94042, 10
94043, 10
94044, 10
94045, 10
94046, 10
94047, 10
94048, 10
94049, 10
94050, 10
94051, 10
94052, 10
94053, 10
94054, 10
94055, 10
94056, 10
94057, 10
94058, 10
94059, 10
94060, 10
94061, 10
94062, 10
94063, 10
94064, 10
94065, 10
94066, 10
94067, 10
94068, 10
94069, 10
94070, 10
94071, 10
94072, 10
94073, 10
94074, 10
94075, 10
94076, 10
94077, 10
94078, 10
94079, 10
94080, 10
94081, 10
94082, 10
94083, 10
94084, 10
94085, 10
94086, 10
94087, 10
94088, 10
94089, 10
94090, 10
94091, 10
94092, 10
94093, 10
94094, 10
94095, 10
94096, 10
94097, 10
94098, 10
94099, 10
94100, 10
94101, 10
94102, 10
94103, 10
94104, 10
94105, 10
94106, 10
94107, 10
94108, 10
94109, 10
94110, 10
94111, 10
94112, 10
94113, 10
94114, 10
94115, 10
94116, 10
94117, 10
94118, 10
94119, 10
94120, 10
94121, 10
94122, 10
94123, 10
94124, 10
94125, 10
94126, 10
94127, 10
94128, 10
94129, 10
94130, 10
94131, 10
94132, 10
94133, 10
94134, 10
94135, 10
94136, 10
94137, 10
94138, 10
94139, 10
94140, 10
94141, 10
94142, 10
94143, 10
94144, 10
94145, 10
94146, 10
94147, 10
94148, 10
94149, 10
94150, 10
94151, 10
94152, 10
94153, 10
94154, 10
94155, 10
94156, 10
94157, 10
94158, 10
94159, 10
94160, 10
94161, 10
94162, 10
94163, 10
94164, 10
94165, 10
94166, 10
94167, 10
94168, 10
94169, 10
94170, 10
94171, 10
94172, 10
94173, 10
94174, 10
94175, 10
94176, 10
94177, 10
94178, 10
94179, 10
94180, 10
94181, 10
94182, 10
94183, 10
94184, 10
94185, 10
94186, 10
94187, 10
94188, 10
94189, 10
94190, 10
94191, 10
94192, 10
94193, 10
94194, 10
94195, 10
94196, 10
94197, 10
94198, 10
94199, 10
94200, 10
94201, 10
94202, 10
94203, 10
94204, 10
94205, 10
94206, 10
94207, 10
94208, 10
94209, 10
94210, 10
94211, 10
94212, 10
94213, 10
94214, 10
94215, 10
94216, 10
94217, 10
94218, 10
94219, 10
94220, 10
94221, 10
94222, 10
94223, 10
94224, 10
94225, 10
94226, 10
94227, 10
94228, 10
94229, 10
94230, 10
94231, 10
94232, 10
94233, 10
94234, 10
94235, 10
94236, 10
94237, 10
94238, 10
94239, 10
94240, 10
94241, 10
94242, 10
94243, 10
94244, 10
94245, 10
94246, 10
94247, 10
94248, 10
94249, 9
94250, 9
94251, 9
94252, 9
94253, 9
94254, 9
94255, 9
94256, 9
94257, 9
94258, 9
94259, 9
94260, 9
94261, 9
94262, 9
94263, 9
94264, 9
94265, 9
94266, 9
94267, 9
94268, 9
94269, 9
94270, 9
94271, 9
94272, 9
94273, 9
94274, 9
94275, 9
94276, 9
94277, 9
94278, 9
94279, 9
94280, 9
94281, 9
94282, 9
94283, 9
94284, 9
94285, 9
94286, 9
94287, 9
94288, 9
94289, 9
94290, 9
94291, 9
94292, 9
94293, 9
94294, 9
94295, 9
94296, 9
94297, 9
94298, 9
94299, 9
94300, 9
94301, 9
94302, 9
94303, 9
94304, 9
94305, 9
94306, 9
94307, 9
94308, 9
94309, 9
94310, 9
94311, 9
94312, 9
94313, 9
94314, 9
94315, 9
94316, 9
94317, 9
94318, 9
94319, 9
94320, 9
94321, 9
94322, 9
94323, 9
94324, 9
94325, 9
94326, 9
94327, 9
94328, 9
94329, 9
94330, 9
94331, 9
94332, 9
94333, 9
94334, 9
94335, 9
94336, 9
94337, 9
94338, 9
94339, 9
94340, 9
94341, 9
94342, 9
94343, 9
94344, 9
94345, 9
94346, 9
94347, 9
94348, 9
94349, 9
94350, 9
94351, 9
94352, 9
94353, 9
94354, 9
94355, 9
94356, 9
94357, 9
94358, 9
94359, 9
94360, 9
94361, 9
94362, 9
94363, 9
94364, 9
94365, 9
94366, 9
94367, 9
94368, 9
94369, 9
94370, 9
94371, 9
94372, 9
94373, 9
94374, 9
94375, 9
94376, 9
94377, 9
94378, 9
94379, 9
94380, 9
94381, 9
94382, 9
94383, 10
94384, 10
94385, 10
94386, 10
94387, 10
94388, 10
94389, 10
94390, 10
94391, 10
94392, 10
94393, 10
94394, 10
94395, 10
94396, 10
94397, 10
94398, 10
94399, 10
94400, 10
94401, 10
94402, 10
94403, 10
94404, 10
94405, 10
94406, 10
94407, 10
94408, 10
94409, 10
94410, 10
94411, 10
94412, 10
94413, 10
94414, 10
94415, 10
94416, 10
94417, 10
94418, 10
94419, 10
94420, 10
94421, 10
94422, 10
94423, 10
94424, 10
94425, 10
94426, 10
94427, 10
94428, 10
94429, 10
94430, 10
94431, 10
94432, 10
94433, 10
94434, 10
94435, 10
94436, 10
94437, 10
94438, 10
94439, 10
94440, 10
94441, 10
94442, 10
94443, 10
94444, 10
94445, 10
94446, 10
94447, 10
94448, 10
94449, 10
94450, 10
94451, 10
94452, 10
94453, 10
94454, 10
94455, 10
94456, 10
94457, 10
94458, 10
94459, 10
94460, 10
94461, 10
94462, 10
94463, 10
94464, 10
94465, 10
94466, 10
94467, 10
94468, 10
94469, 10
94470, 10
94471, 10
94472, 10
94473, 10
94474, 10
94475, 10
94476, 10
94477, 10
94478, 10
94479, 10
94480, 10
94481, 10
94482, 10
94483, 10
94484, 10
94485, 10
94486, 10
94487, 10
94488, 10
94489, 10
94490, 10
94491, 10
94492, 10
94493, 10
94494, 10
94495, 10
94496, 10
94497, 10
94498, 10
94499, 10
94500, 10
94501, 10
94502, 10
94503, 10
94504, 10
94505, 10
94506, 10
94507, 10
94508, 10
94509, 10
94510, 10
94511, 10
94512, 10
94513, 10
94514, 10
94515, 10
94516, 10
94517, 10
94518, 10
94519, 10
94520, 10
94521, 10
94522, 10
94523, 10
94524, 10
94525, 10
94526, 10
94527, 10
94528, 10
94529, 10
94530, 10
94531, 10
94532, 10
94533, 10
94534, 10
94535, 10
94536, 10
94537, 10
94538, 10
94539, 10
94540, 10
94541, 10
94542, 10
94543, 10
94544, 10
94545, 10
94546, 10
94547, 10
94548, 10
94549, 10
94550, 10
94551, 10
94552, 10
94553, 10
94554, 10
94555, 10
94556, 10
94557, 10
94558, 10
94559, 10
94560, 10
94561, 10
94562, 10
94563, 10
94564, 10
94565, 10
94566, 10
94567, 10
94568, 10
94569, 10
94570, 10
94571, 10
94572, 10
94573, 10
94574, 10
94575, 10
94576, 10
94577, 10
94578, 10
94579, 10
94580, 10
94581, 10
94582, 10
94583, 10
94584, 10
94585, 10
94586, 10
94587, 10
94588, 10
94589, 10
94590, 10
94591, 10
94592, 10
94593, 10
94594, 10
94595, 10
94596, 10
94597, 10
94598, 10
94599, 10
94600, 10
94601, 10
94602, 10
94603, 10
94604, 10
94605, 10
94606, 10
94607, 10
94608, 10
94609, 10
94610, 10
94611, 10
94612, 10
94613, 10
94614, 10
94615, 10
94616, 10
94617, 10
94618, 10
94619, 10
94620, 10
94621, 10
94622, 10
94623, 10
94624, 10
94625, 10
94626, 10
94627, 10
94628, 10
94629, 10
94630, 10
94631, 10
94632, 10
94633, 10
94634, 10
94635, 10
94636, 10
94637, 10
94638, 10
94639, 10
94640, 10
94641, 10
94642, 10
94643, 10
94644, 10
94645, 10
94646, 10
94647, 10
94648, 10
94649, 10
94650, 10
94651, 10
94652, 10
94653, 10
94654, 10
94655, 10
94656, 10
94657, 10
94658, 10
94659, 10
94660, 10
94661, 10
94662, 10
94663, 10
94664, 10
94665, 10
94666, 10
94667, 10
94668, 10
94669, 10
94670, 10
94671, 10
94672, 10
94673, 10
94674, 10
94675, 10
94676, 10
94677, 10
94678, 10
94679, 10
94680, 10
94681, 10
94682, 10
94683, 10
94684, 10
94685, 10
94686, 10
94687, 10
94688, 10
94689, 10
94690, 10
94691, 10
94692, 10
94693, 10
94694, 10
94695, 10
94696, 10
94697, 10
94698, 10
94699, 10
94700, 10
94701, 10
94702, 10
94703, 10
94704, 10
94705, 10
94706, 10
94707, 10
94708, 10
94709, 10
94710, 10
94711, 10
94712, 10
94713, 10
94714, 10
94715, 10
94716, 10
94717, 10
94718, 10
94719, 10
94720, 10
94721, 10
94722, 10
94723, 10
94724, 10
94725, 10
94726, 10
94727, 10
94728, 10
94729, 10
94730, 10
94731, 10
94732, 10
94733, 10
94734, 10
94735, 10
94736, 10
94737, 10
94738, 10
94739, 10
94740, 10
94741, 10
94742, 10
94743, 10
94744, 10
94745, 10
94746, 10
94747, 10
94748, 10
94749, 10
94750, 10
94751, 10
94752, 10
94753, 10
94754, 10
94755, 10
94756, 10
94757, 10
94758, 10
94759, 10
94760, 10
94761, 10
94762, 10
94763, 10
94764, 10
94765, 10
94766, 10
94767, 10
94768, 10
94769, 10
94770, 10
94771, 10
94772, 10
94773, 10
94774, 10
94775, 10
94776, 10
94777, 10
94778, 10
94779, 10
94780, 10
94781, 10
94782, 10
94783, 10
94784, 10
94785, 10
94786, 10
94787, 10
94788, 10
94789, 10
94790, 10
94791, 10
94792, 10
94793, 10
94794, 10
94795, 10
94796, 10
94797, 10
94798, 10
94799, 10
94800, 10
94801, 10
94802, 10
94803, 10
94804, 10
94805, 10
94806, 10
94807, 10
94808, 10
94809, 10
94810, 10
94811, 10
94812, 10
94813, 10
94814, 10
94815, 10
94816, 10
94817, 10
94818, 10
94819, 10
94820, 10
94821, 10
94822, 10
94823, 10
94824, 10
94825, 10
94826, 10
94827, 10
94828, 10
94829, 10
94830, 10
94831, 10
94832, 10
94833, 10
94834, 10
94835, 10
94836, 10
94837, 10
94838, 10
94839, 10
94840, 10
94841, 10
94842, 10
94843, 10
94844, 10
94845, 10
94846, 10
94847, 10
94848, 10
94849, 10
94850, 10
94851, 10
94852, 10
94853, 10
94854, 10
94855, 10
94856, 10
94857, 10
94858, 10
94859, 10
94860, 10
94861, 10
94862, 10
94863, 10
94864, 9
94865, 9
94866, 9
94867, 9
94868, 9
94869, 9
94870, 9
94871, 9
94872, 9
94873, 9
94874, 9
94875, 9
94876, 9
94877, 9
94878, 9
94879, 9
94880, 9
94881, 9
94882, 9
94883, 9
94884, 9
94885, 9
94886, 9
94887, 9
94888, 9
94889, 9
94890, 9
94891, 9
94892, 9
94893, 9
94894, 9
94895, 9
94896, 9
94897, 9
94898, 9
94899, 9
94900, 9
94901, 9
94902, 9
94903, 9
94904, 9
94905, 9
94906, 9
94907, 9
94908, 9
94909, 9
94910, 9
94911, 9
94912, 9
94913, 9
94914, 9
94915, 9
94916, 9
94917, 9
94918, 9
94919, 9
94920, 9
94921, 9
94922, 9
94923, 9
94924, 9
94925, 9
94926, 9
94927, 9
94928, 9
94929, 9
94930, 9
94931, 9
94932, 9
94933, 9
94934, 9
94935, 9
94936, 9
94937, 9
94938, 9
94939, 9
94940, 9
94941, 9
94942, 9
94943, 9
94944, 9
94945, 9
94946, 9
94947, 9
94948, 9
94949, 9
94950, 9
94951, 9
94952, 9
94953, 9
94954, 9
94955, 9
94956, 9
94957, 9
94958, 9
94959, 9
94960, 9
94961, 9
94962, 9
94963, 9
94964, 9
94965, 9
94966, 9
94967, 9
94968, 9
94969, 9
94970, 9
94971, 9
94972, 9
94973, 9
94974, 9
94975, 9
94976, 9
94977, 9
94978, 9
94979, 9
94980, 9
94981, 9
94982, 9
94983, 9
94984, 9
94985, 9
94986, 10
94987, 10
94988, 10
94989, 10
94990, 10
94991, 10
94992, 10
94993, 10
94994, 10
94995, 10
94996, 10
94997, 10
94998, 10
94999, 10
95000, 10
95001, 10
95002, 10
95003, 10
95004, 10
95005, 10
95006, 10
95007, 10
95008, 10
95009, 10
95010, 10
95011, 10
95012, 10
95013, 10
95014, 10
95015, 10
95016, 10
95017, 10
95018, 10
95019, 10
95020, 10
95021, 10
95022, 10
95023, 10
95024, 10
95025, 10
95026, 10
95027, 10
95028, 10
95029, 10
95030, 10
95031, 10
95032, 10
95033, 10
95034, 10
95035, 10
95036, 10
95037, 10
95038, 10
95039, 10
95040, 10
95041, 10
95042, 10
95043, 10
95044, 10
95045, 10
95046, 10
95047, 10
95048, 10
95049, 10
95050, 10
95051, 10
95052, 10
95053, 10
95054, 10
95055, 10
95056, 10
95057, 10
95058, 10
95059, 10
95060, 10
95061, 10
95062, 10
95063, 10
95064, 10
95065, 10
95066, 10
95067, 10
95068, 10
95069, 10
95070, 10
95071, 10
95072, 10
95073, 10
95074, 10
95075, 10
95076, 10
95077, 10
95078, 10
95079, 10
95080, 10
95081, 10
95082, 10
95083, 10
95084, 10
95085, 10
95086, 10
95087, 10
95088, 10
95089, 10
95090, 10
95091, 10
95092, 10
95093, 10
95094, 10
95095, 10
95096, 10
95097, 10
95098, 10
95099, 10
95100, 10
95101, 10
95102, 10
95103, 10
95104, 10
95105, 10
95106, 10
95107, 10
95108, 10
95109, 10
95110, 10
95111, 10
95112, 10
95113, 10
95114, 10
95115, 10
95116, 10
95117, 10
95118, 10
95119, 10
95120, 10
95121, 10
95122, 10
95123, 10
95124, 10
95125, 10
95126, 10
95127, 10
95128, 10
95129, 10
95130, 10
95131, 10
95132, 10
95133, 10
95134, 10
95135, 10
95136, 10
95137, 10
95138, 10
95139, 10
95140, 10
95141, 10
95142, 10
95143, 10
95144, 10
95145, 10
95146, 10
95147, 10
95148, 10
95149, 10
95150, 10
95151, 10
95152, 10
95153, 10
95154, 10
95155, 10
95156, 10
95157, 10
95158, 10
95159, 10
95160, 10
95161, 10
95162, 10
95163, 10
95164, 10
95165, 10
95166, 10
95167, 10
95168, 10
95169, 10
95170, 10
95171, 10
95172, 10
95173, 10
95174, 10
95175, 10
95176, 10
95177, 10
95178, 10
95179, 10
95180, 10
95181, 10
95182, 10
95183, 10
95184, 10
95185, 10
95186, 10
95187, 10
95188, 10
95189, 10
95190, 10
95191, 10
95192, 10
95193, 10
95194, 10
95195, 10
95196, 10
95197, 10
95198, 10
95199, 10
95200, 10
95201, 10
95202, 10
95203, 10
95204, 10
95205, 10
95206, 10
95207, 10
95208, 10
95209, 10
95210, 10
95211, 10
95212, 10
95213, 10
95214, 10
95215, 10
95216, 10
95217, 10
95218, 10
95219, 10
95220, 10
95221, 10
95222, 10
95223, 10
95224, 10
95225, 10
95226, 10
95227, 10
95228, 10
95229, 10
95230, 10
95231, 10
95232, 10
95233, 10
95234, 10
95235, 10
95236, 10
95237, 10
95238, 10
95239, 10
95240, 10
95241, 10
95242, 10
95243, 10
95244, 10
95245, 10
95246, 10
95247, 10
95248, 10
95249, 10
95250, 10
95251, 10
95252, 10
95253, 10
95254, 10
95255, 10
95256, 10
95257, 10
95258, 10
95259, 10
95260, 10
95261, 10
95262, 10
95263, 10
95264, 10
95265, 10
95266, 10
95267, 10
95268, 10
95269, 10
95270, 10
95271, 10
95272, 10
95273, 10
95274, 10
95275, 10
95276, 10
95277, 10
95278, 10
95279, 10
95280, 10
95281, 10
95282, 10
95283, 10
95284, 10
95285, 10
95286, 10
95287, 10
95288, 10
95289, 10
95290, 10
95291, 10
95292, 10
95293, 10
95294, 10
95295, 10
95296, 10
95297, 10
95298, 10
95299, 10
95300, 10
95301, 10
95302, 10
95303, 10
95304, 10
95305, 10
95306, 10
95307, 10
95308, 10
95309, 10
95310, 10
95311, 10
95312, 10
95313, 10
95314, 10
95315, 10
95316, 10
95317, 10
95318, 10
95319, 10
95320, 10
95321, 10
95322, 10
95323, 10
95324, 10
95325, 10
95326, 10
95327, 10
95328, 10
95329, 10
95330, 10
95331, 10
95332, 10
95333, 10
95334, 10
95335, 10
95336, 10
95337, 10
95338, 10
95339, 10
95340, 10
95341, 10
95342, 10
95343, 10
95344, 10
95345, 10
95346, 10
95347, 10
95348, 10
95349, 10
95350, 10
95351, 10
95352, 10
95353, 10
95354, 10
95355, 10
95356, 10
95357, 10
95358, 10
95359, 10
95360, 10
95361, 10
95362, 10
95363, 10
95364, 10
95365, 10
95366, 10
95367, 10
95368, 10
95369, 10
95370, 10
95371, 10
95372, 10
95373, 10
95374, 10
95375, 10
95376, 10
95377, 10
95378, 10
95379, 10
95380, 10
95381, 10
95382, 10
95383, 10
95384, 10
95385, 10
95386, 10
95387, 10
95388, 10
95389, 10
95390, 10
95391, 10
95392, 10
95393, 10
95394, 10
95395, 10
95396, 10
95397, 10
95398, 10
95399, 10
95400, 10
95401, 10
95402, 10
95403, 10
95404, 10
95405, 10
95406, 10
95407, 10
95408, 10
95409, 10
95410, 10
95411, 10
95412, 10
95413, 10
95414, 10
95415, 10
95416, 10
95417, 10
95418, 10
95419, 10
95420, 10
95421, 10
95422, 10
95423, 10
95424, 10
95425, 10
95426, 10
95427, 10
95428, 10
95429, 10
95430, 10
95431, 10
95432, 10
95433, 10
95434, 10
95435, 10
95436, 10
95437, 10
95438, 10
95439, 10
95440, 10
95441, 10
95442, 10
95443, 10
95444, 10
95445, 10
95446, 10
95447, 10
95448, 10
95449, 10
95450, 10
95451, 10
95452, 10
95453, 10
95454, 10
95455, 10
95456, 10
95457, 10
95458, 10
95459, 10
95460, 10
95461, 10
95462, 10
95463, 10
95464, 10
95465, 10
95466, 10
95467, 10
95468, 10
95469, 10
95470, 10
95471, 10
95472, 10
95473, 10
95474, 10
95475, 10
95476, 10
95477, 10
95478, 10
95479, 10
95480, 10
95481, 9
95482, 9
95483, 9
95484, 9
95485, 9
95486, 9
95487, 9
95488, 9
95489, 9
95490, 9
95491, 9
95492, 9
95493, 9
95494, 9
95495, 9
95496, 9
95497, 9
95498, 9
95499, 9
95500, 9
95501, 9
95502, 9
95503, 9
95504, 9
95505, 9
95506, 9
95507, 9
95508, 9
95509, 9
95510, 9
95511, 9
95512, 9
95513, 9
95514, 9
95515, 9
95516, 9
95517, 9
95518, 9
95519, 9
95520, 9
95521, 9
95522, 9
95523, 9
95524, 9
95525, 9
95526, 9
95527, 9
95528, 9
95529, 9
95530, 9
95531, 9
95532, 9
95533, 9
95534, 9
95535, 9
95536, 9
95537, 9
95538, 9
95539, 9
95540, 9
95541, 9
95542, 9
95543, 9
95544, 9
95545, 9
95546, 9
95547, 9
95548, 9
95549, 9
95550, 9
95551, 9
95552, 9
95553, 9
95554, 9
95555, 9
95556, 9
95557, 9
95558, 9
95559, 9
95560, 9
95561, 9
95562, 9
95563, 9
95564, 9
95565, 9
95566, 9
95567, 9
95568, 9
95569, 9
95570, 9
95571, 9
95572, 9
95573, 9
95574, 9
95575, 9
95576, 9
95577, 9
95578, 9
95579, 9
95580, 9
95581, 9
95582, 9
95583, 9
95584, 9
95585, 9
95586, 9
95587, 9
95588, 9
95589, 9
95590, 9
95591, 10
95592, 10
95593, 10
95594, 10
95595, 10
95596, 10
95597, 10
95598, 10
95599, 10
95600, 10
95601, 10
95602, 10
95603, 10
95604, 10
95605, 10
95606, 10
95607, 10
95608, 10
95609, 10
95610, 10
95611, 10
95612, 10
95613, 10
95614, 10
95615, 10
95616, 10
95617, 10
95618, 10
95619, 10
95620, 10
95621, 10
95622, 10
95623, 10
95624, 10
95625, 10
95626, 10
95627, 10
95628, 10
95629, 10
95630, 10
95631, 10
95632, 10
95633, 10
95634, 10
95635, 10
95636, 10
95637, 10
95638, 10
95639, 10
95640, 10
95641, 10
95642, 10
95643, 10
95644, 10
95645, 10
95646, 10
95647, 10
95648, 10
95649, 10
95650, 10
95651, 10
95652, 10
95653, 10
95654, 10
95655, 10
95656, 10
95657, 10
95658, 10
95659, 10
95660, 10
95661, 10
95662, 10
95663, 10
95664, 10
95665, 10
95666, 10
95667, 10
95668, 10
95669, 10
95670, 10
95671, 10
95672, 10
95673, 10
95674, 10
95675, 10
95676, 10
95677, 10
95678, 10
95679, 10
95680, 10
95681, 10
95682, 10
95683, 10
95684, 10
95685, 10
95686, 10
95687, 10
95688, 10
95689, 10
95690, 10
95691, 10
95692, 10
95693, 10
95694, 10
95695, 10
95696, 10
95697, 10
95698, 10
95699, 10
95700, 10
95701, 10
95702, 10
95703, 10
95704, 10
95705, 10
95706, 10
95707, 10
95708, 10
95709, 10
95710, 10
95711, 10
95712, 10
95713, 10
95714, 10
95715, 10
95716, 10
95717, 10
95718, 10
95719, 10
95720, 10
95721, 10
95722, 10
95723, 10
95724, 10
95725, 10
95726, 10
95727, 10
95728, 10
95729, 10
95730, 10
95731, 10
95732, 10
95733, 10
95734, 10
95735, 10
95736, 10
95737, 10
95738, 10
95739, 10
95740, 10
95741, 10
95742, 10
95743, 10
95744, 10
95745, 10
95746, 10
95747, 10
95748, 10
95749, 10
95750, 10
95751, 10
95752, 10
95753, 10
95754, 10
95755, 10
95756, 10
95757, 10
95758, 10
95759, 10
95760, 10
95761, 10
95762, 10
95763, 10
95764, 10
95765, 10
95766, 10
95767, 10
95768, 10
95769, 10
95770, 10
95771, 10
95772, 10
95773, 10
95774, 10
95775, 10
95776, 10
95777, 10
95778, 10
95779, 10
95780, 10
95781, 10
95782, 10
95783, 10
95784, 10
95785, 10
95786, 10
95787, 10
95788, 10
95789, 10
95790, 10
95791, 10
95792, 10
95793, 10
95794, 10
95795, 10
95796, 10
95797, 10
95798, 10
95799, 10
95800, 10
95801, 10
95802, 10
95803, 10
95804, 10
95805, 10
95806, 10
95807, 10
95808, 10
95809, 10
95810, 10
95811, 10
95812, 10
95813, 10
95814, 10
95815, 10
95816, 10
95817, 10
95818, 10
95819, 10
95820, 10
95821, 10
95822, 10
95823, 10
95824, 10
95825, 10
95826, 10
95827, 10
95828, 10
95829, 10
95830, 10
95831, 10
95832, 10
95833, 10
95834, 10
95835, 10
95836, 10
95837, 10
95838, 10
95839, 10
95840, 10
95841, 10
95842, 10
95843, 10
95844, 10
95845, 10
95846, 10
95847, 10
95848, 10
95849, 10
95850, 10
95851, 10
95852, 10
95853, 10
95854, 10
95855, 10
95856, 10
95857, 10
95858, 10
95859, 10
95860, 10
95861, 10
95862, 10
95863, 10
95864, 10
95865, 10
95866, 10
95867, 10
95868, 10
95869, 10
95870, 10
95871, 10
95872, 10
95873, 10
95874, 10
95875, 10
95876, 10
95877, 10
95878, 10
95879, 10
95880, 10
95881, 10
95882, 10
95883, 10
95884, 10
95885, 10
95886, 10
95887, 10
95888, 10
95889, 10
95890, 10
95891, 10
95892, 10
95893, 10
95894, 10
95895, 10
95896, 10
95897, 10
95898, 10
95899, 10
95900, 10
95901, 10
95902, 10
95903, 10
95904, 10
95905, 10
95906, 10
95907, 10
95908, 10
95909, 10
95910, 10
95911, 10
95912, 10
95913, 10
95914, 10
95915, 10
95916, 10
95917, 10
95918, 10
95919, 10
95920, 10
95921, 10
95922, 10
95923, 10
95924, 10
95925, 10
95926, 10
95927, 10
95928, 10
95929, 10
95930, 10
95931, 10
95932, 10
95933, 10
95934, 10
95935, 10
95936, 10
95937, 10
95938, 10
95939, 10
95940, 10
95941, 10
95942, 10
95943, 10
95944, 10
95945, 10
95946, 10
95947, 10
95948, 10
95949, 10
95950, 10
95951, 10
95952, 10
95953, 10
95954, 10
95955, 10
95956, 10
95957, 10
95958, 10
95959, 10
95960, 10
95961, 10
95962, 10
95963, 10
95964, 10
95965, 10
95966, 10
95967, 10
95968, 10
95969, 10
95970, 10
95971, 10
95972, 10
95973, 10
95974, 10
95975, 10
95976, 10
95977, 10
95978, 10
95979, 10
95980, 10
95981, 10
95982, 10
95983, 10
95984, 10
95985, 10
95986, 10
95987, 10
95988, 10
95989, 10
95990, 10
95991, 10
95992, 10
95993, 10
95994, 10
95995, 10
95996, 10
95997, 10
95998, 10
95999, 10
96000, 10
96001, 10
96002, 10
96003, 10
96004, 10
96005, 10
96006, 10
96007, 10
96008, 10
96009, 10
96010, 10
96011, 10
96012, 10
96013, 10
96014, 10
96015, 10
96016, 10
96017, 10
96018, 10
96019, 10
96020, 10
96021, 10
96022, 10
96023, 10
96024, 10
96025, 10
96026, 10
96027, 10
96028, 10
96029, 10
96030, 10
96031, 10
96032, 10
96033, 10
96034, 10
96035, 10
96036, 10
96037, 10
96038, 10
96039, 10
96040, 10
96041, 10
96042, 10
96043, 10
96044, 10
96045, 10
96046, 10
96047, 10
96048, 10
96049, 10
96050, 10
96051, 10
96052, 10
96053, 10
96054, 10
96055, 10
96056, 10
96057, 10
96058, 10
96059, 10
96060, 10
96061, 10
96062, 10
96063, 10
96064, 10
96065, 10
96066, 10
96067, 10
96068, 10
96069, 10
96070, 10
96071, 10
96072, 10
96073, 10
96074, 10
96075, 10
96076, 10
96077, 10
96078, 10
96079, 10
96080, 10
96081, 10
96082, 10
96083, 10
96084, 10
96085, 10
96086, 10
96087, 10
96088, 10
96089, 10
96090, 10
96091, 10
96092, 10
96093, 10
96094, 10
96095, 10
96096, 10
96097, 10
96098, 10
96099, 10
96100, 9
96101, 9
96102, 9
96103, 9
96104, 9
96105, 9
96106, 9
96107, 9
96108, 9
96109, 9
96110, 9
96111, 9
96112, 9
96113, 9
96114, 9
96115, 9
96116, 9
96117, 9
96118, 9
96119, 9
96120, 9
96121, 9
96122, 9
96123, 9
96124, 9
96125, 9
96126, 9
96127, 9
96128, 9
96129, 9
96130, 9
96131, 9
96132, 9
96133, 9
96134, 9
96135, 9
96136, 9
96137, 9
96138, 9
96139, 9
96140, 9
96141, 9
96142, 9
96143, 9
96144, 9
96145, 9
96146, 9
96147, 9
96148, 9
96149, 9
96150, 9
96151, 9
96152, 9
96153, 9
96154, 9
96155, 9
96156, 9
96157, 9
96158, 9
96159, 9
96160, 9
96161, 9
96162, 9
96163, 9
96164, 9
96165, 9
96166, 9
96167, 9
96168, 9
96169, 9
96170, 9
96171, 9
96172, 9
96173, 9
96174, 9
96175, 9
96176, 9
96177, 9
96178, 9
96179, 9
96180, 9
96181, 9
96182, 9
96183, 9
96184, 9
96185, 9
96186, 9
96187, 9
96188, 9
96189, 9
96190, 9
96191, 9
96192, 9
96193, 9
96194, 9
96195, 9
96196, 9
96197, 9
96198, 10
96199, 10
96200, 10
96201, 10
96202, 10
96203, 10
96204, 10
96205, 10
96206, 10
96207, 10
96208, 10
96209, 10
96210, 10
96211, 10
96212, 10
96213, 10
96214, 10
96215, 10
96216, 10
96217, 10
96218, 10
96219, 10
96220, 10
96221, 10
96222, 10
96223, 10
96224, 10
96225, 10
96226, 10
96227, 10
96228, 10
96229, 10
96230, 10
96231, 10
96232, 10
96233, 10
96234, 10
96235, 10
96236, 10
96237, 10
96238, 10
96239, 10
96240, 10
96241, 10
96242, 10
96243, 10
96244, 10
96245, 10
96246, 10
96247, 10
96248, 10
96249, 10
96250, 10
96251, 10
96252, 10
96253, 10
96254, 10
96255, 10
96256, 10
96257, 10
96258, 10
96259, 10
96260, 10
96261, 10
96262, 10
96263, 10
96264, 10
96265, 10
96266, 10
96267, 10
96268, 10
96269, 10
96270, 10
96271, 10
96272, 10
96273, 10
96274, 10
96275, 10
96276, 10
96277, 10
96278, 10
96279, 10
96280, 10
96281, 10
96282, 10
96283, 10
96284, 10
96285, 10
96286, 10
96287, 10
96288, 10
96289, 10
96290, 10
96291, 10
96292, 10
96293, 10
96294, 10
96295, 10
96296, 10
96297, 10
96298, 10
96299, 10
96300, 10
96301, 10
96302, 10
96303, 10
96304, 10
96305, 10
96306, 10
96307, 10
96308, 10
96309, 10
96310, 10
96311, 10
96312, 10
96313, 10
96314, 10
96315, 10
96316, 10
96317, 10
96318, 10
96319, 10
96320, 10
96321, 10
96322, 10
96323, 10
96324, 10
96325, 10
96326, 10
96327, 10
96328, 10
96329, 10
96330, 10
96331, 10
96332, 10
96333, 10
96334, 10
96335, 10
96336, 10
96337, 10
96338, 10
96339, 10
96340, 10
96341, 10
96342, 10
96343, 10
96344, 10
96345, 10
96346, 10
96347, 10
96348, 10
96349, 10
96350, 10
96351, 10
96352, 10
96353, 10
96354, 10
96355, 10
96356, 10
96357, 10
96358, 10
96359, 10
96360, 10
96361, 10
96362, 10
96363, 10
96364, 10
96365, 10
96366, 10
96367, 10
96368, 10
96369, 10
96370, 10
96371, 10
96372, 10
96373, 10
96374, 10
96375, 10
96376, 10
96377, 10
96378, 10
96379, 10
96380, 10
96381, 10
96382, 10
96383, 10
96384, 10
96385, 10
96386, 10
96387, 10
96388, 10
96389, 10
96390, 10
96391, 10
96392, 10
96393, 10
96394, 10
96395, 10
96396, 10
96397, 10
96398, 10
96399, 10
96400, 10
96401, 10
96402, 10
96403, 10
96404, 10
96405, 10
96406, 10
96407, 10
96408, 10
96409, 10
96410, 10
96411, 10
96412, 10
96413, 10
96414, 10
96415, 10
96416, 10
96417, 10
96418, 10
96419, 10
96420, 10
96421, 10
96422, 10
96423, 10
96424, 10
96425, 10
96426, 10
96427, 10
96428, 10
96429, 10
96430, 10
96431, 10
96432, 10
96433, 10
96434, 10
96435, 10
96436, 10
96437, 10
96438, 10
96439, 10
96440, 10
96441, 10
96442, 10
96443, 10
96444, 10
96445, 10
96446, 10
96447, 10
96448, 10
96449, 10
96450, 10
96451, 10
96452, 10
96453, 10
96454, 10
96455, 10
96456, 10
96457, 10
96458, 10
96459, 10
96460, 10
96461, 10
96462, 10
96463, 10
96464, 10
96465, 10
96466, 10
96467, 10
96468, 10
96469, 10
96470, 10
96471, 10
96472, 10
96473, 10
96474, 10
96475, 10
96476, 10
96477, 10
96478, 10
96479, 10
96480, 10
96481, 10
96482, 10
96483, 10
96484, 10
96485, 10
96486, 10
96487, 10
96488, 10
96489, 10
96490, 10
96491, 10
96492, 10
96493, 10
96494, 10
96495, 10
96496, 10
96497, 10
96498, 10
96499, 10
96500, 10
96501, 10
96502, 10
96503, 10
96504, 10
96505, 10
96506, 10
96507, 10
96508, 10
96509, 10
96510, 10
96511, 10
96512, 10
96513, 10
96514, 10
96515, 10
96516, 10
96517, 10
96518, 10
96519, 10
96520, 10
96521, 10
96522, 10
96523, 10
96524, 10
96525, 10
96526, 10
96527, 10
96528, 10
96529, 10
96530, 10
96531, 10
96532, 10
96533, 10
96534, 10
96535, 10
96536, 10
96537, 10
96538, 10
96539, 10
96540, 10
96541, 10
96542, 10
96543, 10
96544, 10
96545, 10
96546, 10
96547, 10
96548, 10
96549, 10
96550, 10
96551, 10
96552, 10
96553, 10
96554, 10
96555, 10
96556, 10
96557, 10
96558, 10
96559, 10
96560, 10
96561, 10
96562, 10
96563, 10
96564, 10
96565, 10
96566, 10
96567, 10
96568, 10
96569, 10
96570, 10
96571, 10
96572, 10
96573, 10
96574, 10
96575, 10
96576, 10
96577, 10
96578, 10
96579, 10
96580, 10
96581, 10
96582, 10
96583, 10
96584, 10
96585, 10
96586, 10
96587, 10
96588, 10
96589, 10
96590, 10
96591, 10
96592, 10
96593, 10
96594, 10
96595, 10
96596, 10
96597, 10
96598, 10
96599, 10
96600, 10
96601, 10
96602, 10
96603, 10
96604, 10
96605, 10
96606, 10
96607, 10
96608, 10
96609, 10
96610, 10
96611, 10
96612, 10
96613, 10
96614, 10
96615, 10
96616, 10
96617, 10
96618, 10
96619, 10
96620, 10
96621, 10
96622, 10
96623, 10
96624, 10
96625, 10
96626, 10
96627, 10
96628, 10
96629, 10
96630, 10
96631, 10
96632, 10
96633, 10
96634, 10
96635, 10
96636, 10
96637, 10
96638, 10
96639, 10
96640, 10
96641, 10
96642, 10
96643, 10
96644, 10
96645, 10
96646, 10
96647, 10
96648, 10
96649, 10
96650, 10
96651, 10
96652, 10
96653, 10
96654, 10
96655, 10
96656, 10
96657, 10
96658, 10
96659, 10
96660, 10
96661, 10
96662, 10
96663, 10
96664, 10
96665, 10
96666, 10
96667, 10
96668, 10
96669, 10
96670, 10
96671, 10
96672, 10
96673, 10
96674, 10
96675, 10
96676, 10
96677, 10
96678, 10
96679, 10
96680, 10
96681, 10
96682, 10
96683, 10
96684, 10
96685, 10
96686, 10
96687, 10
96688, 10
96689, 10
96690, 10
96691, 10
96692, 10
96693, 10
96694, 10
96695, 10
96696, 10
96697, 10
96698, 10
96699, 10
96700, 10
96701, 10
96702, 10
96703, 10
96704, 10
96705, 10
96706, 10
96707, 10
96708, 10
96709, 10
96710, 10
96711, 10
96712, 10
96713, 10
96714, 10
96715, 10
96716, 10
96717, 10
96718, 10
96719, 10
96720, 10
96721, 9
96722, 9
96723, 9
96724, 9
96725, 9
96726, 9
96727, 9
96728, 9
96729, 9
96730, 9
96731, 9
96732, 9
96733, 9
96734, 9
96735, 9
96736, 9
96737, 9
96738, 9
96739, 9
96740, 9
96741, 9
96742, 9
96743, 9
96744, 9
96745, 9
96746, 9
96747, 9
96748, 9
96749, 9
96750, 9
96751, 9
96752, 9
96753, 9
96754, 9
96755, 9
96756, 9
96757, 9
96758, 9
96759, 9
96760, 9
96761, 9
96762, 9
96763, 9
96764, 9
96765, 9
96766, 9
96767, 9
96768, 9
96769, 9
96770, 9
96771, 9
96772, 9
96773, 9
96774, 9
96775, 9
96776, 9
96777, 9
96778, 9
96779, 9
96780, 9
96781, 9
96782, 9
96783, 9
96784, 9
96785, 9
96786, 9
96787, 9
96788, 9
96789, 9
96790, 9
96791, 9
96792, 9
96793, 9
96794, 9
96795, 9
96796, 9
96797, 9
96798, 9
96799, 9
96800, 9
96801, 9
96802, 9
96803, 9
96804, 9
96805, 9
96806, 9
96807, 10
96808, 10
96809, 10
96810, 10
96811, 10
96812, 10
96813, 10
96814, 10
96815, 10
96816, 10
96817, 10
96818, 10
96819, 10
96820, 10
96821, 10
96822, 10
96823, 10
96824, 10
96825, 10
96826, 10
96827, 10
96828, 10
96829, 10
96830, 10
96831, 10
96832, 10
96833, 10
96834, 10
96835, 10
96836, 10
96837, 10
96838, 10
96839, 10
96840, 10
96841, 10
96842, 10
96843, 10
96844, 10
96845, 10
96846, 10
96847, 10
96848, 10
96849, 10
96850, 10
96851, 10
96852, 10
96853, 10
96854, 10
96855, 10
96856, 10
96857, 10
96858, 10
96859, 10
96860, 10
96861, 10
96862, 10
96863, 10
96864, 10
96865, 10
96866, 10
96867, 10
96868, 10
96869, 10
96870, 10
96871, 10
96872, 10
96873, 10
96874, 10
96875, 10
96876, 10
96877, 10
96878, 10
96879, 10
96880, 10
96881, 10
96882, 10
96883, 10
96884, 10
96885, 10
96886, 10
96887, 10
96888, 10
96889, 10
96890, 10
96891, 10
96892, 10
96893, 10
96894, 10
96895, 10
96896, 10
96897, 10
96898, 10
96899, 10
96900, 10
96901, 10
96902, 10
96903, 10
96904, 10
96905, 10
96906, 10
96907, 10
96908, 10
96909, 10
96910, 10
96911, 10
96912, 10
96913, 10
96914, 10
96915, 10
96916, 10
96917, 10
96918, 10
96919, 10
96920, 10
96921, 10
96922, 10
96923, 10
96924, 10
96925, 10
96926, 10
96927, 10
96928, 10
96929, 10
96930, 10
96931, 10
96932, 10
96933, 10
96934, 10
96935, 10
96936, 10
96937, 10
96938, 10
96939, 10
96940, 10
96941, 10
96942, 10
96943, 10
96944, 10
96945, 10
96946, 10
96947, 10
96948, 10
96949, 10
96950, 10
96951, 10
96952, 10
96953, 10
96954, 10
96955, 10
96956, 10
96957, 10
96958, 10
96959, 10
96960, 10
96961, 10
96962, 10
96963, 10
96964, 10
96965, 10
96966, 10
96967, 10
96968, 10
96969, 10
96970, 10
96971, 10
96972, 10
96973, 10
96974, 10
96975, 10
96976, 10
96977, 10
96978, 10
96979, 10
96980, 10
96981, 10
96982, 10
96983, 10
96984, 10
96985, 10
96986, 10
96987, 10
96988, 10
96989, 10
96990, 10
96991, 10
96992, 10
96993, 10
96994, 10
96995, 10
96996, 10
96997, 10
96998, 10
96999, 10
97000, 10
97001, 10
97002, 10
97003, 10
97004, 10
97005, 10
97006, 10
97007, 10
97008, 10
97009, 10
97010, 10
97011, 10
97012, 10
97013, 10
97014, 10
97015, 10
97016, 10
97017, 10
97018, 10
97019, 10
97020, 10
97021, 10
97022, 10
97023, 10
97024, 10
97025, 10
97026, 10
97027, 10
97028, 10
97029, 10
97030, 10
97031, 10
97032, 10
97033, 10
97034, 10
97035, 10
97036, 10
97037, 10
97038, 10
97039, 10
97040, 10
97041, 10
97042, 10
97043, 10
97044, 10
97045, 10
97046, 10
97047, 10
97048, 10
97049, 10
97050, 10
97051, 10
97052, 10
97053, 10
97054, 10
97055, 10
97056, 10
97057, 10
97058, 10
97059, 10
97060, 10
97061, 10
97062, 10
97063, 10
97064, 10
97065, 10
97066, 10
97067, 10
97068, 10
97069, 10
97070, 10
97071, 10
97072, 10
97073, 10
97074, 10
97075, 10
97076, 10
97077, 10
97078, 10
97079, 10
97080, 10
97081, 10
97082, 10
97083, 10
97084, 10
97085, 10
97086, 10
97087, 10
97088, 10
97089, 10
97090, 10
97091, 10
97092, 10
97093, 10
97094, 10
97095, 10
97096, 10
97097, 10
97098, 10
97099, 10
97100, 10
97101, 10
97102, 10
97103, 10
97104, 10
97105, 10
97106, 10
97107, 10
97108, 10
97109, 10
97110, 10
97111, 10
97112, 10
97113, 10
97114, 10
97115, 10
97116, 10
97117, 10
97118, 10
97119, 10
97120, 10
97121, 10
97122, 10
97123, 10
97124, 10
97125, 10
97126, 10
97127, 10
97128, 10
97129, 10
97130, 10
97131, 10
97132, 10
97133, 10
97134, 10
97135, 10
97136, 10
97137, 10
97138, 10
97139, 10
97140, 10
97141, 10
97142, 10
97143, 10
97144, 10
97145, 10
97146, 10
97147, 10
97148, 10
97149, 10
97150, 10
97151, 10
97152, 10
97153, 10
97154, 10
97155, 10
97156, 10
97157, 10
97158, 10
97159, 10
97160, 10
97161, 10
97162, 10
97163, 10
97164, 10
97165, 10
97166, 10
97167, 10
97168, 10
97169, 10
97170, 10
97171, 10
97172, 10
97173, 10
97174, 10
97175, 10
97176, 10
97177, 10
97178, 10
97179, 10
97180, 10
97181, 10
97182, 10
97183, 10
97184, 10
97185, 10
97186, 10
97187, 10
97188, 10
97189, 10
97190, 10
97191, 10
97192, 10
97193, 10
97194, 10
97195, 10
97196, 10
97197, 10
97198, 10
97199, 10
97200, 10
97201, 10
97202, 10
97203, 10
97204, 10
97205, 10
97206, 10
97207, 10
97208, 10
97209, 10
97210, 10
97211, 10
97212, 10
97213, 10
97214, 10
97215, 10
97216, 10
97217, 10
97218, 10
97219, 10
97220, 10
97221, 10
97222, 10
97223, 10
97224, 10
97225, 10
97226, 10
97227, 10
97228, 10
97229, 10
97230, 10
97231, 10
97232, 10
97233, 10
97234, 10
97235, 10
97236, 10
97237, 10
97238, 10
97239, 10
97240, 10
97241, 10
97242, 10
97243, 10
97244, 10
97245, 10
97246, 10
97247, 10
97248, 10
97249, 10
97250, 10
97251, 10
97252, 10
97253, 10
97254, 10
97255, 10
97256, 10
97257, 10
97258, 10
97259, 10
97260, 10
97261, 10
97262, 10
97263, 10
97264, 10
97265, 10
97266, 10
97267, 10
97268, 10
97269, 10
97270, 10
97271, 10
97272, 10
97273, 10
97274, 10
97275, 10
97276, 10
97277, 10
97278, 10
97279, 10
97280, 10
97281, 10
97282, 10
97283, 10
97284, 10
97285, 10
97286, 10
97287, 10
97288, 10
97289, 10
97290, 10
97291, 10
97292, 10
97293, 10
97294, 10
97295, 10
97296, 10
97297, 10
97298, 10
97299, 10
97300, 10
97301, 10
97302, 10
97303, 10
97304, 10
97305, 10
97306, 10
97307, 10
97308, 10
97309, 10
97310, 10
97311, 10
97312, 10
97313, 10
97314, 10
97315, 10
97316, 10
97317, 10
97318, 10
97319, 10
97320, 10
97321, 10
97322, 10
97323, 10
97324, 10
97325, 10
97326, 10
97327, 10
97328, 10
97329, 10
97330, 10
97331, 10
97332, 10
97333, 10
97334, 10
97335, 10
97336, 10
97337, 10
97338, 10
97339, 10
97340, 10
97341, 10
97342, 10
97343, 10
97344, 9
97345, 9
97346, 9
97347, 9
97348, 9
97349, 9
97350, 9
97351, 9
97352, 9
97353, 9
97354, 9
97355, 9
97356, 9
97357, 9
97358, 9
97359, 9
97360, 9
97361, 9
97362, 9
97363, 9
97364, 9
97365, 9
97366, 9
97367, 9
97368, 9
97369, 9
97370, 9
97371, 9
97372, 9
97373, 9
97374, 9
97375, 9
97376, 9
97377, 9
97378, 9
97379, 9
97380, 9
97381, 9
97382, 9
97383, 9
97384, 9
97385, 9
97386, 9
97387, 9
97388, 9
97389, 9
97390, 9
97391, 9
97392, 9
97393, 9
97394, 9
97395, 9
97396, 9
97397, 9
97398, 9
97399, 9
97400, 9
97401, 9
97402, 9
97403, 9
97404, 9
97405, 9
97406, 9
97407, 9
97408, 9
97409, 9
97410, 9
97411, 9
97412, 9
97413, 9
97414, 9
97415, 9
97416, 9
97417, 10
97418, 10
97419, 10
97420, 10
97421, 10
97422, 10
97423, 10
97424, 10
97425, 10
97426, 10
97427, 10
97428, 10
97429, 10
97430, 10
97431, 10
97432, 10
97433, 10
97434, 10
97435, 10
97436, 10
97437, 10
97438, 10
97439, 10
97440, 10
97441, 10
97442, 10
97443, 10
97444, 10
97445, 10
97446, 10
97447, 10
97448, 10
97449, 10
97450, 10
97451, 10
97452, 10
97453, 10
97454, 10
97455, 10
97456, 10
97457, 10
97458, 10
97459, 10
97460, 10
97461, 10
97462, 10
97463, 10
97464, 10
97465, 10
97466, 10
97467, 10
97468, 10
97469, 10
97470, 10
97471, 10
97472, 10
97473, 10
97474, 10
97475, 10
97476, 10
97477, 10
97478, 10
97479, 10
97480, 10
97481, 10
97482, 10
97483, 10
97484, 10
97485, 10
97486, 10
97487, 10
97488, 10
97489, 10
97490, 10
97491, 10
97492, 10
97493, 10
97494, 10
97495, 10
97496, 10
97497, 10
97498, 10
97499, 10
97500, 10
97501, 10
97502, 10
97503, 10
97504, 10
97505, 10
97506, 10
97507, 10
97508, 10
97509, 10
97510, 10
97511, 10
97512, 10
97513, 10
97514, 10
97515, 10
97516, 10
97517, 10
97518, 10
97519, 10
97520, 10
97521, 10
97522, 10
97523, 10
97524, 10
97525, 10
97526, 10
97527, 10
97528, 10
97529, 10
97530, 10
97531, 10
97532, 10
97533, 10
97534, 10
97535, 10
97536, 10
97537, 10
97538, 10
97539, 10
97540, 10
97541, 10
97542, 10
97543, 10
97544, 10
97545, 10
97546, 10
97547, 10
97548, 10
97549, 10
97550, 10
97551, 10
97552, 10
97553, 10
97554, 10
97555, 10
97556, 10
97557, 10
97558, 10
97559, 10
97560, 10
97561, 10
97562, 10
97563, 10
97564, 10
97565, 10
97566, 10
97567, 10
97568, 10
97569, 10
97570, 10
97571, 10
97572, 10
97573, 10
97574, 10
97575, 10
97576, 10
97577, 10
97578, 10
97579, 10
97580, 10
97581, 10
97582, 10
97583, 10
97584, 10
97585, 10
97586, 10
97587, 10
97588, 10
97589, 10
97590, 10
97591, 10
97592, 10
97593, 10
97594, 10
97595, 10
97596, 10
97597, 10
97598, 10
97599, 10
97600, 10
97601, 10
97602, 10
97603, 10
97604, 10
97605, 10
97606, 10
97607, 10
97608, 10
97609, 10
97610, 10
97611, 10
97612, 10
97613, 10
97614, 10
97615, 10
97616, 10
97617, 10
97618, 10
97619, 10
97620, 10
97621, 10
97622, 10
97623, 10
97624, 10
97625, 10
97626, 10
97627, 10
97628, 10
97629, 10
97630, 10
97631, 10
97632, 10
97633, 10
97634, 10
97635, 10
97636, 10
97637, 10
97638, 10
97639, 10
97640, 10
97641, 10
97642, 10
97643, 10
97644, 10
97645, 10
97646, 10
97647, 10
97648, 10
97649, 10
97650, 10
97651, 10
97652, 10
97653, 10
97654, 10
97655, 10
97656, 10
97657, 10
97658, 10
97659, 10
97660, 10
97661, 10
97662, 10
97663, 10
97664, 10
97665, 10
97666, 10
97667, 10
97668, 10
97669, 10
97670, 10
97671, 10
97672, 10
97673, 10
97674, 10
97675, 10
97676, 10
97677, 10
97678, 10
97679, 10
97680, 10
97681, 10
97682, 10
97683, 10
97684, 10
97685, 10
97686, 10
97687, 10
97688, 10
97689, 10
97690, 10
97691, 10
97692, 10
97693, 10
97694, 10
97695, 10
97696, 10
97697, 10
97698, 10
97699, 10
97700, 10
97701, 10
97702, 10
97703, 10
97704, 10
97705, 10
97706, 10
97707, 10
97708, 10
97709, 10
97710, 10
97711, 10
97712, 10
97713, 10
97714, 10
97715, 10
97716, 10
97717, 10
97718, 10
97719, 10
97720, 10
97721, 10
97722, 10
97723, 10
97724, 10
97725, 10
97726, 10
97727, 10
97728, 10
97729, 10
97730, 10
97731, 10
97732, 10
97733, 10
97734, 10
97735, 10
97736, 10
97737, 10
97738, 10
97739, 10
97740, 10
97741, 10
97742, 10
97743, 10
97744, 10
97745, 10
97746, 10
97747, 10
97748, 10
97749, 10
97750, 10
97751, 10
97752, 10
97753, 10
97754, 10
97755, 10
97756, 10
97757, 10
97758, 10
97759, 10
97760, 10
97761, 10
97762, 10
97763, 10
97764, 10
97765, 10
97766, 10
97767, 10
97768, 10
97769, 10
97770, 10
97771, 10
97772, 10
97773, 10
97774, 10
97775, 10
97776, 10
97777, 10
97778, 10
97779, 10
97780, 10
97781, 10
97782, 10
97783, 10
97784, 10
97785, 10
97786, 10
97787, 10
97788, 10
97789, 10
97790, 10
97791, 10
97792, 10
97793, 10
97794, 10
97795, 10
97796, 10
97797, 10
97798, 10
97799, 10
97800, 10
97801, 10
97802, 10
97803, 10
97804, 10
97805, 10
97806, 10
97807, 10
97808, 10
97809, 10
97810, 10
97811, 10
97812, 10
97813, 10
97814, 10
97815, 10
97816, 10
97817, 10
97818, 10
97819, 10
97820, 10
97821, 10
97822, 10
97823, 10
97824, 10
97825, 10
97826, 10
97827, 10
97828, 10
97829, 10
97830, 10
97831, 10
97832, 10
97833, 10
97834, 10
97835, 10
97836, 10
97837, 10
97838, 10
97839, 10
97840, 10
97841, 10
97842, 10
97843, 10
97844, 10
97845, 10
97846, 10
97847, 10
97848, 10
97849, 10
97850, 10
97851, 10
97852, 10
97853, 10
97854, 10
97855, 10
97856, 10
97857, 10
97858, 10
97859, 10
97860, 10
97861, 10
97862, 10
97863, 10
97864, 10
97865, 10
97866, 10
97867, 10
97868, 10
97869, 10
97870, 10
97871, 10
97872, 10
97873, 10
97874, 10
97875, 10
97876, 10
97877, 10
97878, 10
97879, 10
97880, 10
97881, 10
97882, 10
97883, 10
97884, 10
97885, 10
97886, 10
97887, 10
97888, 10
97889, 10
97890, 10
97891, 10
97892, 10
97893, 10
97894, 10
97895, 10
97896, 10
97897, 10
97898, 10
97899, 10
97900, 10
97901, 10
97902, 10
97903, 10
97904, 10
97905, 10
97906, 10
97907, 10
97908, 10
97909, 10
97910, 10
97911, 10
97912, 10
97913, 10
97914, 10
97915, 10
97916, 10
97917, 10
97918, 10
97919, 10
97920, 10
97921, 10
97922, 10
97923, 10
97924, 10
97925, 10
97926, 10
97927, 10
97928, 10
97929, 10
97930, 10
97931, 10
97932, 10
97933, 10
97934, 10
97935, 10
97936, 10
97937, 10
97938, 10
97939, 10
97940, 10
97941, 10
97942, 10
97943, 10
97944, 10
97945, 10
97946, 10
97947, 10
97948, 10
97949, 10
97950, 10
97951, 10
97952, 10
97953, 10
97954, 10
97955, 10
97956, 10
97957, 10
97958, 10
97959, 10
97960, 10
97961, 10
97962, 10
97963, 10
97964, 10
97965, 10
97966, 10
97967, 10
97968, 10
97969, 9
97970, 9
97971, 9
97972, 9
97973, 9
97974, 9
97975, 9
97976, 9
97977, 9
97978, 9
97979, 9
97980, 9
97981, 9
97982, 9
97983, 9
97984, 9
97985, 9
97986, 9
97987, 9
97988, 9
97989, 9
97990, 9
97991, 9
97992, 9
97993, 9
97994, 9
97995, 9
97996, 9
97997, 9
97998, 9
97999, 9
98000, 9
98001, 9
98002, 9
98003, 9
98004, 9
98005, 9
98006, 9
98007, 9
98008, 9
98009, 9
98010, 9
98011, 9
98012, 9
98013, 9
98014, 9
98015, 9
98016, 9
98017, 9
98018, 9
98019, 9
98020, 9
98021, 9
98022, 9
98023, 9
98024, 9
98025, 9
98026, 9
98027, 9
98028, 9
98029, 10
98030, 10
98031, 10
98032, 10
98033, 10
98034, 10
98035, 10
98036, 10
98037, 10
98038, 10
98039, 10
98040, 10
98041, 10
98042, 10
98043, 10
98044, 10
98045, 10
98046, 10
98047, 10
98048, 10
98049, 10
98050, 10
98051, 10
98052, 10
98053, 10
98054, 10
98055, 10
98056, 10
98057, 10
98058, 10
98059, 10
98060, 10
98061, 10
98062, 10
98063, 10
98064, 10
98065, 10
98066, 10
98067, 10
98068, 10
98069, 10
98070, 10
98071, 10
98072, 10
98073, 10
98074, 10
98075, 10
98076, 10
98077, 10
98078, 10
98079, 10
98080, 10
98081, 10
98082, 10
98083, 10
98084, 10
98085, 10
98086, 10
98087, 10
98088, 10
98089, 10
98090, 10
98091, 10
98092, 10
98093, 10
98094, 10
98095, 10
98096, 10
98097, 10
98098, 10
98099, 10
98100, 10
98101, 10
98102, 10
98103, 10
98104, 10
98105, 10
98106, 10
98107, 10
98108, 10
98109, 10
98110, 10
98111, 10
98112, 10
98113, 10
98114, 10
98115, 10
98116, 10
98117, 10
98118, 10
98119, 10
98120, 10
98121, 10
98122, 10
98123, 10
98124, 10
98125, 10
98126, 10
98127, 10
98128, 10
98129, 10
98130, 10
98131, 10
98132, 10
98133, 10
98134, 10
98135, 10
98136, 10
98137, 10
98138, 10
98139, 10
98140, 10
98141, 10
98142, 10
98143, 10
98144, 10
98145, 10
98146, 10
98147, 10
98148, 10
98149, 10
98150, 10
98151, 10
98152, 10
98153, 10
98154, 10
98155, 10
98156, 10
98157, 10
98158, 10
98159, 10
98160, 10
98161, 10
98162, 10
98163, 10
98164, 10
98165, 10
98166, 10
98167, 10
98168, 10
98169, 10
98170, 10
98171, 10
98172, 10
98173, 10
98174, 10
98175, 10
98176, 10
98177, 10
98178, 10
98179, 10
98180, 10
98181, 10
98182, 10
98183, 10
98184, 10
98185, 10
98186, 10
98187, 10
98188, 10
98189, 10
98190, 10
98191, 10
98192, 10
98193, 10
98194, 10
98195, 10
98196, 10
98197, 10
98198, 10
98199, 10
98200, 10
98201, 10
98202, 10
98203, 10
98204, 10
98205, 10
98206, 10
98207, 10
98208, 10
98209, 10
98210, 10
98211, 10
98212, 10
98213, 10
98214, 10
98215, 10
98216, 10
98217, 10
98218, 10
98219, 10
98220, 10
98221, 10
98222, 10
98223, 10
98224, 10
98225, 10
98226, 10
98227, 10
98228, 10
98229, 10
98230, 10
98231, 10
98232, 10
98233, 10
98234, 10
98235, 10
98236, 10
98237, 10
98238, 10
98239, 10
98240, 10
98241, 10
98242, 10
98243, 10
98244, 10
98245, 10
98246, 10
98247, 10
98248, 10
98249, 10
98250, 10
98251, 10
98252, 10
98253, 10
98254, 10
98255, 10
98256, 10
98257, 10
98258, 10
98259, 10
98260, 10
98261, 10
98262, 10
98263, 10
98264, 10
98265, 10
98266, 10
98267, 10
98268, 10
98269, 10
98270, 10
98271, 10
98272, 10
98273, 10
98274, 10
98275, 10
98276, 10
98277, 10
98278, 10
98279, 10
98280, 10
98281, 10
98282, 10
98283, 10
98284, 10
98285, 10
98286, 10
98287, 10
98288, 10
98289, 10
98290, 10
98291, 10
98292, 10
98293, 10
98294, 10
98295, 10
98296, 10
98297, 10
98298, 10
98299, 10
98300, 10
98301, 10
98302, 10
98303, 10
98304, 10
98305, 10
98306, 10
98307, 10
98308, 10
98309, 10
98310, 10
98311, 10
98312, 10
98313, 10
98314, 10
98315, 10
98316, 10
98317, 10
98318, 10
98319, 10
98320, 10
98321, 10
98322, 10
98323, 10
98324, 10
98325, 10
98326, 10
98327, 10
98328, 10
98329, 10
98330, 10
98331, 10
98332, 10
98333, 10
98334, 10
98335, 10
98336, 10
98337, 10
98338, 10
98339, 10
98340, 10
98341, 10
98342, 10
98343, 10
98344, 10
98345, 10
98346, 10
98347, 10
98348, 10
98349, 10
98350, 10
98351, 10
98352, 10
98353, 10
98354, 10
98355, 10
98356, 10
98357, 10
98358, 10
98359, 10
98360, 10
98361, 10
98362, 10
98363, 10
98364, 10
98365, 10
98366, 10
98367, 10
98368, 10
98369, 10
98370, 10
98371, 10
98372, 10
98373, 10
98374, 10
98375, 10
98376, 10
98377, 10
98378, 10
98379, 10
98380, 10
98381, 10
98382, 10
98383, 10
98384, 10
98385, 10
98386, 10
98387, 10
98388, 10
98389, 10
98390, 10
98391, 10
98392, 10
98393, 10
98394, 10
98395, 10
98396, 10
98397, 10
98398, 10
98399, 10
98400, 10
98401, 10
98402, 10
98403, 10
98404, 10
98405, 10
98406, 10
98407, 10
98408, 10
98409, 10
98410, 10
98411, 10
98412, 10
98413, 10
98414, 10
98415, 10
98416, 10
98417, 10
98418, 10
98419, 10
98420, 10
98421, 10
98422, 10
98423, 10
98424, 10
98425, 10
98426, 10
98427, 10
98428, 10
98429, 10
98430, 10
98431, 10
98432, 10
98433, 10
98434, 10
98435, 10
98436, 10
98437, 10
98438, 10
98439, 10
98440, 10
98441, 10
98442, 10
98443, 10
98444, 10
98445, 10
98446, 10
98447, 10
98448, 10
98449, 10
98450, 10
98451, 10
98452, 10
98453, 10
98454, 10
98455, 10
98456, 10
98457, 10
98458, 10
98459, 10
98460, 10
98461, 10
98462, 10
98463, 10
98464, 10
98465, 10
98466, 10
98467, 10
98468, 10
98469, 10
98470, 10
98471, 10
98472, 10
98473, 10
98474, 10
98475, 10
98476, 10
98477, 10
98478, 10
98479, 10
98480, 10
98481, 10
98482, 10
98483, 10
98484, 10
98485, 10
98486, 10
98487, 10
98488, 10
98489, 10
98490, 10
98491, 10
98492, 10
98493, 10
98494, 10
98495, 10
98496, 10
98497, 10
98498, 10
98499, 10
98500, 10
98501, 10
98502, 10
98503, 10
98504, 10
98505, 10
98506, 10
98507, 10
98508, 10
98509, 10
98510, 10
98511, 10
98512, 10
98513, 10
98514, 10
98515, 10
98516, 10
98517, 10
98518, 10
98519, 10
98520, 10
98521, 10
98522, 10
98523, 10
98524, 10
98525, 10
98526, 10
98527, 10
98528, 10
98529, 10
98530, 10
98531, 10
98532, 10
98533, 10
98534, 10
98535, 10
98536, 10
98537, 10
98538, 10
98539, 10
98540, 10
98541, 10
98542, 10
98543, 10
98544, 10
98545, 10
98546, 10
98547, 10
98548, 10
98549, 10
98550, 10
98551, 10
98552, 10
98553, 10
98554, 10
98555, 10
98556, 10
98557, 10
98558, 10
98559, 10
98560, 10
98561, 10
98562, 10
98563, 10
98564, 10
98565, 10
98566, 10
98567, 10
98568, 10
98569, 10
98570, 10
98571, 10
98572, 10
98573, 10
98574, 10
98575, 10
98576, 10
98577, 10
98578, 10
98579, 10
98580, 10
98581, 10
98582, 10
98583, 10
98584, 10
98585, 10
98586, 10
98587, 10
98588, 10
98589, 10
98590, 10
98591, 10
98592, 10
98593, 10
98594, 10
98595, 10
98596, 9
98597, 9
98598, 9
98599, 9
98600, 9
98601, 9
98602, 9
98603, 9
98604, 9
98605, 9
98606, 9
98607, 9
98608, 9
98609, 9
98610, 9
98611, 9
98612, 9
98613, 9
98614, 9
98615, 9
98616, 9
98617, 9
98618, 9
98619, 9
98620, 9
98621, 9
98622, 9
98623, 9
98624, 9
98625, 9
98626, 9
98627, 9
98628, 9
98629, 9
98630, 9
98631, 9
98632, 9
98633, 9
98634, 9
98635, 9
98636, 9
98637, 9
98638, 9
98639, 9
98640, 9
98641, 9
98642, 9
98643, 10
98644, 10
98645, 10
98646, 10
98647, 10
98648, 10
98649, 10
98650, 10
98651, 10
98652, 10
98653, 10
98654, 10
98655, 10
98656, 10
98657, 10
98658, 10
98659, 10
98660, 10
98661, 10
98662, 10
98663, 10
98664, 10
98665, 10
98666, 10
98667, 10
98668, 10
98669, 10
98670, 10
98671, 10
98672, 10
98673, 10
98674, 10
98675, 10
98676, 10
98677, 10
98678, 10
98679, 10
98680, 10
98681, 10
98682, 10
98683, 10
98684, 10
98685, 10
98686, 10
98687, 10
98688, 10
98689, 10
98690, 10
98691, 10
98692, 10
98693, 10
98694, 10
98695, 10
98696, 10
98697, 10
98698, 10
98699, 10
98700, 10
98701, 10
98702, 10
98703, 10
98704, 10
98705, 10
98706, 10
98707, 10
98708, 10
98709, 10
98710, 10
98711, 10
98712, 10
98713, 10
98714, 10
98715, 10
98716, 10
98717, 10
98718, 10
98719, 10
98720, 10
98721, 10
98722, 10
98723, 10
98724, 10
98725, 10
98726, 10
98727, 10
98728, 10
98729, 10
98730, 10
98731, 10
98732, 10
98733, 10
98734, 10
98735, 10
98736, 10
98737, 10
98738, 10
98739, 10
98740, 10
98741, 10
98742, 10
98743, 10
98744, 10
98745, 10
98746, 10
98747, 10
98748, 10
98749, 10
98750, 10
98751, 10
98752, 10
98753, 10
98754, 10
98755, 10
98756, 10
98757, 10
98758, 10
98759, 10
98760, 10
98761, 10
98762, 10
98763, 10
98764, 10
98765, 10
98766, 10
98767, 10
98768, 10
98769, 10
98770, 10
98771, 10
98772, 10
98773, 10
98774, 10
98775, 10
98776, 10
98777, 10
98778, 10
98779, 10
98780, 10
98781, 10
98782, 10
98783, 10
98784, 10
98785, 10
98786, 10
98787, 10
98788, 10
98789, 10
98790, 10
98791, 10
98792, 10
98793, 10
98794, 10
98795, 10
98796, 10
98797, 10
98798, 10
98799, 10
98800, 10
98801, 10
98802, 10
98803, 10
98804, 10
98805, 10
98806, 10
98807, 10
98808, 10
98809, 10
98810, 10
98811, 10
98812, 10
98813, 10
98814, 10
98815, 10
98816, 10
98817, 10
98818, 10
98819, 10
98820, 10
98821, 10
98822, 10
98823, 10
98824, 10
98825, 10
98826, 10
98827, 10
98828, 10
98829, 10
98830, 10
98831, 10
98832, 10
98833, 10
98834, 10
98835, 10
98836, 10
98837, 10
98838, 10
98839, 10
98840, 10
98841, 10
98842, 10
98843, 10
98844, 10
98845, 10
98846, 10
98847, 10
98848, 10
98849, 10
98850, 10
98851, 10
98852, 10
98853, 10
98854, 10
98855, 10
98856, 10
98857, 10
98858, 10
98859, 10
98860, 10
98861, 10
98862, 10
98863, 10
98864, 10
98865, 10
98866, 10
98867, 10
98868, 10
98869, 10
98870, 10
98871, 10
98872, 10
98873, 10
98874, 10
98875, 10
98876, 10
98877, 10
98878, 10
98879, 10
98880, 10
98881, 10
98882, 10
98883, 10
98884, 10
98885, 10
98886, 10
98887, 10
98888, 10
98889, 10
98890, 10
98891, 10
98892, 10
98893, 10
98894, 10
98895, 10
98896, 10
98897, 10
98898, 10
98899, 10
98900, 10
98901, 10
98902, 10
98903, 10
98904, 10
98905, 10
98906, 10
98907, 10
98908, 10
98909, 10
98910, 10
98911, 10
98912, 10
98913, 10
98914, 10
98915, 10
98916, 10
98917, 10
98918, 10
98919, 10
98920, 10
98921, 10
98922, 10
98923, 10
98924, 10
98925, 10
98926, 10
98927, 10
98928, 10
98929, 10
98930, 10
98931, 10
98932, 10
98933, 10
98934, 10
98935, 10
98936, 10
98937, 10
98938, 10
98939, 10
98940, 10
98941, 10
98942, 10
98943, 10
98944, 10
98945, 10
98946, 10
98947, 10
98948, 10
98949, 10
98950, 10
98951, 10
98952, 10
98953, 10
98954, 10
98955, 10
98956, 10
98957, 10
98958, 10
98959, 10
98960, 10
98961, 10
98962, 10
98963, 10
98964, 10
98965, 10
98966, 10
98967, 10
98968, 10
98969, 10
98970, 10
98971, 10
98972, 10
98973, 10
98974, 10
98975, 10
98976, 10
98977, 10
98978, 10
98979, 10
98980, 10
98981, 10
98982, 10
98983, 10
98984, 10
98985, 10
98986, 10
98987, 10
98988, 10
98989, 10
98990, 10
98991, 10
98992, 10
98993, 10
98994, 10
98995, 10
98996, 10
98997, 10
98998, 10
98999, 10
99000, 10
99001, 10
99002, 10
99003, 10
99004, 10
99005, 10
99006, 10
99007, 10
99008, 10
99009, 10
99010, 10
99011, 10
99012, 10
99013, 10
99014, 10
99015, 10
99016, 10
99017, 10
99018, 10
99019, 10
99020, 10
99021, 10
99022, 10
99023, 10
99024, 10
99025, 10
99026, 10
99027, 10
99028, 10
99029, 10
99030, 10
99031, 10
99032, 10
99033, 10
99034, 10
99035, 10
99036, 10
99037, 10
99038, 10
99039, 10
99040, 10
99041, 10
99042, 10
99043, 10
99044, 10
99045, 10
99046, 10
99047, 10
99048, 10
99049, 10
99050, 10
99051, 10
99052, 10
99053, 10
99054, 10
99055, 10
99056, 10
99057, 10
99058, 10
99059, 10
99060, 10
99061, 10
99062, 10
99063, 10
99064, 10
99065, 10
99066, 10
99067, 10
99068, 10
99069, 10
99070, 10
99071, 10
99072, 10
99073, 10
99074, 10
99075, 10
99076, 10
99077, 10
99078, 10
99079, 10
99080, 10
99081, 10
99082, 10
99083, 10
99084, 10
99085, 10
99086, 10
99087, 10
99088, 10
99089, 10
99090, 10
99091, 10
99092, 10
99093, 10
99094, 10
99095, 10
99096, 10
99097, 10
99098, 10
99099, 10
99100, 10
99101, 10
99102, 10
99103, 10
99104, 10
99105, 10
99106, 10
99107, 10
99108, 10
99109, 10
99110, 10
99111, 10
99112, 10
99113, 10
99114, 10
99115, 10
99116, 10
99117, 10
99118, 10
99119, 10
99120, 10
99121, 10
99122, 10
99123, 10
99124, 10
99125, 10
99126, 10
99127, 10
99128, 10
99129, 10
99130, 10
99131, 10
99132, 10
99133, 10
99134, 10
99135, 10
99136, 10
99137, 10
99138, 10
99139, 10
99140, 10
99141, 10
99142, 10
99143, 10
99144, 10
99145, 10
99146, 10
99147, 10
99148, 10
99149, 10
99150, 10
99151, 10
99152, 10
99153, 10
99154, 10
99155, 10
99156, 10
99157, 10
99158, 10
99159, 10
99160, 10
99161, 10
99162, 10
99163, 10
99164, 10
99165, 10
99166, 10
99167, 10
99168, 10
99169, 10
99170, 10
99171, 10
99172, 10
99173, 10
99174, 10
99175, 10
99176, 10
99177, 10
99178, 10
99179, 10
99180, 10
99181, 10
99182, 10
99183, 10
99184, 10
99185, 10
99186, 10
99187, 10
99188, 10
99189, 10
99190, 10
99191, 10
99192, 10
99193, 10
99194, 10
99195, 10
99196, 10
99197, 10
99198, 10
99199, 10
99200, 10
99201, 10
99202, 10
99203, 10
99204, 10
99205, 10
99206, 10
99207, 10
99208, 10
99209, 10
99210, 10
99211, 10
99212, 10
99213, 10
99214, 10
99215, 10
99216, 10
99217, 10
99218, 10
99219, 10
99220, 10
99221, 10
99222, 10
99223, 10
99224, 10
99225, 9
99226, 9
99227, 9
99228, 9
99229, 9
99230, 9
99231, 9
99232, 9
99233, 9
99234, 9
99235, 9
99236, 9
99237, 9
99238, 9
99239, 9
99240, 9
99241, 9
99242, 9
99243, 9
99244, 9
99245, 9
99246, 9
99247, 9
99248, 9
99249, 9
99250, 9
99251, 9
99252, 9
99253, 9
99254, 9
99255, 9
99256, 9
99257, 9
99258, 10
99259, 10
99260, 10
99261, 10
99262, 10
99263, 10
99264, 10
99265, 10
99266, 10
99267, 10
99268, 10
99269, 10
99270, 10
99271, 10
99272, 10
99273, 10
99274, 10
99275, 10
99276, 10
99277, 10
99278, 10
99279, 10
99280, 10
99281, 10
99282, 10
99283, 10
99284, 10
99285, 10
99286, 10
99287, 10
99288, 10
99289, 10
99290, 10
99291, 10
99292, 10
99293, 10
99294, 10
99295, 10
99296, 10
99297, 10
99298, 10
99299, 10
99300, 10
99301, 10
99302, 10
99303, 10
99304, 10
99305, 10
99306, 10
99307, 10
99308, 10
99309, 10
99310, 10
99311, 10
99312, 10
99313, 10
99314, 10
99315, 10
99316, 10
99317, 10
99318, 10
99319, 10
99320, 10
99321, 10
99322, 10
99323, 10
99324, 10
99325, 10
99326, 10
99327, 10
99328, 10
99329, 10
99330, 10
99331, 10
99332, 10
99333, 10
99334, 10
99335, 10
99336, 10
99337, 10
99338, 10
99339, 10
99340, 10
99341, 10
99342, 10
99343, 10
99344, 10
99345, 10
99346, 10
99347, 10
99348, 10
99349, 10
99350, 10
99351, 10
99352, 10
99353, 10
99354, 10
99355, 10
99356, 10
99357, 10
99358, 10
99359, 10
99360, 10
99361, 10
99362, 10
99363, 10
99364, 10
99365, 10
99366, 10
99367, 10
99368, 10
99369, 10
99370, 10
99371, 10
99372, 10
99373, 10
99374, 10
99375, 10
99376, 10
99377, 10
99378, 10
99379, 10
99380, 10
99381, 10
99382, 10
99383, 10
99384, 10
99385, 10
99386, 10
99387, 10
99388, 10
99389, 10
99390, 10
99391, 10
99392, 10
99393, 10
99394, 10
99395, 10
99396, 10
99397, 10
99398, 10
99399, 10
99400, 10
99401, 10
99402, 10
99403, 10
99404, 10
99405, 10
99406, 10
99407, 10
99408, 10
99409, 10
99410, 10
99411, 10
99412, 10
99413, 10
99414, 10
99415, 10
99416, 10
99417, 10
99418, 10
99419, 10
99420, 10
99421, 10
99422, 10
99423, 10
99424, 10
99425, 10
99426, 10
99427, 10
99428, 10
99429, 10
99430, 10
99431, 10
99432, 10
99433, 10
99434, 10
99435, 10
99436, 10
99437, 10
99438, 10
99439, 10
99440, 10
99441, 10
99442, 10
99443, 10
99444, 10
99445, 10
99446, 10
99447, 10
99448, 10
99449, 10
99450, 10
99451, 10
99452, 10
99453, 10
99454, 10
99455, 10
99456, 10
99457, 10
99458, 10
99459, 10
99460, 10
99461, 10
99462, 10
99463, 10
99464, 10
99465, 10
99466, 10
99467, 10
99468, 10
99469, 10
99470, 10
99471, 10
99472, 10
99473, 10
99474, 10
99475, 10
99476, 10
99477, 10
99478, 10
99479, 10
99480, 10
99481, 10
99482, 10
99483, 10
99484, 10
99485, 10
99486, 10
99487, 10
99488, 10
99489, 10
99490, 10
99491, 10
99492, 10
99493, 10
99494, 10
99495, 10
99496, 10
99497, 10
99498, 10
99499, 10
99500, 10
99501, 10
99502, 10
99503, 10
99504, 10
99505, 10
99506, 10
99507, 10
99508, 10
99509, 10
99510, 10
99511, 10
99512, 10
99513, 10
99514, 10
99515, 10
99516, 10
99517, 10
99518, 10
99519, 10
99520, 10
99521, 10
99522, 10
99523, 10
99524, 10
99525, 10
99526, 10
99527, 10
99528, 10
99529, 10
99530, 10
99531, 10
99532, 10
99533, 10
99534, 10
99535, 10
99536, 10
99537, 10
99538, 10
99539, 10
99540, 10
99541, 10
99542, 10
99543, 10
99544, 10
99545, 10
99546, 10
99547, 10
99548, 10
99549, 10
99550, 10
99551, 10
99552, 10
99553, 10
99554, 10
99555, 10
99556, 10
99557, 10
99558, 10
99559, 10
99560, 10
99561, 10
99562, 10
99563, 10
99564, 10
99565, 10
99566, 10
99567, 10
99568, 10
99569, 10
99570, 10
99571, 10
99572, 10
99573, 10
99574, 10
99575, 10
99576, 10
99577, 10
99578, 10
99579, 10
99580, 10
99581, 10
99582, 10
99583, 10
99584, 10
99585, 10
99586, 10
99587, 10
99588, 10
99589, 10
99590, 10
99591, 10
99592, 10
99593, 10
99594, 10
99595, 10
99596, 10
99597, 10
99598, 10
99599, 10
99600, 10
99601, 10
99602, 10
99603, 10
99604, 10
99605, 10
99606, 10
99607, 10
99608, 10
99609, 10
99610, 10
99611, 10
99612, 10
99613, 10
99614, 10
99615, 10
99616, 10
99617, 10
99618, 10
99619, 10
99620, 10
99621, 10
99622, 10
99623, 10
99624, 10
99625, 10
99626, 10
99627, 10
99628, 10
99629, 10
99630, 10
99631, 10
99632, 10
99633, 10
99634, 10
99635, 10
99636, 10
99637, 10
99638, 10
99639, 10
99640, 10
99641, 10
99642, 10
99643, 10
99644, 10
99645, 10
99646, 10
99647, 10
99648, 10
99649, 10
99650, 10
99651, 10
99652, 10
99653, 10
99654, 10
99655, 10
99656, 10
99657, 10
99658, 10
99659, 10
99660, 10
99661, 10
99662, 10
99663, 10
99664, 10
99665, 10
99666, 10
99667, 10
99668, 10
99669, 10
99670, 10
99671, 10
99672, 10
99673, 10
99674, 10
99675, 10
99676, 10
99677, 10
99678, 10
99679, 10
99680, 10
99681, 10
99682, 10
99683, 10
99684, 10
99685, 10
99686, 10
99687, 10
99688, 10
99689, 10
99690, 10
99691, 10
99692, 10
99693, 10
99694, 10
99695, 10
99696, 10
99697, 10
99698, 10
99699, 10
99700, 10
99701, 10
99702, 10
99703, 10
99704, 10
99705, 10
99706, 10
99707, 10
99708, 10
99709, 10
99710, 10
99711, 10
99712, 10
99713, 10
99714, 10
99715, 10
99716, 10
99717, 10
99718, 10
99719, 10
99720, 10
99721, 10
99722, 10
99723, 10
99724, 10
99725, 10
99726, 10
99727, 10
99728, 10
99729, 10
99730, 10
99731, 10
99732, 10
99733, 10
99734, 10
99735, 10
99736, 10
99737, 10
99738, 10
99739, 10
99740, 10
99741, 10
99742, 10
99743, 10
99744, 10
99745, 10
99746, 10
99747, 10
99748, 10
99749, 10
99750, 10
99751, 10
99752, 10
99753, 10
99754, 10
99755, 10
99756, 10
99757, 10
99758, 10
99759, 10
99760, 10
99761, 10
99762, 10
99763, 10
99764, 10
99765, 10
99766, 10
99767, 10
99768, 10
99769, 10
99770, 10
99771, 10
99772, 10
99773, 10
99774, 10
99775, 10
99776, 10
99777, 10
99778, 10
99779, 10
99780, 10
99781, 10
99782, 10
99783, 10
99784, 10
99785, 10
99786, 10
99787, 10
99788, 10
99789, 10
99790, 10
99791, 10
99792, 10
99793, 10
99794, 10
99795, 10
99796, 10
99797, 10
99798, 10
99799, 10
99800, 10
99801, 10
99802, 10
99803, 10
99804, 10
99805, 10
99806, 10
99807, 10
99808, 10
99809, 10
99810, 10
99811, 10
99812, 10
99813, 10
99814, 10
99815, 10
99816, 10
99817, 10
99818, 10
99819, 10
99820, 10
99821, 10
99822, 10
99823, 10
99824, 10
99825, 10
99826, 10
99827, 10
99828, 10
99829, 10
99830, 10
99831, 10
99832, 10
99833, 10
99834, 10
99835, 10
99836, 10
99837, 10
99838, 10
99839, 10
99840, 10
99841, 10
99842, 10
99843, 10
99844, 10
99845, 10
99846, 10
99847, 10
99848, 10
99849, 10
99850, 10
99851, 10
99852, 10
99853, 10
99854, 10
99855, 10
99856, 9
99857, 9
99858, 9
99859, 9
99860, 9
99861, 9
99862, 9
99863, 9
99864, 9
99865, 9
99866, 9
99867, 9
99868, 9
99869, 9
99870, 9
99871, 9
99872, 9
99873, 9
99874, 9
99875, 10
99876, 10
99877, 10
99878, 10
99879, 10
99880, 10
99881, 10
99882, 10
99883, 10
99884, 10
99885, 10
99886, 10
99887, 10
99888, 10
99889, 10
99890, 10
99891, 10
99892, 10
99893, 10
99894, 10
99895, 10
99896, 10
99897, 10
99898, 10
99899, 10
99900, 10
99901, 10
99902, 10
99903, 10
99904, 10
99905, 10
99906, 10
99907, 10
99908, 10
99909, 10
99910, 10
99911, 10
99912, 10
99913, 10
99914, 10
99915, 10
99916, 10
99917, 10
99918, 10
99919, 10
99920, 10
99921, 10
99922, 10
99923, 10
99924, 10
99925, 10
99926, 10
99927, 10
99928, 10
99929, 10
99930, 10
99931, 10
99932, 10
99933, 10
99934, 10
99935, 10
99936, 10
99937, 10
99938, 10
99939, 10
99940, 10
99941, 10
99942, 10
99943, 10
99944, 10
99945, 10
99946, 10
99947, 10
99948, 10
99949, 10
99950, 10
99951, 10
99952, 10
99953, 10
99954, 10
99955, 10
99956, 10
99957, 10
99958, 10
99959, 10
99960, 10
99961, 10
99962, 10
99963, 10
99964, 10
99965, 10
99966, 10
99967, 10
99968, 10
99969, 10
99970, 10
99971, 10
99972, 10
99973, 10
99974, 10
99975, 10
99976, 10
99977, 10
99978, 10
99979, 10
99980, 10
99981, 10
99982, 10
99983, 10
99984, 10
99985, 10
99986, 10
99987, 10
99988, 10
99989, 10
99990, 10
99991, 10
99992, 10
99993, 10
99994, 10
99995, 10
99996, 10
99997, 10
99998, 10
99999, 10
