104743,10001
104759,10002
104761,10003
104773,10004
104779,10005
104789,10006
104801,10007
104803,10008
104827,10009
104831,10010
104849,10011
104851,10012
104869,10013
104879,10014
104891,10015
104911,10016
104917,10017
104933,10018
104947,10019
104953,10020
104959,10021
104971,10022
104987,10023
104999,10024
105019,10025
105023,10026
105031,10027
105037,10028
105071,10029
105097,10030
105107,10031
105137,10032
105143,10033
105167,10034
105173,10035
105199,10036
105211,10037
105227,10038
105229,10039
105239,10040
105251,10041
105253,10042
105263,10043
105269,10044
105277,10045
105319,10046
105323,10047
105331,10048
105337,10049
105341,10050
105359,10051
105361,10052
105367,10053
105373,10054
105379,10055
105389,10056
105397,10057
105401,10058
105407,10059
105437,10060
105449,10061
105467,10062
105491,10063
105499,10064
105503,10065
105509,10066
105517,10067
105527,10068
105529,10069
105533,10070
105541,10071
105557,10072
105563,10073
105601,10074
105607,10075
105613,10076
105619,10077
105649,10078
105653,10079
105667,10080
105673,10081
105683,10082
105691,10083
105701,10084
105727,10085
105733,10086
105751,10087
105761,10088
105767,10089
105769,10090
105817,10091
105829,10092
105863,10093
105871,10094
105883,10095
105899,10096
105907,10097
105913,10098
105929,10099
105943,10100
105953,10101
105967,10102
105971,10103
105977,10104
105983,10105
105997,10106
106013,10107
106019,10108
106031,10109
106033,10110
106087,10111
106103,10112
106109,10113
106121,10114
106123,10115
106129,10116
106163,10117
106181,10118
106187,10119
106189,10120
106207,10121
106213,10122
106217,10123
106219,10124
106243,10125
106261,10126
106273,10127
106277,10128
106279,10129
106291,10130
106297,10131
106303,10132
106307,10133
106319,10134
106321,10135
106331,10136
106349,10137
106357,10138
106363,10139
106367,10140
106373,10141
106391,10142
106397,10143
106411,10144
106417,10145
106427,10146
106433,10147
106441,10148
106451,10149
106453,10150
106487,10151
106501,10152
106531,10153
106537,10154
106541,10155
106543,10156
106591,10157
106619,10158
106621,10159
106627,10160
106637,10161
106649,10162
106657,10163
106661,10164
106663,10165
106669,10166
106681,10167
106693,10168
106699,10169
106703,10170
106721,10171
106727,10172
106739,10173
106747,10174
106751,10175
106753,10176
106759,10177
106781,10178
106783,10179
106787,10180
106801,10181
106823,10182
106853,10183
106859,10184
106861,10185
106867,10186
106871,10187
106877,10188
106903,10189
106907,10190
106921,10191
106937,10192
106949,10193
106957,10194
106961,10195
106963,10196
106979,10197
106993,10198
107021,10199
107033,10200
107053,10201
107057,10202
107069,10203
107071,10204
107077,10205
107089,10206
107099,10207
107101,10208
107119,10209
107123,10210
107137,10211
107171,10212
107183,10213
107197,10214
107201,10215
107209,10216
107227,10217
107243,10218
107251,10219
107269,10220
107273,10221
107279,10222
107309,10223
107323,10224
107339,10225
107347,10226
107351,10227
107357,10228
107377,10229
107441,10230
107449,10231
107453,10232
107467,10233
107473,10234
107507,10235
107509,10236
107563,10237
107581,10238
107599,10239
107603,10240
107609,10241
107621,10242
107641,10243
107647,10244
107671,10245
107687,10246
107693,10247
107699,10248
107713,10249
107717,10250
107719,10251
107741,10252
107747,10253
107761,10254
107773,10255
107777,10256
107791,10257
107827,10258
107837,10259
107839,10260
107843,10261
107857,10262
107867,10263
107873,10264
107881,10265
107897,10266
107903,10267
107923,10268
107927,10269
107941,10270
107951,10271
107971,10272
107981,10273
107999,10274
108007,10275
108011,10276
108013,10277
108023,10278
108037,10279
108041,10280
108061,10281
108079,10282
108089,10283
108107,10284
108109,10285
108127,10286
108131,10287
108139,10288
108161,10289
108179,10290
108187,10291
108191,10292
108193,10293
108203,10294
108211,10295
108217,10296
108223,10297
108233,10298
108247,10299
108263,10300
108271,10301
108287,10302
108289,10303
108293,10304
108301,10305
108343,10306
108347,10307
108359,10308
108377,10309
108379,10310
108401,10311
108413,10312
108421,10313
108439,10314
108457,10315
108461,10316
108463,10317
108497,10318
108499,10319
108503,10320
108517,10321
108529,10322
108533,10323
108541,10324
108553,10325
108557,10326
108571,10327
108587,10328
108631,10329
108637,10330
108643,10331
108649,10332
108677,10333
108707,10334
108709,10335
108727,10336
108739,10337
108751,10338
108761,10339
108769,10340
108791,10341
108793,10342
108799,10343
108803,10344
108821,10345
108827,10346
108863,10347
108869,10348
108877,10349
108881,10350
108883,10351
108887,10352
108893,10353
108907,10354
108917,10355
108923,10356
108929,10357
108943,10358
108947,10359
108949,10360
108959,10361
108961,10362
108967,10363
108971,10364
108991,10365
109001,10366
109013,10367
109037,10368
109049,10369
109063,10370
109073,10371
109097,10372
109103,10373
109111,10374
109121,10375
109133,10376
109139,10377
109141,10378
109147,10379
109159,10380
109169,10381
109171,10382
109199,10383
109201,10384
109211,10385
109229,10386
109253,10387
109267,10388
109279,10389
109297,10390
109303,10391
109313,10392
109321,10393
109331,10394
109357,10395
109363,10396
109367,10397
109379,10398
109387,10399
109391,10400
109397,10401
109423,10402
109433,10403
109441,10404
109451,10405
109453,10406
109469,10407
109471,10408
109481,10409
109507,10410
109517,10411
109519,10412
109537,10413
109541,10414
109547,10415
109567,10416
109579,10417
109583,10418
109589,10419
109597,10420
109609,10421
109619,10422
109621,10423
109639,10424
109661,10425
109663,10426
109673,10427
109717,10428
109721,10429
109741,10430
109751,10431
109789,10432
109793,10433
109807,10434
109819,10435
109829,10436
109831,10437
109841,10438
109843,10439
109847,10440
109849,10441
109859,10442
109873,10443
109883,10444
109891,10445
109897,10446
109903,10447
109913,10448
109919,10449
109937,10450
109943,10451
109961,10452
109987,10453
110017,10454
110023,10455
110039,10456
110051,10457
110059,10458
110063,10459
110069,10460
110083,10461
110119,10462
110129,10463
110161,10464
110183,10465
110221,10466
110233,10467
110237,10468
110251,10469
110261,10470
110269,10471
110273,10472
110281,10473
110291,10474
110311,10475
110321,10476
110323,10477
110339,10478
110359,10479
110419,10480
110431,10481
110437,10482
110441,10483
110459,10484
110477,10485
110479,10486
110491,10487
110501,10488
110503,10489
110527,10490
110533,10491
110543,10492
110557,10493
110563,10494
110567,10495
110569,10496
110573,10497
110581,10498
110587,10499
110597,10500
110603,10501
110609,10502
110623,10503
110629,10504
110641,10505
110647,10506
110651,10507
110681,10508
110711,10509
110729,10510
110731,10511
110749,10512
110753,10513
110771,10514
110777,10515
110807,10516
110813,10517
110819,10518
110821,10519
110849,10520
110863,10521
110879,10522
110881,10523
110899,10524
110909,10525
110917,10526
110921,10527
110923,10528
110927,10529
110933,10530
110939,10531
110947,10532
110951,10533
110969,10534
110977,10535
110989,10536
111029,10537
111031,10538
111043,10539
111049,10540
111053,10541
111091,10542
111103,10543
111109,10544
111119,10545
111121,10546
111127,10547
111143,10548
111149,10549
111187,10550
111191,10551
111211,10552
111217,10553
111227,10554
111229,10555
111253,10556
111263,10557
111269,10558
111271,10559
111301,10560
111317,10561
111323,10562
111337,10563
111341,10564
111347,10565
111373,10566
111409,10567
111427,10568
111431,10569
111439,10570
111443,10571
111467,10572
111487,10573
111491,10574
111493,10575
111497,10576
111509,10577
111521,10578
111533,10579
111539,10580
111577,10581
111581,10582
111593,10583
111599,10584
111611,10585
111623,10586
111637,10587
111641,10588
111653,10589
111659,10590
111667,10591
111697,10592
111721,10593
111731,10594
111733,10595
111751,10596
111767,10597
111773,10598
111779,10599
111781,10600
111791,10601
111799,10602
111821,10603
111827,10604
111829,10605
111833,10606
111847,10607
111857,10608
111863,10609
111869,10610
111871,10611
111893,10612
111913,10613
111919,10614
111949,10615
111953,10616
111959,10617
111973,10618
111977,10619
111997,10620
112019,10621
112031,10622
112061,10623
112067,10624
112069,10625
112087,10626
112097,10627
112103,10628
112111,10629
112121,10630
112129,10631
112139,10632
112153,10633
112163,10634
112181,10635
112199,10636
112207,10637
112213,10638
112223,10639
112237,10640
112241,10641
112247,10642
112249,10643
112253,10644
112261,10645
112279,10646
112289,10647
112291,10648
112297,10649
112303,10650
112327,10651
112331,10652
112337,10653
112339,10654
112349,10655
112361,10656
112363,10657
112397,10658
112403,10659
112429,10660
112459,10661
112481,10662
112501,10663
112507,10664
112543,10665
112559,10666
112571,10667
112573,10668
112577,10669
112583,10670
112589,10671
112601,10672
112603,10673
112621,10674
112643,10675
112657,10676
112663,10677
112687,10678
112691,10679
112741,10680
112757,10681
112759,10682
112771,10683
112787,10684
112799,10685
112807,10686
112831,10687
112843,10688
112859,10689
112877,10690
112901,10691
112909,10692
112913,10693
112919,10694
112921,10695
112927,10696
112939,10697
112951,10698
112967,10699
112979,10700
112997,10701
113011,10702
113017,10703
113021,10704
113023,10705
113027,10706
113039,10707
113041,10708
113051,10709
113063,10710
113081,10711
113083,10712
113089,10713
113093,10714
113111,10715
113117,10716
113123,10717
113131,10718
113143,10719
113147,10720
113149,10721
113153,10722
113159,10723
113161,10724
113167,10725
113171,10726
113173,10727
113177,10728
113189,10729
113209,10730
113213,10731
113227,10732
113233,10733
113279,10734
113287,10735
113327,10736
113329,10737
113341,10738
113357,10739
113359,10740
113363,10741
113371,10742
113381,10743
113383,10744
113417,10745
113437,10746
113453,10747
113467,10748
113489,10749
113497,10750
113501,10751
113513,10752
113537,10753
113539,10754
113557,10755
113567,10756
113591,10757
113621,10758
113623,10759
113647,10760
113657,10761
113683,10762
113717,10763
113719,10764
113723,10765
113731,10766
113749,10767
113759,10768
113761,10769
113777,10770
113779,10771
113783,10772
113797,10773
113809,10774
113819,10775
113837,10776
113843,10777
113891,10778
113899,10779
113903,10780
113909,10781
113921,10782
113933,10783
113947,10784
113957,10785
113963,10786
113969,10787
113983,10788
113989,10789
114001,10790
114013,10791
114031,10792
114041,10793
114043,10794
114067,10795
114073,10796
114077,10797
114083,10798
114089,10799
114113,10800
114143,10801
114157,10802
114161,10803
114167,10804
114193,10805
114197,10806
114199,10807
114203,10808
114217,10809
114221,10810
114229,10811
114259,10812
114269,10813
114277,10814
114281,10815
114299,10816
114311,10817
114319,10818
114329,10819
114343,10820
114371,10821
114377,10822
114407,10823
114419,10824
114451,10825
114467,10826
114473,10827
114479,10828
114487,10829
114493,10830
114547,10831
114553,10832
114571,10833
114577,10834
114593,10835
114599,10836
114601,10837
114613,10838
114617,10839
114641,10840
114643,10841
114649,10842
114659,10843
114661,10844
114671,10845
114679,10846
114689,10847
114691,10848
114713,10849
114743,10850
114749,10851
114757,10852
114761,10853
114769,10854
114773,10855
114781,10856
114797,10857
114799,10858
114809,10859
114827,10860
114833,10861
114847,10862
114859,10863
114883,10864
114889,10865
114901,10866
114913,10867
114941,10868
114967,10869
114973,10870
114997,10871
115001,10872
115013,10873
115019,10874
115021,10875
115057,10876
115061,10877
115067,10878
115079,10879
115099,10880
115117,10881
115123,10882
115127,10883
115133,10884
115151,10885
115153,10886
115163,10887
115183,10888
115201,10889
115211,10890
115223,10891
115237,10892
115249,10893
115259,10894
115279,10895
115301,10896
115303,10897
115309,10898
115319,10899
115321,10900
115327,10901
115331,10902
115337,10903
115343,10904
115361,10905
115363,10906
115399,10907
115421,10908
115429,10909
115459,10910
115469,10911
115471,10912
115499,10913
115513,10914
115523,10915
115547,10916
115553,10917
115561,10918
115571,10919
115589,10920
115597,10921
115601,10922
115603,10923
115613,10924
115631,10925
115637,10926
115657,10927
115663,10928
115679,10929
115693,10930
115727,10931
115733,10932
115741,10933
115751,10934
115757,10935
115763,10936
115769,10937
115771,10938
115777,10939
115781,10940
115783,10941
115793,10942
115807,10943
115811,10944
115823,10945
115831,10946
115837,10947
115849,10948
115853,10949
115859,10950
115861,10951
115873,10952
115877,10953
115879,10954
115883,10955
115891,10956
115901,10957
115903,10958
115931,10959
115933,10960
115963,10961
115979,10962
115981,10963
115987,10964
116009,10965
116027,10966
116041,10967
116047,10968
116089,10969
116099,10970
116101,10971
116107,10972
116113,10973
116131,10974
116141,10975
116159,10976
116167,10977
116177,10978
116189,10979
116191,10980
116201,10981
116239,10982
116243,10983
116257,10984
116269,10985
116273,10986
116279,10987
116293,10988
116329,10989
116341,10990
116351,10991
116359,10992
116371,10993
116381,10994
116387,10995
116411,10996
116423,10997
116437,10998
116443,10999
116447,11000
116461,11001
116471,11002
116483,11003
116491,11004
116507,11005
116531,11006
116533,11007
116537,11008
116539,11009
116549,11010
116579,11011
116593,11012
116639,11013
116657,11014
116663,11015
116681,11016
116687,11017
116689,11018
116707,11019
116719,11020
116731,11021
116741,11022
116747,11023
116789,11024
116791,11025
116797,11026
116803,11027
116819,11028
116827,11029
116833,11030
116849,11031
116867,11032
116881,11033
116903,11034
116911,11035
116923,11036
116927,11037
116929,11038
116933,11039
116953,11040
116959,11041
116969,11042
116981,11043
116989,11044
116993,11045
117017,11046
117023,11047
117037,11048
117041,11049
117043,11050
117053,11051
117071,11052
117101,11053
117109,11054
117119,11055
117127,11056
117133,11057
117163,11058
117167,11059
117191,11060
117193,11061
117203,11062
117209,11063
117223,11064
117239,11065
117241,11066
117251,11067
117259,11068
117269,11069
117281,11070
117307,11071
117319,11072
117329,11073
117331,11074
117353,11075
117361,11076
117371,11077
117373,11078
117389,11079
117413,11080
117427,11081
117431,11082
117437,11083
117443,11084
117497,11085
117499,11086
117503,11087
117511,11088
117517,11089
117529,11090
117539,11091
117541,11092
117563,11093
117571,11094
117577,11095
117617,11096
117619,11097
117643,11098
117659,11099
117671,11100
117673,11101
117679,11102
117701,11103
117703,11104
117709,11105
117721,11106
117727,11107
117731,11108
117751,11109
117757,11110
117763,11111
117773,11112
117779,11113
117787,11114
117797,11115
117809,11116
117811,11117
117833,11118
117839,11119
117841,11120
117851,11121
117877,11122
117881,11123
117883,11124
117889,11125
117899,11126
117911,11127
117917,11128
117937,11129
117959,11130
117973,11131
117977,11132
117979,11133
117989,11134
117991,11135
118033,11136
118037,11137
118043,11138
118051,11139
118057,11140
118061,11141
118081,11142
118093,11143
118127,11144
118147,11145
118163,11146
118169,11147
118171,11148
118189,11149
118211,11150
118213,11151
118219,11152
118247,11153
118249,11154
118253,11155
118259,11156
118273,11157
118277,11158
118297,11159
118343,11160
118361,11161
118369,11162
118373,11163
118387,11164
118399,11165
118409,11166
118411,11167
118423,11168
118429,11169
118453,11170
118457,11171
118463,11172
118471,11173
118493,11174
118529,11175
118543,11176
118549,11177
118571,11178
118583,11179
118589,11180
118603,11181
118619,11182
118621,11183
118633,11184
118661,11185
118669,11186
118673,11187
118681,11188
118687,11189
118691,11190
118709,11191
118717,11192
118739,11193
118747,11194
118751,11195
118757,11196
118787,11197
118799,11198
118801,11199
118819,11200
118831,11201
118843,11202
118861,11203
118873,11204
118891,11205
118897,11206
118901,11207
118903,11208
118907,11209
118913,11210
118927,11211
118931,11212
118967,11213
118973,11214
119027,11215
119033,11216
119039,11217
119047,11218
119057,11219
119069,11220
119083,11221
119087,11222
119089,11223
119099,11224
119101,11225
119107,11226
119129,11227
119131,11228
119159,11229
119173,11230
119179,11231
119183,11232
119191,11233
119227,11234
119233,11235
119237,11236
119243,11237
119267,11238
119291,11239
119293,11240
119297,11241
119299,11242
119311,11243
119321,11244
119359,11245
119363,11246
119389,11247
119417,11248
119419,11249
119429,11250
119447,11251
119489,11252
119503,11253
119513,11254
119533,11255
119549,11256
119551,11257
119557,11258
119563,11259
119569,11260
119591,11261
119611,11262
119617,11263
119627,11264
119633,11265
119653,11266
119657,11267
119659,11268
119671,11269
119677,11270
119687,11271
119689,11272
119699,11273
119701,11274
119723,11275
119737,11276
119747,11277
119759,11278
119771,11279
119773,11280
119783,11281
119797,11282
119809,11283
119813,11284
119827,11285
119831,11286
119839,11287
119849,11288
119851,11289
119869,11290
119881,11291
119891,11292
119921,11293
119923,11294
119929,11295
119953,11296
119963,11297
119971,11298
119981,11299
119983,11300
119993,11301
120011,11302
120017,11303
120041,11304
120047,11305
120049,11306
120067,11307
120077,11308
120079,11309
120091,11310
120097,11311
120103,11312
120121,11313
120157,11314
120163,11315
120167,11316
120181,11317
120193,11318
120199,11319
120209,11320
120223,11321
120233,11322
120247,11323
120277,11324
120283,11325
120293,11326
120299,11327
120319,11328
120331,11329
120349,11330
120371,11331
120383,11332
120391,11333
120397,11334
120401,11335
120413,11336
120427,11337
120431,11338
120473,11339
120503,11340
120511,11341
120539,11342
120551,11343
120557,11344
120563,11345
120569,11346
120577,11347
120587,11348
120607,11349
120619,11350
120623,11351
120641,11352
120647,11353
120661,11354
120671,11355
120677,11356
120689,11357
120691,11358
120709,11359
120713,11360
120721,11361
120737,11362
120739,11363
120749,11364
120763,11365
120767,11366
120779,11367
120811,11368
120817,11369
120823,11370
120829,11371
120833,11372
120847,11373
120851,11374
120863,11375
120871,11376
120877,11377
120889,11378
120899,11379
120907,11380
120917,11381
120919,11382
120929,11383
120937,11384
120941,11385
120943,11386
120947,11387
120977,11388
120997,11389
121001,11390
121007,11391
121013,11392
121019,11393
121021,11394
121039,11395
121061,11396
121063,11397
121067,11398
121081,11399
121123,11400
121139,11401
121151,11402
121157,11403
121169,11404
121171,11405
121181,11406
121189,11407
121229,11408
121259,11409
121267,11410
121271,11411
121283,11412
121291,11413
121309,11414
121313,11415
121321,11416
121327,11417
121333,11418
121343,11419
121349,11420
121351,11421
121357,11422
121367,11423
121369,11424
121379,11425
121403,11426
121421,11427
121439,11428
121441,11429
121447,11430
121453,11431
121469,11432
121487,11433
121493,11434
121501,11435
121507,11436
121523,11437
121531,11438
121547,11439
121553,11440
121559,11441
121571,11442
121577,11443
121579,11444
121591,11445
121607,11446
121609,11447
121621,11448
121631,11449
121633,11450
121637,11451
121661,11452
121687,11453
121697,11454
121711,11455
121721,11456
121727,11457
121763,11458
121787,11459
121789,11460
121843,11461
121853,11462
121867,11463
121883,11464
121889,11465
121909,11466
121921,11467
121931,11468
121937,11469
121949,11470
121951,11471
121963,11472
121967,11473
121993,11474
121997,11475
122011,11476
122021,11477
122027,11478
122029,11479
122033,11480
122039,11481
122041,11482
122051,11483
122053,11484
122069,11485
122081,11486
122099,11487
122117,11488
122131,11489
122147,11490
122149,11491
122167,11492
122173,11493
122201,11494
122203,11495
122207,11496
122209,11497
122219,11498
122231,11499
122251,11500
122263,11501
122267,11502
122273,11503
122279,11504
122299,11505
122321,11506
122323,11507
122327,11508
122347,11509
122363,11510
122387,11511
122389,11512
122393,11513
122399,11514
122401,11515
122443,11516
122449,11517
122453,11518
122471,11519
122477,11520
122489,11521
122497,11522
122501,11523
122503,11524
122509,11525
122527,11526
122533,11527
122557,11528
122561,11529
122579,11530
122597,11531
122599,11532
122609,11533
122611,11534
122651,11535
122653,11536
122663,11537
122693,11538
122701,11539
122719,11540
122741,11541
122743,11542
122753,11543
122761,11544
122777,11545
122789,11546
122819,11547
122827,11548
122833,11549
122839,11550
122849,11551
122861,11552
122867,11553
122869,11554
122887,11555
122891,11556
122921,11557
122929,11558
122939,11559
122953,11560
122957,11561
122963,11562
122971,11563
123001,11564
123007,11565
123017,11566
123031,11567
123049,11568
123059,11569
123077,11570
123083,11571
123091,11572
123113,11573
123121,11574
123127,11575
123143,11576
123169,11577
123191,11578
123203,11579
123209,11580
123217,11581
123229,11582
123239,11583
123259,11584
123269,11585
123289,11586
123307,11587
123311,11588
123323,11589
123341,11590
123373,11591
123377,11592
123379,11593
123397,11594
123401,11595
123407,11596
123419,11597
123427,11598
123433,11599
123439,11600
123449,11601
123457,11602
123479,11603
123491,11604
123493,11605
123499,11606
123503,11607
123517,11608
123527,11609
123547,11610
123551,11611
123553,11612
123581,11613
123583,11614
123593,11615
123601,11616
123619,11617
123631,11618
123637,11619
123653,11620
123661,11621
123667,11622
123677,11623
123701,11624
123707,11625
123719,11626
123727,11627
123731,11628
123733,11629
123737,11630
123757,11631
123787,11632
123791,11633
123803,11634
123817,11635
123821,11636
123829,11637
123833,11638
123853,11639
123863,11640
123887,11641
123911,11642
123923,11643
123931,11644
123941,11645
123953,11646
123973,11647
123979,11648
123983,11649
123989,11650
123997,11651
124001,11652
124021,11653
124067,11654
124087,11655
124097,11656
124121,11657
124123,11658
124133,11659
124139,11660
124147,11661
124153,11662
124171,11663
124181,11664
124183,11665
124193,11666
124199,11667
124213,11668
124231,11669
124247,11670
124249,11671
124277,11672
124291,11673
124297,11674
124301,11675
124303,11676
124309,11677
124337,11678
124339,11679
124343,11680
124349,11681
124351,11682
124363,11683
124367,11684
124427,11685
124429,11686
124433,11687
124447,11688
124459,11689
124471,11690
124477,11691
124489,11692
124493,11693
124513,11694
124529,11695
124541,11696
124543,11697
124561,11698
124567,11699
124577,11700
124601,11701
124633,11702
124643,11703
124669,11704
124673,11705
124679,11706
124693,11707
124699,11708
124703,11709
124717,11710
124721,11711
124739,11712
124753,11713
124759,11714
124769,11715
124771,11716
124777,11717
124781,11718
124783,11719
124793,11720
124799,11721
124819,11722
124823,11723
124847,11724
124853,11725
124897,11726
124907,11727
124909,11728
124919,11729
124951,11730
124979,11731
124981,11732
124987,11733
124991,11734
125003,11735
125017,11736
125029,11737
125053,11738
125063,11739
125093,11740
125101,11741
125107,11742
125113,11743
125117,11744
125119,11745
125131,11746
125141,11747
125149,11748
125183,11749
125197,11750
125201,11751
125207,11752
125219,11753
125221,11754
125231,11755
125243,11756
125261,11757
125269,11758
125287,11759
125299,11760
125303,11761
125311,11762
125329,11763
125339,11764
125353,11765
125371,11766
125383,11767
125387,11768
125399,11769
125407,11770
125423,11771
125429,11772
125441,11773
125453,11774
125471,11775
125497,11776
125507,11777
125509,11778
125527,11779
125539,11780
125551,11781
125591,11782
125597,11783
125617,11784
125621,11785
125627,11786
125639,11787
125641,11788
125651,11789
125659,11790
125669,11791
125683,11792
125687,11793
125693,11794
125707,11795
125711,11796
125717,11797
125731,11798
125737,11799
125743,11800
125753,11801
125777,11802
125789,11803
125791,11804
125803,11805
125813,11806
125821,11807
125863,11808
125887,11809
125897,11810
125899,11811
125921,11812
125927,11813
125929,11814
125933,11815
125941,11816
125959,11817
125963,11818
126001,11819
126011,11820
126013,11821
126019,11822
126023,11823
126031,11824
126037,11825
126041,11826
126047,11827
126067,11828
126079,11829
126097,11830
126107,11831
126127,11832
126131,11833
126143,11834
126151,11835
126173,11836
126199,11837
126211,11838
126223,11839
126227,11840
126229,11841
126233,11842
126241,11843
126257,11844
126271,11845
126307,11846
126311,11847
126317,11848
126323,11849
126337,11850
126341,11851
126349,11852
126359,11853
126397,11854
126421,11855
126433,11856
126443,11857
126457,11858
126461,11859
126473,11860
126481,11861
126487,11862
126491,11863
126493,11864
126499,11865
126517,11866
126541,11867
126547,11868
126551,11869
126583,11870
126601,11871
126611,11872
126613,11873
126631,11874
126641,11875
126653,11876
126683,11877
126691,11878
126703,11879
126713,11880
126719,11881
126733,11882
126739,11883
126743,11884
126751,11885
126757,11886
126761,11887
126781,11888
126823,11889
126827,11890
126839,11891
126851,11892
126857,11893
126859,11894
126913,11895
126923,11896
126943,11897
126949,11898
126961,11899
126967,11900
126989,11901
127031,11902
127033,11903
127037,11904
127051,11905
127079,11906
127081,11907
127103,11908
127123,11909
127133,11910
127139,11911
127157,11912
127163,11913
127189,11914
127207,11915
127217,11916
127219,11917
127241,11918
127247,11919
127249,11920
127261,11921
127271,11922
127277,11923
127289,11924
127291,11925
127297,11926
127301,11927
127321,11928
127331,11929
127343,11930
127363,11931
127373,11932
127399,11933
127403,11934
127423,11935
127447,11936
127453,11937
127481,11938
127487,11939
127493,11940
127507,11941
127529,11942
127541,11943
127549,11944
127579,11945
127583,11946
127591,11947
127597,11948
127601,11949
127607,11950
127609,11951
127637,11952
127643,11953
127649,11954
127657,11955
127663,11956
127669,11957
127679,11958
127681,11959
127691,11960
127703,11961
127709,11962
127711,11963
127717,11964
127727,11965
127733,11966
127739,11967
127747,11968
127763,11969
127781,11970
127807,11971
127817,11972
127819,11973
127837,11974
127843,11975
127849,11976
127859,11977
127867,11978
127873,11979
127877,11980
127913,11981
127921,11982
127931,11983
127951,11984
127973,11985
127979,11986
127997,11987
128021,11988
128033,11989
128047,11990
128053,11991
128099,11992
128111,11993
128113,11994
128119,11995
128147,11996
128153,11997
128159,11998
128173,11999
128189,12000
128201,12001
128203,12002
128213,12003
128221,12004
128237,12005
128239,12006
128257,12007
128273,12008
128287,12009
128291,12010
128311,12011
128321,12012
128327,12013
128339,12014
128341,12015
128347,12016
128351,12017
128377,12018
128389,12019
128393,12020
128399,12021
128411,12022
128413,12023
128431,12024
128437,12025
128449,12026
128461,12027
128467,12028
128473,12029
128477,12030
128483,12031
128489,12032
128509,12033
128519,12034
128521,12035
128549,12036
128551,12037
128563,12038
128591,12039
128599,12040
128603,12041
128621,12042
128629,12043
128657,12044
128659,12045
128663,12046
128669,12047
128677,12048
128683,12049
128693,12050
128717,12051
128747,12052
128749,12053
128761,12054
128767,12055
128813,12056
128819,12057
128831,12058
128833,12059
128837,12060
128857,12061
128861,12062
128873,12063
128879,12064
128903,12065
128923,12066
128939,12067
128941,12068
128951,12069
128959,12070
128969,12071
128971,12072
128981,12073
128983,12074
128987,12075
128993,12076
129001,12077
129011,12078
129023,12079
129037,12080
129049,12081
129061,12082
129083,12083
129089,12084
129097,12085
129113,12086
129119,12087
129121,12088
129127,12089
129169,12090
129187,12091
129193,12092
129197,12093
129209,12094
129221,12095
129223,12096
129229,12097
129263,12098
129277,12099
129281,12100
129287,12101
129289,12102
129293,12103
129313,12104
129341,12105
129347,12106
129361,12107
129379,12108
129401,12109
129403,12110
129419,12111
129439,12112
129443,12113
129449,12114
129457,12115
129461,12116
129469,12117
129491,12118
129497,12119
129499,12120
129509,12121
129517,12122
129527,12123
129529,12124
129533,12125
129539,12126
129553,12127
129581,12128
129587,12129
129589,12130
129593,12131
129607,12132
129629,12133
129631,12134
129641,12135
129643,12136
129671,12137
129707,12138
129719,12139
129733,12140
129737,12141
129749,12142
129757,12143
129763,12144
129769,12145
129793,12146
129803,12147
129841,12148
129853,12149
129887,12150
129893,12151
129901,12152
129917,12153
129919,12154
129937,12155
129953,12156
129959,12157
129967,12158
129971,12159
130003,12160
130021,12161
130027,12162
130043,12163
130051,12164
130057,12165
130069,12166
130073,12167
130079,12168
130087,12169
130099,12170
130121,12171
130127,12172
130147,12173
130171,12174
130183,12175
130199,12176
130201,12177
130211,12178
130223,12179
130241,12180
130253,12181
130259,12182
130261,12183
130267,12184
130279,12185
130303,12186
130307,12187
130337,12188
130343,12189
130349,12190
130363,12191
130367,12192
130369,12193
130379,12194
130399,12195
130409,12196
130411,12197
130423,12198
130439,12199
130447,12200
130457,12201
130469,12202
130477,12203
130483,12204
130489,12205
130513,12206
130517,12207
130523,12208
130531,12209
130547,12210
130553,12211
130579,12212
130589,12213
130619,12214
130621,12215
130631,12216
130633,12217
130639,12218
130643,12219
130649,12220
130651,12221
130657,12222
130681,12223
130687,12224
130693,12225
130699,12226
130729,12227
130769,12228
130783,12229
130787,12230
130807,12231
130811,12232
130817,12233
130829,12234
130841,12235
130843,12236
130859,12237
130873,12238
130927,12239
130957,12240
130969,12241
130973,12242
130981,12243
130987,12244
131009,12245
131011,12246
131023,12247
131041,12248
131059,12249
131063,12250
131071,12251
131101,12252
131111,12253
131113,12254
131129,12255
131143,12256
131149,12257
131171,12258
131203,12259
131213,12260
131221,12261
131231,12262
131249,12263
131251,12264
131267,12265
131293,12266
131297,12267
131303,12268
131311,12269
131317,12270
131321,12271
131357,12272
131363,12273
131371,12274
131381,12275
131413,12276
131431,12277
131437,12278
131441,12279
131447,12280
131449,12281
131477,12282
131479,12283
131489,12284
131497,12285
131501,12286
131507,12287
131519,12288
131543,12289
131561,12290
131581,12291
131591,12292
131611,12293
131617,12294
131627,12295
131639,12296
131641,12297
131671,12298
131687,12299
131701,12300
131707,12301
131711,12302
131713,12303
131731,12304
131743,12305
131749,12306
131759,12307
131771,12308
131777,12309
131779,12310
131783,12311
131797,12312
131837,12313
131839,12314
131849,12315
131861,12316
131891,12317
131893,12318
131899,12319
131909,12320
131927,12321
131933,12322
131939,12323
131941,12324
131947,12325
131959,12326
131969,12327
132001,12328
132019,12329
132047,12330
132049,12331
132059,12332
132071,12333
132103,12334
132109,12335
132113,12336
132137,12337
132151,12338
132157,12339
132169,12340
132173,12341
132199,12342
132229,12343
132233,12344
132241,12345
132247,12346
132257,12347
132263,12348
132283,12349
132287,12350
132299,12351
132313,12352
132329,12353
132331,12354
132347,12355
132361,12356
132367,12357
132371,12358
132383,12359
132403,12360
132409,12361
132421,12362
132437,12363
132439,12364
132469,12365
132491,12366
132499,12367
132511,12368
132523,12369
132527,12370
132529,12371
132533,12372
132541,12373
132547,12374
132589,12375
132607,12376
132611,12377
132619,12378
132623,12379
132631,12380
132637,12381
132647,12382
132661,12383
132667,12384
132679,12385
132689,12386
132697,12387
132701,12388
132707,12389
132709,12390
132721,12391
132739,12392
132749,12393
132751,12394
132757,12395
132761,12396
132763,12397
132817,12398
132833,12399
132851,12400
132857,12401
132859,12402
132863,12403
132887,12404
132893,12405
132911,12406
132929,12407
132947,12408
132949,12409
132953,12410
132961,12411
132967,12412
132971,12413
132989,12414
133013,12415
133033,12416
133039,12417
133051,12418
133069,12419
133073,12420
133087,12421
133097,12422
133103,12423
133109,12424
133117,12425
133121,12426
133153,12427
133157,12428
133169,12429
133183,12430
133187,12431
133201,12432
133213,12433
133241,12434
133253,12435
133261,12436
133271,12437
133277,12438
133279,12439
133283,12440
133303,12441
133319,12442
133321,12443
133327,12444
133337,12445
133349,12446
133351,12447
133379,12448
133387,12449
133391,12450
133403,12451
133417,12452
133439,12453
133447,12454
133451,12455
133481,12456
133493,12457
133499,12458
133519,12459
133541,12460
133543,12461
133559,12462
133571,12463
133583,12464
133597,12465
133631,12466
133633,12467
133649,12468
133657,12469
133669,12470
133673,12471
133691,12472
133697,12473
133709,12474
133711,12475
133717,12476
133723,12477
133733,12478
133769,12479
133781,12480
133801,12481
133811,12482
133813,12483
133831,12484
133843,12485
133853,12486
133873,12487
133877,12488
133919,12489
133949,12490
133963,12491
133967,12492
133979,12493
133981,12494
133993,12495
133999,12496
134033,12497
134039,12498
134047,12499
134053,12500
134059,12501
134077,12502
134081,12503
134087,12504
134089,12505
134093,12506
134129,12507
134153,12508
134161,12509
134171,12510
134177,12511
134191,12512
134207,12513
134213,12514
134219,12515
134227,12516
134243,12517
134257,12518
134263,12519
134269,12520
134287,12521
134291,12522
134293,12523
134327,12524
134333,12525
134339,12526
134341,12527
134353,12528
134359,12529
134363,12530
134369,12531
134371,12532
134399,12533
134401,12534
134417,12535
134437,12536
134443,12537
134471,12538
134489,12539
134503,12540
134507,12541
134513,12542
134581,12543
134587,12544
134591,12545
134593,12546
134597,12547
134609,12548
134639,12549
134669,12550
134677,12551
134681,12552
134683,12553
134699,12554
134707,12555
134731,12556
134741,12557
134753,12558
134777,12559
134789,12560
134807,12561
134837,12562
134839,12563
134851,12564
134857,12565
134867,12566
134873,12567
134887,12568
134909,12569
134917,12570
134921,12571
134923,12572
134947,12573
134951,12574
134989,12575
134999,12576
135007,12577
135017,12578
135019,12579
135029,12580
135043,12581
135049,12582
135059,12583
135077,12584
135089,12585
135101,12586
135119,12587
135131,12588
135151,12589
135173,12590
135181,12591
135193,12592
135197,12593
135209,12594
135211,12595
135221,12596
135241,12597
135257,12598
135271,12599
135277,12600
135281,12601
135283,12602
135301,12603
135319,12604
135329,12605
135347,12606
135349,12607
135353,12608
135367,12609
135389,12610
135391,12611
135403,12612
135409,12613
135427,12614
135431,12615
135433,12616
135449,12617
135461,12618
135463,12619
135467,12620
135469,12621
135479,12622
135497,12623
135511,12624
135533,12625
135559,12626
135571,12627
135581,12628
135589,12629
135593,12630
135599,12631
135601,12632
135607,12633
135613,12634
135617,12635
135623,12636
135637,12637
135647,12638
135649,12639
135661,12640
135671,12641
135697,12642
135701,12643
135719,12644
135721,12645
135727,12646
135731,12647
135743,12648
135757,12649
135781,12650
135787,12651
135799,12652
135829,12653
135841,12654
135851,12655
135859,12656
135887,12657
135893,12658
135899,12659
135911,12660
135913,12661
135929,12662
135937,12663
135977,12664
135979,12665
136013,12666
136027,12667
136033,12668
136043,12669
136057,12670
136067,12671
136069,12672
136093,12673
136099,12674
136111,12675
136133,12676
136139,12677
136163,12678
136177,12679
136189,12680
136193,12681
136207,12682
136217,12683
136223,12684
136237,12685
136247,12686
136261,12687
136273,12688
136277,12689
136303,12690
136309,12691
136319,12692
136327,12693
136333,12694
136337,12695
136343,12696
136351,12697
136361,12698
136373,12699
136379,12700
136393,12701
136397,12702
136399,12703
136403,12704
136417,12705
136421,12706
136429,12707
136447,12708
136453,12709
136463,12710
136471,12711
136481,12712
136483,12713
136501,12714
136511,12715
136519,12716
136523,12717
136531,12718
136537,12719
136541,12720
136547,12721
136559,12722
136573,12723
136601,12724
136603,12725
136607,12726
136621,12727
136649,12728
136651,12729
136657,12730
136691,12731
136693,12732
136709,12733
136711,12734
136727,12735
136733,12736
136739,12737
136751,12738
136753,12739
136769,12740
136777,12741
136811,12742
136813,12743
136841,12744
136849,12745
136859,12746
136861,12747
136879,12748
136883,12749
136889,12750
136897,12751
136943,12752
136949,12753
136951,12754
136963,12755
136973,12756
136979,12757
136987,12758
136991,12759
136993,12760
136999,12761
137029,12762
137077,12763
137087,12764
137089,12765
137117,12766
137119,12767
137131,12768
137143,12769
137147,12770
137153,12771
137177,12772
137183,12773
137191,12774
137197,12775
137201,12776
137209,12777
137219,12778
137239,12779
137251,12780
137273,12781
137279,12782
137303,12783
137321,12784
137339,12785
137341,12786
137353,12787
137359,12788
137363,12789
137369,12790
137383,12791
137387,12792
137393,12793
137399,12794
137413,12795
137437,12796
137443,12797
137447,12798
137453,12799
137477,12800
137483,12801
137491,12802
137507,12803
137519,12804
137537,12805
137567,12806
137573,12807
137587,12808
137593,12809
137597,12810
137623,12811
137633,12812
137639,12813
137653,12814
137659,12815
137699,12816
137707,12817
137713,12818
137723,12819
137737,12820
137743,12821
137771,12822
137777,12823
137791,12824
137803,12825
137827,12826
137831,12827
137849,12828
137867,12829
137869,12830
137873,12831
137909,12832
137911,12833
137927,12834
137933,12835
137941,12836
137947,12837
137957,12838
137983,12839
137993,12840
137999,12841
138007,12842
138041,12843
138053,12844
138059,12845
138071,12846
138077,12847
138079,12848
138101,12849
138107,12850
138113,12851
138139,12852
138143,12853
138157,12854
138163,12855
138179,12856
138181,12857
138191,12858
138197,12859
138209,12860
138239,12861
138241,12862
138247,12863
138251,12864
138283,12865
138289,12866
138311,12867
138319,12868
138323,12869
138337,12870
138349,12871
138371,12872
138373,12873
138389,12874
138401,12875
138403,12876
138407,12877
138427,12878
138433,12879
138449,12880
138451,12881
138461,12882
138469,12883
138493,12884
138497,12885
138511,12886
138517,12887
138547,12888
138559,12889
138563,12890
138569,12891
138571,12892
138577,12893
138581,12894
138587,12895
138599,12896
138617,12897
138629,12898
138637,12899
138641,12900
138647,12901
138661,12902
138679,12903
138683,12904
138727,12905
138731,12906
138739,12907
138763,12908
138793,12909
138797,12910
138799,12911
138821,12912
138829,12913
138841,12914
138863,12915
138869,12916
138883,12917
138889,12918
138893,12919
138899,12920
138917,12921
138923,12922
138937,12923
138959,12924
138967,12925
138977,12926
139021,12927
139033,12928
139067,12929
139079,12930
139091,12931
139109,12932
139121,12933
139123,12934
139133,12935
139169,12936
139177,12937
139187,12938
139199,12939
139201,12940
139241,12941
139267,12942
139273,12943
139291,12944
139297,12945
139301,12946
139303,12947
139309,12948
139313,12949
139333,12950
139339,12951
139343,12952
139361,12953
139367,12954
139369,12955
139387,12956
139393,12957
139397,12958
139409,12959
139423,12960
139429,12961
139439,12962
139457,12963
139459,12964
139483,12965
139487,12966
139493,12967
139501,12968
139511,12969
139537,12970
139547,12971
139571,12972
139589,12973
139591,12974
139597,12975
139609,12976
139619,12977
139627,12978
139661,12979
139663,12980
139681,12981
139697,12982
139703,12983
139709,12984
139721,12985
139729,12986
139739,12987
139747,12988
139753,12989
139759,12990
139787,12991
139801,12992
139813,12993
139831,12994
139837,12995
139861,12996
139871,12997
139883,12998
139891,12999
139901,13000
139907,13001
139921,13002
139939,13003
139943,13004
139967,13005
139969,13006
139981,13007
139987,13008
139991,13009
139999,13010
140009,13011
140053,13012
140057,13013
140069,13014
140071,13015
140111,13016
140123,13017
140143,13018
140159,13019
140167,13020
140171,13021
140177,13022
140191,13023
140197,13024
140207,13025
140221,13026
140227,13027
140237,13028
140249,13029
140263,13030
140269,13031
140281,13032
140297,13033
140317,13034
140321,13035
140333,13036
140339,13037
140351,13038
140363,13039
140381,13040
140401,13041
140407,13042
140411,13043
140417,13044
140419,13045
140423,13046
140443,13047
140449,13048
140453,13049
140473,13050
140477,13051
140521,13052
140527,13053
140533,13054
140549,13055
140551,13056
140557,13057
140587,13058
140593,13059
140603,13060
140611,13061
140617,13062
140627,13063
140629,13064
140639,13065
140659,13066
140663,13067
140677,13068
140681,13069
140683,13070
140689,13071
140717,13072
140729,13073
140731,13074
140741,13075
140759,13076
140761,13077
140773,13078
140779,13079
140797,13080
140813,13081
140827,13082
140831,13083
140837,13084
140839,13085
140863,13086
140867,13087
140869,13088
140891,13089
140893,13090
140897,13091
140909,13092
140929,13093
140939,13094
140977,13095
140983,13096
140989,13097
141023,13098
141041,13099
141061,13100
141067,13101
141073,13102
141079,13103
141101,13104
141107,13105
141121,13106
141131,13107
141157,13108
141161,13109
141179,13110
141181,13111
141199,13112
141209,13113
141221,13114
141223,13115
141233,13116
141241,13117
141257,13118
141263,13119
141269,13120
141277,13121
141283,13122
141301,13123
141307,13124
141311,13125
141319,13126
141353,13127
141359,13128
141371,13129
141397,13130
141403,13131
141413,13132
141439,13133
141443,13134
141461,13135
141481,13136
141497,13137
141499,13138
141509,13139
141511,13140
141529,13141
141539,13142
141551,13143
141587,13144
141601,13145
141613,13146
141619,13147
141623,13148
141629,13149
141637,13150
141649,13151
141653,13152
141667,13153
141671,13154
141677,13155
141679,13156
141689,13157
141697,13158
141707,13159
141709,13160
141719,13161
141731,13162
141761,13163
141767,13164
141769,13165
141773,13166
141793,13167
141803,13168
141811,13169
141829,13170
141833,13171
141851,13172
141853,13173
141863,13174
141871,13175
141907,13176
141917,13177
141931,13178
141937,13179
141941,13180
141959,13181
141961,13182
141971,13183
141991,13184
142007,13185
142019,13186
142031,13187
142039,13188
142049,13189
142057,13190
142061,13191
142067,13192
142097,13193
142099,13194
142111,13195
142123,13196
142151,13197
142157,13198
142159,13199
142169,13200
142183,13201
142189,13202
142193,13203
142211,13204
142217,13205
142223,13206
142231,13207
142237,13208
142271,13209
142297,13210
142319,13211
142327,13212
142357,13213
142369,13214
142381,13215
142391,13216
142403,13217
142421,13218
142427,13219
142433,13220
142453,13221
142469,13222
142501,13223
142529,13224
142537,13225
142543,13226
142547,13227
142553,13228
142559,13229
142567,13230
142573,13231
142589,13232
142591,13233
142601,13234
142607,13235
142609,13236
142619,13237
142657,13238
142673,13239
142697,13240
142699,13241
142711,13242
142733,13243
142757,13244
142759,13245
142771,13246
142787,13247
142789,13248
142799,13249
142811,13250
142837,13251
142841,13252
142867,13253
142871,13254
142873,13255
142897,13256
142903,13257
142907,13258
142939,13259
142949,13260
142963,13261
142969,13262
142973,13263
142979,13264
142981,13265
142993,13266
143053,13267
143063,13268
143093,13269
143107,13270
143111,13271
143113,13272
143137,13273
143141,13274
143159,13275
143177,13276
143197,13277
143239,13278
143243,13279
143249,13280
143257,13281
143261,13282
143263,13283
143281,13284
143287,13285
143291,13286
143329,13287
143333,13288
143357,13289
143387,13290
143401,13291
143413,13292
143419,13293
143443,13294
143461,13295
143467,13296
143477,13297
143483,13298
143489,13299
143501,13300
143503,13301
143509,13302
143513,13303
143519,13304
143527,13305
143537,13306
143551,13307
143567,13308
143569,13309
143573,13310
143593,13311
143609,13312
143617,13313
143629,13314
143651,13315
143653,13316
143669,13317
143677,13318
143687,13319
143699,13320
143711,13321
143719,13322
143729,13323
143743,13324
143779,13325
143791,13326
143797,13327
143807,13328
143813,13329
143821,13330
143827,13331
143831,13332
143833,13333
143873,13334
143879,13335
143881,13336
143909,13337
143947,13338
143953,13339
143971,13340
143977,13341
143981,13342
143999,13343
144013,13344
144031,13345
144037,13346
144061,13347
144071,13348
144073,13349
144103,13350
144139,13351
144161,13352
144163,13353
144167,13354
144169,13355
144173,13356
144203,13357
144223,13358
144241,13359
144247,13360
144253,13361
144259,13362
144271,13363
144289,13364
144299,13365
144307,13366
144311,13367
144323,13368
144341,13369
144349,13370
144379,13371
144383,13372
144407,13373
144409,13374
144413,13375
144427,13376
144439,13377
144451,13378
144461,13379
144479,13380
144481,13381
144497,13382
144511,13383
144539,13384
144541,13385
144563,13386
144569,13387
144577,13388
144583,13389
144589,13390
144593,13391
144611,13392
144629,13393
144659,13394
144667,13395
144671,13396
144701,13397
144709,13398
144719,13399
144731,13400
144737,13401
144751,13402
144757,13403
144763,13404
144773,13405
144779,13406
144791,13407
144817,13408
144829,13409
144839,13410
144847,13411
144883,13412
144887,13413
144889,13414
144899,13415
144917,13416
144931,13417
144941,13418
144961,13419
144967,13420
144973,13421
144983,13422
145007,13423
145009,13424
145021,13425
145031,13426
145037,13427
145043,13428
145063,13429
145069,13430
145091,13431
145109,13432
145121,13433
145133,13434
145139,13435
145177,13436
145193,13437
145207,13438
145213,13439
145219,13440
145253,13441
145259,13442
145267,13443
145283,13444
145289,13445
145303,13446
145307,13447
145349,13448
145361,13449
145381,13450
145391,13451
145399,13452
145417,13453
145423,13454
145433,13455
145441,13456
145451,13457
145459,13458
145463,13459
145471,13460
145477,13461
145487,13462
145501,13463
145511,13464
145513,13465
145517,13466
145531,13467
145543,13468
145547,13469
145549,13470
145577,13471
145589,13472
145601,13473
145603,13474
145633,13475
145637,13476
145643,13477
145661,13478
145679,13479
145681,13480
145687,13481
145703,13482
145709,13483
145721,13484
145723,13485
145753,13486
145757,13487
145759,13488
145771,13489
145777,13490
145799,13491
145807,13492
145819,13493
145823,13494
145829,13495
145861,13496
145879,13497
145897,13498
145903,13499
145931,13500
145933,13501
145949,13502
145963,13503
145967,13504
145969,13505
145987,13506
145991,13507
146009,13508
146011,13509
146021,13510
146023,13511
146033,13512
146051,13513
146057,13514
146059,13515
146063,13516
146077,13517
146093,13518
146099,13519
146117,13520
146141,13521
146161,13522
146173,13523
146191,13524
146197,13525
146203,13526
146213,13527
146221,13528
146239,13529
146249,13530
146273,13531
146291,13532
146297,13533
146299,13534
146309,13535
146317,13536
146323,13537
146347,13538
146359,13539
146369,13540
146381,13541
146383,13542
146389,13543
146407,13544
146417,13545
146423,13546
146437,13547
146449,13548
146477,13549
146513,13550
146519,13551
146521,13552
146527,13553
146539,13554
146543,13555
146563,13556
146581,13557
146603,13558
146609,13559
146617,13560
146639,13561
146647,13562
146669,13563
146677,13564
146681,13565
146683,13566
146701,13567
146719,13568
146743,13569
146749,13570
146767,13571
146777,13572
146801,13573
146807,13574
146819,13575
146833,13576
146837,13577
146843,13578
146849,13579
146857,13580
146891,13581
146893,13582
146917,13583
146921,13584
146933,13585
146941,13586
146953,13587
146977,13588
146983,13589
146987,13590
146989,13591
147011,13592
147029,13593
147031,13594
147047,13595
147073,13596
147083,13597
147089,13598
147097,13599
147107,13600
147137,13601
147139,13602
147151,13603
147163,13604
147179,13605
147197,13606
147209,13607
147211,13608
147221,13609
147227,13610
147229,13611
147253,13612
147263,13613
147283,13614
147289,13615
147293,13616
147299,13617
147311,13618
147319,13619
147331,13620
147341,13621
147347,13622
147353,13623
147377,13624
147391,13625
147397,13626
147401,13627
147409,13628
147419,13629
147449,13630
147451,13631
147457,13632
147481,13633
147487,13634
147503,13635
147517,13636
147541,13637
147547,13638
147551,13639
147557,13640
147571,13641
147583,13642
147607,13643
147613,13644
147617,13645
147629,13646
147647,13647
147661,13648
147671,13649
147673,13650
147689,13651
147703,13652
147709,13653
147727,13654
147739,13655
147743,13656
147761,13657
147769,13658
147773,13659
147779,13660
147787,13661
147793,13662
147799,13663
147811,13664
147827,13665
147853,13666
147859,13667
147863,13668
147881,13669
147919,13670
147937,13671
147949,13672
147977,13673
147997,13674
148013,13675
148021,13676
148061,13677
148063,13678
148073,13679
148079,13680
148091,13681
148123,13682
148139,13683
148147,13684
148151,13685
148153,13686
148157,13687
148171,13688
148193,13689
148199,13690
148201,13691
148207,13692
148229,13693
148243,13694
148249,13695
148279,13696
148301,13697
148303,13698
148331,13699
148339,13700
148361,13701
148367,13702
148381,13703
148387,13704
148399,13705
148403,13706
148411,13707
148429,13708
148439,13709
148457,13710
148469,13711
148471,13712
148483,13713
148501,13714
148513,13715
148517,13716
148531,13717
148537,13718
148549,13719
148573,13720
148579,13721
148609,13722
148627,13723
148633,13724
148639,13725
148663,13726
148667,13727
148669,13728
148691,13729
148693,13730
148711,13731
148721,13732
148723,13733
148727,13734
148747,13735
148763,13736
148781,13737
148783,13738
148793,13739
148817,13740
148829,13741
148853,13742
148859,13743
148861,13744
148867,13745
148873,13746
148891,13747
148913,13748
148921,13749
148927,13750
148931,13751
148933,13752
148949,13753
148957,13754
148961,13755
148991,13756
148997,13757
149011,13758
149021,13759
149027,13760
149033,13761
149053,13762
149057,13763
149059,13764
149069,13765
149077,13766
149087,13767
149099,13768
149101,13769
149111,13770
149113,13771
149119,13772
149143,13773
149153,13774
149159,13775
149161,13776
149173,13777
149183,13778
149197,13779
149213,13780
149239,13781
149249,13782
149251,13783
149257,13784
149269,13785
149287,13786
149297,13787
149309,13788
149323,13789
149333,13790
149341,13791
149351,13792
149371,13793
149377,13794
149381,13795
149393,13796
149399,13797
149411,13798
149417,13799
149419,13800
149423,13801
149441,13802
149459,13803
149489,13804
149491,13805
149497,13806
149503,13807
149519,13808
149521,13809
149531,13810
149533,13811
149543,13812
149551,13813
149561,13814
149563,13815
149579,13816
149603,13817
149623,13818
149627,13819
149629,13820
149689,13821
149711,13822
149713,13823
149717,13824
149729,13825
149731,13826
149749,13827
149759,13828
149767,13829
149771,13830
149791,13831
149803,13832
149827,13833
149837,13834
149839,13835
149861,13836
149867,13837
149873,13838
149893,13839
149899,13840
149909,13841
149911,13842
149921,13843
149939,13844
149953,13845
149969,13846
149971,13847
149993,13848
150001,13849
150011,13850
150041,13851
150053,13852
150061,13853
150067,13854
150077,13855
150083,13856
150089,13857
150091,13858
150097,13859
150107,13860
150131,13861
150151,13862
150169,13863
150193,13864
150197,13865
150203,13866
150209,13867
150211,13868
150217,13869
150221,13870
150223,13871
150239,13872
150247,13873
150287,13874
150299,13875
150301,13876
150323,13877
150329,13878
150343,13879
150373,13880
150377,13881
150379,13882
150383,13883
150401,13884
150407,13885
150413,13886
150427,13887
150431,13888
150439,13889
150473,13890
150497,13891
150503,13892
150517,13893
150523,13894
150533,13895
150551,13896
150559,13897
150571,13898
150583,13899
150587,13900
150589,13901
150607,13902
150611,13903
150617,13904
150649,13905
150659,13906
150697,13907
150707,13908
150721,13909
150743,13910
150767,13911
150769,13912
150779,13913
150791,13914
150797,13915
150827,13916
150833,13917
150847,13918
150869,13919
150881,13920
150883,13921
150889,13922
150893,13923
150901,13924
150907,13925
150919,13926
150929,13927
150959,13928
150961,13929
150967,13930
150979,13931
150989,13932
150991,13933
151007,13934
151009,13935
151013,13936
151027,13937
151049,13938
151051,13939
151057,13940
151091,13941
151121,13942
151141,13943
151153,13944
151157,13945
151163,13946
151169,13947
151171,13948
151189,13949
151201,13950
151213,13951
151237,13952
151241,13953
151243,13954
151247,13955
151253,13956
151273,13957
151279,13958
151289,13959
151303,13960
151337,13961
151339,13962
151343,13963
151357,13964
151379,13965
151381,13966
151391,13967
151397,13968
151423,13969
151429,13970
151433,13971
151451,13972
151471,13973
151477,13974
151483,13975
151499,13976
151507,13977
151517,13978
151523,13979
151531,13980
151537,13981
151549,13982
151553,13983
151561,13984
151573,13985
151579,13986
151597,13987
151603,13988
151607,13989
151609,13990
151631,13991
151637,13992
151643,13993
151651,13994
151667,13995
151673,13996
151681,13997
151687,13998
151693,13999
151703,14000
151717,14001
151729,14002
151733,14003
151769,14004
151771,14005
151783,14006
151787,14007
151799,14008
151813,14009
151817,14010
151841,14011
151847,14012
151849,14013
151871,14014
151883,14015
151897,14016
151901,14017
151903,14018
151909,14019
151937,14020
151939,14021
151967,14022
151969,14023
152003,14024
152017,14025
152027,14026
152029,14027
152039,14028
152041,14029
152063,14030
152077,14031
152081,14032
152083,14033
152093,14034
152111,14035
152123,14036
152147,14037
152183,14038
152189,14039
152197,14040
152203,14041
152213,14042
152219,14043
152231,14044
152239,14045
152249,14046
152267,14047
152287,14048
152293,14049
152297,14050
152311,14051
152363,14052
152377,14053
152381,14054
152389,14055
152393,14056
152407,14057
152417,14058
152419,14059
152423,14060
152429,14061
152441,14062
152443,14063
152459,14064
152461,14065
152501,14066
152519,14067
152531,14068
152533,14069
152539,14070
152563,14071
152567,14072
152597,14073
152599,14074
152617,14075
152623,14076
152629,14077
152639,14078
152641,14079
152657,14080
152671,14081
152681,14082
152717,14083
152723,14084
152729,14085
152753,14086
152767,14087
152777,14088
152783,14089
152791,14090
152809,14091
152819,14092
152821,14093
152833,14094
152837,14095
152839,14096
152843,14097
152851,14098
152857,14099
152879,14100
152897,14101
152899,14102
152909,14103
152939,14104
152941,14105
152947,14106
152953,14107
152959,14108
152981,14109
152989,14110
152993,14111
153001,14112
153059,14113
153067,14114
153071,14115
153073,14116
153077,14117
153089,14118
153107,14119
153113,14120
153133,14121
153137,14122
153151,14123
153191,14124
153247,14125
153259,14126
153269,14127
153271,14128
153277,14129
153281,14130
153287,14131
153313,14132
153319,14133
153337,14134
153343,14135
153353,14136
153359,14137
153371,14138
153379,14139
153407,14140
153409,14141
153421,14142
153427,14143
153437,14144
153443,14145
153449,14146
153457,14147
153469,14148
153487,14149
153499,14150
153509,14151
153511,14152
153521,14153
153523,14154
153529,14155
153533,14156
153557,14157
153563,14158
153589,14159
153607,14160
153611,14161
153623,14162
153641,14163
153649,14164
153689,14165
153701,14166
153719,14167
153733,14168
153739,14169
153743,14170
153749,14171
153757,14172
153763,14173
153817,14174
153841,14175
153871,14176
153877,14177
153887,14178
153889,14179
153911,14180
153913,14181
153929,14182
153941,14183
153947,14184
153949,14185
153953,14186
153991,14187
153997,14188
154001,14189
154027,14190
154043,14191
154057,14192
154061,14193
154067,14194
154073,14195
154079,14196
154081,14197
154087,14198
154097,14199
154111,14200
154127,14201
154153,14202
154157,14203
154159,14204
154181,14205
154183,14206
154211,14207
154213,14208
154229,14209
154243,14210
154247,14211
154267,14212
154277,14213
154279,14214
154291,14215
154303,14216
154313,14217
154321,14218
154333,14219
154339,14220
154351,14221
154369,14222
154373,14223
154387,14224
154409,14225
154417,14226
154423,14227
154439,14228
154459,14229
154487,14230
154493,14231
154501,14232
154523,14233
154543,14234
154571,14235
154573,14236
154579,14237
154589,14238
154591,14239
154613,14240
154619,14241
154621,14242
154643,14243
154667,14244
154669,14245
154681,14246
154691,14247
154699,14248
154723,14249
154727,14250
154733,14251
154747,14252
154753,14253
154769,14254
154787,14255
154789,14256
154799,14257
154807,14258
154823,14259
154841,14260
154849,14261
154871,14262
154873,14263
154877,14264
154883,14265
154897,14266
154927,14267
154933,14268
154937,14269
154943,14270
154981,14271
154991,14272
155003,14273
155009,14274
155017,14275
155027,14276
155047,14277
155069,14278
155081,14279
155083,14280
155087,14281
155119,14282
155137,14283
155153,14284
155161,14285
155167,14286
155171,14287
155191,14288
155201,14289
155203,14290
155209,14291
155219,14292
155231,14293
155251,14294
155269,14295
155291,14296
155299,14297
155303,14298
155317,14299
155327,14300
155333,14301
155371,14302
155377,14303
155381,14304
155383,14305
155387,14306
155399,14307
155413,14308
155423,14309
155443,14310
155453,14311
155461,14312
155473,14313
155501,14314
155509,14315
155521,14316
155537,14317
155539,14318
155557,14319
155569,14320
155579,14321
155581,14322
155593,14323
155599,14324
155609,14325
155621,14326
155627,14327
155653,14328
155657,14329
155663,14330
155671,14331
155689,14332
155693,14333
155699,14334
155707,14335
155717,14336
155719,14337
155723,14338
155731,14339
155741,14340
155747,14341
155773,14342
155777,14343
155783,14344
155797,14345
155801,14346
155809,14347
155821,14348
155833,14349
155849,14350
155851,14351
155861,14352
155863,14353
155887,14354
155891,14355
155893,14356
155921,14357
156007,14358
156011,14359
156019,14360
156041,14361
156059,14362
156061,14363
156071,14364
156089,14365
156109,14366
156119,14367
156127,14368
156131,14369
156139,14370
156151,14371
156157,14372
156217,14373
156227,14374
156229,14375
156241,14376
156253,14377
156257,14378
156259,14379
156269,14380
156307,14381
156319,14382
156329,14383
156347,14384
156353,14385
156361,14386
156371,14387
156419,14388
156421,14389
156437,14390
156467,14391
156487,14392
156491,14393
156493,14394
156511,14395
156521,14396
156539,14397
156577,14398
156589,14399
156593,14400
156601,14401
156619,14402
156623,14403
156631,14404
156641,14405
156659,14406
156671,14407
156677,14408
156679,14409
156683,14410
156691,14411
156703,14412
156707,14413
156719,14414
156727,14415
156733,14416
156749,14417
156781,14418
156797,14419
156799,14420
156817,14421
156823,14422
156833,14423
156841,14424
156887,14425
156899,14426
156901,14427
156913,14428
156941,14429
156943,14430
156967,14431
156971,14432
156979,14433
157007,14434
157013,14435
157019,14436
157037,14437
157049,14438
157051,14439
157057,14440
157061,14441
157081,14442
157103,14443
157109,14444
157127,14445
157133,14446
157141,14447
157163,14448
157177,14449
157181,14450
157189,14451
157207,14452
157211,14453
157217,14454
157219,14455
157229,14456
157231,14457
157243,14458
157247,14459
157253,14460
157259,14461
157271,14462
157273,14463
157277,14464
157279,14465
157291,14466
157303,14467
157307,14468
157321,14469
157327,14470
157349,14471
157351,14472
157363,14473
157393,14474
157411,14475
157427,14476
157429,14477
157433,14478
157457,14479
157477,14480
157483,14481
157489,14482
157513,14483
157519,14484
157523,14485
157543,14486
157559,14487
157561,14488
157571,14489
157579,14490
157627,14491
157637,14492
157639,14493
157649,14494
157667,14495
157669,14496
157679,14497
157721,14498
157733,14499
157739,14500
157747,14501
157769,14502
157771,14503
157793,14504
157799,14505
157813,14506
157823,14507
157831,14508
157837,14509
157841,14510
157867,14511
157877,14512
157889,14513
157897,14514
157901,14515
157907,14516
157931,14517
157933,14518
157951,14519
157991,14520
157999,14521
158003,14522
158009,14523
158017,14524
158029,14525
158047,14526
158071,14527
158077,14528
158113,14529
158129,14530
158141,14531
158143,14532
158161,14533
158189,14534
158201,14535
158209,14536
158227,14537
158231,14538
158233,14539
158243,14540
158261,14541
158269,14542
158293,14543
158303,14544
158329,14545
158341,14546
158351,14547
158357,14548
158359,14549
158363,14550
158371,14551
158393,14552
158407,14553
158419,14554
158429,14555
158443,14556
158449,14557
158489,14558
158507,14559
158519,14560
158527,14561
158537,14562
158551,14563
158563,14564
158567,14565
158573,14566
158581,14567
158591,14568
158597,14569
158611,14570
158617,14571
158621,14572
158633,14573
158647,14574
158657,14575
158663,14576
158699,14577
158731,14578
158747,14579
158749,14580
158759,14581
158761,14582
158771,14583
158777,14584
158791,14585
158803,14586
158843,14587
158849,14588
158863,14589
158867,14590
158881,14591
158909,14592
158923,14593
158927,14594
158941,14595
158959,14596
158981,14597
158993,14598
159013,14599
159017,14600
159023,14601
159059,14602
159073,14603
159079,14604
159097,14605
159113,14606
159119,14607
159157,14608
159161,14609
159167,14610
159169,14611
159179,14612
159191,14613
159193,14614
159199,14615
159209,14616
159223,14617
159227,14618
159233,14619
159287,14620
159293,14621
159311,14622
159319,14623
159337,14624
159347,14625
159349,14626
159361,14627
159389,14628
159403,14629
159407,14630
159421,14631
159431,14632
159437,14633
159457,14634
159463,14635
159469,14636
159473,14637
159491,14638
159499,14639
159503,14640
159521,14641
159539,14642
159541,14643
159553,14644
159563,14645
159569,14646
159571,14647
159589,14648
159617,14649
159623,14650
159629,14651
159631,14652
159667,14653
159671,14654
159673,14655
159683,14656
159697,14657
159701,14658
159707,14659
159721,14660
159737,14661
159739,14662
159763,14663
159769,14664
159773,14665
159779,14666
159787,14667
159791,14668
159793,14669
159799,14670
159811,14671
159833,14672
159839,14673
159853,14674
159857,14675
159869,14676
159871,14677
159899,14678
159911,14679
159931,14680
159937,14681
159977,14682
159979,14683
160001,14684
160009,14685
160019,14686
160031,14687
160033,14688
160049,14689
160073,14690
160079,14691
160081,14692
160087,14693
160091,14694
160093,14695
160117,14696
160141,14697
160159,14698
160163,14699
160169,14700
160183,14701
160201,14702
160207,14703
160217,14704
160231,14705
160243,14706
160253,14707
160309,14708
160313,14709
160319,14710
160343,14711
160357,14712
160367,14713
160373,14714
160387,14715
160397,14716
160403,14717
160409,14718
160423,14719
160441,14720
160453,14721
160481,14722
160483,14723
160499,14724
160507,14725
160541,14726
160553,14727
160579,14728
160583,14729
160591,14730
160603,14731
160619,14732
160621,14733
160627,14734
160637,14735
160639,14736
160649,14737
160651,14738
160663,14739
160669,14740
160681,14741
160687,14742
160697,14743
160709,14744
160711,14745
160723,14746
160739,14747
160751,14748
160753,14749
160757,14750
160781,14751
160789,14752
160807,14753
160813,14754
160817,14755
160829,14756
160841,14757
160861,14758
160877,14759
160879,14760
160883,14761
160903,14762
160907,14763
160933,14764
160967,14765
160969,14766
160981,14767
160997,14768
161009,14769
161017,14770
161033,14771
161039,14772
161047,14773
161053,14774
161059,14775
161071,14776
161087,14777
161093,14778
161123,14779
161137,14780
161141,14781
161149,14782
161159,14783
161167,14784
161201,14785
161221,14786
161233,14787
161237,14788
161263,14789
161267,14790
161281,14791
161303,14792
161309,14793
161323,14794
161333,14795
161339,14796
161341,14797
161363,14798
161377,14799
161387,14800
161407,14801
161411,14802
161453,14803
161459,14804
161461,14805
161471,14806
161503,14807
161507,14808
161521,14809
161527,14810
161531,14811
161543,14812
161561,14813
161563,14814
161569,14815
161573,14816
161591,14817
161599,14818
161611,14819
161627,14820
161639,14821
161641,14822
161659,14823
161683,14824
161717,14825
161729,14826
161731,14827
161741,14828
161743,14829
161753,14830
161761,14831
161771,14832
161773,14833
161779,14834
161783,14835
161807,14836
161831,14837
161839,14838
161869,14839
161873,14840
161879,14841
161881,14842
161911,14843
161921,14844
161923,14845
161947,14846
161957,14847
161969,14848
161971,14849
161977,14850
161983,14851
161999,14852
162007,14853
162011,14854
162017,14855
162053,14856
162059,14857
162079,14858
162091,14859
162109,14860
162119,14861
162143,14862
162209,14863
162221,14864
162229,14865
162251,14866
162257,14867
162263,14868
162269,14869
162277,14870
162287,14871
162289,14872
162293,14873
162343,14874
162359,14875
162389,14876
162391,14877
162413,14878
162419,14879
162439,14880
162451,14881
162457,14882
162473,14883
162493,14884
162499,14885
162517,14886
162523,14887
162527,14888
162529,14889
162553,14890
162557,14891
162563,14892
162577,14893
162593,14894
162601,14895
162611,14896
162623,14897
162629,14898
162641,14899
162649,14900
162671,14901
162677,14902
162683,14903
162691,14904
162703,14905
162709,14906
162713,14907
162727,14908
162731,14909
162739,14910
162749,14911
162751,14912
162779,14913
162787,14914
162791,14915
162821,14916
162823,14917
162829,14918
162839,14919
162847,14920
162853,14921
162859,14922
162881,14923
162889,14924
162901,14925
162907,14926
162917,14927
162937,14928
162947,14929
162971,14930
162973,14931
162989,14932
162997,14933
163003,14934
163019,14935
163021,14936
163027,14937
163061,14938
163063,14939
163109,14940
163117,14941
163127,14942
163129,14943
163147,14944
163151,14945
163169,14946
163171,14947
163181,14948
163193,14949
163199,14950
163211,14951
163223,14952
163243,14953
163249,14954
163259,14955
163307,14956
163309,14957
163321,14958
163327,14959
163337,14960
163351,14961
163363,14962
163367,14963
163393,14964
163403,14965
163409,14966
163411,14967
163417,14968
163433,14969
163469,14970
163477,14971
163481,14972
163483,14973
163487,14974
163517,14975
163543,14976
163561,14977
163567,14978
163573,14979
163601,14980
163613,14981
163621,14982
163627,14983
163633,14984
163637,14985
163643,14986
163661,14987
163673,14988
163679,14989
163697,14990
163729,14991
163733,14992
163741,14993
163753,14994
163771,14995
163781,14996
163789,14997
163811,14998
163819,14999
163841,15000
163847,15001
163853,15002
163859,15003
163861,15004
163871,15005
163883,15006
163901,15007
163909,15008
163927,15009
163973,15010
163979,15011
163981,15012
163987,15013
163991,15014
163993,15015
163997,15016
164011,15017
164023,15018
164039,15019
164051,15020
164057,15021
164071,15022
164089,15023
164093,15024
164113,15025
164117,15026
164147,15027
164149,15028
164173,15029
164183,15030
164191,15031
164201,15032
164209,15033
164231,15034
164233,15035
164239,15036
164249,15037
164251,15038
164267,15039
164279,15040
164291,15041
164299,15042
164309,15043
164321,15044
164341,15045
164357,15046
164363,15047
164371,15048
164377,15049
164387,15050
164413,15051
164419,15052
164429,15053
164431,15054
164443,15055
164447,15056
164449,15057
164471,15058
164477,15059
164503,15060
164513,15061
164531,15062
164569,15063
164581,15064
164587,15065
164599,15066
164617,15067
164621,15068
164623,15069
164627,15070
164653,15071
164663,15072
164677,15073
164683,15074
164701,15075
164707,15076
164729,15077
164743,15078
164767,15079
164771,15080
164789,15081
164809,15082
164821,15083
164831,15084
164837,15085
164839,15086
164881,15087
164893,15088
164911,15089
164953,15090
164963,15091
164987,15092
164999,15093
165001,15094
165037,15095
165041,15096
165047,15097
165049,15098
165059,15099
165079,15100
165083,15101
165089,15102
165103,15103
165133,15104
165161,15105
165173,15106
165181,15107
165203,15108
165211,15109
165229,15110
165233,15111
165247,15112
165287,15113
165293,15114
165311,15115
165313,15116
165317,15117
165331,15118
165343,15119
165349,15120
165367,15121
165379,15122
165383,15123
165391,15124
165397,15125
165437,15126
165443,15127
165449,15128
165457,15129
165463,15130
165469,15131
165479,15132
165511,15133
165523,15134
165527,15135
165533,15136
165541,15137
165551,15138
165553,15139
165559,15140
165569,15141
165587,15142
165589,15143
165601,15144
165611,15145
165617,15146
165653,15147
165667,15148
165673,15149
165701,15150
165703,15151
165707,15152
165709,15153
165713,15154
165719,15155
165721,15156
165749,15157
165779,15158
165799,15159
165811,15160
165817,15161
165829,15162
165833,15163
165857,15164
165877,15165
165883,15166
165887,15167
165901,15168
165931,15169
165941,15170
165947,15171
165961,15172
165983,15173
166013,15174
166021,15175
166027,15176
166031,15177
166043,15178
166063,15179
166081,15180
166099,15181
166147,15182
166151,15183
166157,15184
166169,15185
166183,15186
166189,15187
166207,15188
166219,15189
166237,15190
166247,15191
166259,15192
166273,15193
166289,15194
166297,15195
166301,15196
166303,15197
166319,15198
166349,15199
166351,15200
166357,15201
166363,15202
166393,15203
166399,15204
166403,15205
166409,15206
166417,15207
166429,15208
166457,15209
166471,15210
166487,15211
166541,15212
166561,15213
166567,15214
166571,15215
166597,15216
166601,15217
166603,15218
166609,15219
166613,15220
166619,15221
166627,15222
166631,15223
166643,15224
166657,15225
166667,15226
166669,15227
166679,15228
166693,15229
166703,15230
166723,15231
166739,15232
166741,15233
166781,15234
166783,15235
166799,15236
166807,15237
166823,15238
166841,15239
166843,15240
166847,15241
166849,15242
166853,15243
166861,15244
166867,15245
166871,15246
166909,15247
166919,15248
166931,15249
166949,15250
166967,15251
166973,15252
166979,15253
166987,15254
167009,15255
167017,15256
167021,15257
167023,15258
167033,15259
167039,15260
167047,15261
167051,15262
167071,15263
167077,15264
167081,15265
167087,15266
167099,15267
167107,15268
167113,15269
167117,15270
167119,15271
167149,15272
167159,15273
167173,15274
167177,15275
167191,15276
167197,15277
167213,15278
167221,15279
167249,15280
167261,15281
167267,15282
167269,15283
167309,15284
167311,15285
167317,15286
167329,15287
167339,15288
167341,15289
167381,15290
167393,15291
167407,15292
167413,15293
167423,15294
167429,15295
167437,15296
167441,15297
167443,15298
167449,15299
167471,15300
167483,15301
167491,15302
167521,15303
167537,15304
167543,15305
167593,15306
167597,15307
167611,15308
167621,15309
167623,15310
167627,15311
167633,15312
167641,15313
167663,15314
167677,15315
167683,15316
167711,15317
167729,15318
167747,15319
167759,15320
167771,15321
167777,15322
167779,15323
167801,15324
167809,15325
167861,15326
167863,15327
167873,15328
167879,15329
167887,15330
167891,15331
167899,15332
167911,15333
167917,15334
167953,15335
167971,15336
167987,15337
168013,15338
168023,15339
168029,15340
168037,15341
168043,15342
168067,15343
168071,15344
168083,15345
168089,15346
168109,15347
168127,15348
168143,15349
168151,15350
168193,15351
168197,15352
168211,15353
168227,15354
168247,15355
168253,15356
168263,15357
168269,15358
168277,15359
168281,15360
168293,15361
168323,15362
168331,15363
168347,15364
168353,15365
168391,15366
168409,15367
168433,15368
168449,15369
168451,15370
168457,15371
168463,15372
168481,15373
168491,15374
168499,15375
168523,15376
168527,15377
168533,15378
168541,15379
168559,15380
168599,15381
168601,15382
168617,15383
168629,15384
168631,15385
168643,15386
168673,15387
168677,15388
168697,15389
168713,15390
168719,15391
168731,15392
168737,15393
168743,15394
168761,15395
168769,15396
168781,15397
168803,15398
168851,15399
168863,15400
168869,15401
168887,15402
168893,15403
168899,15404
168901,15405
168913,15406
168937,15407
168943,15408
168977,15409
168991,15410
169003,15411
169007,15412
169009,15413
169019,15414
169049,15415
169063,15416
169067,15417
169069,15418
169079,15419
169093,15420
169097,15421
169111,15422
169129,15423
169151,15424
169159,15425
169177,15426
169181,15427
169199,15428
169217,15429
169219,15430
169241,15431
169243,15432
169249,15433
169259,15434
169283,15435
169307,15436
169313,15437
169319,15438
169321,15439
169327,15440
169339,15441
169343,15442
169361,15443
169369,15444
169373,15445
169399,15446
169409,15447
169427,15448
169457,15449
169471,15450
169483,15451
169489,15452
169493,15453
169501,15454
169523,15455
169531,15456
169553,15457
169567,15458
169583,15459
169591,15460
169607,15461
169627,15462
169633,15463
169639,15464
169649,15465
169657,15466
169661,15467
169667,15468
169681,15469
169691,15470
169693,15471
169709,15472
169733,15473
169751,15474
169753,15475
169769,15476
169777,15477
169783,15478
169789,15479
169817,15480
169823,15481
169831,15482
169837,15483
169843,15484
169859,15485
169889,15486
169891,15487
169909,15488
169913,15489
169919,15490
169933,15491
169937,15492
169943,15493
169951,15494
169957,15495
169987,15496
169991,15497
170003,15498
170021,15499
170029,15500
170047,15501
170057,15502
170063,15503
170081,15504
170099,15505
170101,15506
170111,15507
170123,15508
170141,15509
170167,15510
170179,15511
170189,15512
170197,15513
170207,15514
170213,15515
170227,15516
170231,15517
170239,15518
170243,15519
170249,15520
170263,15521
170267,15522
170279,15523
170293,15524
170299,15525
170327,15526
170341,15527
170347,15528
170351,15529
170353,15530
170363,15531
170369,15532
170371,15533
170383,15534
170389,15535
170393,15536
170413,15537
170441,15538
170447,15539
170473,15540
170483,15541
170497,15542
170503,15543
170509,15544
170537,15545
170539,15546
170551,15547
170557,15548
170579,15549
170603,15550
170609,15551
170627,15552
170633,15553
170641,15554
170647,15555
170669,15556
170689,15557
170701,15558
170707,15559
170711,15560
170741,15561
170749,15562
170759,15563
170761,15564
170767,15565
170773,15566
170777,15567
170801,15568
170809,15569
170813,15570
170827,15571
170837,15572
170843,15573
170851,15574
170857,15575
170873,15576
170881,15577
170887,15578
170899,15579
170921,15580
170927,15581
170953,15582
170957,15583
170971,15584
171007,15585
171023,15586
171029,15587
171043,15588
171047,15589
171049,15590
171053,15591
171077,15592
171079,15593
171091,15594
171103,15595
171131,15596
171161,15597
171163,15598
171167,15599
171169,15600
171179,15601
171203,15602
171233,15603
171251,15604
171253,15605
171263,15606
171271,15607
171293,15608
171299,15609
171317,15610
171329,15611
171341,15612
171383,15613
171401,15614
171403,15615
171427,15616
171439,15617
171449,15618
171467,15619
171469,15620
171473,15621
171481,15622
171491,15623
171517,15624
171529,15625
171539,15626
171541,15627
171553,15628
171559,15629
171571,15630
171583,15631
171617,15632
171629,15633
171637,15634
171641,15635
171653,15636
171659,15637
171671,15638
171673,15639
171679,15640
171697,15641
171707,15642
171713,15643
171719,15644
171733,15645
171757,15646
171761,15647
171763,15648
171793,15649
171799,15650
171803,15651
171811,15652
171823,15653
171827,15654
171851,15655
171863,15656
171869,15657
171877,15658
171881,15659
171889,15660
171917,15661
171923,15662
171929,15663
171937,15664
171947,15665
172001,15666
172009,15667
172021,15668
172027,15669
172031,15670
172049,15671
172069,15672
172079,15673
172093,15674
172097,15675
172127,15676
172147,15677
172153,15678
172157,15679
172169,15680
172171,15681
172181,15682
172199,15683
172213,15684
172217,15685
172219,15686
172223,15687
172243,15688
172259,15689
172279,15690
172283,15691
172297,15692
172307,15693
172313,15694
172321,15695
172331,15696
172343,15697
172351,15698
172357,15699
172373,15700
172399,15701
172411,15702
172421,15703
172423,15704
172427,15705
172433,15706
172439,15707
172441,15708
172489,15709
172507,15710
172517,15711
172519,15712
172541,15713
172553,15714
172561,15715
172573,15716
172583,15717
172589,15718
172597,15719
172603,15720
172607,15721
172619,15722
172633,15723
172643,15724
172649,15725
172657,15726
172663,15727
172673,15728
172681,15729
172687,15730
172709,15731
172717,15732
172721,15733
172741,15734
172751,15735
172759,15736
172787,15737
172801,15738
172807,15739
172829,15740
172849,15741
172853,15742
172859,15743
172867,15744
172871,15745
172877,15746
172883,15747
172933,15748
172969,15749
172973,15750
172981,15751
172987,15752
172993,15753
172999,15754
173021,15755
173023,15756
173039,15757
173053,15758
173059,15759
173081,15760
173087,15761
173099,15762
173137,15763
173141,15764
173149,15765
173177,15766
173183,15767
173189,15768
173191,15769
173207,15770
173209,15771
173219,15772
173249,15773
173263,15774
173267,15775
173273,15776
173291,15777
173293,15778
173297,15779
173309,15780
173347,15781
173357,15782
173359,15783
173429,15784
173431,15785
173473,15786
173483,15787
173491,15788
173497,15789
173501,15790
173531,15791
173539,15792
173543,15793
173549,15794
173561,15795
173573,15796
173599,15797
173617,15798
173629,15799
173647,15800
173651,15801
173659,15802
173669,15803
173671,15804
173683,15805
173687,15806
173699,15807
173707,15808
173713,15809
173729,15810
173741,15811
173743,15812
173773,15813
173777,15814
173779,15815
173783,15816
173807,15817
173819,15818
173827,15819
173839,15820
173851,15821
173861,15822
173867,15823
173891,15824
173897,15825
173909,15826
173917,15827
173923,15828
173933,15829
173969,15830
173977,15831
173981,15832
173993,15833
174007,15834
174017,15835
174019,15836
174047,15837
174049,15838
174061,15839
174067,15840
174071,15841
174077,15842
174079,15843
174091,15844
174101,15845
174121,15846
174137,15847
174143,15848
174149,15849
174157,15850
174169,15851
174197,15852
174221,15853
174241,15854
174257,15855
174259,15856
174263,15857
174281,15858
174289,15859
174299,15860
174311,15861
174329,15862
174331,15863
174337,15864
174347,15865
174367,15866
174389,15867
174407,15868
174413,15869
174431,15870
174443,15871
174457,15872
174467,15873
174469,15874
174481,15875
174487,15876
174491,15877
174527,15878
174533,15879
174569,15880
174571,15881
174583,15882
174599,15883
174613,15884
174617,15885
174631,15886
174637,15887
174649,15888
174653,15889
174659,15890
174673,15891
174679,15892
174703,15893
174721,15894
174737,15895
174749,15896
174761,15897
174763,15898
174767,15899
174773,15900
174799,15901
174821,15902
174829,15903
174851,15904
174859,15905
174877,15906
174893,15907
174901,15908
174907,15909
174917,15910
174929,15911
174931,15912
174943,15913
174959,15914
174989,15915
174991,15916
175003,15917
175013,15918
175039,15919
175061,15920
175067,15921
175069,15922
175079,15923
175081,15924
175103,15925
175129,15926
175141,15927
175211,15928
175229,15929
175261,15930
175267,15931
175277,15932
175291,15933
175303,15934
175309,15935
175327,15936
175333,15937
175349,15938
175361,15939
175391,15940
175393,15941
175403,15942
175411,15943
175433,15944
175447,15945
175453,15946
175463,15947
175481,15948
175493,15949
175499,15950
175519,15951
175523,15952
175543,15953
175573,15954
175601,15955
175621,15956
175631,15957
175633,15958
175649,15959
175663,15960
175673,15961
175687,15962
175691,15963
175699,15964
175709,15965
175723,15966
175727,15967
175753,15968
175757,15969
175759,15970
175781,15971
175783,15972
175811,15973
175829,15974
175837,15975
175843,15976
175853,15977
175859,15978
175873,15979
175891,15980
175897,15981
175909,15982
175919,15983
175937,15984
175939,15985
175949,15986
175961,15987
175963,15988
175979,15989
175991,15990
175993,15991
176017,15992
176021,15993
176023,15994
176041,15995
176047,15996
176051,15997
176053,15998
176063,15999
176081,16000
176087,16001
176089,16002
176123,16003
176129,16004
176153,16005
176159,16006
176161,16007
176179,16008
176191,16009
176201,16010
176207,16011
176213,16012
176221,16013
176227,16014
176237,16015
176243,16016
176261,16017
176299,16018
176303,16019
176317,16020
176321,16021
176327,16022
176329,16023
176333,16024
176347,16025
176353,16026
176357,16027
176369,16028
176383,16029
176389,16030
176401,16031
176413,16032
176417,16033
176419,16034
176431,16035
176459,16036
176461,16037
176467,16038
176489,16039
176497,16040
176503,16041
176507,16042
176509,16043
176521,16044
176531,16045
176537,16046
176549,16047
176551,16048
176557,16049
176573,16050
176591,16051
176597,16052
176599,16053
176609,16054
176611,16055
176629,16056
176641,16057
176651,16058
176677,16059
176699,16060
176711,16061
176713,16062
176741,16063
176747,16064
176753,16065
176777,16066
176779,16067
176789,16068
176791,16069
176797,16070
176807,16071
176809,16072
176819,16073
176849,16074
176857,16075
176887,16076
176899,16077
176903,16078
176921,16079
176923,16080
176927,16081
176933,16082
176951,16083
176977,16084
176983,16085
176989,16086
177007,16087
177011,16088
177013,16089
177019,16090
177043,16091
177091,16092
177101,16093
177109,16094
177113,16095
177127,16096
177131,16097
177167,16098
177173,16099
177209,16100
177211,16101
177217,16102
177223,16103
177239,16104
177257,16105
177269,16106
177283,16107
177301,16108
177319,16109
177323,16110
177337,16111
177347,16112
177379,16113
177383,16114
177409,16115
177421,16116
177427,16117
177431,16118
177433,16119
177467,16120
177473,16121
177481,16122
177487,16123
177493,16124
177511,16125
177533,16126
177539,16127
177553,16128
177589,16129
177601,16130
177623,16131
177647,16132
177677,16133
177679,16134
177691,16135
177739,16136
177743,16137
177761,16138
177763,16139
177787,16140
177791,16141
177797,16142
177811,16143
177823,16144
177839,16145
177841,16146
177883,16147
177887,16148
177889,16149
177893,16150
177907,16151
177913,16152
177917,16153
177929,16154
177943,16155
177949,16156
177953,16157
177967,16158
177979,16159
178001,16160
178021,16161
178037,16162
178039,16163
178067,16164
178069,16165
178091,16166
178093,16167
178103,16168
178117,16169
178127,16170
178141,16171
178151,16172
178169,16173
178183,16174
178187,16175
178207,16176
178223,16177
178231,16178
178247,16179
178249,16180
178259,16181
178261,16182
178289,16183
178301,16184
178307,16185
178327,16186
178333,16187
178349,16188
178351,16189
178361,16190
178393,16191
178397,16192
178403,16193
178417,16194
178439,16195
178441,16196
178447,16197
178469,16198
178481,16199
178487,16200
178489,16201
178501,16202
178513,16203
178531,16204
178537,16205
178559,16206
178561,16207
178567,16208
178571,16209
178597,16210
178601,16211
178603,16212
178609,16213
178613,16214
178621,16215
178627,16216
178639,16217
178643,16218
178681,16219
178691,16220
178693,16221
178697,16222
178753,16223
178757,16224
178781,16225
178793,16226
178799,16227
178807,16228
178813,16229
178817,16230
178819,16231
178831,16232
178853,16233
178859,16234
178873,16235
178877,16236
178889,16237
178897,16238
178903,16239
178907,16240
178909,16241
178921,16242
178931,16243
178933,16244
178939,16245
178951,16246
178973,16247
178987,16248
179021,16249
179029,16250
179033,16251
179041,16252
179051,16253
179057,16254
179083,16255
179089,16256
179099,16257
179107,16258
179111,16259
179119,16260
179143,16261
179161,16262
179167,16263
179173,16264
179203,16265
179209,16266
179213,16267
179233,16268
179243,16269
179261,16270
179269,16271
179281,16272
179287,16273
179317,16274
179321,16275
179327,16276
179351,16277
179357,16278
179369,16279
179381,16280
179383,16281
179393,16282
179407,16283
179411,16284
179429,16285
179437,16286
179441,16287
179453,16288
179461,16289
179471,16290
179479,16291
179483,16292
179497,16293
179519,16294
179527,16295
179533,16296
179549,16297
179563,16298
179573,16299
179579,16300
179581,16301
179591,16302
179593,16303
179603,16304
179623,16305
179633,16306
179651,16307
179657,16308
179659,16309
179671,16310
179687,16311
179689,16312
179693,16313
179717,16314
179719,16315
179737,16316
179743,16317
179749,16318
179779,16319
179801,16320
179807,16321
179813,16322
179819,16323
179821,16324
179827,16325
179833,16326
179849,16327
179897,16328
179899,16329
179903,16330
179909,16331
179917,16332
179923,16333
179939,16334
179947,16335
179951,16336
179953,16337
179957,16338
179969,16339
179981,16340
179989,16341
179999,16342
180001,16343
180007,16344
180023,16345
180043,16346
180053,16347
180071,16348
180073,16349
180077,16350
180097,16351
180137,16352
180161,16353
180179,16354
180181,16355
180211,16356
180221,16357
180233,16358
180239,16359
180241,16360
180247,16361
180259,16362
180263,16363
180281,16364
180287,16365
180289,16366
180307,16367
180311,16368
180317,16369
180331,16370
180337,16371
180347,16372
180361,16373
180371,16374
180379,16375
180391,16376
180413,16377
180419,16378
180437,16379
180463,16380
180473,16381
180491,16382
180497,16383
180503,16384
180511,16385
180533,16386
180539,16387
180541,16388
180547,16389
180563,16390
180569,16391
180617,16392
180623,16393
180629,16394
180647,16395
180667,16396
180679,16397
180701,16398
180731,16399
180749,16400
180751,16401
180773,16402
180779,16403
180793,16404
180797,16405
180799,16406
180811,16407
180847,16408
180871,16409
180883,16410
180907,16411
180949,16412
180959,16413
181001,16414
181003,16415
181019,16416
181031,16417
181039,16418
181061,16419
181063,16420
181081,16421
181087,16422
181123,16423
181141,16424
181157,16425
181183,16426
181193,16427
181199,16428
181201,16429
181211,16430
181213,16431
181219,16432
181243,16433
181253,16434
181273,16435
181277,16436
181283,16437
181297,16438
181301,16439
181303,16440
181361,16441
181387,16442
181397,16443
181399,16444
181409,16445
181421,16446
181439,16447
181457,16448
181459,16449
181499,16450
181501,16451
181513,16452
181523,16453
181537,16454
181549,16455
181553,16456
181603,16457
181607,16458
181609,16459
181619,16460
181639,16461
181667,16462
181669,16463
181693,16464
181711,16465
181717,16466
181721,16467
181729,16468
181739,16469
181751,16470
181757,16471
181759,16472
181763,16473
181777,16474
181787,16475
181789,16476
181813,16477
181837,16478
181871,16479
181873,16480
181889,16481
181891,16482
181903,16483
181913,16484
181919,16485
181927,16486
181931,16487
181943,16488
181957,16489
181967,16490
181981,16491
181997,16492
182009,16493
182011,16494
182027,16495
182029,16496
182041,16497
182047,16498
182057,16499
182059,16500
182089,16501
182099,16502
182101,16503
182107,16504
182111,16505
182123,16506
182129,16507
182131,16508
182141,16509
182159,16510
182167,16511
182177,16512
182179,16513
182201,16514
182209,16515
182233,16516
182239,16517
182243,16518
182261,16519
182279,16520
182297,16521
182309,16522
182333,16523
182339,16524
182341,16525
182353,16526
182387,16527
182389,16528
182417,16529
182423,16530
182431,16531
182443,16532
182453,16533
182467,16534
182471,16535
182473,16536
182489,16537
182503,16538
182509,16539
182519,16540
182537,16541
182549,16542
182561,16543
182579,16544
182587,16545
182593,16546
182599,16547
182603,16548
182617,16549
182627,16550
182639,16551
182641,16552
182653,16553
182657,16554
182659,16555
182681,16556
182687,16557
182701,16558
182711,16559
182713,16560
182747,16561
182773,16562
182779,16563
182789,16564
182803,16565
182813,16566
182821,16567
182839,16568
182851,16569
182857,16570
182867,16571
182887,16572
182893,16573
182899,16574
182921,16575
182927,16576
182929,16577
182933,16578
182953,16579
182957,16580
182969,16581
182981,16582
182999,16583
183023,16584
183037,16585
183041,16586
183047,16587
183059,16588
183067,16589
183089,16590
183091,16591
183119,16592
183151,16593
183167,16594
183191,16595
183203,16596
183247,16597
183259,16598
183263,16599
183283,16600
183289,16601
183299,16602
183301,16603
183307,16604
183317,16605
183319,16606
183329,16607
183343,16608
183349,16609
183361,16610
183373,16611
183377,16612
183383,16613
183389,16614
183397,16615
183437,16616
183439,16617
183451,16618
183461,16619
183473,16620
183479,16621
183487,16622
183497,16623
183499,16624
183503,16625
183509,16626
183511,16627
183523,16628
183527,16629
183569,16630
183571,16631
183577,16632
183581,16633
183587,16634
183593,16635
183611,16636
183637,16637
183661,16638
183683,16639
183691,16640
183697,16641
183707,16642
183709,16643
183713,16644
183761,16645
183763,16646
183797,16647
183809,16648
183823,16649
183829,16650
183871,16651
183877,16652
183881,16653
183907,16654
183917,16655
183919,16656
183943,16657
183949,16658
183959,16659
183971,16660
183973,16661
183979,16662
184003,16663
184007,16664
184013,16665
184031,16666
184039,16667
184043,16668
184057,16669
184073,16670
184081,16671
184087,16672
184111,16673
184117,16674
184133,16675
184153,16676
184157,16677
184181,16678
184187,16679
184189,16680
184199,16681
184211,16682
184231,16683
184241,16684
184259,16685
184271,16686
184273,16687
184279,16688
184291,16689
184309,16690
184321,16691
184333,16692
184337,16693
184351,16694
184369,16695
184409,16696
184417,16697
184441,16698
184447,16699
184463,16700
184477,16701
184487,16702
184489,16703
184511,16704
184517,16705
184523,16706
184553,16707
184559,16708
184567,16709
184571,16710
184577,16711
184607,16712
184609,16713
184627,16714
184631,16715
184633,16716
184649,16717
184651,16718
184669,16719
184687,16720
184693,16721
184703,16722
184711,16723
184721,16724
184727,16725
184733,16726
184753,16727
184777,16728
184823,16729
184829,16730
184831,16731
184837,16732
184843,16733
184859,16734
184879,16735
184901,16736
184903,16737
184913,16738
184949,16739
184957,16740
184967,16741
184969,16742
184993,16743
184997,16744
184999,16745
185021,16746
185027,16747
185051,16748
185057,16749
185063,16750
185069,16751
185071,16752
185077,16753
185089,16754
185099,16755
185123,16756
185131,16757
185137,16758
185149,16759
185153,16760
185161,16761
185167,16762
185177,16763
185183,16764
185189,16765
185221,16766
185233,16767
185243,16768
185267,16769
185291,16770
185299,16771
185303,16772
185309,16773
185323,16774
185327,16775
185359,16776
185363,16777
185369,16778
185371,16779
185401,16780
185429,16781
185441,16782
185467,16783
185477,16784
185483,16785
185491,16786
185519,16787
185527,16788
185531,16789
185533,16790
185539,16791
185543,16792
185551,16793
185557,16794
185567,16795
185569,16796
185593,16797
185599,16798
185621,16799
185641,16800
185651,16801
185677,16802
185681,16803
185683,16804
185693,16805
185699,16806
185707,16807
185711,16808
185723,16809
185737,16810
185747,16811
185749,16812
185753,16813
185767,16814
185789,16815
185797,16816
185813,16817
185819,16818
185821,16819
185831,16820
185833,16821
185849,16822
185869,16823
185873,16824
185893,16825
185897,16826
185903,16827
185917,16828
185923,16829
185947,16830
185951,16831
185957,16832
185959,16833
185971,16834
185987,16835
185993,16836
186007,16837
186013,16838
186019,16839
186023,16840
186037,16841
186041,16842
186049,16843
186071,16844
186097,16845
186103,16846
186107,16847
186113,16848
186119,16849
186149,16850
186157,16851
186161,16852
186163,16853
186187,16854
186191,16855
186211,16856
186227,16857
186229,16858
186239,16859
186247,16860
186253,16861
186259,16862
186271,16863
186283,16864
186299,16865
186301,16866
186311,16867
186317,16868
186343,16869
186377,16870
186379,16871
186391,16872
186397,16873
186419,16874
186437,16875
186451,16876
186469,16877
186479,16878
186481,16879
186551,16880
186569,16881
186581,16882
186583,16883
186587,16884
186601,16885
186619,16886
186629,16887
186647,16888
186649,16889
186653,16890
186671,16891
186679,16892
186689,16893
186701,16894
186707,16895
186709,16896
186727,16897
186733,16898
186743,16899
186757,16900
186761,16901
186763,16902
186773,16903
186793,16904
186799,16905
186841,16906
186859,16907
186869,16908
186871,16909
186877,16910
186883,16911
186889,16912
186917,16913
186947,16914
186959,16915
187003,16916
187009,16917
187027,16918
187043,16919
187049,16920
187067,16921
187069,16922
187073,16923
187081,16924
187091,16925
187111,16926
187123,16927
187127,16928
187129,16929
187133,16930
187139,16931
187141,16932
187163,16933
187171,16934
187177,16935
187181,16936
187189,16937
187193,16938
187211,16939
187217,16940
187219,16941
187223,16942
187237,16943
187273,16944
187277,16945
187303,16946
187337,16947
187339,16948
187349,16949
187361,16950
187367,16951
187373,16952
187379,16953
187387,16954
187393,16955
187409,16956
187417,16957
187423,16958
187433,16959
187441,16960
187463,16961
187469,16962
187471,16963
187477,16964
187507,16965
187513,16966
187531,16967
187547,16968
187559,16969
187573,16970
187597,16971
187631,16972
187633,16973
187637,16974
187639,16975
187651,16976
187661,16977
187669,16978
187687,16979
187699,16980
187711,16981
187721,16982
187751,16983
187763,16984
187787,16985
187793,16986
187823,16987
187843,16988
187861,16989
187871,16990
187877,16991
187883,16992
187897,16993
187907,16994
187909,16995
187921,16996
187927,16997
187931,16998
187951,16999
187963,17000
187973,17001
187987,17002
188011,17003
188017,17004
188021,17005
188029,17006
188107,17007
188137,17008
188143,17009
188147,17010
188159,17011
188171,17012
188179,17013
188189,17014
188197,17015
188249,17016
188261,17017
188273,17018
188281,17019
188291,17020
188299,17021
188303,17022
188311,17023
188317,17024
188323,17025
188333,17026
188351,17027
188359,17028
188369,17029
188389,17030
188401,17031
188407,17032
188417,17033
188431,17034
188437,17035
188443,17036
188459,17037
188473,17038
188483,17039
188491,17040
188519,17041
188527,17042
188533,17043
188563,17044
188579,17045
188603,17046
188609,17047
188621,17048
188633,17049
188653,17050
188677,17051
188681,17052
188687,17053
188693,17054
188701,17055
188707,17056
188711,17057
188719,17058
188729,17059
188753,17060
188767,17061
188779,17062
188791,17063
188801,17064
188827,17065
188831,17066
188833,17067
188843,17068
188857,17069
188861,17070
188863,17071
188869,17072
188891,17073
188911,17074
188927,17075
188933,17076
188939,17077
188941,17078
188953,17079
188957,17080
188983,17081
188999,17082
189011,17083
189017,17084
189019,17085
189041,17086
189043,17087
189061,17088
189067,17089
189127,17090
189139,17091
189149,17092
189151,17093
189169,17094
189187,17095
189199,17096
189223,17097
189229,17098
189239,17099
189251,17100
189253,17101
189257,17102
189271,17103
189307,17104
189311,17105
189337,17106
189347,17107
189349,17108
189353,17109
189361,17110
189377,17111
189389,17112
189391,17113
189401,17114
189407,17115
189421,17116
189433,17117
189437,17118
189439,17119
189463,17120
189467,17121
189473,17122
189479,17123
189491,17124
189493,17125
189509,17126
189517,17127
189523,17128
189529,17129
189547,17130
189559,17131
189583,17132
189593,17133
189599,17134
189613,17135
189617,17136
189619,17137
189643,17138
189653,17139
189661,17140
189671,17141
189691,17142
189697,17143
189701,17144
189713,17145
189733,17146
189743,17147
189757,17148
189767,17149
189797,17150
189799,17151
189817,17152
189823,17153
189851,17154
189853,17155
189859,17156
189877,17157
189881,17158
189887,17159
189901,17160
189913,17161
189929,17162
189947,17163
189949,17164
189961,17165
189967,17166
189977,17167
189983,17168
189989,17169
189997,17170
190027,17171
190031,17172
190051,17173
190063,17174
190093,17175
190097,17176
190121,17177
190129,17178
190147,17179
190159,17180
190181,17181
190207,17182
190243,17183
190249,17184
190261,17185
190271,17186
190283,17187
190297,17188
190301,17189
190313,17190
190321,17191
190331,17192
190339,17193
190357,17194
190367,17195
190369,17196
190387,17197
190391,17198
190403,17199
190409,17200
190471,17201
190507,17202
190523,17203
190529,17204
190537,17205
190543,17206
190573,17207
190577,17208
190579,17209
190583,17210
190591,17211
190607,17212
190613,17213
190633,17214
190639,17215
190649,17216
190657,17217
190667,17218
190669,17219
190699,17220
190709,17221
190711,17222
190717,17223
190753,17224
190759,17225
190763,17226
190769,17227
190783,17228
190787,17229
190793,17230
190807,17231
190811,17232
190823,17233
190829,17234
190837,17235
190843,17236
190871,17237
190889,17238
190891,17239
190901,17240
190909,17241
190913,17242
190921,17243
190979,17244
190997,17245
191021,17246
191027,17247
191033,17248
191039,17249
191047,17250
191057,17251
191071,17252
191089,17253
191099,17254
191119,17255
191123,17256
191137,17257
191141,17258
191143,17259
191161,17260
191173,17261
191189,17262
191227,17263
191231,17264
191237,17265
191249,17266
191251,17267
191281,17268
191297,17269
191299,17270
191339,17271
191341,17272
191353,17273
191413,17274
191441,17275
191447,17276
191449,17277
191453,17278
191459,17279
191461,17280
191467,17281
191473,17282
191491,17283
191497,17284
191507,17285
191509,17286
191519,17287
191531,17288
191533,17289
191537,17290
191551,17291
191561,17292
191563,17293
191579,17294
191599,17295
191621,17296
191627,17297
191657,17298
191669,17299
191671,17300
191677,17301
191689,17302
191693,17303
191699,17304
191707,17305
191717,17306
191747,17307
191749,17308
191773,17309
191783,17310
191791,17311
191801,17312
191803,17313
191827,17314
191831,17315
191833,17316
191837,17317
191861,17318
191899,17319
191903,17320
191911,17321
191929,17322
191953,17323
191969,17324
191977,17325
191999,17326
192007,17327
192013,17328
192029,17329
192037,17330
192043,17331
192047,17332
192053,17333
192091,17334
192097,17335
192103,17336
192113,17337
192121,17338
192133,17339
192149,17340
192161,17341
192173,17342
192187,17343
192191,17344
192193,17345
192229,17346
192233,17347
192239,17348
192251,17349
192259,17350
192263,17351
192271,17352
192307,17353
192317,17354
192319,17355
192323,17356
192341,17357
192343,17358
192347,17359
192373,17360
192377,17361
192383,17362
192391,17363
192407,17364
192431,17365
192461,17366
192463,17367
192497,17368
192499,17369
192529,17370
192539,17371
192547,17372
192553,17373
192557,17374
192571,17375
192581,17376
192583,17377
192587,17378
192601,17379
192611,17380
192613,17381
192617,17382
192629,17383
192631,17384
192637,17385
192667,17386
192677,17387
192697,17388
192737,17389
192743,17390
192749,17391
192757,17392
192767,17393
192781,17394
192791,17395
192799,17396
192811,17397
192817,17398
192833,17399
192847,17400
192853,17401
192859,17402
192877,17403
192883,17404
192887,17405
192889,17406
192917,17407
192923,17408
192931,17409
192949,17410
192961,17411
192971,17412
192977,17413
192979,17414
192991,17415
193003,17416
193009,17417
193013,17418
193031,17419
193043,17420
193051,17421
193057,17422
193073,17423
193093,17424
193133,17425
193139,17426
193147,17427
193153,17428
193163,17429
193181,17430
193183,17431
193189,17432
193201,17433
193243,17434
193247,17435
193261,17436
193283,17437
193301,17438
193327,17439
193337,17440
193357,17441
193367,17442
193373,17443
193379,17444
193381,17445
193387,17446
193393,17447
193423,17448
193433,17449
193441,17450
193447,17451
193451,17452
193463,17453
193469,17454
193493,17455
193507,17456
193513,17457
193541,17458
193549,17459
193559,17460
193573,17461
193577,17462
193597,17463
193601,17464
193603,17465
193607,17466
193619,17467
193649,17468
193663,17469
193679,17470
193703,17471
193723,17472
193727,17473
193741,17474
193751,17475
193757,17476
193763,17477
193771,17478
193789,17479
193793,17480
193799,17481
193811,17482
193813,17483
193841,17484
193847,17485
193859,17486
193861,17487
193871,17488
193873,17489
193877,17490
193883,17491
193891,17492
193937,17493
193939,17494
193943,17495
193951,17496
193957,17497
193979,17498
193993,17499
194003,17500
194017,17501
194027,17502
194057,17503
194069,17504
194071,17505
194083,17506
194087,17507
194093,17508
194101,17509
194113,17510
194119,17511
194141,17512
194149,17513
194167,17514
194179,17515
194197,17516
194203,17517
194239,17518
194263,17519
194267,17520
194269,17521
194309,17522
194323,17523
194353,17524
194371,17525
194377,17526
194413,17527
194431,17528
194443,17529
194471,17530
194479,17531
194483,17532
194507,17533
194521,17534
194527,17535
194543,17536
194569,17537
194581,17538
194591,17539
194609,17540
194647,17541
194653,17542
194659,17543
194671,17544
194681,17545
194683,17546
194687,17547
194707,17548
194713,17549
194717,17550
194723,17551
194729,17552
194749,17553
194767,17554
194771,17555
194809,17556
194813,17557
194819,17558
194827,17559
194839,17560
194861,17561
194863,17562
194867,17563
194869,17564
194891,17565
194899,17566
194911,17567
194917,17568
194933,17569
194963,17570
194977,17571
194981,17572
194989,17573
195023,17574
195029,17575
195043,17576
195047,17577
195049,17578
195053,17579
195071,17580
195077,17581
195089,17582
195103,17583
195121,17584
195127,17585
195131,17586
195137,17587
195157,17588
195161,17589
195163,17590
195193,17591
195197,17592
195203,17593
195229,17594
195241,17595
195253,17596
195259,17597
195271,17598
195277,17599
195281,17600
195311,17601
195319,17602
195329,17603
195341,17604
195343,17605
195353,17606
195359,17607
195389,17608
195401,17609
195407,17610
195413,17611
195427,17612
195443,17613
195457,17614
195469,17615
195479,17616
195493,17617
195497,17618
195511,17619
195527,17620
195539,17621
195541,17622
195581,17623
195593,17624
195599,17625
195659,17626
195677,17627
195691,17628
195697,17629
195709,17630
195731,17631
195733,17632
195737,17633
195739,17634
195743,17635
195751,17636
195761,17637
195781,17638
195787,17639
195791,17640
195809,17641
195817,17642
195863,17643
195869,17644
195883,17645
195887,17646
195893,17647
195907,17648
195913,17649
195919,17650
195929,17651
195931,17652
195967,17653
195971,17654
195973,17655
195977,17656
195991,17657
195997,17658
196003,17659
196033,17660
196039,17661
196043,17662
196051,17663
196073,17664
196081,17665
196087,17666
196111,17667
196117,17668
196139,17669
196159,17670
196169,17671
196171,17672
196177,17673
196181,17674
196187,17675
196193,17676
196201,17677
196247,17678
196271,17679
196277,17680
196279,17681
196291,17682
196303,17683
196307,17684
196331,17685
196337,17686
196379,17687
196387,17688
196429,17689
196439,17690
196453,17691
196459,17692
196477,17693
196499,17694
196501,17695
196519,17696
196523,17697
196541,17698
196543,17699
196549,17700
196561,17701
196579,17702
196583,17703
196597,17704
196613,17705
196643,17706
196657,17707
196661,17708
196663,17709
196681,17710
196687,17711
196699,17712
196709,17713
196717,17714
196727,17715
196739,17716
196751,17717
196769,17718
196771,17719
196799,17720
196817,17721
196831,17722
196837,17723
196853,17724
196871,17725
196873,17726
196879,17727
196901,17728
196907,17729
196919,17730
196927,17731
196961,17732
196991,17733
196993,17734
197003,17735
197009,17736
197023,17737
197033,17738
197059,17739
197063,17740
197077,17741
197083,17742
197089,17743
197101,17744
197117,17745
197123,17746
197137,17747
197147,17748
197159,17749
197161,17750
197203,17751
197207,17752
197221,17753
197233,17754
197243,17755
197257,17756
197261,17757
197269,17758
197273,17759
197279,17760
197293,17761
197297,17762
197299,17763
197311,17764
197339,17765
197341,17766
197347,17767
197359,17768
197369,17769
197371,17770
197381,17771
197383,17772
197389,17773
197419,17774
197423,17775
197441,17776
197453,17777
197479,17778
197507,17779
197521,17780
197539,17781
197551,17782
197567,17783
197569,17784
197573,17785
197597,17786
197599,17787
197609,17788
197621,17789
197641,17790
197647,17791
197651,17792
197677,17793
197683,17794
197689,17795
197699,17796
197711,17797
197713,17798
197741,17799
197753,17800
197759,17801
197767,17802
197773,17803
197779,17804
197803,17805
197807,17806
197831,17807
197837,17808
197887,17809
197891,17810
197893,17811
197909,17812
197921,17813
197927,17814
197933,17815
197947,17816
197957,17817
197959,17818
197963,17819
197969,17820
197971,17821
198013,17822
198017,17823
198031,17824
198043,17825
198047,17826
198073,17827
198083,17828
198091,17829
198097,17830
198109,17831
198127,17832
198139,17833
198173,17834
198179,17835
198193,17836
198197,17837
198221,17838
198223,17839
198241,17840
198251,17841
198257,17842
198259,17843
198277,17844
198281,17845
198301,17846
198313,17847
198323,17848
198337,17849
198347,17850
198349,17851
198377,17852
198391,17853
198397,17854
198409,17855
198413,17856
198427,17857
198437,17858
198439,17859
198461,17860
198463,17861
198469,17862
198479,17863
198491,17864
198503,17865
198529,17866
198533,17867
198553,17868
198571,17869
198589,17870
198593,17871
198599,17872
198613,17873
198623,17874
198637,17875
198641,17876
198647,17877
198659,17878
198673,17879
198689,17880
198701,17881
198719,17882
198733,17883
198761,17884
198769,17885
198811,17886
198817,17887
198823,17888
198827,17889
198829,17890
198833,17891
198839,17892
198841,17893
198851,17894
198859,17895
198899,17896
198901,17897
198929,17898
198937,17899
198941,17900
198943,17901
198953,17902
198959,17903
198967,17904
198971,17905
198977,17906
198997,17907
199021,17908
199033,17909
199037,17910
199039,17911
199049,17912
199081,17913
199103,17914
199109,17915
199151,17916
199153,17917
199181,17918
199193,17919
199207,17920
199211,17921
199247,17922
199261,17923
199267,17924
199289,17925
199313,17926
199321,17927
199337,17928
199343,17929
199357,17930
199373,17931
199379,17932
199399,17933
199403,17934
199411,17935
199417,17936
199429,17937
199447,17938
199453,17939
199457,17940
199483,17941
199487,17942
199489,17943
199499,17944
199501,17945
199523,17946
199559,17947
199567,17948
199583,17949
199601,17950
199603,17951
199621,17952
199637,17953
199657,17954
199669,17955
199673,17956
199679,17957
199687,17958
199697,17959
199721,17960
199729,17961
199739,17962
199741,17963
199751,17964
199753,17965
199777,17966
199783,17967
199799,17968
199807,17969
199811,17970
199813,17971
199819,17972
199831,17973
199853,17974
199873,17975
199877,17976
199889,17977
199909,17978
199921,17979
199931,17980
199933,17981
199961,17982
199967,17983
199999,17984
200003,17985
200009,17986
200017,17987
200023,17988
200029,17989
200033,17990
200041,17991
200063,17992
200087,17993
200117,17994
200131,17995
200153,17996
200159,17997
200171,17998
200177,17999
200183,18000
200191,18001
200201,18002
200227,18003
200231,18004
200237,18005
200257,18006
200273,18007
200293,18008
200297,18009
200323,18010
200329,18011
200341,18012
200351,18013
200357,18014
200363,18015
200371,18016
200381,18017
200383,18018
200401,18019
200407,18020
200437,18021
200443,18022
200461,18023
200467,18024
200483,18025
200513,18026
200569,18027
200573,18028
200579,18029
200587,18030
200591,18031
200597,18032
200609,18033
200639,18034
200657,18035
200671,18036
200689,18037
200699,18038
200713,18039
200723,18040
200731,18041
200771,18042
200779,18043
200789,18044
200797,18045
200807,18046
200843,18047
200861,18048
200867,18049
200869,18050
200881,18051
200891,18052
200899,18053
200903,18054
200909,18055
200927,18056
200929,18057
200971,18058
200983,18059
200987,18060
200989,18061
201007,18062
201011,18063
201031,18064
201037,18065
201049,18066
201073,18067
201101,18068
201107,18069
201119,18070
201121,18071
201139,18072
201151,18073
201163,18074
201167,18075
201193,18076
201203,18077
201209,18078
201211,18079
201233,18080
201247,18081
201251,18082
201281,18083
201287,18084
201307,18085
201329,18086
201337,18087
201359,18088
201389,18089
201401,18090
201403,18091
201413,18092
201437,18093
201449,18094
201451,18095
201473,18096
201491,18097
201493,18098
201497,18099
201499,18100
201511,18101
201517,18102
201547,18103
201557,18104
201577,18105
201581,18106
201589,18107
201599,18108
201611,18109
201623,18110
201629,18111
201653,18112
201661,18113
201667,18114
201673,18115
201683,18116
201701,18117
201709,18118
201731,18119
201743,18120
201757,18121
201767,18122
201769,18123
201781,18124
201787,18125
201791,18126
201797,18127
201809,18128
201821,18129
201823,18130
201827,18131
201829,18132
201833,18133
201847,18134
201881,18135
201889,18136
201893,18137
201907,18138
201911,18139
201919,18140
201923,18141
201937,18142
201947,18143
201953,18144
201961,18145
201973,18146
201979,18147
201997,18148
202001,18149
202021,18150
202031,18151
202049,18152
202061,18153
202063,18154
202067,18155
202087,18156
202099,18157
202109,18158
202121,18159
202127,18160
202129,18161
202183,18162
202187,18163
202201,18164
202219,18165
202231,18166
202243,18167
202277,18168
202289,18169
202291,18170
202309,18171
202327,18172
202339,18173
202343,18174
202357,18175
202361,18176
202381,18177
202387,18178
202393,18179
202403,18180
202409,18181
202441,18182
202471,18183
202481,18184
202493,18185
202519,18186
202529,18187
202549,18188
202567,18189
202577,18190
202591,18191
202613,18192
202621,18193
202627,18194
202637,18195
202639,18196
202661,18197
202667,18198
202679,18199
202693,18200
202717,18201
202729,18202
202733,18203
202747,18204
202751,18205
202753,18206
202757,18207
202777,18208
202799,18209
202817,18210
202823,18211
202841,18212
202859,18213
202877,18214
202879,18215
202889,18216
202907,18217
202921,18218
202931,18219
202933,18220
202949,18221
202967,18222
202973,18223
202981,18224
202987,18225
202999,18226
203011,18227
203017,18228
203023,18229
203039,18230
203051,18231
203057,18232
203117,18233
203141,18234
203173,18235
203183,18236
203207,18237
203209,18238
203213,18239
203221,18240
203227,18241
203233,18242
203249,18243
203279,18244
203293,18245
203309,18246
203311,18247
203317,18248
203321,18249
203323,18250
203339,18251
203341,18252
203351,18253
203353,18254
203363,18255
203381,18256
203383,18257
203387,18258
203393,18259
203417,18260
203419,18261
203429,18262
203431,18263
203449,18264
203459,18265
203461,18266
203531,18267
203549,18268
203563,18269
203569,18270
203579,18271
203591,18272
203617,18273
203627,18274
203641,18275
203653,18276
203657,18277
203659,18278
203663,18279
203669,18280
203713,18281
203761,18282
203767,18283
203771,18284
203773,18285
203789,18286
203807,18287
203809,18288
203821,18289
203843,18290
203857,18291
203869,18292
203873,18293
203897,18294
203909,18295
203911,18296
203921,18297
203947,18298
203953,18299
203969,18300
203971,18301
203977,18302
203989,18303
203999,18304
204007,18305
204013,18306
204019,18307
204023,18308
204047,18309
204059,18310
204067,18311
204101,18312
204107,18313
204133,18314
204137,18315
204143,18316
204151,18317
204161,18318
204163,18319
204173,18320
204233,18321
204251,18322
204299,18323
204301,18324
204311,18325
204319,18326
204329,18327
204331,18328
204353,18329
204359,18330
204361,18331
204367,18332
204371,18333
204377,18334
204397,18335
204427,18336
204431,18337
204437,18338
204439,18339
204443,18340
204461,18341
204481,18342
204487,18343
204509,18344
204511,18345
204517,18346
204521,18347
204557,18348
204563,18349
204583,18350
204587,18351
204599,18352
204601,18353
204613,18354
204623,18355
204641,18356
204667,18357
204679,18358
204707,18359
204719,18360
204733,18361
204749,18362
204751,18363
204781,18364
204791,18365
204793,18366
204797,18367
204803,18368
204821,18369
204857,18370
204859,18371
204871,18372
204887,18373
204913,18374
204917,18375
204923,18376
204931,18377
204947,18378
204973,18379
204979,18380
204983,18381
205019,18382
205031,18383
205033,18384
205043,18385
205063,18386
205069,18387
205081,18388
205097,18389
205103,18390
205111,18391
205129,18392
205133,18393
205141,18394
205151,18395
205157,18396
205171,18397
205187,18398
205201,18399
205211,18400
205213,18401
205223,18402
205237,18403
205253,18404
205267,18405
205297,18406
205307,18407
205319,18408
205327,18409
205339,18410
205357,18411
205391,18412
205397,18413
205399,18414
205417,18415
205421,18416
205423,18417
205427,18418
205433,18419
205441,18420
205453,18421
205463,18422
205477,18423
205483,18424
205487,18425
205493,18426
205507,18427
205519,18428
205529,18429
205537,18430
205549,18431
205553,18432
205559,18433
205589,18434
205603,18435
205607,18436
205619,18437
205627,18438
205633,18439
205651,18440
205657,18441
205661,18442
205663,18443
205703,18444
205721,18445
205759,18446
205763,18447
205783,18448
205817,18449
205823,18450
205837,18451
205847,18452
205879,18453
205883,18454
205913,18455
205937,18456
205949,18457
205951,18458
205957,18459
205963,18460
205967,18461
205981,18462
205991,18463
205993,18464
206009,18465
206021,18466
206027,18467
206033,18468
206039,18469
206047,18470
206051,18471
206069,18472
206077,18473
206081,18474
206083,18475
206123,18476
206153,18477
206177,18478
206179,18479
206183,18480
206191,18481
206197,18482
206203,18483
206209,18484
206221,18485
206233,18486
206237,18487
206249,18488
206251,18489
206263,18490
206273,18491
206279,18492
206281,18493
206291,18494
206299,18495
206303,18496
206341,18497
206347,18498
206351,18499
206369,18500
206383,18501
206399,18502
206407,18503
206411,18504
206413,18505
206419,18506
206447,18507
206461,18508
206467,18509
206477,18510
206483,18511
206489,18512
206501,18513
206519,18514
206527,18515
206543,18516
206551,18517
206593,18518
206597,18519
206603,18520
206623,18521
206627,18522
206639,18523
206641,18524
206651,18525
206699,18526
206749,18527
206779,18528
206783,18529
206803,18530
206807,18531
206813,18532
206819,18533
206821,18534
206827,18535
206879,18536
206887,18537
206897,18538
206909,18539
206911,18540
206917,18541
206923,18542
206933,18543
206939,18544
206951,18545
206953,18546
206993,18547
207013,18548
207017,18549
207029,18550
207037,18551
207041,18552
207061,18553
207073,18554
207079,18555
207113,18556
207121,18557
207127,18558
207139,18559
207169,18560
207187,18561
207191,18562
207197,18563
207199,18564
207227,18565
207239,18566
207241,18567
207257,18568
207269,18569
207287,18570
207293,18571
207301,18572
207307,18573
207329,18574
207331,18575
207341,18576
207343,18577
207367,18578
207371,18579
207377,18580
207401,18581
207409,18582
207433,18583
207443,18584
207457,18585
207463,18586
207469,18587
207479,18588
207481,18589
207491,18590
207497,18591
207509,18592
207511,18593
207517,18594
207521,18595
207523,18596
207541,18597
207547,18598
207551,18599
207563,18600
207569,18601
207589,18602
207593,18603
207619,18604
207629,18605
207643,18606
207653,18607
207661,18608
207671,18609
207673,18610
207679,18611
207709,18612
207719,18613
207721,18614
207743,18615
207763,18616
207769,18617
207797,18618
207799,18619
207811,18620
207821,18621
207833,18622
207847,18623
207869,18624
207877,18625
207923,18626
207931,18627
207941,18628
207947,18629
207953,18630
207967,18631
207971,18632
207973,18633
207997,18634
208001,18635
208003,18636
208009,18637
208037,18638
208049,18639
208057,18640
208067,18641
208073,18642
208099,18643
208111,18644
208121,18645
208129,18646
208139,18647
208141,18648
208147,18649
208189,18650
208207,18651
208213,18652
208217,18653
208223,18654
208231,18655
208253,18656
208261,18657
208277,18658
208279,18659
208283,18660
208291,18661
208309,18662
208319,18663
208333,18664
208337,18665
208367,18666
208379,18667
208387,18668
208391,18669
208393,18670
208409,18671
208433,18672
208441,18673
208457,18674
208459,18675
208463,18676
208469,18677
208489,18678
208493,18679
208499,18680
208501,18681
208511,18682
208513,18683
208519,18684
208529,18685
208553,18686
208577,18687
208589,18688
208591,18689
208609,18690
208627,18691
208631,18692
208657,18693
208667,18694
208673,18695
208687,18696
208697,18697
208699,18698
208721,18699
208729,18700
208739,18701
208759,18702
208787,18703
208799,18704
208807,18705
208837,18706
208843,18707
208877,18708
208889,18709
208891,18710
208907,18711
208927,18712
208931,18713
208933,18714
208961,18715
208963,18716
208991,18717
208993,18718
208997,18719
209021,18720
209029,18721
209039,18722
209063,18723
209071,18724
209089,18725
209123,18726
209147,18727
209159,18728
209173,18729
209179,18730
209189,18731
209201,18732
209203,18733
209213,18734
209221,18735
209227,18736
209233,18737
209249,18738
209257,18739
209263,18740
209267,18741
209269,18742
209299,18743
209311,18744
209317,18745
209327,18746
209333,18747
209347,18748
209353,18749
209357,18750
209359,18751
209371,18752
209381,18753
209393,18754
209401,18755
209431,18756
209441,18757
209449,18758
209459,18759
209471,18760
209477,18761
209497,18762
209519,18763
209533,18764
209543,18765
209549,18766
209563,18767
209567,18768
209569,18769
209579,18770
209581,18771
209597,18772
209621,18773
209623,18774
209639,18775
209647,18776
209659,18777
209669,18778
209687,18779
209701,18780
209707,18781
209717,18782
209719,18783
209743,18784
209767,18785
209771,18786
209789,18787
209801,18788
209809,18789
209813,18790
209819,18791
209821,18792
209837,18793
209851,18794
209857,18795
209861,18796
209887,18797
209917,18798
209927,18799
209929,18800
209939,18801
209953,18802
209959,18803
209971,18804
209977,18805
209983,18806
209987,18807
210011,18808
210019,18809
210031,18810
210037,18811
210053,18812
210071,18813
210097,18814
210101,18815
210109,18816
210113,18817
210127,18818
210131,18819
210139,18820
210143,18821
210157,18822
210169,18823
210173,18824
210187,18825
210191,18826
210193,18827
210209,18828
210229,18829
210233,18830
210241,18831
210247,18832
210257,18833
210263,18834
210277,18835
210283,18836
210299,18837
210317,18838
210319,18839
210323,18840
210347,18841
210359,18842
210361,18843
210391,18844
210401,18845
210403,18846
210407,18847
210421,18848
210437,18849
210461,18850
210467,18851
210481,18852
210487,18853
210491,18854
210499,18855
210523,18856
210527,18857
210533,18858
210557,18859
210599,18860
210601,18861
210619,18862
210631,18863
210643,18864
210659,18865
210671,18866
210709,18867
210713,18868
210719,18869
210731,18870
210739,18871
210761,18872
210773,18873
210803,18874
210809,18875
210811,18876
210823,18877
210827,18878
210839,18879
210853,18880
210857,18881
210869,18882
210901,18883
210907,18884
210911,18885
210913,18886
210923,18887
210929,18888
210943,18889
210961,18890
210967,18891
211007,18892
211039,18893
211049,18894
211051,18895
211061,18896
211063,18897
211067,18898
211073,18899
211093,18900
211097,18901
211129,18902
211151,18903
211153,18904
211177,18905
211187,18906
211193,18907
211199,18908
211213,18909
211217,18910
211219,18911
211229,18912
211231,18913
211241,18914
211247,18915
211271,18916
211283,18917
211291,18918
211297,18919
211313,18920
211319,18921
211333,18922
211339,18923
211349,18924
211369,18925
211373,18926
211403,18927
211427,18928
211433,18929
211441,18930
211457,18931
211469,18932
211493,18933
211499,18934
211501,18935
211507,18936
211543,18937
211559,18938
211571,18939
211573,18940
211583,18941
211597,18942
211619,18943
211639,18944
211643,18945
211657,18946
211661,18947
211663,18948
211681,18949
211691,18950
211693,18951
211711,18952
211723,18953
211727,18954
211741,18955
211747,18956
211777,18957
211781,18958
211789,18959
211801,18960
211811,18961
211817,18962
211859,18963
211867,18964
211873,18965
211877,18966
211879,18967
211889,18968
211891,18969
211927,18970
211931,18971
211933,18972
211943,18973
211949,18974
211969,18975
211979,18976
211997,18977
212029,18978
212039,18979
212057,18980
212081,18981
212099,18982
212117,18983
212123,18984
212131,18985
212141,18986
212161,18987
212167,18988
212183,18989
212203,18990
212207,18991
212209,18992
212227,18993
212239,18994
212243,18995
212281,18996
212293,18997
212297,18998
212353,18999
212369,19000
212383,19001
212411,19002
212419,19003
212423,19004
212437,19005
212447,19006
212453,19007
212461,19008
212467,19009
212479,19010
212501,19011
212507,19012
212557,19013
212561,19014
212573,19015
212579,19016
212587,19017
212593,19018
212627,19019
212633,19020
212651,19021
212669,19022
212671,19023
212677,19024
212683,19025
212701,19026
212777,19027
212791,19028
212801,19029
212827,19030
212837,19031
212843,19032
212851,19033
212867,19034
212869,19035
212873,19036
212881,19037
212897,19038
212903,19039
212909,19040
212917,19041
212923,19042
212969,19043
212981,19044
212987,19045
212999,19046
213019,19047
213023,19048
213029,19049
213043,19050
213067,19051
213079,19052
213091,19053
213097,19054
213119,19055
213131,19056
213133,19057
213139,19058
213149,19059
213173,19060
213181,19061
213193,19062
213203,19063
213209,19064
213217,19065
213223,19066
213229,19067
213247,19068
213253,19069
213263,19070
213281,19071
213287,19072
213289,19073
213307,19074
213319,19075
213329,19076
213337,19077
213349,19078
213359,19079
213361,19080
213383,19081
213391,19082
213397,19083
213407,19084
213449,19085
213461,19086
213467,19087
213481,19088
213491,19089
213523,19090
213533,19091
213539,19092
213553,19093
213557,19094
213589,19095
213599,19096
213611,19097
213613,19098
213623,19099
213637,19100
213641,19101
213649,19102
213659,19103
213713,19104
213721,19105
213727,19106
213737,19107
213751,19108
213791,19109
213799,19110
213821,19111
213827,19112
213833,19113
213847,19114
213859,19115
213881,19116
213887,19117
213901,19118
213919,19119
213929,19120
213943,19121
213947,19122
213949,19123
213953,19124
213973,19125
213977,19126
213989,19127
214003,19128
214007,19129
214009,19130
214021,19131
214031,19132
214033,19133
214043,19134
214051,19135
214063,19136
214069,19137
214087,19138
214091,19139
214129,19140
214133,19141
214141,19142
214147,19143
214163,19144
214177,19145
214189,19146
214211,19147
214213,19148
214219,19149
214237,19150
214243,19151
214259,19152
214283,19153
214297,19154
214309,19155
214351,19156
214363,19157
214373,19158
214381,19159
214391,19160
214399,19161
214433,19162
214439,19163
214451,19164
214457,19165
214463,19166
214469,19167
214481,19168
214483,19169
214499,19170
214507,19171
214517,19172
214519,19173
214531,19174
214541,19175
214559,19176
214561,19177
214589,19178
214603,19179
214607,19180
214631,19181
214639,19182
214651,19183
214657,19184
214663,19185
214667,19186
214673,19187
214691,19188
214723,19189
214729,19190
214733,19191
214741,19192
214759,19193
214763,19194
214771,19195
214783,19196
214787,19197
214789,19198
214807,19199
214811,19200
214817,19201
214831,19202
214849,19203
214853,19204
214867,19205
214883,19206
214891,19207
214913,19208
214939,19209
214943,19210
214967,19211
214987,19212
214993,19213
215051,19214
215063,19215
215077,19216
215087,19217
215123,19218
215141,19219
215143,19220
215153,19221
215161,19222
215179,19223
215183,19224
215191,19225
215197,19226
215239,19227
215249,19228
215261,19229
215273,19230
215279,19231
215297,19232
215309,19233
215317,19234
215329,19235
215351,19236
215353,19237
215359,19238
215381,19239
215389,19240
215393,19241
215399,19242
215417,19243
215443,19244
215447,19245
215459,19246
215461,19247
215471,19248
215483,19249
215497,19250
215503,19251
215507,19252
215521,19253
215531,19254
215563,19255
215573,19256
215587,19257
215617,19258
215653,19259
215659,19260
215681,19261
215687,19262
215689,19263
215693,19264
215723,19265
215737,19266
215753,19267
215767,19268
215771,19269
215797,19270
215801,19271
215827,19272
215833,19273
215843,19274
215851,19275
215857,19276
215863,19277
215893,19278
215899,19279
215909,19280
215921,19281
215927,19282
215939,19283
215953,19284
215959,19285
215981,19286
215983,19287
216023,19288
216037,19289
216061,19290
216071,19291
216091,19292
216103,19293
216107,19294
216113,19295
216119,19296
216127,19297
216133,19298
216149,19299
216157,19300
216173,19301
216179,19302
216211,19303
216217,19304
216233,19305
216259,19306
216263,19307
216289,19308
216317,19309
216319,19310
216329,19311
216347,19312
216371,19313
216373,19314
216379,19315
216397,19316
216401,19317
216421,19318
216431,19319
216451,19320
216481,19321
216493,19322
216509,19323
216523,19324
216551,19325
216553,19326
216569,19327
216571,19328
216577,19329
216607,19330
216617,19331
216641,19332
216647,19333
216649,19334
216653,19335
216661,19336
216679,19337
216703,19338
216719,19339
216731,19340
216743,19341
216751,19342
216757,19343
216761,19344
216779,19345
216781,19346
216787,19347
216791,19348
216803,19349
216829,19350
216841,19351
216851,19352
216859,19353
216877,19354
216899,19355
216901,19356
216911,19357
216917,19358
216919,19359
216947,19360
216967,19361
216973,19362
216991,19363
217001,19364
217003,19365
217027,19366
217033,19367
217057,19368
217069,19369
217081,19370
217111,19371
217117,19372
217121,19373
217157,19374
217163,19375
217169,19376
217199,19377
217201,19378
217207,19379
217219,19380
217223,19381
217229,19382
217241,19383
217253,19384
217271,19385
217307,19386
217309,19387
217313,19388
217319,19389
217333,19390
217337,19391
217339,19392
217351,19393
217361,19394
217363,19395
217367,19396
217369,19397
217387,19398
217397,19399
217409,19400
217411,19401
217421,19402
217429,19403
217439,19404
217457,19405
217463,19406
217489,19407
217499,19408
217517,19409
217519,19410
217559,19411
217561,19412
217573,19413
217577,19414
217579,19415
217619,19416
217643,19417
217661,19418
217667,19419
217681,19420
217687,19421
217691,19422
217697,19423
217717,19424
217727,19425
217733,19426
217739,19427
217747,19428
217771,19429
217781,19430
217793,19431
217823,19432
217829,19433
217849,19434
217859,19435
217901,19436
217907,19437
217909,19438
217933,19439
217937,19440
217969,19441
217979,19442
217981,19443
218003,19444
218021,19445
218047,19446
218069,19447
218077,19448
218081,19449
218083,19450
218087,19451
218107,19452
218111,19453
218117,19454
218131,19455
218137,19456
218143,19457
218149,19458
218171,19459
218191,19460
218213,19461
218227,19462
218233,19463
218249,19464
218279,19465
218287,19466
218357,19467
218363,19468
218371,19469
218381,19470
218389,19471
218401,19472
218417,19473
218419,19474
218423,19475
218437,19476
218447,19477
218453,19478
218459,19479
218461,19480
218479,19481
218509,19482
218513,19483
218521,19484
218527,19485
218531,19486
218549,19487
218551,19488
218579,19489
218591,19490
218599,19491
218611,19492
218623,19493
218627,19494
218629,19495
218641,19496
218651,19497
218657,19498
218677,19499
218681,19500
218711,19501
218717,19502
218719,19503
218723,19504
218737,19505
218749,19506
218761,19507
218783,19508
218797,19509
218809,19510
218819,19511
218833,19512
218839,19513
218843,19514
218849,19515
218857,19516
218873,19517
218887,19518
218923,19519
218941,19520
218947,19521
218963,19522
218969,19523
218971,19524
218987,19525
218989,19526
218993,19527
219001,19528
219017,19529
219019,19530
219031,19531
219041,19532
219053,19533
219059,19534
219071,19535
219083,19536
219091,19537
219097,19538
219103,19539
219119,19540
219133,19541
219143,19542
219169,19543
219187,19544
219217,19545
219223,19546
219251,19547
219277,19548
219281,19549
219293,19550
219301,19551
219311,19552
219313,19553
219353,19554
219361,19555
219371,19556
219377,19557
219389,19558
219407,19559
219409,19560
219433,19561
219437,19562
219451,19563
219463,19564
219467,19565
219491,19566
219503,19567
219517,19568
219523,19569
219529,19570
219533,19571
219547,19572
219577,19573
219587,19574
219599,19575
219607,19576
219613,19577
219619,19578
219629,19579
219647,19580
219649,19581
219677,19582
219679,19583
219683,19584
219689,19585
219707,19586
219721,19587
219727,19588
219731,19589
219749,19590
219757,19591
219761,19592
219763,19593
219767,19594
219787,19595
219797,19596
219799,19597
219809,19598
219823,19599
219829,19600
219839,19601
219847,19602
219851,19603
219871,19604
219881,19605
219889,19606
219911,19607
219917,19608
219931,19609
219937,19610
219941,19611
219943,19612
219953,19613
219959,19614
219971,19615
219977,19616
219979,19617
219983,19618
220009,19619
220013,19620
220019,19621
220021,19622
220057,19623
220063,19624
220123,19625
220141,19626
220147,19627
220151,19628
220163,19629
220169,19630
220177,19631
220189,19632
220217,19633
220243,19634
220279,19635
220291,19636
220301,19637
220307,19638
220327,19639
220333,19640
220351,19641
220357,19642
220361,19643
220369,19644
220373,19645
220391,19646
220399,19647
220403,19648
220411,19649
220421,19650
220447,19651
220469,19652
220471,19653
220511,19654
220513,19655
220529,19656
220537,19657
220543,19658
220553,19659
220559,19660
220573,19661
220579,19662
220589,19663
220613,19664
220663,19665
220667,19666
220673,19667
220681,19668
220687,19669
220699,19670
220709,19671
220721,19672
220747,19673
220757,19674
220771,19675
220783,19676
220789,19677
220793,19678
220807,19679
220811,19680
220841,19681
220859,19682
220861,19683
220873,19684
220877,19685
220879,19686
220889,19687
220897,19688
220901,19689
220903,19690
220907,19691
220919,19692
220931,19693
220933,19694
220939,19695
220973,19696
221021,19697
221047,19698
221059,19699
221069,19700
221071,19701
221077,19702
221083,19703
221087,19704
221093,19705
221101,19706
221159,19707
221171,19708
221173,19709
221197,19710
221201,19711
221203,19712
221209,19713
221219,19714
221227,19715
221233,19716
221239,19717
221251,19718
221261,19719
221281,19720
221303,19721
221311,19722
221317,19723
221327,19724
221393,19725
221399,19726
221401,19727
221411,19728
221413,19729
221447,19730
221453,19731
221461,19732
221471,19733
221477,19734
221489,19735
221497,19736
221509,19737
221537,19738
221539,19739
221549,19740
221567,19741
221581,19742
221587,19743
221603,19744
221621,19745
221623,19746
221653,19747
221657,19748
221659,19749
221671,19750
221677,19751
221707,19752
221713,19753
221717,19754
221719,19755
221723,19756
221729,19757
221737,19758
221747,19759
221773,19760
221797,19761
221807,19762
221813,19763
221827,19764
221831,19765
221849,19766
221873,19767
221891,19768
221909,19769
221941,19770
221951,19771
221953,19772
221957,19773
221987,19774
221989,19775
221999,19776
222007,19777
222011,19778
222023,19779
222029,19780
222041,19781
222043,19782
222059,19783
222067,19784
222073,19785
222107,19786
222109,19787
222113,19788
222127,19789
222137,19790
222149,19791
222151,19792
222161,19793
222163,19794
222193,19795
222197,19796
222199,19797
222247,19798
222269,19799
222289,19800
222293,19801
222311,19802
222317,19803
222323,19804
222329,19805
222337,19806
222347,19807
222349,19808
222361,19809
222367,19810
222379,19811
222389,19812
222403,19813
222419,19814
222437,19815
222461,19816
222493,19817
222499,19818
222511,19819
222527,19820
222533,19821
222553,19822
222557,19823
222587,19824
222601,19825
222613,19826
222619,19827
222643,19828
222647,19829
222659,19830
222679,19831
222707,19832
222713,19833
222731,19834
222773,19835
222779,19836
222787,19837
222791,19838
222793,19839
222799,19840
222823,19841
222839,19842
222841,19843
222857,19844
222863,19845
222877,19846
222883,19847
222913,19848
222919,19849
222931,19850
222941,19851
222947,19852
222953,19853
222967,19854
222977,19855
222979,19856
222991,19857
223007,19858
223009,19859
223019,19860
223037,19861
223049,19862
223051,19863
223061,19864
223063,19865
223087,19866
223099,19867
223103,19868
223129,19869
223133,19870
223151,19871
223207,19872
223211,19873
223217,19874
223219,19875
223229,19876
223241,19877
223243,19878
223247,19879
223253,19880
223259,19881
223273,19882
223277,19883
223283,19884
223291,19885
223303,19886
223313,19887
223319,19888
223331,19889
223337,19890
223339,19891
223361,19892
223367,19893
223381,19894
223403,19895
223423,19896
223429,19897
223439,19898
223441,19899
223463,19900
223469,19901
223481,19902
223493,19903
223507,19904
223529,19905
223543,19906
223547,19907
223549,19908
223577,19909
223589,19910
223621,19911
223633,19912
223637,19913
223667,19914
223679,19915
223681,19916
223697,19917
223711,19918
223747,19919
223753,19920
223757,19921
223759,19922
223781,19923
223823,19924
223829,19925
223831,19926
223837,19927
223841,19928
223843,19929
223849,19930
223903,19931
223919,19932
223921,19933
223939,19934
223963,19935
223969,19936
223999,19937
224011,19938
224027,19939
224033,19940
224041,19941
224047,19942
224057,19943
224069,19944
224071,19945
224101,19946
224113,19947
224129,19948
224131,19949
224149,19950
224153,19951
224171,19952
224177,19953
224197,19954
224201,19955
224209,19956
224221,19957
224233,19958
224239,19959
224251,19960
224261,19961
224267,19962
224291,19963
224299,19964
224303,19965
224309,19966
224317,19967
224327,19968
224351,19969
224359,19970
224363,19971
224401,19972
224423,19973
224429,19974
224443,19975
224449,19976
224461,19977
224467,19978
224473,19979
224491,19980
224501,19981
224513,19982
224527,19983
224563,19984
224569,19985
224579,19986
224591,19987
224603,19988
224611,19989
224617,19990
224629,19991
224633,19992
224669,19993
224677,19994
224683,19995
224699,19996
224711,19997
224717,19998
224729,19999
224737,20000
