2,1
3,2
5,3
7,4
11,5
13,6
17,7
19,8
23,9
29,10
31,11
37,12
41,13
43,14
47,15
53,16
59,17
61,18
67,19
71,20
73,21
79,22
83,23
89,24
97,25
101,26
103,27
107,28
109,29
113,30
127,31
131,32
137,33
139,34
149,35
151,36
157,37
163,38
167,39
173,40
179,41
181,42
191,43
193,44
197,45
199,46
211,47
223,48
227,49
229,50
233,51
239,52
241,53
251,54
257,55
263,56
269,57
271,58
277,59
281,60
283,61
293,62
307,63
311,64
313,65
317,66
331,67
337,68
347,69
349,70
353,71
359,72
367,73
373,74
379,75
383,76
389,77
397,78
401,79
409,80
419,81
421,82
431,83
433,84
439,85
443,86
449,87
457,88
461,89
463,90
467,91
479,92
487,93
491,94
499,95
503,96
509,97
521,98
523,99
541,100
547,101
557,102
563,103
569,104
571,105
577,106
587,107
593,108
599,109
601,110
607,111
613,112
617,113
619,114
631,115
641,116
643,117
647,118
653,119
659,120
661,121
673,122
677,123
683,124
691,125
701,126
709,127
719,128
727,129
733,130
739,131
743,132
751,133
757,134
761,135
769,136
773,137
787,138
797,139
809,140
811,141
821,142
823,143
827,144
829,145
839,146
853,147
857,148
859,149
863,150
877,151
881,152
883,153
887,154
907,155
911,156
919,157
929,158
937,159
941,160
947,161
953,162
967,163
971,164
977,165
983,166
991,167
997,168
1009,169
1013,170
1019,171
1021,172
1031,173
1033,174
1039,175
1049,176
1051,177
1061,178
1063,179
1069,180
1087,181
1091,182
1093,183
1097,184
1103,185
1109,186
1117,187
1123,188
1129,189
1151,190
1153,191
1163,192
1171,193
1181,194
1187,195
1193,196
1201,197
1213,198
1217,199
1223,200
1229,201
1231,202
1237,203
1249,204
1259,205
1277,206
1279,207
1283,208
1289,209
1291,210
1297,211
1301,212
1303,213
1307,214
1319,215
1321,216
1327,217
1361,218
1367,219
1373,220
1381,221
1399,222
1409,223
1423,224
1427,225
1429,226
1433,227
1439,228
1447,229
1451,230
1453,231
1459,232
1471,233
1481,234
1483,235
1487,236
1489,237
1493,238
1499,239
1511,240
1523,241
1531,242
1543,243
1549,244
1553,245
1559,246
1567,247
1571,248
1579,249
1583,250
1597,251
1601,252
1607,253
1609,254
1613,255
1619,256
1621,257
1627,258
1637,259
1657,260
1663,261
1667,262
1669,263
1693,264
1697,265
1699,266
1709,267
1721,268
1723,269
1733,270
1741,271
1747,272
1753,273
1759,274
1777,275
1783,276
1787,277
1789,278
1801,279
1811,280
1823,281
1831,282
1847,283
1861,284
1867,285
1871,286
1873,287
1877,288
1879,289
1889,290
1901,291
1907,292
1913,293
1931,294
1933,295
1949,296
1951,297
1973,298
1979,299
1987,300
1993,301
1997,302
1999,303
2003,304
2011,305
2017,306
2027,307
2029,308
2039,309
2053,310
2063,311
2069,312
2081,313
2083,314
2087,315
2089,316
2099,317
2111,318
2113,319
2129,320
2131,321
2137,322
2141,323
2143,324
2153,325
2161,326
2179,327
2203,328
2207,329
2213,330
2221,331
2237,332
2239,333
2243,334
2251,335
2267,336
2269,337
2273,338
2281,339
2287,340
2293,341
2297,342
2309,343
2311,344
2333,345
2339,346
2341,347
2347,348
2351,349
2357,350
2371,351
2377,352
2381,353
2383,354
2389,355
2393,356
2399,357
2411,358
2417,359
2423,360
2437,361
2441,362
2447,363
2459,364
2467,365
2473,366
2477,367
2503,368
2521,369
2531,370
2539,371
2543,372
2549,373
2551,374
2557,375
2579,376
2591,377
2593,378
2609,379
2617,380
2621,381
2633,382
2647,383
2657,384
2659,385
2663,386
2671,387
2677,388
2683,389
2687,390
2689,391
2693,392
2699,393
2707,394
2711,395
2713,396
2719,397
2729,398
2731,399
2741,400
2749,401
2753,402
2767,403
2777,404
2789,405
2791,406
2797,407
2801,408
2803,409
2819,410
2833,411
2837,412
2843,413
2851,414
2857,415
2861,416
2879,417
2887,418
2897,419
2903,420
2909,421
2917,422
2927,423
2939,424
2953,425
2957,426
2963,427
2969,428
2971,429
2999,430
3001,431
3011,432
3019,433
3023,434
3037,435
3041,436
3049,437
3061,438
3067,439
3079,440
3083,441
3089,442
3109,443
3119,444
3121,445
3137,446
3163,447
3167,448
3169,449
3181,450
3187,451
3191,452
3203,453
3209,454
3217,455
3221,456
3229,457
3251,458
3253,459
3257,460
3259,461
3271,462
3299,463
3301,464
3307,465
3313,466
3319,467
3323,468
3329,469
3331,470
3343,471
3347,472
3359,473
3361,474
3371,475
3373,476
3389,477
3391,478
3407,479
3413,480
3433,481
3449,482
3457,483
3461,484
3463,485
3467,486
3469,487
3491,488
3499,489
3511,490
3517,491
3527,492
3529,493
3533,494
3539,495
3541,496
3547,497
3557,498
3559,499
3571,500
3581,501
3583,502
3593,503
3607,504
3613,505
3617,506
3623,507
3631,508
3637,509
3643,510
3659,511
3671,512
3673,513
3677,514
3691,515
3697,516
3701,517
3709,518
3719,519
3727,520
3733,521
3739,522
3761,523
3767,524
3769,525
3779,526
3793,527
3797,528
3803,529
3821,530
3823,531
3833,532
3847,533
3851,534
3853,535
3863,536
3877,537
3881,538
3889,539
3907,540
3911,541
3917,542
3919,543
3923,544
3929,545
3931,546
3943,547
3947,548
3967,549
3989,550
4001,551
4003,552
4007,553
4013,554
4019,555
4021,556
4027,557
4049,558
4051,559
4057,560
4073,561
4079,562
4091,563
4093,564
4099,565
4111,566
4127,567
4129,568
4133,569
4139,570
4153,571
4157,572
4159,573
4177,574
4201,575
4211,576
4217,577
4219,578
4229,579
4231,580
4241,581
4243,582
4253,583
4259,584
4261,585
4271,586
4273,587
4283,588
4289,589
4297,590
4327,591
4337,592
4339,593
4349,594
4357,595
4363,596
4373,597
4391,598
4397,599
4409,600
4421,601
4423,602
4441,603
4447,604
4451,605
4457,606
4463,607
4481,608
4483,609
4493,610
4507,611
4513,612
4517,613
4519,614
4523,615
4547,616
4549,617
4561,618
4567,619
4583,620
4591,621
4597,622
4603,623
4621,624
4637,625
4639,626
4643,627
4649,628
4651,629
4657,630
4663,631
4673,632
4679,633
4691,634
4703,635
4721,636
4723,637
4729,638
4733,639
4751,640
4759,641
4783,642
4787,643
4789,644
4793,645
4799,646
4801,647
4813,648
4817,649
4831,650
4861,651
4871,652
4877,653
4889,654
4903,655
4909,656
4919,657
4931,658
4933,659
4937,660
4943,661
4951,662
4957,663
4967,664
4969,665
4973,666
4987,667
4993,668
4999,669
5003,670
5009,671
5011,672
5021,673
5023,674
5039,675
5051,676
5059,677
5077,678
5081,679
5087,680
5099,681
5101,682
5107,683
5113,684
5119,685
5147,686
5153,687
5167,688
5171,689
5179,690
5189,691
5197,692
5209,693
5227,694
5231,695
5233,696
5237,697
5261,698
5273,699
5279,700
5281,701
5297,702
5303,703
5309,704
5323,705
5333,706
5347,707
5351,708
5381,709
5387,710
5393,711
5399,712
5407,713
5413,714
5417,715
5419,716
5431,717
5437,718
5441,719
5443,720
5449,721
5471,722
5477,723
5479,724
5483,725
5501,726
5503,727
5507,728
5519,729
5521,730
5527,731
5531,732
5557,733
5563,734
5569,735
5573,736
5581,737
5591,738
5623,739
5639,740
5641,741
5647,742
5651,743
5653,744
5657,745
5659,746
5669,747
5683,748
5689,749
5693,750
5701,751
5711,752
5717,753
5737,754
5741,755
5743,756
5749,757
5779,758
5783,759
5791,760
5801,761
5807,762
5813,763
5821,764
5827,765
5839,766
5843,767
5849,768
5851,769
5857,770
5861,771
5867,772
5869,773
5879,774
5881,775
5897,776
5903,777
5923,778
5927,779
5939,780
5953,781
5981,782
5987,783
6007,784
6011,785
6029,786
6037,787
6043,788
6047,789
6053,790
6067,791
6073,792
6079,793
6089,794
6091,795
6101,796
6113,797
6121,798
6131,799
6133,800
6143,801
6151,802
6163,803
6173,804
6197,805
6199,806
6203,807
6211,808
6217,809
6221,810
6229,811
6247,812
6257,813
6263,814
6269,815
6271,816
6277,817
6287,818
6299,819
6301,820
6311,821
6317,822
6323,823
6329,824
6337,825
6343,826
6353,827
6359,828
6361,829
6367,830
6373,831
6379,832
6389,833
6397,834
6421,835
6427,836
6449,837
6451,838
6469,839
6473,840
6481,841
6491,842
6521,843
6529,844
6547,845
6551,846
6553,847
6563,848
6569,849
6571,850
6577,851
6581,852
6599,853
6607,854
6619,855
6637,856
6653,857
6659,858
6661,859
6673,860
6679,861
6689,862
6691,863
6701,864
6703,865
6709,866
6719,867
6733,868
6737,869
6761,870
6763,871
6779,872
6781,873
6791,874
6793,875
6803,876
6823,877
6827,878
6829,879
6833,880
6841,881
6857,882
6863,883
6869,884
6871,885
6883,886
6899,887
6907,888
6911,889
6917,890
6947,891
6949,892
6959,893
6961,894
6967,895
6971,896
6977,897
6983,898
6991,899
6997,900
7001,901
7013,902
7019,903
7027,904
7039,905
7043,906
7057,907
7069,908
7079,909
7103,910
7109,911
7121,912
7127,913
7129,914
7151,915
7159,916
7177,917
7187,918
7193,919
7207,920
7211,921
7213,922
7219,923
7229,924
7237,925
7243,926
7247,927
7253,928
7283,929
7297,930
7307,931
7309,932
7321,933
7331,934
7333,935
7349,936
7351,937
7369,938
7393,939
7411,940
7417,941
7433,942
7451,943
7457,944
7459,945
7477,946
7481,947
7487,948
7489,949
7499,950
7507,951
7517,952
7523,953
7529,954
7537,955
7541,956
7547,957
7549,958
7559,959
7561,960
7573,961
7577,962
7583,963
7589,964
7591,965
7603,966
7607,967
7621,968
7639,969
7643,970
7649,971
7669,972
7673,973
7681,974
7687,975
7691,976
7699,977
7703,978
7717,979
7723,980
7727,981
7741,982
7753,983
7757,984
7759,985
7789,986
7793,987
7817,988
7823,989
7829,990
7841,991
7853,992
7867,993
7873,994
7877,995
7879,996
7883,997
7901,998
7907,999
7919,1000
7927,1001
7933,1002
7937,1003
7949,1004
7951,1005
7963,1006
7993,1007
8009,1008
8011,1009
8017,1010
8039,1011
8053,1012
8059,1013
8069,1014
8081,1015
8087,1016
8089,1017
8093,1018
8101,1019
8111,1020
8117,1021
8123,1022
8147,1023
8161,1024
8167,1025
8171,1026
8179,1027
8191,1028
8209,1029
8219,1030
8221,1031
8231,1032
8233,1033
8237,1034
8243,1035
8263,1036
8269,1037
8273,1038
8287,1039
8291,1040
8293,1041
8297,1042
8311,1043
8317,1044
8329,1045
8353,1046
8363,1047
8369,1048
8377,1049
8387,1050
8389,1051
8419,1052
8423,1053
8429,1054
8431,1055
8443,1056
8447,1057
8461,1058
8467,1059
8501,1060
8513,1061
8521,1062
8527,1063
8537,1064
8539,1065
8543,1066
8563,1067
8573,1068
8581,1069
8597,1070
8599,1071
8609,1072
8623,1073
8627,1074
8629,1075
8641,1076
8647,1077
8663,1078
8669,1079
8677,1080
8681,1081
8689,1082
8693,1083
8699,1084
8707,1085
8713,1086
8719,1087
8731,1088
8737,1089
8741,1090
8747,1091
8753,1092
8761,1093
8779,1094
8783,1095
8803,1096
8807,1097
8819,1098
8821,1099
8831,1100
8837,1101
8839,1102
8849,1103
8861,1104
8863,1105
8867,1106
8887,1107
8893,1108
8923,1109
8929,1110
8933,1111
8941,1112
8951,1113
8963,1114
8969,1115
8971,1116
8999,1117
9001,1118
9007,1119
9011,1120
9013,1121
9029,1122
9041,1123
9043,1124
9049,1125
9059,1126
9067,1127
9091,1128
9103,1129
9109,1130
9127,1131
9133,1132
9137,1133
9151,1134
9157,1135
9161,1136
9173,1137
9181,1138
9187,1139
9199,1140
9203,1141
9209,1142
9221,1143
9227,1144
9239,1145
9241,1146
9257,1147
9277,1148
9281,1149
9283,1150
9293,1151
9311,1152
9319,1153
9323,1154
9337,1155
9341,1156
9343,1157
9349,1158
9371,1159
9377,1160
9391,1161
9397,1162
9403,1163
9413,1164
9419,1165
9421,1166
9431,1167
9433,1168
9437,1169
9439,1170
9461,1171
9463,1172
9467,1173
9473,1174
9479,1175
9491,1176
9497,1177
9511,1178
9521,1179
9533,1180
9539,1181
9547,1182
9551,1183
9587,1184
9601,1185
9613,1186
9619,1187
9623,1188
9629,1189
9631,1190
9643,1191
9649,1192
9661,1193
9677,1194
9679,1195
9689,1196
9697,1197
9719,1198
9721,1199
9733,1200
9739,1201
9743,1202
9749,1203
9767,1204
9769,1205
9781,1206
9787,1207
9791,1208
9803,1209
9811,1210
9817,1211
9829,1212
9833,1213
9839,1214
9851,1215
9857,1216
9859,1217
9871,1218
9883,1219
9887,1220
9901,1221
9907,1222
9923,1223
9929,1224
9931,1225
9941,1226
9949,1227
9967,1228
9973,1229
10007,1230
10009,1231
10037,1232
10039,1233
10061,1234
10067,1235
10069,1236
10079,1237
10091,1238
10093,1239
10099,1240
10103,1241
10111,1242
10133,1243
10139,1244
10141,1245
10151,1246
10159,1247
10163,1248
10169,1249
10177,1250
10181,1251
10193,1252
10211,1253
10223,1254
10243,1255
10247,1256
10253,1257
10259,1258
10267,1259
10271,1260
10273,1261
10289,1262
10301,1263
10303,1264
10313,1265
10321,1266
10331,1267
10333,1268
10337,1269
10343,1270
10357,1271
10369,1272
10391,1273
10399,1274
10427,1275
10429,1276
10433,1277
10453,1278
10457,1279
10459,1280
10463,1281
10477,1282
10487,1283
10499,1284
10501,1285
10513,1286
10529,1287
10531,1288
10559,1289
10567,1290
10589,1291
10597,1292
10601,1293
10607,1294
10613,1295
10627,1296
10631,1297
10639,1298
10651,1299
10657,1300
10663,1301
10667,1302
10687,1303
10691,1304
10709,1305
10711,1306
10723,1307
10729,1308
10733,1309
10739,1310
10753,1311
10771,1312
10781,1313
10789,1314
10799,1315
10831,1316
10837,1317
10847,1318
10853,1319
10859,1320
10861,1321
10867,1322
10883,1323
10889,1324
10891,1325
10903,1326
10909,1327
10937,1328
10939,1329
10949,1330
10957,1331
10973,1332
10979,1333
10987,1334
10993,1335
11003,1336
11027,1337
11047,1338
11057,1339
11059,1340
11069,1341
11071,1342
11083,1343
11087,1344
11093,1345
11113,1346
11117,1347
11119,1348
11131,1349
11149,1350
11159,1351
11161,1352
11171,1353
11173,1354
11177,1355
11197,1356
11213,1357
11239,1358
11243,1359
11251,1360
11257,1361
11261,1362
11273,1363
11279,1364
11287,1365
11299,1366
11311,1367
11317,1368
11321,1369
11329,1370
11351,1371
11353,1372
11369,1373
11383,1374
11393,1375
11399,1376
11411,1377
11423,1378
11437,1379
11443,1380
11447,1381
11467,1382
11471,1383
11483,1384
11489,1385
11491,1386
11497,1387
11503,1388
11519,1389
11527,1390
11549,1391
11551,1392
11579,1393
11587,1394
11593,1395
11597,1396
11617,1397
11621,1398
11633,1399
11657,1400
11677,1401
11681,1402
11689,1403
11699,1404
11701,1405
11717,1406
11719,1407
11731,1408
11743,1409
11777,1410
11779,1411
11783,1412
11789,1413
11801,1414
11807,1415
11813,1416
11821,1417
11827,1418
11831,1419
11833,1420
11839,1421
11863,1422
11867,1423
11887,1424
11897,1425
11903,1426
11909,1427
11923,1428
11927,1429
11933,1430
11939,1431
11941,1432
11953,1433
11959,1434
11969,1435
11971,1436
11981,1437
11987,1438
12007,1439
12011,1440
12037,1441
12041,1442
12043,1443
12049,1444
12071,1445
12073,1446
12097,1447
12101,1448
12107,1449
12109,1450
12113,1451
12119,1452
12143,1453
12149,1454
12157,1455
12161,1456
12163,1457
12197,1458
12203,1459
12211,1460
12227,1461
12239,1462
12241,1463
12251,1464
12253,1465
12263,1466
12269,1467
12277,1468
12281,1469
12289,1470
12301,1471
12323,1472
12329,1473
12343,1474
12347,1475
12373,1476
12377,1477
12379,1478
12391,1479
12401,1480
12409,1481
12413,1482
12421,1483
12433,1484
12437,1485
12451,1486
12457,1487
12473,1488
12479,1489
12487,1490
12491,1491
12497,1492
12503,1493
12511,1494
12517,1495
12527,1496
12539,1497
12541,1498
12547,1499
12553,1500
12569,1501
12577,1502
12583,1503
12589,1504
12601,1505
12611,1506
12613,1507
12619,1508
12637,1509
12641,1510
12647,1511
12653,1512
12659,1513
12671,1514
12689,1515
12697,1516
12703,1517
12713,1518
12721,1519
12739,1520
12743,1521
12757,1522
12763,1523
12781,1524
12791,1525
12799,1526
12809,1527
12821,1528
12823,1529
12829,1530
12841,1531
12853,1532
12889,1533
12893,1534
12899,1535
12907,1536
12911,1537
12917,1538
12919,1539
12923,1540
12941,1541
12953,1542
12959,1543
12967,1544
12973,1545
12979,1546
12983,1547
13001,1548
13003,1549
13007,1550
13009,1551
13033,1552
13037,1553
13043,1554
13049,1555
13063,1556
13093,1557
13099,1558
13103,1559
13109,1560
13121,1561
13127,1562
13147,1563
13151,1564
13159,1565
13163,1566
13171,1567
13177,1568
13183,1569
13187,1570
13217,1571
13219,1572
13229,1573
13241,1574
13249,1575
13259,1576
13267,1577
13291,1578
13297,1579
13309,1580
13313,1581
13327,1582
13331,1583
13337,1584
13339,1585
13367,1586
13381,1587
13397,1588
13399,1589
13411,1590
13417,1591
13421,1592
13441,1593
13451,1594
13457,1595
13463,1596
13469,1597
13477,1598
13487,1599
13499,1600
13513,1601
13523,1602
13537,1603
13553,1604
13567,1605
13577,1606
13591,1607
13597,1608
13613,1609
13619,1610
13627,1611
13633,1612
13649,1613
13669,1614
13679,1615
13681,1616
13687,1617
13691,1618
13693,1619
13697,1620
13709,1621
13711,1622
13721,1623
13723,1624
13729,1625
13751,1626
13757,1627
13759,1628
13763,1629
13781,1630
13789,1631
13799,1632
13807,1633
13829,1634
13831,1635
13841,1636
13859,1637
13873,1638
13877,1639
13879,1640
13883,1641
13901,1642
13903,1643
13907,1644
13913,1645
13921,1646
13931,1647
13933,1648
13963,1649
13967,1650
13997,1651
13999,1652
14009,1653
14011,1654
14029,1655
14033,1656
14051,1657
14057,1658
14071,1659
14081,1660
14083,1661
14087,1662
14107,1663
14143,1664
14149,1665
14153,1666
14159,1667
14173,1668
14177,1669
14197,1670
14207,1671
14221,1672
14243,1673
14249,1674
14251,1675
14281,1676
14293,1677
14303,1678
14321,1679
14323,1680
14327,1681
14341,1682
14347,1683
14369,1684
14387,1685
14389,1686
14401,1687
14407,1688
14411,1689
14419,1690
14423,1691
14431,1692
14437,1693
14447,1694
14449,1695
14461,1696
14479,1697
14489,1698
14503,1699
14519,1700
14533,1701
14537,1702
14543,1703
14549,1704
14551,1705
14557,1706
14561,1707
14563,1708
14591,1709
14593,1710
14621,1711
14627,1712
14629,1713
14633,1714
14639,1715
14653,1716
14657,1717
14669,1718
14683,1719
14699,1720
14713,1721
14717,1722
14723,1723
14731,1724
14737,1725
14741,1726
14747,1727
14753,1728
14759,1729
14767,1730
14771,1731
14779,1732
14783,1733
14797,1734
14813,1735
14821,1736
14827,1737
14831,1738
14843,1739
14851,1740
14867,1741
14869,1742
14879,1743
14887,1744
14891,1745
14897,1746
14923,1747
14929,1748
14939,1749
14947,1750
14951,1751
14957,1752
14969,1753
14983,1754
15013,1755
15017,1756
15031,1757
15053,1758
15061,1759
15073,1760
15077,1761
15083,1762
15091,1763
15101,1764
15107,1765
15121,1766
15131,1767
15137,1768
15139,1769
15149,1770
15161,1771
15173,1772
15187,1773
15193,1774
15199,1775
15217,1776
15227,1777
15233,1778
15241,1779
15259,1780
15263,1781
15269,1782
15271,1783
15277,1784
15287,1785
15289,1786
15299,1787
15307,1788
15313,1789
15319,1790
15329,1791
15331,1792
15349,1793
15359,1794
15361,1795
15373,1796
15377,1797
15383,1798
15391,1799
15401,1800
15413,1801
15427,1802
15439,1803
15443,1804
15451,1805
15461,1806
15467,1807
15473,1808
15493,1809
15497,1810
15511,1811
15527,1812
15541,1813
15551,1814
15559,1815
15569,1816
15581,1817
15583,1818
15601,1819
15607,1820
15619,1821
15629,1822
15641,1823
15643,1824
15647,1825
15649,1826
15661,1827
15667,1828
15671,1829
15679,1830
15683,1831
15727,1832
15731,1833
15733,1834
15737,1835
15739,1836
15749,1837
15761,1838
15767,1839
15773,1840
15787,1841
15791,1842
15797,1843
15803,1844
15809,1845
15817,1846
15823,1847
15859,1848
15877,1849
15881,1850
15887,1851
15889,1852
15901,1853
15907,1854
15913,1855
15919,1856
15923,1857
15937,1858
15959,1859
15971,1860
15973,1861
15991,1862
16001,1863
16007,1864
16033,1865
16057,1866
16061,1867
16063,1868
16067,1869
16069,1870
16073,1871
16087,1872
16091,1873
16097,1874
16103,1875
16111,1876
16127,1877
16139,1878
16141,1879
16183,1880
16187,1881
16189,1882
16193,1883
16217,1884
16223,1885
16229,1886
16231,1887
16249,1888
16253,1889
16267,1890
16273,1891
16301,1892
16319,1893
16333,1894
16339,1895
16349,1896
16361,1897
16363,1898
16369,1899
16381,1900
16411,1901
16417,1902
16421,1903
16427,1904
16433,1905
16447,1906
16451,1907
16453,1908
16477,1909
16481,1910
16487,1911
16493,1912
16519,1913
16529,1914
16547,1915
16553,1916
16561,1917
16567,1918
16573,1919
16603,1920
16607,1921
16619,1922
16631,1923
16633,1924
16649,1925
16651,1926
16657,1927
16661,1928
16673,1929
16691,1930
16693,1931
16699,1932
16703,1933
16729,1934
16741,1935
16747,1936
16759,1937
16763,1938
16787,1939
16811,1940
16823,1941
16829,1942
16831,1943
16843,1944
16871,1945
16879,1946
16883,1947
16889,1948
16901,1949
16903,1950
16921,1951
16927,1952
16931,1953
16937,1954
16943,1955
16963,1956
16979,1957
16981,1958
16987,1959
16993,1960
17011,1961
17021,1962
17027,1963
17029,1964
17033,1965
17041,1966
17047,1967
17053,1968
17077,1969
17093,1970
17099,1971
17107,1972
17117,1973
17123,1974
17137,1975
17159,1976
17167,1977
17183,1978
17189,1979
17191,1980
17203,1981
17207,1982
17209,1983
17231,1984
17239,1985
17257,1986
17291,1987
17293,1988
17299,1989
17317,1990
17321,1991
17327,1992
17333,1993
17341,1994
17351,1995
17359,1996
17377,1997
17383,1998
17387,1999
17389,2000
17393,2001
17401,2002
17417,2003
17419,2004
17431,2005
17443,2006
17449,2007
17467,2008
17471,2009
17477,2010
17483,2011
17489,2012
17491,2013
17497,2014
17509,2015
17519,2016
17539,2017
17551,2018
17569,2019
17573,2020
17579,2021
17581,2022
17597,2023
17599,2024
17609,2025
17623,2026
17627,2027
17657,2028
17659,2029
17669,2030
17681,2031
17683,2032
17707,2033
17713,2034
17729,2035
17737,2036
17747,2037
17749,2038
17761,2039
17783,2040
17789,2041
17791,2042
17807,2043
17827,2044
17837,2045
17839,2046
17851,2047
17863,2048
17881,2049
17891,2050
17903,2051
17909,2052
17911,2053
17921,2054
17923,2055
17929,2056
17939,2057
17957,2058
17959,2059
17971,2060
17977,2061
17981,2062
17987,2063
17989,2064
18013,2065
18041,2066
18043,2067
18047,2068
18049,2069
18059,2070
18061,2071
18077,2072
18089,2073
18097,2074
18119,2075
18121,2076
18127,2077
18131,2078
18133,2079
18143,2080
18149,2081
18169,2082
18181,2083
18191,2084
18199,2085
18211,2086
18217,2087
18223,2088
18229,2089
18233,2090
18251,2091
18253,2092
18257,2093
18269,2094
18287,2095
18289,2096
18301,2097
18307,2098
18311,2099
18313,2100
18329,2101
18341,2102
18353,2103
18367,2104
18371,2105
18379,2106
18397,2107
18401,2108
18413,2109
18427,2110
18433,2111
18439,2112
18443,2113
18451,2114
18457,2115
18461,2116
18481,2117
18493,2118
18503,2119
18517,2120
18521,2121
18523,2122
18539,2123
18541,2124
18553,2125
18583,2126
18587,2127
18593,2128
18617,2129
18637,2130
18661,2131
18671,2132
18679,2133
18691,2134
18701,2135
18713,2136
18719,2137
18731,2138
18743,2139
18749,2140
18757,2141
18773,2142
18787,2143
18793,2144
18797,2145
18803,2146
18839,2147
18859,2148
18869,2149
18899,2150
18911,2151
18913,2152
18917,2153
18919,2154
18947,2155
18959,2156
18973,2157
18979,2158
19001,2159
19009,2160
19013,2161
19031,2162
19037,2163
19051,2164
19069,2165
19073,2166
19079,2167
19081,2168
19087,2169
19121,2170
19139,2171
19141,2172
19157,2173
19163,2174
19181,2175
19183,2176
19207,2177
19211,2178
19213,2179
19219,2180
19231,2181
19237,2182
19249,2183
19259,2184
19267,2185
19273,2186
19289,2187
19301,2188
19309,2189
19319,2190
19333,2191
19373,2192
19379,2193
19381,2194
19387,2195
19391,2196
19403,2197
19417,2198
19421,2199
19423,2200
19427,2201
19429,2202
19433,2203
19441,2204
19447,2205
19457,2206
19463,2207
19469,2208
19471,2209
19477,2210
19483,2211
19489,2212
19501,2213
19507,2214
19531,2215
19541,2216
19543,2217
19553,2218
19559,2219
19571,2220
19577,2221
19583,2222
19597,2223
19603,2224
19609,2225
19661,2226
19681,2227
19687,2228
19697,2229
19699,2230
19709,2231
19717,2232
19727,2233
19739,2234
19751,2235
19753,2236
19759,2237
19763,2238
19777,2239
19793,2240
19801,2241
19813,2242
19819,2243
19841,2244
19843,2245
19853,2246
19861,2247
19867,2248
19889,2249
19891,2250
19913,2251
19919,2252
19927,2253
19937,2254
19949,2255
19961,2256
19963,2257
19973,2258
19979,2259
19991,2260
19993,2261
19997,2262
20011,2263
20021,2264
20023,2265
20029,2266
20047,2267
20051,2268
20063,2269
20071,2270
20089,2271
20101,2272
20107,2273
20113,2274
20117,2275
20123,2276
20129,2277
20143,2278
20147,2279
20149,2280
20161,2281
20173,2282
20177,2283
20183,2284
20201,2285
20219,2286
20231,2287
20233,2288
20249,2289
20261,2290
20269,2291
20287,2292
20297,2293
20323,2294
20327,2295
20333,2296
20341,2297
20347,2298
20353,2299
20357,2300
20359,2301
20369,2302
20389,2303
20393,2304
20399,2305
20407,2306
20411,2307
20431,2308
20441,2309
20443,2310
20477,2311
20479,2312
20483,2313
20507,2314
20509,2315
20521,2316
20533,2317
20543,2318
20549,2319
20551,2320
20563,2321
20593,2322
20599,2323
20611,2324
20627,2325
20639,2326
20641,2327
20663,2328
20681,2329
20693,2330
20707,2331
20717,2332
20719,2333
20731,2334
20743,2335
20747,2336
20749,2337
20753,2338
20759,2339
20771,2340
20773,2341
20789,2342
20807,2343
20809,2344
20849,2345
20857,2346
20873,2347
20879,2348
20887,2349
20897,2350
20899,2351
20903,2352
20921,2353
20929,2354
20939,2355
20947,2356
20959,2357
20963,2358
20981,2359
20983,2360
21001,2361
21011,2362
21013,2363
21017,2364
21019,2365
21023,2366
21031,2367
21059,2368
21061,2369
21067,2370
21089,2371
21101,2372
21107,2373
21121,2374
21139,2375
21143,2376
21149,2377
21157,2378
21163,2379
21169,2380
21179,2381
21187,2382
21191,2383
21193,2384
21211,2385
21221,2386
21227,2387
21247,2388
21269,2389
21277,2390
21283,2391
21313,2392
21317,2393
21319,2394
21323,2395
21341,2396
21347,2397
21377,2398
21379,2399
21383,2400
21391,2401
21397,2402
21401,2403
21407,2404
21419,2405
21433,2406
21467,2407
21481,2408
21487,2409
21491,2410
21493,2411
21499,2412
21503,2413
21517,2414
21521,2415
21523,2416
21529,2417
21557,2418
21559,2419
21563,2420
21569,2421
21577,2422
21587,2423
21589,2424
21599,2425
21601,2426
21611,2427
21613,2428
21617,2429
21647,2430
21649,2431
21661,2432
21673,2433
21683,2434
21701,2435
21713,2436
21727,2437
21737,2438
21739,2439
21751,2440
21757,2441
21767,2442
21773,2443
21787,2444
21799,2445
21803,2446
21817,2447
21821,2448
21839,2449
21841,2450
21851,2451
21859,2452
21863,2453
21871,2454
21881,2455
21893,2456
21911,2457
21929,2458
21937,2459
21943,2460
21961,2461
21977,2462
21991,2463
21997,2464
22003,2465
22013,2466
22027,2467
22031,2468
22037,2469
22039,2470
22051,2471
22063,2472
22067,2473
22073,2474
22079,2475
22091,2476
22093,2477
22109,2478
22111,2479
22123,2480
22129,2481
22133,2482
22147,2483
22153,2484
22157,2485
22159,2486
22171,2487
22189,2488
22193,2489
22229,2490
22247,2491
22259,2492
22271,2493
22273,2494
22277,2495
22279,2496
22283,2497
22291,2498
22303,2499
22307,2500
22343,2501
22349,2502
22367,2503
22369,2504
22381,2505
22391,2506
22397,2507
22409,2508
22433,2509
22441,2510
22447,2511
22453,2512
22469,2513
22481,2514
22483,2515
22501,2516
22511,2517
22531,2518
22541,2519
22543,2520
22549,2521
22567,2522
22571,2523
22573,2524
22613,2525
22619,2526
22621,2527
22637,2528
22639,2529
22643,2530
22651,2531
22669,2532
22679,2533
22691,2534
22697,2535
22699,2536
22709,2537
22717,2538
22721,2539
22727,2540
22739,2541
22741,2542
22751,2543
22769,2544
22777,2545
22783,2546
22787,2547
22807,2548
22811,2549
22817,2550
22853,2551
22859,2552
22861,2553
22871,2554
22877,2555
22901,2556
22907,2557
22921,2558
22937,2559
22943,2560
22961,2561
22963,2562
22973,2563
22993,2564
23003,2565
23011,2566
23017,2567
23021,2568
23027,2569
23029,2570
23039,2571
23041,2572
23053,2573
23057,2574
23059,2575
23063,2576
23071,2577
23081,2578
23087,2579
23099,2580
23117,2581
23131,2582
23143,2583
23159,2584
23167,2585
23173,2586
23189,2587
23197,2588
23201,2589
23203,2590
23209,2591
23227,2592
23251,2593
23269,2594
23279,2595
23291,2596
23293,2597
23297,2598
23311,2599
23321,2600
23327,2601
23333,2602
23339,2603
23357,2604
23369,2605
23371,2606
23399,2607
23417,2608
23431,2609
23447,2610
23459,2611
23473,2612
23497,2613
23509,2614
23531,2615
23537,2616
23539,2617
23549,2618
23557,2619
23561,2620
23563,2621
23567,2622
23581,2623
23593,2624
23599,2625
23603,2626
23609,2627
23623,2628
23627,2629
23629,2630
23633,2631
23663,2632
23669,2633
23671,2634
23677,2635
23687,2636
23689,2637
23719,2638
23741,2639
23743,2640
23747,2641
23753,2642
23761,2643
23767,2644
23773,2645
23789,2646
23801,2647
23813,2648
23819,2649
23827,2650
23831,2651
23833,2652
23857,2653
23869,2654
23873,2655
23879,2656
23887,2657
23893,2658
23899,2659
23909,2660
23911,2661
23917,2662
23929,2663
23957,2664
23971,2665
23977,2666
23981,2667
23993,2668
24001,2669
24007,2670
24019,2671
24023,2672
24029,2673
24043,2674
24049,2675
24061,2676
24071,2677
24077,2678
24083,2679
24091,2680
24097,2681
24103,2682
24107,2683
24109,2684
24113,2685
24121,2686
24133,2687
24137,2688
24151,2689
24169,2690
24179,2691
24181,2692
24197,2693
24203,2694
24223,2695
24229,2696
24239,2697
24247,2698
24251,2699
24281,2700
24317,2701
24329,2702
24337,2703
24359,2704
24371,2705
24373,2706
24379,2707
24391,2708
24407,2709
24413,2710
24419,2711
24421,2712
24439,2713
24443,2714
24469,2715
24473,2716
24481,2717
24499,2718
24509,2719
24517,2720
24527,2721
24533,2722
24547,2723
24551,2724
24571,2725
24593,2726
24611,2727
24623,2728
24631,2729
24659,2730
24671,2731
24677,2732
24683,2733
24691,2734
24697,2735
24709,2736
24733,2737
24749,2738
24763,2739
24767,2740
24781,2741
24793,2742
24799,2743
24809,2744
24821,2745
24841,2746
24847,2747
24851,2748
24859,2749
24877,2750
24889,2751
24907,2752
24917,2753
24919,2754
24923,2755
24943,2756
24953,2757
24967,2758
24971,2759
24977,2760
24979,2761
24989,2762
25013,2763
25031,2764
25033,2765
25037,2766
25057,2767
25073,2768
25087,2769
25097,2770
25111,2771
25117,2772
25121,2773
25127,2774
25147,2775
25153,2776
25163,2777
25169,2778
25171,2779
25183,2780
25189,2781
25219,2782
25229,2783
25237,2784
25243,2785
25247,2786
25253,2787
25261,2788
25301,2789
25303,2790
25307,2791
25309,2792
25321,2793
25339,2794
25343,2795
25349,2796
25357,2797
25367,2798
25373,2799
25391,2800
25409,2801
25411,2802
25423,2803
25439,2804
25447,2805
25453,2806
25457,2807
25463,2808
25469,2809
25471,2810
25523,2811
25537,2812
25541,2813
25561,2814
25577,2815
25579,2816
25583,2817
25589,2818
25601,2819
25603,2820
25609,2821
25621,2822
25633,2823
25639,2824
25643,2825
25657,2826
25667,2827
25673,2828
25679,2829
25693,2830
25703,2831
25717,2832
25733,2833
25741,2834
25747,2835
25759,2836
25763,2837
25771,2838
25793,2839
25799,2840
25801,2841
25819,2842
25841,2843
25847,2844
25849,2845
25867,2846
25873,2847
25889,2848
25903,2849
25913,2850
25919,2851
25931,2852
25933,2853
25939,2854
25943,2855
25951,2856
25969,2857
25981,2858
25997,2859
25999,2860
26003,2861
26017,2862
26021,2863
26029,2864
26041,2865
26053,2866
26083,2867
26099,2868
26107,2869
26111,2870
26113,2871
26119,2872
26141,2873
26153,2874
26161,2875
26171,2876
26177,2877
26183,2878
26189,2879
26203,2880
26209,2881
26227,2882
26237,2883
26249,2884
26251,2885
26261,2886
26263,2887
26267,2888
26293,2889
26297,2890
26309,2891
26317,2892
26321,2893
26339,2894
26347,2895
26357,2896
26371,2897
26387,2898
26393,2899
26399,2900
26407,2901
26417,2902
26423,2903
26431,2904
26437,2905
26449,2906
26459,2907
26479,2908
26489,2909
26497,2910
26501,2911
26513,2912
26539,2913
26557,2914
26561,2915
26573,2916
26591,2917
26597,2918
26627,2919
26633,2920
26641,2921
26647,2922
26669,2923
26681,2924
26683,2925
26687,2926
26693,2927
26699,2928
26701,2929
26711,2930
26713,2931
26717,2932
26723,2933
26729,2934
26731,2935
26737,2936
26759,2937
26777,2938
26783,2939
26801,2940
26813,2941
26821,2942
26833,2943
26839,2944
26849,2945
26861,2946
26863,2947
26879,2948
26881,2949
26891,2950
26893,2951
26903,2952
26921,2953
26927,2954
26947,2955
26951,2956
26953,2957
26959,2958
26981,2959
26987,2960
26993,2961
27011,2962
27017,2963
27031,2964
27043,2965
27059,2966
27061,2967
27067,2968
27073,2969
27077,2970
27091,2971
27103,2972
27107,2973
27109,2974
27127,2975
27143,2976
27179,2977
27191,2978
27197,2979
27211,2980
27239,2981
27241,2982
27253,2983
27259,2984
27271,2985
27277,2986
27281,2987
27283,2988
27299,2989
27329,2990
27337,2991
27361,2992
27367,2993
27397,2994
27407,2995
27409,2996
27427,2997
27431,2998
27437,2999
27449,3000
27457,3001
27479,3002
27481,3003
27487,3004
27509,3005
27527,3006
27529,3007
27539,3008
27541,3009
27551,3010
27581,3011
27583,3012
27611,3013
27617,3014
27631,3015
27647,3016
27653,3017
27673,3018
27689,3019
27691,3020
27697,3021
27701,3022
27733,3023
27737,3024
27739,3025
27743,3026
27749,3027
27751,3028
27763,3029
27767,3030
27773,3031
27779,3032
27791,3033
27793,3034
27799,3035
27803,3036
27809,3037
27817,3038
27823,3039
27827,3040
27847,3041
27851,3042
27883,3043
27893,3044
27901,3045
27917,3046
27919,3047
27941,3048
27943,3049
27947,3050
27953,3051
27961,3052
27967,3053
27983,3054
27997,3055
28001,3056
28019,3057
28027,3058
28031,3059
28051,3060
28057,3061
28069,3062
28081,3063
28087,3064
28097,3065
28099,3066
28109,3067
28111,3068
28123,3069
28151,3070
28163,3071
28181,3072
28183,3073
28201,3074
28211,3075
28219,3076
28229,3077
28277,3078
28279,3079
28283,3080
28289,3081
28297,3082
28307,3083
28309,3084
28319,3085
28349,3086
28351,3087
28387,3088
28393,3089
28403,3090
28409,3091
28411,3092
28429,3093
28433,3094
28439,3095
28447,3096
28463,3097
28477,3098
28493,3099
28499,3100
28513,3101
28517,3102
28537,3103
28541,3104
28547,3105
28549,3106
28559,3107
28571,3108
28573,3109
28579,3110
28591,3111
28597,3112
28603,3113
28607,3114
28619,3115
28621,3116
28627,3117
28631,3118
28643,3119
28649,3120
28657,3121
28661,3122
28663,3123
28669,3124
28687,3125
28697,3126
28703,3127
28711,3128
28723,3129
28729,3130
28751,3131
28753,3132
28759,3133
28771,3134
28789,3135
28793,3136
28807,3137
28813,3138
28817,3139
28837,3140
28843,3141
28859,3142
28867,3143
28871,3144
28879,3145
28901,3146
28909,3147
28921,3148
28927,3149
28933,3150
28949,3151
28961,3152
28979,3153
29009,3154
29017,3155
29021,3156
29023,3157
29027,3158
29033,3159
29059,3160
29063,3161
29077,3162
29101,3163
29123,3164
29129,3165
29131,3166
29137,3167
29147,3168
29153,3169
29167,3170
29173,3171
29179,3172
29191,3173
29201,3174
29207,3175
29209,3176
29221,3177
29231,3178
29243,3179
29251,3180
29269,3181
29287,3182
29297,3183
29303,3184
29311,3185
29327,3186
29333,3187
29339,3188
29347,3189
29363,3190
29383,3191
29387,3192
29389,3193
29399,3194
29401,3195
29411,3196
29423,3197
29429,3198
29437,3199
29443,3200
29453,3201
29473,3202
29483,3203
29501,3204
29527,3205
29531,3206
29537,3207
29567,3208
29569,3209
29573,3210
29581,3211
29587,3212
29599,3213
29611,3214
29629,3215
29633,3216
29641,3217
29663,3218
29669,3219
29671,3220
29683,3221
29717,3222
29723,3223
29741,3224
29753,3225
29759,3226
29761,3227
29789,3228
29803,3229
29819,3230
29833,3231
29837,3232
29851,3233
29863,3234
29867,3235
29873,3236
29879,3237
29881,3238
29917,3239
29921,3240
29927,3241
29947,3242
29959,3243
29983,3244
29989,3245
30011,3246
30013,3247
30029,3248
30047,3249
30059,3250
30071,3251
30089,3252
30091,3253
30097,3254
30103,3255
30109,3256
30113,3257
30119,3258
30133,3259
30137,3260
30139,3261
30161,3262
30169,3263
30181,3264
30187,3265
30197,3266
30203,3267
30211,3268
30223,3269
30241,3270
30253,3271
30259,3272
30269,3273
30271,3274
30293,3275
30307,3276
30313,3277
30319,3278
30323,3279
30341,3280
30347,3281
30367,3282
30389,3283
30391,3284
30403,3285
30427,3286
30431,3287
30449,3288
30467,3289
30469,3290
30491,3291
30493,3292
30497,3293
30509,3294
30517,3295
30529,3296
30539,3297
30553,3298
30557,3299
30559,3300
30577,3301
30593,3302
30631,3303
30637,3304
30643,3305
30649,3306
30661,3307
30671,3308
30677,3309
30689,3310
30697,3311
30703,3312
30707,3313
30713,3314
30727,3315
30757,3316
30763,3317
30773,3318
30781,3319
30803,3320
30809,3321
30817,3322
30829,3323
30839,3324
30841,3325
30851,3326
30853,3327
30859,3328
30869,3329
30871,3330
30881,3331
30893,3332
30911,3333
30931,3334
30937,3335
30941,3336
30949,3337
30971,3338
30977,3339
30983,3340
31013,3341
31019,3342
31033,3343
31039,3344
31051,3345
31063,3346
31069,3347
31079,3348
31081,3349
31091,3350
31121,3351
31123,3352
31139,3353
31147,3354
31151,3355
31153,3356
31159,3357
31177,3358
31181,3359
31183,3360
31189,3361
31193,3362
31219,3363
31223,3364
31231,3365
31237,3366
31247,3367
31249,3368
31253,3369
31259,3370
31267,3371
31271,3372
31277,3373
31307,3374
31319,3375
31321,3376
31327,3377
31333,3378
31337,3379
31357,3380
31379,3381
31387,3382
31391,3383
31393,3384
31397,3385
31469,3386
31477,3387
31481,3388
31489,3389
31511,3390
31513,3391
31517,3392
31531,3393
31541,3394
31543,3395
31547,3396
31567,3397
31573,3398
31583,3399
31601,3400
31607,3401
31627,3402
31643,3403
31649,3404
31657,3405
31663,3406
31667,3407
31687,3408
31699,3409
31721,3410
31723,3411
31727,3412
31729,3413
31741,3414
31751,3415
31769,3416
31771,3417
31793,3418
31799,3419
31817,3420
31847,3421
31849,3422
31859,3423
31873,3424
31883,3425
31891,3426
31907,3427
31957,3428
31963,3429
31973,3430
31981,3431
31991,3432
32003,3433
32009,3434
32027,3435
32029,3436
32051,3437
32057,3438
32059,3439
32063,3440
32069,3441
32077,3442
32083,3443
32089,3444
32099,3445
32117,3446
32119,3447
32141,3448
32143,3449
32159,3450
32173,3451
32183,3452
32189,3453
32191,3454
32203,3455
32213,3456
32233,3457
32237,3458
32251,3459
32257,3460
32261,3461
32297,3462
32299,3463
32303,3464
32309,3465
32321,3466
32323,3467
32327,3468
32341,3469
32353,3470
32359,3471
32363,3472
32369,3473
32371,3474
32377,3475
32381,3476
32401,3477
32411,3478
32413,3479
32423,3480
32429,3481
32441,3482
32443,3483
32467,3484
32479,3485
32491,3486
32497,3487
32503,3488
32507,3489
32531,3490
32533,3491
32537,3492
32561,3493
32563,3494
32569,3495
32573,3496
32579,3497
32587,3498
32603,3499
32609,3500
32611,3501
32621,3502
32633,3503
32647,3504
32653,3505
32687,3506
32693,3507
32707,3508
32713,3509
32717,3510
32719,3511
32749,3512
32771,3513
32779,3514
32783,3515
32789,3516
32797,3517
32801,3518
32803,3519
32831,3520
32833,3521
32839,3522
32843,3523
32869,3524
32887,3525
32909,3526
32911,3527
32917,3528
32933,3529
32939,3530
32941,3531
32957,3532
32969,3533
32971,3534
32983,3535
32987,3536
32993,3537
32999,3538
33013,3539
33023,3540
33029,3541
33037,3542
33049,3543
33053,3544
33071,3545
33073,3546
33083,3547
33091,3548
33107,3549
33113,3550
33119,3551
33149,3552
33151,3553
33161,3554
33179,3555
33181,3556
33191,3557
33199,3558
33203,3559
33211,3560
33223,3561
33247,3562
33287,3563
33289,3564
33301,3565
33311,3566
33317,3567
33329,3568
33331,3569
33343,3570
33347,3571
33349,3572
33353,3573
33359,3574
33377,3575
33391,3576
33403,3577
33409,3578
33413,3579
33427,3580
33457,3581
33461,3582
33469,3583
33479,3584
33487,3585
33493,3586
33503,3587
33521,3588
33529,3589
33533,3590
33547,3591
33563,3592
33569,3593
33577,3594
33581,3595
33587,3596
33589,3597
33599,3598
33601,3599
33613,3600
33617,3601
33619,3602
33623,3603
33629,3604
33637,3605
33641,3606
33647,3607
33679,3608
33703,3609
33713,3610
33721,3611
33739,3612
33749,3613
33751,3614
33757,3615
33767,3616
33769,3617
33773,3618
33791,3619
33797,3620
33809,3621
33811,3622
33827,3623
33829,3624
33851,3625
33857,3626
33863,3627
33871,3628
33889,3629
33893,3630
33911,3631
33923,3632
33931,3633
33937,3634
33941,3635
33961,3636
33967,3637
33997,3638
34019,3639
34031,3640
34033,3641
34039,3642
34057,3643
34061,3644
34123,3645
34127,3646
34129,3647
34141,3648
34147,3649
34157,3650
34159,3651
34171,3652
34183,3653
34211,3654
34213,3655
34217,3656
34231,3657
34253,3658
34259,3659
34261,3660
34267,3661
34273,3662
34283,3663
34297,3664
34301,3665
34303,3666
34313,3667
34319,3668
34327,3669
34337,3670
34351,3671
34361,3672
34367,3673
34369,3674
34381,3675
34403,3676
34421,3677
34429,3678
34439,3679
34457,3680
34469,3681
34471,3682
34483,3683
34487,3684
34499,3685
34501,3686
34511,3687
34513,3688
34519,3689
34537,3690
34543,3691
34549,3692
34583,3693
34589,3694
34591,3695
34603,3696
34607,3697
34613,3698
34631,3699
34649,3700
34651,3701
34667,3702
34673,3703
34679,3704
34687,3705
34693,3706
34703,3707
34721,3708
34729,3709
34739,3710
34747,3711
34757,3712
34759,3713
34763,3714
34781,3715
34807,3716
34819,3717
34841,3718
34843,3719
34847,3720
34849,3721
34871,3722
34877,3723
34883,3724
34897,3725
34913,3726
34919,3727
34939,3728
34949,3729
34961,3730
34963,3731
34981,3732
35023,3733
35027,3734
35051,3735
35053,3736
35059,3737
35069,3738
35081,3739
35083,3740
35089,3741
35099,3742
35107,3743
35111,3744
35117,3745
35129,3746
35141,3747
35149,3748
35153,3749
35159,3750
35171,3751
35201,3752
35221,3753
35227,3754
35251,3755
35257,3756
35267,3757
35279,3758
35281,3759
35291,3760
35311,3761
35317,3762
35323,3763
35327,3764
35339,3765
35353,3766
35363,3767
35381,3768
35393,3769
35401,3770
35407,3771
35419,3772
35423,3773
35437,3774
35447,3775
35449,3776
35461,3777
35491,3778
35507,3779
35509,3780
35521,3781
35527,3782
35531,3783
35533,3784
35537,3785
35543,3786
35569,3787
35573,3788
35591,3789
35593,3790
35597,3791
35603,3792
35617,3793
35671,3794
35677,3795
35729,3796
35731,3797
35747,3798
35753,3799
35759,3800
35771,3801
35797,3802
35801,3803
35803,3804
35809,3805
35831,3806
35837,3807
35839,3808
35851,3809
35863,3810
35869,3811
35879,3812
35897,3813
35899,3814
35911,3815
35923,3816
35933,3817
35951,3818
35963,3819
35969,3820
35977,3821
35983,3822
35993,3823
35999,3824
36007,3825
36011,3826
36013,3827
36017,3828
36037,3829
36061,3830
36067,3831
36073,3832
36083,3833
36097,3834
36107,3835
36109,3836
36131,3837
36137,3838
36151,3839
36161,3840
36187,3841
36191,3842
36209,3843
36217,3844
36229,3845
36241,3846
36251,3847
36263,3848
36269,3849
36277,3850
36293,3851
36299,3852
36307,3853
36313,3854
36319,3855
36341,3856
36343,3857
36353,3858
36373,3859
36383,3860
36389,3861
36433,3862
36451,3863
36457,3864
36467,3865
36469,3866
36473,3867
36479,3868
36493,3869
36497,3870
36523,3871
36527,3872
36529,3873
36541,3874
36551,3875
36559,3876
36563,3877
36571,3878
36583,3879
36587,3880
36599,3881
36607,3882
36629,3883
36637,3884
36643,3885
36653,3886
36671,3887
36677,3888
36683,3889
36691,3890
36697,3891
36709,3892
36713,3893
36721,3894
36739,3895
36749,3896
36761,3897
36767,3898
36779,3899
36781,3900
36787,3901
36791,3902
36793,3903
36809,3904
36821,3905
36833,3906
36847,3907
36857,3908
36871,3909
36877,3910
36887,3911
36899,3912
36901,3913
36913,3914
36919,3915
36923,3916
36929,3917
36931,3918
36943,3919
36947,3920
36973,3921
36979,3922
36997,3923
37003,3924
37013,3925
37019,3926
37021,3927
37039,3928
37049,3929
37057,3930
37061,3931
37087,3932
37097,3933
37117,3934
37123,3935
37139,3936
37159,3937
37171,3938
37181,3939
37189,3940
37199,3941
37201,3942
37217,3943
37223,3944
37243,3945
37253,3946
37273,3947
37277,3948
37307,3949
37309,3950
37313,3951
37321,3952
37337,3953
37339,3954
37357,3955
37361,3956
37363,3957
37369,3958
37379,3959
37397,3960
37409,3961
37423,3962
37441,3963
37447,3964
37463,3965
37483,3966
37489,3967
37493,3968
37501,3969
37507,3970
37511,3971
37517,3972
37529,3973
37537,3974
37547,3975
37549,3976
37561,3977
37567,3978
37571,3979
37573,3980
37579,3981
37589,3982
37591,3983
37607,3984
37619,3985
37633,3986
37643,3987
37649,3988
37657,3989
37663,3990
37691,3991
37693,3992
37699,3993
37717,3994
37747,3995
37781,3996
37783,3997
37799,3998
37811,3999
37813,4000
37831,4001
37847,4002
37853,4003
37861,4004
37871,4005
37879,4006
37889,4007
37897,4008
37907,4009
37951,4010
37957,4011
37963,4012
37967,4013
37987,4014
37991,4015
37993,4016
37997,4017
38011,4018
38039,4019
38047,4020
38053,4021
38069,4022
38083,4023
38113,4024
38119,4025
38149,4026
38153,4027
38167,4028
38177,4029
38183,4030
38189,4031
38197,4032
38201,4033
38219,4034
38231,4035
38237,4036
38239,4037
38261,4038
38273,4039
38281,4040
38287,4041
38299,4042
38303,4043
38317,4044
38321,4045
38327,4046
38329,4047
38333,4048
38351,4049
38371,4050
38377,4051
38393,4052
38431,4053
38447,4054
38449,4055
38453,4056
38459,4057
38461,4058
38501,4059
38543,4060
38557,4061
38561,4062
38567,4063
38569,4064
38593,4065
38603,4066
38609,4067
38611,4068
38629,4069
38639,4070
38651,4071
38653,4072
38669,4073
38671,4074
38677,4075
38693,4076
38699,4077
38707,4078
38711,4079
38713,4080
38723,4081
38729,4082
38737,4083
38747,4084
38749,4085
38767,4086
38783,4087
38791,4088
38803,4089
38821,4090
38833,4091
38839,4092
38851,4093
38861,4094
38867,4095
38873,4096
38891,4097
38903,4098
38917,4099
38921,4100
38923,4101
38933,4102
38953,4103
38959,4104
38971,4105
38977,4106
38993,4107
39019,4108
39023,4109
39041,4110
39043,4111
39047,4112
39079,4113
39089,4114
39097,4115
39103,4116
39107,4117
39113,4118
39119,4119
39133,4120
39139,4121
39157,4122
39161,4123
39163,4124
39181,4125
39191,4126
39199,4127
39209,4128
39217,4129
39227,4130
39229,4131
39233,4132
39239,4133
39241,4134
39251,4135
39293,4136
39301,4137
39313,4138
39317,4139
39323,4140
39341,4141
39343,4142
39359,4143
39367,4144
39371,4145
39373,4146
39383,4147
39397,4148
39409,4149
39419,4150
39439,4151
39443,4152
39451,4153
39461,4154
39499,4155
39503,4156
39509,4157
39511,4158
39521,4159
39541,4160
39551,4161
39563,4162
39569,4163
39581,4164
39607,4165
39619,4166
39623,4167
39631,4168
39659,4169
39667,4170
39671,4171
39679,4172
39703,4173
39709,4174
39719,4175
39727,4176
39733,4177
39749,4178
39761,4179
39769,4180
39779,4181
39791,4182
39799,4183
39821,4184
39827,4185
39829,4186
39839,4187
39841,4188
39847,4189
39857,4190
39863,4191
39869,4192
39877,4193
39883,4194
39887,4195
39901,4196
39929,4197
39937,4198
39953,4199
39971,4200
39979,4201
39983,4202
39989,4203
40009,4204
40013,4205
40031,4206
40037,4207
40039,4208
40063,4209
40087,4210
40093,4211
40099,4212
40111,4213
40123,4214
40127,4215
40129,4216
40151,4217
40153,4218
40163,4219
40169,4220
40177,4221
40189,4222
40193,4223
40213,4224
40231,4225
40237,4226
40241,4227
40253,4228
40277,4229
40283,4230
40289,4231
40343,4232
40351,4233
40357,4234
40361,4235
40387,4236
40423,4237
40427,4238
40429,4239
40433,4240
40459,4241
40471,4242
40483,4243
40487,4244
40493,4245
40499,4246
40507,4247
40519,4248
40529,4249
40531,4250
40543,4251
40559,4252
40577,4253
40583,4254
40591,4255
40597,4256
40609,4257
40627,4258
40637,4259
40639,4260
40693,4261
40697,4262
40699,4263
40709,4264
40739,4265
40751,4266
40759,4267
40763,4268
40771,4269
40787,4270
40801,4271
40813,4272
40819,4273
40823,4274
40829,4275
40841,4276
40847,4277
40849,4278
40853,4279
40867,4280
40879,4281
40883,4282
40897,4283
40903,4284
40927,4285
40933,4286
40939,4287
40949,4288
40961,4289
40973,4290
40993,4291
41011,4292
41017,4293
41023,4294
41039,4295
41047,4296
41051,4297
41057,4298
41077,4299
41081,4300
41113,4301
41117,4302
41131,4303
41141,4304
41143,4305
41149,4306
41161,4307
41177,4308
41179,4309
41183,4310
41189,4311
41201,4312
41203,4313
41213,4314
41221,4315
41227,4316
41231,4317
41233,4318
41243,4319
41257,4320
41263,4321
41269,4322
41281,4323
41299,4324
41333,4325
41341,4326
41351,4327
41357,4328
41381,4329
41387,4330
41389,4331
41399,4332
41411,4333
41413,4334
41443,4335
41453,4336
41467,4337
41479,4338
41491,4339
41507,4340
41513,4341
41519,4342
41521,4343
41539,4344
41543,4345
41549,4346
41579,4347
41593,4348
41597,4349
41603,4350
41609,4351
41611,4352
41617,4353
41621,4354
41627,4355
41641,4356
41647,4357
41651,4358
41659,4359
41669,4360
41681,4361
41687,4362
41719,4363
41729,4364
41737,4365
41759,4366
41761,4367
41771,4368
41777,4369
41801,4370
41809,4371
41813,4372
41843,4373
41849,4374
41851,4375
41863,4376
41879,4377
41887,4378
41893,4379
41897,4380
41903,4381
41911,4382
41927,4383
41941,4384
41947,4385
41953,4386
41957,4387
41959,4388
41969,4389
41981,4390
41983,4391
41999,4392
42013,4393
42017,4394
42019,4395
42023,4396
42043,4397
42061,4398
42071,4399
42073,4400
42083,4401
42089,4402
42101,4403
42131,4404
42139,4405
42157,4406
42169,4407
42179,4408
42181,4409
42187,4410
42193,4411
42197,4412
42209,4413
42221,4414
42223,4415
42227,4416
42239,4417
42257,4418
42281,4419
42283,4420
42293,4421
42299,4422
42307,4423
42323,4424
42331,4425
42337,4426
42349,4427
42359,4428
42373,4429
42379,4430
42391,4431
42397,4432
42403,4433
42407,4434
42409,4435
42433,4436
42437,4437
42443,4438
42451,4439
42457,4440
42461,4441
42463,4442
42467,4443
42473,4444
42487,4445
42491,4446
42499,4447
42509,4448
42533,4449
42557,4450
42569,4451
42571,4452
42577,4453
42589,4454
42611,4455
42641,4456
42643,4457
42649,4458
42667,4459
42677,4460
42683,4461
42689,4462
42697,4463
42701,4464
42703,4465
42709,4466
42719,4467
42727,4468
42737,4469
42743,4470
42751,4471
42767,4472
42773,4473
42787,4474
42793,4475
42797,4476
42821,4477
42829,4478
42839,4479
42841,4480
42853,4481
42859,4482
42863,4483
42899,4484
42901,4485
42923,4486
42929,4487
42937,4488
42943,4489
42953,4490
42961,4491
42967,4492
42979,4493
42989,4494
43003,4495
43013,4496
43019,4497
43037,4498
43049,4499
43051,4500
43063,4501
43067,4502
43093,4503
43103,4504
43117,4505
43133,4506
43151,4507
43159,4508
43177,4509
43189,4510
43201,4511
43207,4512
43223,4513
43237,4514
43261,4515
43271,4516
43283,4517
43291,4518
43313,4519
43319,4520
43321,4521
43331,4522
43391,4523
43397,4524
43399,4525
43403,4526
43411,4527
43427,4528
43441,4529
43451,4530
43457,4531
43481,4532
43487,4533
43499,4534
43517,4535
43541,4536
43543,4537
43573,4538
43577,4539
43579,4540
43591,4541
43597,4542
43607,4543
43609,4544
43613,4545
43627,4546
43633,4547
43649,4548
43651,4549
43661,4550
43669,4551
43691,4552
43711,4553
43717,4554
43721,4555
43753,4556
43759,4557
43777,4558
43781,4559
43783,4560
43787,4561
43789,4562
43793,4563
43801,4564
43853,4565
43867,4566
43889,4567
43891,4568
43913,4569
43933,4570
43943,4571
43951,4572
43961,4573
43963,4574
43969,4575
43973,4576
43987,4577
43991,4578
43997,4579
44017,4580
44021,4581
44027,4582
44029,4583
44041,4584
44053,4585
44059,4586
44071,4587
44087,4588
44089,4589
44101,4590
44111,4591
44119,4592
44123,4593
44129,4594
44131,4595
44159,4596
44171,4597
44179,4598
44189,4599
44201,4600
44203,4601
44207,4602
44221,4603
44249,4604
44257,4605
44263,4606
44267,4607
44269,4608
44273,4609
44279,4610
44281,4611
44293,4612
44351,4613
44357,4614
44371,4615
44381,4616
44383,4617
44389,4618
44417,4619
44449,4620
44453,4621
44483,4622
44491,4623
44497,4624
44501,4625
44507,4626
44519,4627
44531,4628
44533,4629
44537,4630
44543,4631
44549,4632
44563,4633
44579,4634
44587,4635
44617,4636
44621,4637
44623,4638
44633,4639
44641,4640
44647,4641
44651,4642
44657,4643
44683,4644
44687,4645
44699,4646
44701,4647
44711,4648
44729,4649
44741,4650
44753,4651
44771,4652
44773,4653
44777,4654
44789,4655
44797,4656
44809,4657
44819,4658
44839,4659
44843,4660
44851,4661
44867,4662
44879,4663
44887,4664
44893,4665
44909,4666
44917,4667
44927,4668
44939,4669
44953,4670
44959,4671
44963,4672
44971,4673
44983,4674
44987,4675
45007,4676
45013,4677
45053,4678
45061,4679
45077,4680
45083,4681
45119,4682
45121,4683
45127,4684
45131,4685
45137,4686
45139,4687
45161,4688
45179,4689
45181,4690
45191,4691
45197,4692
45233,4693
45247,4694
45259,4695
45263,4696
45281,4697
45289,4698
45293,4699
45307,4700
45317,4701
45319,4702
45329,4703
45337,4704
45341,4705
45343,4706
45361,4707
45377,4708
45389,4709
45403,4710
45413,4711
45427,4712
45433,4713
45439,4714
45481,4715
45491,4716
45497,4717
45503,4718
45523,4719
45533,4720
45541,4721
45553,4722
45557,4723
45569,4724
45587,4725
45589,4726
45599,4727
45613,4728
45631,4729
45641,4730
45659,4731
45667,4732
45673,4733
45677,4734
45691,4735
45697,4736
45707,4737
45737,4738
45751,4739
45757,4740
45763,4741
45767,4742
45779,4743
45817,4744
45821,4745
45823,4746
45827,4747
45833,4748
45841,4749
45853,4750
45863,4751
45869,4752
45887,4753
45893,4754
45943,4755
45949,4756
45953,4757
45959,4758
45971,4759
45979,4760
45989,4761
46021,4762
46027,4763
46049,4764
46051,4765
46061,4766
46073,4767
46091,4768
46093,4769
46099,4770
46103,4771
46133,4772
46141,4773
46147,4774
46153,4775
46171,4776
46181,4777
46183,4778
46187,4779
46199,4780
46219,4781
46229,4782
46237,4783
46261,4784
46271,4785
46273,4786
46279,4787
46301,4788
46307,4789
46309,4790
46327,4791
46337,4792
46349,4793
46351,4794
46381,4795
46399,4796
46411,4797
46439,4798
46441,4799
46447,4800
46451,4801
46457,4802
46471,4803
46477,4804
46489,4805
46499,4806
46507,4807
46511,4808
46523,4809
46549,4810
46559,4811
46567,4812
46573,4813
46589,4814
46591,4815
46601,4816
46619,4817
46633,4818
46639,4819
46643,4820
46649,4821
46663,4822
46679,4823
46681,4824
46687,4825
46691,4826
46703,4827
46723,4828
46727,4829
46747,4830
46751,4831
46757,4832
46769,4833
46771,4834
46807,4835
46811,4836
46817,4837
46819,4838
46829,4839
46831,4840
46853,4841
46861,4842
46867,4843
46877,4844
46889,4845
46901,4846
46919,4847
46933,4848
46957,4849
46993,4850
46997,4851
47017,4852
47041,4853
47051,4854
47057,4855
47059,4856
47087,4857
47093,4858
47111,4859
47119,4860
47123,4861
47129,4862
47137,4863
47143,4864
47147,4865
47149,4866
47161,4867
47189,4868
47207,4869
47221,4870
47237,4871
47251,4872
47269,4873
47279,4874
47287,4875
47293,4876
47297,4877
47303,4878
47309,4879
47317,4880
47339,4881
47351,4882
47353,4883
47363,4884
47381,4885
47387,4886
47389,4887
47407,4888
47417,4889
47419,4890
47431,4891
47441,4892
47459,4893
47491,4894
47497,4895
47501,4896
47507,4897
47513,4898
47521,4899
47527,4900
47533,4901
47543,4902
47563,4903
47569,4904
47581,4905
47591,4906
47599,4907
47609,4908
47623,4909
47629,4910
47639,4911
47653,4912
47657,4913
47659,4914
47681,4915
47699,4916
47701,4917
47711,4918
47713,4919
47717,4920
47737,4921
47741,4922
47743,4923
47777,4924
47779,4925
47791,4926
47797,4927
47807,4928
47809,4929
47819,4930
47837,4931
47843,4932
47857,4933
47869,4934
47881,4935
47903,4936
47911,4937
47917,4938
47933,4939
47939,4940
47947,4941
47951,4942
47963,4943
47969,4944
47977,4945
47981,4946
48017,4947
48023,4948
48029,4949
48049,4950
48073,4951
48079,4952
48091,4953
48109,4954
48119,4955
48121,4956
48131,4957
48157,4958
48163,4959
48179,4960
48187,4961
48193,4962
48197,4963
48221,4964
48239,4965
48247,4966
48259,4967
48271,4968
48281,4969
48299,4970
48311,4971
48313,4972
48337,4973
48341,4974
48353,4975
48371,4976
48383,4977
48397,4978
48407,4979
48409,4980
48413,4981
48437,4982
48449,4983
48463,4984
48473,4985
48479,4986
48481,4987
48487,4988
48491,4989
48497,4990
48523,4991
48527,4992
48533,4993
48539,4994
48541,4995
48563,4996
48571,4997
48589,4998
48593,4999
48611,5000
48619,5001
48623,5002
48647,5003
48649,5004
48661,5005
48673,5006
48677,5007
48679,5008
48731,5009
48733,5010
48751,5011
48757,5012
48761,5013
48767,5014
48779,5015
48781,5016
48787,5017
48799,5018
48809,5019
48817,5020
48821,5021
48823,5022
48847,5023
48857,5024
48859,5025
48869,5026
48871,5027
48883,5028
48889,5029
48907,5030
48947,5031
48953,5032
48973,5033
48989,5034
48991,5035
49003,5036
49009,5037
49019,5038
49031,5039
49033,5040
49037,5041
49043,5042
49057,5043
49069,5044
49081,5045
49103,5046
49109,5047
49117,5048
49121,5049
49123,5050
49139,5051
49157,5052
49169,5053
49171,5054
49177,5055
49193,5056
49199,5057
49201,5058
49207,5059
49211,5060
49223,5061
49253,5062
49261,5063
49277,5064
49279,5065
49297,5066
49307,5067
49331,5068
49333,5069
49339,5070
49363,5071
49367,5072
49369,5073
49391,5074
49393,5075
49409,5076
49411,5077
49417,5078
49429,5079
49433,5080
49451,5081
49459,5082
49463,5083
49477,5084
49481,5085
49499,5086
49523,5087
49529,5088
49531,5089
49537,5090
49547,5091
49549,5092
49559,5093
49597,5094
49603,5095
49613,5096
49627,5097
49633,5098
49639,5099
49663,5100
49667,5101
49669,5102
49681,5103
49697,5104
49711,5105
49727,5106
49739,5107
49741,5108
49747,5109
49757,5110
49783,5111
49787,5112
49789,5113
49801,5114
49807,5115
49811,5116
49823,5117
49831,5118
49843,5119
49853,5120
49871,5121
49877,5122
49891,5123
49919,5124
49921,5125
49927,5126
49937,5127
49939,5128
49943,5129
49957,5130
49991,5131
49993,5132
49999,5133
50021,5134
50023,5135
50033,5136
50047,5137
50051,5138
50053,5139
50069,5140
50077,5141
50087,5142
50093,5143
50101,5144
50111,5145
50119,5146
50123,5147
50129,5148
50131,5149
50147,5150
50153,5151
50159,5152
50177,5153
50207,5154
50221,5155
50227,5156
50231,5157
50261,5158
50263,5159
50273,5160
50287,5161
50291,5162
50311,5163
50321,5164
50329,5165
50333,5166
50341,5167
50359,5168
50363,5169
50377,5170
50383,5171
50387,5172
50411,5173
50417,5174
50423,5175
50441,5176
50459,5177
50461,5178
50497,5179
50503,5180
50513,5181
50527,5182
50539,5183
50543,5184
50549,5185
50551,5186
50581,5187
50587,5188
50591,5189
50593,5190
50599,5191
50627,5192
50647,5193
50651,5194
50671,5195
50683,5196
50707,5197
50723,5198
50741,5199
50753,5200
50767,5201
50773,5202
50777,5203
50789,5204
50821,5205
50833,5206
50839,5207
50849,5208
50857,5209
50867,5210
50873,5211
50891,5212
50893,5213
50909,5214
50923,5215
50929,5216
50951,5217
50957,5218
50969,5219
50971,5220
50989,5221
50993,5222
51001,5223
51031,5224
51043,5225
51047,5226
51059,5227
51061,5228
51071,5229
51109,5230
51131,5231
51133,5232
51137,5233
51151,5234
51157,5235
51169,5236
51193,5237
51197,5238
51199,5239
51203,5240
51217,5241
51229,5242
51239,5243
51241,5244
51257,5245
51263,5246
51283,5247
51287,5248
51307,5249
51329,5250
51341,5251
51343,5252
51347,5253
51349,5254
51361,5255
51383,5256
51407,5257
51413,5258
51419,5259
51421,5260
51427,5261
51431,5262
51437,5263
51439,5264
51449,5265
51461,5266
51473,5267
51479,5268
51481,5269
51487,5270
51503,5271
51511,5272
51517,5273
51521,5274
51539,5275
51551,5276
51563,5277
51577,5278
51581,5279
51593,5280
51599,5281
51607,5282
51613,5283
51631,5284
51637,5285
51647,5286
51659,5287
51673,5288
51679,5289
51683,5290
51691,5291
51713,5292
51719,5293
51721,5294
51749,5295
51767,5296
51769,5297
51787,5298
51797,5299
51803,5300
51817,5301
51827,5302
51829,5303
51839,5304
51853,5305
51859,5306
51869,5307
51871,5308
51893,5309
51899,5310
51907,5311
51913,5312
51929,5313
51941,5314
51949,5315
51971,5316
51973,5317
51977,5318
51991,5319
52009,5320
52021,5321
52027,5322
52051,5323
52057,5324
52067,5325
52069,5326
52081,5327
52103,5328
52121,5329
52127,5330
52147,5331
52153,5332
52163,5333
52177,5334
52181,5335
52183,5336
52189,5337
52201,5338
52223,5339
52237,5340
52249,5341
52253,5342
52259,5343
52267,5344
52289,5345
52291,5346
52301,5347
52313,5348
52321,5349
52361,5350
52363,5351
52369,5352
52379,5353
52387,5354
52391,5355
52433,5356
52453,5357
52457,5358
52489,5359
52501,5360
52511,5361
52517,5362
52529,5363
52541,5364
52543,5365
52553,5366
52561,5367
52567,5368
52571,5369
52579,5370
52583,5371
52609,5372
52627,5373
52631,5374
52639,5375
52667,5376
52673,5377
52691,5378
52697,5379
52709,5380
52711,5381
52721,5382
52727,5383
52733,5384
52747,5385
52757,5386
52769,5387
52783,5388
52807,5389
52813,5390
52817,5391
52837,5392
52859,5393
52861,5394
52879,5395
52883,5396
52889,5397
52901,5398
52903,5399
52919,5400
52937,5401
52951,5402
52957,5403
52963,5404
52967,5405
52973,5406
52981,5407
52999,5408
53003,5409
53017,5410
53047,5411
53051,5412
53069,5413
53077,5414
53087,5415
53089,5416
53093,5417
53101,5418
53113,5419
53117,5420
53129,5421
53147,5422
53149,5423
53161,5424
53171,5425
53173,5426
53189,5427
53197,5428
53201,5429
53231,5430
53233,5431
53239,5432
53267,5433
53269,5434
53279,5435
53281,5436
53299,5437
53309,5438
53323,5439
53327,5440
53353,5441
53359,5442
53377,5443
53381,5444
53401,5445
53407,5446
53411,5447
53419,5448
53437,5449
53441,5450
53453,5451
53479,5452
53503,5453
53507,5454
53527,5455
53549,5456
53551,5457
53569,5458
53591,5459
53593,5460
53597,5461
53609,5462
53611,5463
53617,5464
53623,5465
53629,5466
53633,5467
53639,5468
53653,5469
53657,5470
53681,5471
53693,5472
53699,5473
53717,5474
53719,5475
53731,5476
53759,5477
53773,5478
53777,5479
53783,5480
53791,5481
53813,5482
53819,5483
53831,5484
53849,5485
53857,5486
53861,5487
53881,5488
53887,5489
53891,5490
53897,5491
53899,5492
53917,5493
53923,5494
53927,5495
53939,5496
53951,5497
53959,5498
53987,5499
53993,5500
54001,5501
54011,5502
54013,5503
54037,5504
54049,5505
54059,5506
54083,5507
54091,5508
54101,5509
54121,5510
54133,5511
54139,5512
54151,5513
54163,5514
54167,5515
54181,5516
54193,5517
54217,5518
54251,5519
54269,5520
54277,5521
54287,5522
54293,5523
54311,5524
54319,5525
54323,5526
54331,5527
54347,5528
54361,5529
54367,5530
54371,5531
54377,5532
54401,5533
54403,5534
54409,5535
54413,5536
54419,5537
54421,5538
54437,5539
54443,5540
54449,5541
54469,5542
54493,5543
54497,5544
54499,5545
54503,5546
54517,5547
54521,5548
54539,5549
54541,5550
54547,5551
54559,5552
54563,5553
54577,5554
54581,5555
54583,5556
54601,5557
54617,5558
54623,5559
54629,5560
54631,5561
54647,5562
54667,5563
54673,5564
54679,5565
54709,5566
54713,5567
54721,5568
54727,5569
54751,5570
54767,5571
54773,5572
54779,5573
54787,5574
54799,5575
54829,5576
54833,5577
54851,5578
54869,5579
54877,5580
54881,5581
54907,5582
54917,5583
54919,5584
54941,5585
54949,5586
54959,5587
54973,5588
54979,5589
54983,5590
55001,5591
55009,5592
55021,5593
55049,5594
55051,5595
55057,5596
55061,5597
55073,5598
55079,5599
55103,5600
55109,5601
55117,5602
55127,5603
55147,5604
55163,5605
55171,5606
55201,5607
55207,5608
55213,5609
55217,5610
55219,5611
55229,5612
55243,5613
55249,5614
55259,5615
55291,5616
55313,5617
55331,5618
55333,5619
55337,5620
55339,5621
55343,5622
55351,5623
55373,5624
55381,5625
55399,5626
55411,5627
55439,5628
55441,5629
55457,5630
55469,5631
55487,5632
55501,5633
55511,5634
55529,5635
55541,5636
55547,5637
55579,5638
55589,5639
55603,5640
55609,5641
55619,5642
55621,5643
55631,5644
55633,5645
55639,5646
55661,5647
55663,5648
55667,5649
55673,5650
55681,5651
55691,5652
55697,5653
55711,5654
55717,5655
55721,5656
55733,5657
55763,5658
55787,5659
55793,5660
55799,5661
55807,5662
55813,5663
55817,5664
55819,5665
55823,5666
55829,5667
55837,5668
55843,5669
55849,5670
55871,5671
55889,5672
55897,5673
55901,5674
55903,5675
55921,5676
55927,5677
55931,5678
55933,5679
55949,5680
55967,5681
55987,5682
55997,5683
56003,5684
56009,5685
56039,5686
56041,5687
56053,5688
56081,5689
56087,5690
56093,5691
56099,5692
56101,5693
56113,5694
56123,5695
56131,5696
56149,5697
56167,5698
56171,5699
56179,5700
56197,5701
56207,5702
56209,5703
56237,5704
56239,5705
56249,5706
56263,5707
56267,5708
56269,5709
56299,5710
56311,5711
56333,5712
56359,5713
56369,5714
56377,5715
56383,5716
56393,5717
56401,5718
56417,5719
56431,5720
56437,5721
56443,5722
56453,5723
56467,5724
56473,5725
56477,5726
56479,5727
56489,5728
56501,5729
56503,5730
56509,5731
56519,5732
56527,5733
56531,5734
56533,5735
56543,5736
56569,5737
56591,5738
56597,5739
56599,5740
56611,5741
56629,5742
56633,5743
56659,5744
56663,5745
56671,5746
56681,5747
56687,5748
56701,5749
56711,5750
56713,5751
56731,5752
56737,5753
56747,5754
56767,5755
56773,5756
56779,5757
56783,5758
56807,5759
56809,5760
56813,5761
56821,5762
56827,5763
56843,5764
56857,5765
56873,5766
56891,5767
56893,5768
56897,5769
56909,5770
56911,5771
56921,5772
56923,5773
56929,5774
56941,5775
56951,5776
56957,5777
56963,5778
56983,5779
56989,5780
56993,5781
56999,5782
57037,5783
57041,5784
57047,5785
57059,5786
57073,5787
57077,5788
57089,5789
57097,5790
57107,5791
57119,5792
57131,5793
57139,5794
57143,5795
57149,5796
57163,5797
57173,5798
57179,5799
57191,5800
57193,5801
57203,5802
57221,5803
57223,5804
57241,5805
57251,5806
57259,5807
57269,5808
57271,5809
57283,5810
57287,5811
57301,5812
57329,5813
57331,5814
57347,5815
57349,5816
57367,5817
57373,5818
57383,5819
57389,5820
57397,5821
57413,5822
57427,5823
57457,5824
57467,5825
57487,5826
57493,5827
57503,5828
57527,5829
57529,5830
57557,5831
57559,5832
57571,5833
57587,5834
57593,5835
57601,5836
57637,5837
57641,5838
57649,5839
57653,5840
57667,5841
57679,5842
57689,5843
57697,5844
57709,5845
57713,5846
57719,5847
57727,5848
57731,5849
57737,5850
57751,5851
57773,5852
57781,5853
57787,5854
57791,5855
57793,5856
57803,5857
57809,5858
57829,5859
57839,5860
57847,5861
57853,5862
57859,5863
57881,5864
57899,5865
57901,5866
57917,5867
57923,5868
57943,5869
57947,5870
57973,5871
57977,5872
57991,5873
58013,5874
58027,5875
58031,5876
58043,5877
58049,5878
58057,5879
58061,5880
58067,5881
58073,5882
58099,5883
58109,5884
58111,5885
58129,5886
58147,5887
58151,5888
58153,5889
58169,5890
58171,5891
58189,5892
58193,5893
58199,5894
58207,5895
58211,5896
58217,5897
58229,5898
58231,5899
58237,5900
58243,5901
58271,5902
58309,5903
58313,5904
58321,5905
58337,5906
58363,5907
58367,5908
58369,5909
58379,5910
58391,5911
58393,5912
58403,5913
58411,5914
58417,5915
58427,5916
58439,5917
58441,5918
58451,5919
58453,5920
58477,5921
58481,5922
58511,5923
58537,5924
58543,5925
58549,5926
58567,5927
58573,5928
58579,5929
58601,5930
58603,5931
58613,5932
58631,5933
58657,5934
58661,5935
58679,5936
58687,5937
58693,5938
58699,5939
58711,5940
58727,5941
58733,5942
58741,5943
58757,5944
58763,5945
58771,5946
58787,5947
58789,5948
58831,5949
58889,5950
58897,5951
58901,5952
58907,5953
58909,5954
58913,5955
58921,5956
58937,5957
58943,5958
58963,5959
58967,5960
58979,5961
58991,5962
58997,5963
59009,5964
59011,5965
59021,5966
59023,5967
59029,5968
59051,5969
59053,5970
59063,5971
59069,5972
59077,5973
59083,5974
59093,5975
59107,5976
59113,5977
59119,5978
59123,5979
59141,5980
59149,5981
59159,5982
59167,5983
59183,5984
59197,5985
59207,5986
59209,5987
59219,5988
59221,5989
59233,5990
59239,5991
59243,5992
59263,5993
59273,5994
59281,5995
59333,5996
59341,5997
59351,5998
59357,5999
59359,6000
59369,6001
59377,6002
59387,6003
59393,6004
59399,6005
59407,6006
59417,6007
59419,6008
59441,6009
59443,6010
59447,6011
59453,6012
59467,6013
59471,6014
59473,6015
59497,6016
59509,6017
59513,6018
59539,6019
59557,6020
59561,6021
59567,6022
59581,6023
59611,6024
59617,6025
59621,6026
59627,6027
59629,6028
59651,6029
59659,6030
59663,6031
59669,6032
59671,6033
59693,6034
59699,6035
59707,6036
59723,6037
59729,6038
59743,6039
59747,6040
59753,6041
59771,6042
59779,6043
59791,6044
59797,6045
59809,6046
59833,6047
59863,6048
59879,6049
59887,6050
59921,6051
59929,6052
59951,6053
59957,6054
59971,6055
59981,6056
59999,6057
60013,6058
60017,6059
60029,6060
60037,6061
60041,6062
60077,6063
60083,6064
60089,6065
60091,6066
60101,6067
60103,6068
60107,6069
60127,6070
60133,6071
60139,6072
60149,6073
60161,6074
60167,6075
60169,6076
60209,6077
60217,6078
60223,6079
60251,6080
60257,6081
60259,6082
60271,6083
60289,6084
60293,6085
60317,6086
60331,6087
60337,6088
60343,6089
60353,6090
60373,6091
60383,6092
60397,6093
60413,6094
60427,6095
60443,6096
60449,6097
60457,6098
60493,6099
60497,6100
60509,6101
60521,6102
60527,6103
60539,6104
60589,6105
60601,6106
60607,6107
60611,6108
60617,6109
60623,6110
60631,6111
60637,6112
60647,6113
60649,6114
60659,6115
60661,6116
60679,6117
60689,6118
60703,6119
60719,6120
60727,6121
60733,6122
60737,6123
60757,6124
60761,6125
60763,6126
60773,6127
60779,6128
60793,6129
60811,6130
60821,6131
60859,6132
60869,6133
60887,6134
60889,6135
60899,6136
60901,6137
60913,6138
60917,6139
60919,6140
60923,6141
60937,6142
60943,6143
60953,6144
60961,6145
61001,6146
61007,6147
61027,6148
61031,6149
61043,6150
61051,6151
61057,6152
61091,6153
61099,6154
61121,6155
61129,6156
61141,6157
61151,6158
61153,6159
61169,6160
61211,6161
61223,6162
61231,6163
61253,6164
61261,6165
61283,6166
61291,6167
61297,6168
61331,6169
61333,6170
61339,6171
61343,6172
61357,6173
61363,6174
61379,6175
61381,6176
61403,6177
61409,6178
61417,6179
61441,6180
61463,6181
61469,6182
61471,6183
61483,6184
61487,6185
61493,6186
61507,6187
61511,6188
61519,6189
61543,6190
61547,6191
61553,6192
61559,6193
61561,6194
61583,6195
61603,6196
61609,6197
61613,6198
61627,6199
61631,6200
61637,6201
61643,6202
61651,6203
61657,6204
61667,6205
61673,6206
61681,6207
61687,6208
61703,6209
61717,6210
61723,6211
61729,6212
61751,6213
61757,6214
61781,6215
61813,6216
61819,6217
61837,6218
61843,6219
61861,6220
61871,6221
61879,6222
61909,6223
61927,6224
61933,6225
61949,6226
61961,6227
61967,6228
61979,6229
61981,6230
61987,6231
61991,6232
62003,6233
62011,6234
62017,6235
62039,6236
62047,6237
62053,6238
62057,6239
62071,6240
62081,6241
62099,6242
62119,6243
62129,6244
62131,6245
62137,6246
62141,6247
62143,6248
62171,6249
62189,6250
62191,6251
62201,6252
62207,6253
62213,6254
62219,6255
62233,6256
62273,6257
62297,6258
62299,6259
62303,6260
62311,6261
62323,6262
62327,6263
62347,6264
62351,6265
62383,6266
62401,6267
62417,6268
62423,6269
62459,6270
62467,6271
62473,6272
62477,6273
62483,6274
62497,6275
62501,6276
62507,6277
62533,6278
62539,6279
62549,6280
62563,6281
62581,6282
62591,6283
62597,6284
62603,6285
62617,6286
62627,6287
62633,6288
62639,6289
62653,6290
62659,6291
62683,6292
62687,6293
62701,6294
62723,6295
62731,6296
62743,6297
62753,6298
62761,6299
62773,6300
62791,6301
62801,6302
62819,6303
62827,6304
62851,6305
62861,6306
62869,6307
62873,6308
62897,6309
62903,6310
62921,6311
62927,6312
62929,6313
62939,6314
62969,6315
62971,6316
62981,6317
62983,6318
62987,6319
62989,6320
63029,6321
63031,6322
63059,6323
63067,6324
63073,6325
63079,6326
63097,6327
63103,6328
63113,6329
63127,6330
63131,6331
63149,6332
63179,6333
63197,6334
63199,6335
63211,6336
63241,6337
63247,6338
63277,6339
63281,6340
63299,6341
63311,6342
63313,6343
63317,6344
63331,6345
63337,6346
63347,6347
63353,6348
63361,6349
63367,6350
63377,6351
63389,6352
63391,6353
63397,6354
63409,6355
63419,6356
63421,6357
63439,6358
63443,6359
63463,6360
63467,6361
63473,6362
63487,6363
63493,6364
63499,6365
63521,6366
63527,6367
63533,6368
63541,6369
63559,6370
63577,6371
63587,6372
63589,6373
63599,6374
63601,6375
63607,6376
63611,6377
63617,6378
63629,6379
63647,6380
63649,6381
63659,6382
63667,6383
63671,6384
63689,6385
63691,6386
63697,6387
63703,6388
63709,6389
63719,6390
63727,6391
63737,6392
63743,6393
63761,6394
63773,6395
63781,6396
63793,6397
63799,6398
63803,6399
63809,6400
63823,6401
63839,6402
63841,6403
63853,6404
63857,6405
63863,6406
63901,6407
63907,6408
63913,6409
63929,6410
63949,6411
63977,6412
63997,6413
64007,6414
64013,6415
64019,6416
64033,6417
64037,6418
64063,6419
64067,6420
64081,6421
64091,6422
64109,6423
64123,6424
64151,6425
64153,6426
64157,6427
64171,6428
64187,6429
64189,6430
64217,6431
64223,6432
64231,6433
64237,6434
64271,6435
64279,6436
64283,6437
64301,6438
64303,6439
64319,6440
64327,6441
64333,6442
64373,6443
64381,6444
64399,6445
64403,6446
64433,6447
64439,6448
64451,6449
64453,6450
64483,6451
64489,6452
64499,6453
64513,6454
64553,6455
64567,6456
64577,6457
64579,6458
64591,6459
64601,6460
64609,6461
64613,6462
64621,6463
64627,6464
64633,6465
64661,6466
64663,6467
64667,6468
64679,6469
64693,6470
64709,6471
64717,6472
64747,6473
64763,6474
64781,6475
64783,6476
64793,6477
64811,6478
64817,6479
64849,6480
64853,6481
64871,6482
64877,6483
64879,6484
64891,6485
64901,6486
64919,6487
64921,6488
64927,6489
64937,6490
64951,6491
64969,6492
64997,6493
65003,6494
65011,6495
65027,6496
65029,6497
65033,6498
65053,6499
65063,6500
65071,6501
65089,6502
65099,6503
65101,6504
65111,6505
65119,6506
65123,6507
65129,6508
65141,6509
65147,6510
65167,6511
65171,6512
65173,6513
65179,6514
65183,6515
65203,6516
65213,6517
65239,6518
65257,6519
65267,6520
65269,6521
65287,6522
65293,6523
65309,6524
65323,6525
65327,6526
65353,6527
65357,6528
65371,6529
65381,6530
65393,6531
65407,6532
65413,6533
65419,6534
65423,6535
65437,6536
65447,6537
65449,6538
65479,6539
65497,6540
65519,6541
65521,6542
65537,6543
65539,6544
65543,6545
65551,6546
65557,6547
65563,6548
65579,6549
65581,6550
65587,6551
65599,6552
65609,6553
65617,6554
65629,6555
65633,6556
65647,6557
65651,6558
65657,6559
65677,6560
65687,6561
65699,6562
65701,6563
65707,6564
65713,6565
65717,6566
65719,6567
65729,6568
65731,6569
65761,6570
65777,6571
65789,6572
65809,6573
65827,6574
65831,6575
65837,6576
65839,6577
65843,6578
65851,6579
65867,6580
65881,6581
65899,6582
65921,6583
65927,6584
65929,6585
65951,6586
65957,6587
65963,6588
65981,6589
65983,6590
65993,6591
66029,6592
66037,6593
66041,6594
66047,6595
66067,6596
66071,6597
66083,6598
66089,6599
66103,6600
66107,6601
66109,6602
66137,6603
66161,6604
66169,6605
66173,6606
66179,6607
66191,6608
66221,6609
66239,6610
66271,6611
66293,6612
66301,6613
66337,6614
66343,6615
66347,6616
66359,6617
66361,6618
66373,6619
66377,6620
66383,6621
66403,6622
66413,6623
66431,6624
66449,6625
66457,6626
66463,6627
66467,6628
66491,6629
66499,6630
66509,6631
66523,6632
66529,6633
66533,6634
66541,6635
66553,6636
66569,6637
66571,6638
66587,6639
66593,6640
66601,6641
66617,6642
66629,6643
66643,6644
66653,6645
66683,6646
66697,6647
66701,6648
66713,6649
66721,6650
66733,6651
66739,6652
66749,6653
66751,6654
66763,6655
66791,6656
66797,6657
66809,6658
66821,6659
66841,6660
66851,6661
66853,6662
66863,6663
66877,6664
66883,6665
66889,6666
66919,6667
66923,6668
66931,6669
66943,6670
66947,6671
66949,6672
66959,6673
66973,6674
66977,6675
67003,6676
67021,6677
67033,6678
67043,6679
67049,6680
67057,6681
67061,6682
67073,6683
67079,6684
67103,6685
67121,6686
67129,6687
67139,6688
67141,6689
67153,6690
67157,6691
67169,6692
67181,6693
67187,6694
67189,6695
67211,6696
67213,6697
67217,6698
67219,6699
67231,6700
67247,6701
67261,6702
67271,6703
67273,6704
67289,6705
67307,6706
67339,6707
67343,6708
67349,6709
67369,6710
67391,6711
67399,6712
67409,6713
67411,6714
67421,6715
67427,6716
67429,6717
67433,6718
67447,6719
67453,6720
67477,6721
67481,6722
67489,6723
67493,6724
67499,6725
67511,6726
67523,6727
67531,6728
67537,6729
67547,6730
67559,6731
67567,6732
67577,6733
67579,6734
67589,6735
67601,6736
67607,6737
67619,6738
67631,6739
67651,6740
67679,6741
67699,6742
67709,6743
67723,6744
67733,6745
67741,6746
67751,6747
67757,6748
67759,6749
67763,6750
67777,6751
67783,6752
67789,6753
67801,6754
67807,6755
67819,6756
67829,6757
67843,6758
67853,6759
67867,6760
67883,6761
67891,6762
67901,6763
67927,6764
67931,6765
67933,6766
67939,6767
67943,6768
67957,6769
67961,6770
67967,6771
67979,6772
67987,6773
67993,6774
68023,6775
68041,6776
68053,6777
68059,6778
68071,6779
68087,6780
68099,6781
68111,6782
68113,6783
68141,6784
68147,6785
68161,6786
68171,6787
68207,6788
68209,6789
68213,6790
68219,6791
68227,6792
68239,6793
68261,6794
68279,6795
68281,6796
68311,6797
68329,6798
68351,6799
68371,6800
68389,6801
68399,6802
68437,6803
68443,6804
68447,6805
68449,6806
68473,6807
68477,6808
68483,6809
68489,6810
68491,6811
68501,6812
68507,6813
68521,6814
68531,6815
68539,6816
68543,6817
68567,6818
68581,6819
68597,6820
68611,6821
68633,6822
68639,6823
68659,6824
68669,6825
68683,6826
68687,6827
68699,6828
68711,6829
68713,6830
68729,6831
68737,6832
68743,6833
68749,6834
68767,6835
68771,6836
68777,6837
68791,6838
68813,6839
68819,6840
68821,6841
68863,6842
68879,6843
68881,6844
68891,6845
68897,6846
68899,6847
68903,6848
68909,6849
68917,6850
68927,6851
68947,6852
68963,6853
68993,6854
69001,6855
69011,6856
69019,6857
69029,6858
69031,6859
69061,6860
69067,6861
69073,6862
69109,6863
69119,6864
69127,6865
69143,6866
69149,6867
69151,6868
69163,6869
69191,6870
69193,6871
69197,6872
69203,6873
69221,6874
69233,6875
69239,6876
69247,6877
69257,6878
69259,6879
69263,6880
69313,6881
69317,6882
69337,6883
69341,6884
69371,6885
69379,6886
69383,6887
69389,6888
69401,6889
69403,6890
69427,6891
69431,6892
69439,6893
69457,6894
69463,6895
69467,6896
69473,6897
69481,6898
69491,6899
69493,6900
69497,6901
69499,6902
69539,6903
69557,6904
69593,6905
69623,6906
69653,6907
69661,6908
69677,6909
69691,6910
69697,6911
69709,6912
69737,6913
69739,6914
69761,6915
69763,6916
69767,6917
69779,6918
69809,6919
69821,6920
69827,6921
69829,6922
69833,6923
69847,6924
69857,6925
69859,6926
69877,6927
69899,6928
69911,6929
69929,6930
69931,6931
69941,6932
69959,6933
69991,6934
69997,6935
70001,6936
70003,6937
70009,6938
70019,6939
70039,6940
70051,6941
70061,6942
70067,6943
70079,6944
70099,6945
70111,6946
70117,6947
70121,6948
70123,6949
70139,6950
70141,6951
70157,6952
70163,6953
70177,6954
70181,6955
70183,6956
70199,6957
70201,6958
70207,6959
70223,6960
70229,6961
70237,6962
70241,6963
70249,6964
70271,6965
70289,6966
70297,6967
70309,6968
70313,6969
70321,6970
70327,6971
70351,6972
70373,6973
70379,6974
70381,6975
70393,6976
70423,6977
70429,6978
70439,6979
70451,6980
70457,6981
70459,6982
70481,6983
70487,6984
70489,6985
70501,6986
70507,6987
70529,6988
70537,6989
70549,6990
70571,6991
70573,6992
70583,6993
70589,6994
70607,6995
70619,6996
70621,6997
70627,6998
70639,6999
70657,7000
70663,7001
70667,7002
70687,7003
70709,7004
70717,7005
70729,7006
70753,7007
70769,7008
70783,7009
70793,7010
70823,7011
70841,7012
70843,7013
70849,7014
70853,7015
70867,7016
70877,7017
70879,7018
70891,7019
70901,7020
70913,7021
70919,7022
70921,7023
70937,7024
70949,7025
70951,7026
70957,7027
70969,7028
70979,7029
70981,7030
70991,7031
70997,7032
70999,7033
71011,7034
71023,7035
71039,7036
71059,7037
71069,7038
71081,7039
71089,7040
71119,7041
71129,7042
71143,7043
71147,7044
71153,7045
71161,7046
71167,7047
71171,7048
71191,7049
71209,7050
71233,7051
71237,7052
71249,7053
71257,7054
71261,7055
71263,7056
71287,7057
71293,7058
71317,7059
71327,7060
71329,7061
71333,7062
71339,7063
71341,7064
71347,7065
71353,7066
71359,7067
71363,7068
71387,7069
71389,7070
71399,7071
71411,7072
71413,7073
71419,7074
71429,7075
71437,7076
71443,7077
71453,7078
71471,7079
71473,7080
71479,7081
71483,7082
71503,7083
71527,7084
71537,7085
71549,7086
71551,7087
71563,7088
71569,7089
71593,7090
71597,7091
71633,7092
71647,7093
71663,7094
71671,7095
71693,7096
71699,7097
71707,7098
71711,7099
71713,7100
71719,7101
71741,7102
71761,7103
71777,7104
71789,7105
71807,7106
71809,7107
71821,7108
71837,7109
71843,7110
71849,7111
71861,7112
71867,7113
71879,7114
71881,7115
71887,7116
71899,7117
71909,7118
71917,7119
71933,7120
71941,7121
71947,7122
71963,7123
71971,7124
71983,7125
71987,7126
71993,7127
71999,7128
72019,7129
72031,7130
72043,7131
72047,7132
72053,7133
72073,7134
72077,7135
72089,7136
72091,7137
72101,7138
72103,7139
72109,7140
72139,7141
72161,7142
72167,7143
72169,7144
72173,7145
72211,7146
72221,7147
72223,7148
72227,7149
72229,7150
72251,7151
72253,7152
72269,7153
72271,7154
72277,7155
72287,7156
72307,7157
72313,7158
72337,7159
72341,7160
72353,7161
72367,7162
72379,7163
72383,7164
72421,7165
72431,7166
72461,7167
72467,7168
72469,7169
72481,7170
72493,7171
72497,7172
72503,7173
72533,7174
72547,7175
72551,7176
72559,7177
72577,7178
72613,7179
72617,7180
72623,7181
72643,7182
72647,7183
72649,7184
72661,7185
72671,7186
72673,7187
72679,7188
72689,7189
72701,7190
72707,7191
72719,7192
72727,7193
72733,7194
72739,7195
72763,7196
72767,7197
72797,7198
72817,7199
72823,7200
72859,7201
72869,7202
72871,7203
72883,7204
72889,7205
72893,7206
72901,7207
72907,7208
72911,7209
72923,7210
72931,7211
72937,7212
72949,7213
72953,7214
72959,7215
72973,7216
72977,7217
72997,7218
73009,7219
73013,7220
73019,7221
73037,7222
73039,7223
73043,7224
73061,7225
73063,7226
73079,7227
73091,7228
73121,7229
73127,7230
73133,7231
73141,7232
73181,7233
73189,7234
73237,7235
73243,7236
73259,7237
73277,7238
73291,7239
73303,7240
73309,7241
73327,7242
73331,7243
73351,7244
73361,7245
73363,7246
73369,7247
73379,7248
73387,7249
73417,7250
73421,7251
73433,7252
73453,7253
73459,7254
73471,7255
73477,7256
73483,7257
73517,7258
73523,7259
73529,7260
73547,7261
73553,7262
73561,7263
73571,7264
73583,7265
73589,7266
73597,7267
73607,7268
73609,7269
73613,7270
73637,7271
73643,7272
73651,7273
73673,7274
73679,7275
73681,7276
73693,7277
73699,7278
73709,7279
73721,7280
73727,7281
73751,7282
73757,7283
73771,7284
73783,7285
73819,7286
73823,7287
73847,7288
73849,7289
73859,7290
73867,7291
73877,7292
73883,7293
73897,7294
73907,7295
73939,7296
73943,7297
73951,7298
73961,7299
73973,7300
73999,7301
74017,7302
74021,7303
74027,7304
74047,7305
74051,7306
74071,7307
74077,7308
74093,7309
74099,7310
74101,7311
74131,7312
74143,7313
74149,7314
74159,7315
74161,7316
74167,7317
74177,7318
74189,7319
74197,7320
74201,7321
74203,7322
74209,7323
74219,7324
74231,7325
74257,7326
74279,7327
74287,7328
74293,7329
74297,7330
74311,7331
74317,7332
74323,7333
74353,7334
74357,7335
74363,7336
74377,7337
74381,7338
74383,7339
74411,7340
74413,7341
74419,7342
74441,7343
74449,7344
74453,7345
74471,7346
74489,7347
74507,7348
74509,7349
74521,7350
74527,7351
74531,7352
74551,7353
74561,7354
74567,7355
74573,7356
74587,7357
74597,7358
74609,7359
74611,7360
74623,7361
74653,7362
74687,7363
74699,7364
74707,7365
74713,7366
74717,7367
74719,7368
74729,7369
74731,7370
74747,7371
74759,7372
74761,7373
74771,7374
74779,7375
74797,7376
74821,7377
74827,7378
74831,7379
74843,7380
74857,7381
74861,7382
74869,7383
74873,7384
74887,7385
74891,7386
74897,7387
74903,7388
74923,7389
74929,7390
74933,7391
74941,7392
74959,7393
75011,7394
75013,7395
75017,7396
75029,7397
75037,7398
75041,7399
75079,7400
75083,7401
75109,7402
75133,7403
75149,7404
75161,7405
75167,7406
75169,7407
75181,7408
75193,7409
75209,7410
75211,7411
75217,7412
75223,7413
75227,7414
75239,7415
75253,7416
75269,7417
75277,7418
75289,7419
75307,7420
75323,7421
75329,7422
75337,7423
75347,7424
75353,7425
75367,7426
75377,7427
75389,7428
75391,7429
75401,7430
75403,7431
75407,7432
75431,7433
75437,7434
75479,7435
75503,7436
75511,7437
75521,7438
75527,7439
75533,7440
75539,7441
75541,7442
75553,7443
75557,7444
75571,7445
75577,7446
75583,7447
75611,7448
75617,7449
75619,7450
75629,7451
75641,7452
75653,7453
75659,7454
75679,7455
75683,7456
75689,7457
75703,7458
75707,7459
75709,7460
75721,7461
75731,7462
75743,7463
75767,7464
75773,7465
75781,7466
75787,7467
75793,7468
75797,7469
75821,7470
75833,7471
75853,7472
75869,7473
75883,7474
75913,7475
75931,7476
75937,7477
75941,7478
75967,7479
75979,7480
75983,7481
75989,7482
75991,7483
75997,7484
76001,7485
76003,7486
76031,7487
76039,7488
76079,7489
76081,7490
76091,7491
76099,7492
76103,7493
76123,7494
76129,7495
76147,7496
76157,7497
76159,7498
76163,7499
76207,7500
76213,7501
76231,7502
76243,7503
76249,7504
76253,7505
76259,7506
76261,7507
76283,7508
76289,7509
76303,7510
76333,7511
76343,7512
76367,7513
76369,7514
76379,7515
76387,7516
76403,7517
76421,7518
76423,7519
76441,7520
76463,7521
76471,7522
76481,7523
76487,7524
76493,7525
76507,7526
76511,7527
76519,7528
76537,7529
76541,7530
76543,7531
76561,7532
76579,7533
76597,7534
76603,7535
76607,7536
76631,7537
76649,7538
76651,7539
76667,7540
76673,7541
76679,7542
76697,7543
76717,7544
76733,7545
76753,7546
76757,7547
76771,7548
76777,7549
76781,7550
76801,7551
76819,7552
76829,7553
76831,7554
76837,7555
76847,7556
76871,7557
76873,7558
76883,7559
76907,7560
76913,7561
76919,7562
76943,7563
76949,7564
76961,7565
76963,7566
76991,7567
77003,7568
77017,7569
77023,7570
77029,7571
77041,7572
77047,7573
77069,7574
77081,7575
77093,7576
77101,7577
77137,7578
77141,7579
77153,7580
77167,7581
77171,7582
77191,7583
77201,7584
77213,7585
77237,7586
77239,7587
77243,7588
77249,7589
77261,7590
77263,7591
77267,7592
77269,7593
77279,7594
77291,7595
77317,7596
77323,7597
77339,7598
77347,7599
77351,7600
77359,7601
77369,7602
77377,7603
77383,7604
77417,7605
77419,7606
77431,7607
77447,7608
77471,7609
77477,7610
77479,7611
77489,7612
77491,7613
77509,7614
77513,7615
77521,7616
77527,7617
77543,7618
77549,7619
77551,7620
77557,7621
77563,7622
77569,7623
77573,7624
77587,7625
77591,7626
77611,7627
77617,7628
77621,7629
77641,7630
77647,7631
77659,7632
77681,7633
77687,7634
77689,7635
77699,7636
77711,7637
77713,7638
77719,7639
77723,7640
77731,7641
77743,7642
77747,7643
77761,7644
77773,7645
77783,7646
77797,7647
77801,7648
77813,7649
77839,7650
77849,7651
77863,7652
77867,7653
77893,7654
77899,7655
77929,7656
77933,7657
77951,7658
77969,7659
77977,7660
77983,7661
77999,7662
78007,7663
78017,7664
78031,7665
78041,7666
78049,7667
78059,7668
78079,7669
78101,7670
78121,7671
78137,7672
78139,7673
78157,7674
78163,7675
78167,7676
78173,7677
78179,7678
78191,7679
78193,7680
78203,7681
78229,7682
78233,7683
78241,7684
78259,7685
78277,7686
78283,7687
78301,7688
78307,7689
78311,7690
78317,7691
78341,7692
78347,7693
78367,7694
78401,7695
78427,7696
78437,7697
78439,7698
78467,7699
78479,7700
78487,7701
78497,7702
78509,7703
78511,7704
78517,7705
78539,7706
78541,7707
78553,7708
78569,7709
78571,7710
78577,7711
78583,7712
78593,7713
78607,7714
78623,7715
78643,7716
78649,7717
78653,7718
78691,7719
78697,7720
78707,7721
78713,7722
78721,7723
78737,7724
78779,7725
78781,7726
78787,7727
78791,7728
78797,7729
78803,7730
78809,7731
78823,7732
78839,7733
78853,7734
78857,7735
78877,7736
78887,7737
78889,7738
78893,7739
78901,7740
78919,7741
78929,7742
78941,7743
78977,7744
78979,7745
78989,7746
79031,7747
79039,7748
79043,7749
79063,7750
79087,7751
79103,7752
79111,7753
79133,7754
79139,7755
79147,7756
79151,7757
79153,7758
79159,7759
79181,7760
79187,7761
79193,7762
79201,7763
79229,7764
79231,7765
79241,7766
79259,7767
79273,7768
79279,7769
79283,7770
79301,7771
79309,7772
79319,7773
79333,7774
79337,7775
79349,7776
79357,7777
79367,7778
79379,7779
79393,7780
79397,7781
79399,7782
79411,7783
79423,7784
79427,7785
79433,7786
79451,7787
79481,7788
79493,7789
79531,7790
79537,7791
79549,7792
79559,7793
79561,7794
79579,7795
79589,7796
79601,7797
79609,7798
79613,7799
79621,7800
79627,7801
79631,7802
79633,7803
79657,7804
79669,7805
79687,7806
79691,7807
79693,7808
79697,7809
79699,7810
79757,7811
79769,7812
79777,7813
79801,7814
79811,7815
79813,7816
79817,7817
79823,7818
79829,7819
79841,7820
79843,7821
79847,7822
79861,7823
79867,7824
79873,7825
79889,7826
79901,7827
79903,7828
79907,7829
79939,7830
79943,7831
79967,7832
79973,7833
79979,7834
79987,7835
79997,7836
79999,7837
80021,7838
80039,7839
80051,7840
80071,7841
80077,7842
80107,7843
80111,7844
80141,7845
80147,7846
80149,7847
80153,7848
80167,7849
80173,7850
80177,7851
80191,7852
80207,7853
80209,7854
80221,7855
80231,7856
80233,7857
80239,7858
80251,7859
80263,7860
80273,7861
80279,7862
80287,7863
80309,7864
80317,7865
80329,7866
80341,7867
80347,7868
80363,7869
80369,7870
80387,7871
80407,7872
80429,7873
80447,7874
80449,7875
80471,7876
80473,7877
80489,7878
80491,7879
80513,7880
80527,7881
80537,7882
80557,7883
80567,7884
80599,7885
80603,7886
80611,7887
80621,7888
80627,7889
80629,7890
80651,7891
80657,7892
80669,7893
80671,7894
80677,7895
80681,7896
80683,7897
80687,7898
80701,7899
80713,7900
80737,7901
80747,7902
80749,7903
80761,7904
80777,7905
80779,7906
80783,7907
80789,7908
80803,7909
80809,7910
80819,7911
80831,7912
80833,7913
80849,7914
80863,7915
80897,7916
80909,7917
80911,7918
80917,7919
80923,7920
80929,7921
80933,7922
80953,7923
80963,7924
80989,7925
81001,7926
81013,7927
81017,7928
81019,7929
81023,7930
81031,7931
81041,7932
81043,7933
81047,7934
81049,7935
81071,7936
81077,7937
81083,7938
81097,7939
81101,7940
81119,7941
81131,7942
81157,7943
81163,7944
81173,7945
81181,7946
81197,7947
81199,7948
81203,7949
81223,7950
81233,7951
81239,7952
81281,7953
81283,7954
81293,7955
81299,7956
81307,7957
81331,7958
81343,7959
81349,7960
81353,7961
81359,7962
81371,7963
81373,7964
81401,7965
81409,7966
81421,7967
81439,7968
81457,7969
81463,7970
81509,7971
81517,7972
81527,7973
81533,7974
81547,7975
81551,7976
81553,7977
81559,7978
81563,7979
81569,7980
81611,7981
81619,7982
81629,7983
81637,7984
81647,7985
81649,7986
81667,7987
81671,7988
81677,7989
81689,7990
81701,7991
81703,7992
81707,7993
81727,7994
81737,7995
81749,7996
81761,7997
81769,7998
81773,7999
81799,8000
81817,8001
81839,8002
81847,8003
81853,8004
81869,8005
81883,8006
81899,8007
81901,8008
81919,8009
81929,8010
81931,8011
81937,8012
81943,8013
81953,8014
81967,8015
81971,8016
81973,8017
82003,8018
82007,8019
82009,8020
82013,8021
82021,8022
82031,8023
82037,8024
82039,8025
82051,8026
82067,8027
82073,8028
82129,8029
82139,8030
82141,8031
82153,8032
82163,8033
82171,8034
82183,8035
82189,8036
82193,8037
82207,8038
82217,8039
82219,8040
82223,8041
82231,8042
82237,8043
82241,8044
82261,8045
82267,8046
82279,8047
82301,8048
82307,8049
82339,8050
82349,8051
82351,8052
82361,8053
82373,8054
82387,8055
82393,8056
82421,8057
82457,8058
82463,8059
82469,8060
82471,8061
82483,8062
82487,8063
82493,8064
82499,8065
82507,8066
82529,8067
82531,8068
82549,8069
82559,8070
82561,8071
82567,8072
82571,8073
82591,8074
82601,8075
82609,8076
82613,8077
82619,8078
82633,8079
82651,8080
82657,8081
82699,8082
82721,8083
82723,8084
82727,8085
82729,8086
82757,8087
82759,8088
82763,8089
82781,8090
82787,8091
82793,8092
82799,8093
82811,8094
82813,8095
82837,8096
82847,8097
82883,8098
82889,8099
82891,8100
82903,8101
82913,8102
82939,8103
82963,8104
82981,8105
82997,8106
83003,8107
83009,8108
83023,8109
83047,8110
83059,8111
83063,8112
83071,8113
83077,8114
83089,8115
83093,8116
83101,8117
83117,8118
83137,8119
83177,8120
83203,8121
83207,8122
83219,8123
83221,8124
83227,8125
83231,8126
83233,8127
83243,8128
83257,8129
83267,8130
83269,8131
83273,8132
83299,8133
83311,8134
83339,8135
83341,8136
83357,8137
83383,8138
83389,8139
83399,8140
83401,8141
83407,8142
83417,8143
83423,8144
83431,8145
83437,8146
83443,8147
83449,8148
83459,8149
83471,8150
83477,8151
83497,8152
83537,8153
83557,8154
83561,8155
83563,8156
83579,8157
83591,8158
83597,8159
83609,8160
83617,8161
83621,8162
83639,8163
83641,8164
83653,8165
83663,8166
83689,8167
83701,8168
83717,8169
83719,8170
83737,8171
83761,8172
83773,8173
83777,8174
83791,8175
83813,8176
83833,8177
83843,8178
83857,8179
83869,8180
83873,8181
83891,8182
83903,8183
83911,8184
83921,8185
83933,8186
83939,8187
83969,8188
83983,8189
83987,8190
84011,8191
84017,8192
84047,8193
84053,8194
84059,8195
84061,8196
84067,8197
84089,8198
84121,8199
84127,8200
84131,8201
84137,8202
84143,8203
84163,8204
84179,8205
84181,8206
84191,8207
84199,8208
84211,8209
84221,8210
84223,8211
84229,8212
84239,8213
84247,8214
84263,8215
84299,8216
84307,8217
84313,8218
84317,8219
84319,8220
84347,8221
84349,8222
84377,8223
84389,8224
84391,8225
84401,8226
84407,8227
84421,8228
84431,8229
84437,8230
84443,8231
84449,8232
84457,8233
84463,8234
84467,8235
84481,8236
84499,8237
84503,8238
84509,8239
84521,8240
84523,8241
84533,8242
84551,8243
84559,8244
84589,8245
84629,8246
84631,8247
84649,8248
84653,8249
84659,8250
84673,8251
84691,8252
84697,8253
84701,8254
84713,8255
84719,8256
84731,8257
84737,8258
84751,8259
84761,8260
84787,8261
84793,8262
84809,8263
84811,8264
84827,8265
84857,8266
84859,8267
84869,8268
84871,8269
84913,8270
84919,8271
84947,8272
84961,8273
84967,8274
84977,8275
84979,8276
84991,8277
85009,8278
85021,8279
85027,8280
85037,8281
85049,8282
85061,8283
85081,8284
85087,8285
85091,8286
85093,8287
85103,8288
85109,8289
85121,8290
85133,8291
85147,8292
85159,8293
85193,8294
85199,8295
85201,8296
85213,8297
85223,8298
85229,8299
85237,8300
85243,8301
85247,8302
85259,8303
85297,8304
85303,8305
85313,8306
85331,8307
85333,8308
85361,8309
85363,8310
85369,8311
85381,8312
85411,8313
85427,8314
85429,8315
85439,8316
85447,8317
85451,8318
85453,8319
85469,8320
85487,8321
85513,8322
85517,8323
85523,8324
85531,8325
85549,8326
85571,8327
85577,8328
85597,8329
85601,8330
85607,8331
85619,8332
85621,8333
85627,8334
85639,8335
85643,8336
85661,8337
85667,8338
85669,8339
85691,8340
85703,8341
85711,8342
85717,8343
85733,8344
85751,8345
85781,8346
85793,8347
85817,8348
85819,8349
85829,8350
85831,8351
85837,8352
85843,8353
85847,8354
85853,8355
85889,8356
85903,8357
85909,8358
85931,8359
85933,8360
85991,8361
85999,8362
86011,8363
86017,8364
86027,8365
86029,8366
86069,8367
86077,8368
86083,8369
86111,8370
86113,8371
86117,8372
86131,8373
86137,8374
86143,8375
86161,8376
86171,8377
86179,8378
86183,8379
86197,8380
86201,8381
86209,8382
86239,8383
86243,8384
86249,8385
86257,8386
86263,8387
86269,8388
86287,8389
86291,8390
86293,8391
86297,8392
86311,8393
86323,8394
86341,8395
86351,8396
86353,8397
86357,8398
86369,8399
86371,8400
86381,8401
86389,8402
86399,8403
86413,8404
86423,8405
86441,8406
86453,8407
86461,8408
86467,8409
86477,8410
86491,8411
86501,8412
86509,8413
86531,8414
86533,8415
86539,8416
86561,8417
86573,8418
86579,8419
86587,8420
86599,8421
86627,8422
86629,8423
86677,8424
86689,8425
86693,8426
86711,8427
86719,8428
86729,8429
86743,8430
86753,8431
86767,8432
86771,8433
86783,8434
86813,8435
86837,8436
86843,8437
86851,8438
86857,8439
86861,8440
86869,8441
86923,8442
86927,8443
86929,8444
86939,8445
86951,8446
86959,8447
86969,8448
86981,8449
86993,8450
87011,8451
87013,8452
87037,8453
87041,8454
87049,8455
87071,8456
87083,8457
87103,8458
87107,8459
87119,8460
87121,8461
87133,8462
87149,8463
87151,8464
87179,8465
87181,8466
87187,8467
87211,8468
87221,8469
87223,8470
87251,8471
87253,8472
87257,8473
87277,8474
87281,8475
87293,8476
87299,8477
87313,8478
87317,8479
87323,8480
87337,8481
87359,8482
87383,8483
87403,8484
87407,8485
87421,8486
87427,8487
87433,8488
87443,8489
87473,8490
87481,8491
87491,8492
87509,8493
87511,8494
87517,8495
87523,8496
87539,8497
87541,8498
87547,8499
87553,8500
87557,8501
87559,8502
87583,8503
87587,8504
87589,8505
87613,8506
87623,8507
87629,8508
87631,8509
87641,8510
87643,8511
87649,8512
87671,8513
87679,8514
87683,8515
87691,8516
87697,8517
87701,8518
87719,8519
87721,8520
87739,8521
87743,8522
87751,8523
87767,8524
87793,8525
87797,8526
87803,8527
87811,8528
87833,8529
87853,8530
87869,8531
87877,8532
87881,8533
87887,8534
87911,8535
87917,8536
87931,8537
87943,8538
87959,8539
87961,8540
87973,8541
87977,8542
87991,8543
88001,8544
88003,8545
88007,8546
88019,8547
88037,8548
88069,8549
88079,8550
88093,8551
88117,8552
88129,8553
88169,8554
88177,8555
88211,8556
88223,8557
88237,8558
88241,8559
88259,8560
88261,8561
88289,8562
88301,8563
88321,8564
88327,8565
88337,8566
88339,8567
88379,8568
88397,8569
88411,8570
88423,8571
88427,8572
88463,8573
88469,8574
88471,8575
88493,8576
88499,8577
88513,8578
88523,8579
88547,8580
88589,8581
88591,8582
88607,8583
88609,8584
88643,8585
88651,8586
88657,8587
88661,8588
88663,8589
88667,8590
88681,8591
88721,8592
88729,8593
88741,8594
88747,8595
88771,8596
88789,8597
88793,8598
88799,8599
88801,8600
88807,8601
88811,8602
88813,8603
88817,8604
88819,8605
88843,8606
88853,8607
88861,8608
88867,8609
88873,8610
88883,8611
88897,8612
88903,8613
88919,8614
88937,8615
88951,8616
88969,8617
88993,8618
88997,8619
89003,8620
89009,8621
89017,8622
89021,8623
89041,8624
89051,8625
89057,8626
89069,8627
89071,8628
89083,8629
89087,8630
89101,8631
89107,8632
89113,8633
89119,8634
89123,8635
89137,8636
89153,8637
89189,8638
89203,8639
89209,8640
89213,8641
89227,8642
89231,8643
89237,8644
89261,8645
89269,8646
89273,8647
89293,8648
89303,8649
89317,8650
89329,8651
89363,8652
89371,8653
89381,8654
89387,8655
89393,8656
89399,8657
89413,8658
89417,8659
89431,8660
89443,8661
89449,8662
89459,8663
89477,8664
89491,8665
89501,8666
89513,8667
89519,8668
89521,8669
89527,8670
89533,8671
89561,8672
89563,8673
89567,8674
89591,8675
89597,8676
89599,8677
89603,8678
89611,8679
89627,8680
89633,8681
89653,8682
89657,8683
89659,8684
89669,8685
89671,8686
89681,8687
89689,8688
89753,8689
89759,8690
89767,8691
89779,8692
89783,8693
89797,8694
89809,8695
89819,8696
89821,8697
89833,8698
89839,8699
89849,8700
89867,8701
89891,8702
89897,8703
89899,8704
89909,8705
89917,8706
89923,8707
89939,8708
89959,8709
89963,8710
89977,8711
89983,8712
89989,8713
90001,8714
90007,8715
90011,8716
90017,8717
90019,8718
90023,8719
90031,8720
90053,8721
90059,8722
90067,8723
90071,8724
90073,8725
90089,8726
90107,8727
90121,8728
90127,8729
90149,8730
90163,8731
90173,8732
90187,8733
90191,8734
90197,8735
90199,8736
90203,8737
90217,8738
90227,8739
90239,8740
90247,8741
90263,8742
90271,8743
90281,8744
90289,8745
90313,8746
90353,8747
90359,8748
90371,8749
90373,8750
90379,8751
90397,8752
90401,8753
90403,8754
90407,8755
90437,8756
90439,8757
90469,8758
90473,8759
90481,8760
90499,8761
90511,8762
90523,8763
90527,8764
90529,8765
90533,8766
90547,8767
90583,8768
90599,8769
90617,8770
90619,8771
90631,8772
90641,8773
90647,8774
90659,8775
90677,8776
90679,8777
90697,8778
90703,8779
90709,8780
90731,8781
90749,8782
90787,8783
90793,8784
90803,8785
90821,8786
90823,8787
90833,8788
90841,8789
90847,8790
90863,8791
90887,8792
90901,8793
90907,8794
90911,8795
90917,8796
90931,8797
90947,8798
90971,8799
90977,8800
90989,8801
90997,8802
91009,8803
91019,8804
91033,8805
91079,8806
91081,8807
91097,8808
91099,8809
91121,8810
91127,8811
91129,8812
91139,8813
91141,8814
91151,8815
91153,8816
91159,8817
91163,8818
91183,8819
91193,8820
91199,8821
91229,8822
91237,8823
91243,8824
91249,8825
91253,8826
91283,8827
91291,8828
91297,8829
91303,8830
91309,8831
91331,8832
91367,8833
91369,8834
91373,8835
91381,8836
91387,8837
91393,8838
91397,8839
91411,8840
91423,8841
91433,8842
91453,8843
91457,8844
91459,8845
91463,8846
91493,8847
91499,8848
91513,8849
91529,8850
91541,8851
91571,8852
91573,8853
91577,8854
91583,8855
91591,8856
91621,8857
91631,8858
91639,8859
91673,8860
91691,8861
91703,8862
91711,8863
91733,8864
91753,8865
91757,8866
91771,8867
91781,8868
91801,8869
91807,8870
91811,8871
91813,8872
91823,8873
91837,8874
91841,8875
91867,8876
91873,8877
91909,8878
91921,8879
91939,8880
91943,8881
91951,8882
91957,8883
91961,8884
91967,8885
91969,8886
91997,8887
92003,8888
92009,8889
92033,8890
92041,8891
92051,8892
92077,8893
92083,8894
92107,8895
92111,8896
92119,8897
92143,8898
92153,8899
92173,8900
92177,8901
92179,8902
92189,8903
92203,8904
92219,8905
92221,8906
92227,8907
92233,8908
92237,8909
92243,8910
92251,8911
92269,8912
92297,8913
92311,8914
92317,8915
92333,8916
92347,8917
92353,8918
92357,8919
92363,8920
92369,8921
92377,8922
92381,8923
92383,8924
92387,8925
92399,8926
92401,8927
92413,8928
92419,8929
92431,8930
92459,8931
92461,8932
92467,8933
92479,8934
92489,8935
92503,8936
92507,8937
92551,8938
92557,8939
92567,8940
92569,8941
92581,8942
92593,8943
92623,8944
92627,8945
92639,8946
92641,8947
92647,8948
92657,8949
92669,8950
92671,8951
92681,8952
92683,8953
92693,8954
92699,8955
92707,8956
92717,8957
92723,8958
92737,8959
92753,8960
92761,8961
92767,8962
92779,8963
92789,8964
92791,8965
92801,8966
92809,8967
92821,8968
92831,8969
92849,8970
92857,8971
92861,8972
92863,8973
92867,8974
92893,8975
92899,8976
92921,8977
92927,8978
92941,8979
92951,8980
92957,8981
92959,8982
92987,8983
92993,8984
93001,8985
93047,8986
93053,8987
93059,8988
93077,8989
93083,8990
93089,8991
93097,8992
93103,8993
93113,8994
93131,8995
93133,8996
93139,8997
93151,8998
93169,8999
93179,9000
93187,9001
93199,9002
93229,9003
93239,9004
93241,9005
93251,9006
93253,9007
93257,9008
93263,9009
93281,9010
93283,9011
93287,9012
93307,9013
93319,9014
93323,9015
93329,9016
93337,9017
93371,9018
93377,9019
93383,9020
93407,9021
93419,9022
93427,9023
93463,9024
93479,9025
93481,9026
93487,9027
93491,9028
93493,9029
93497,9030
93503,9031
93523,9032
93529,9033
93553,9034
93557,9035
93559,9036
93563,9037
93581,9038
93601,9039
93607,9040
93629,9041
93637,9042
93683,9043
93701,9044
93703,9045
93719,9046
93739,9047
93761,9048
93763,9049
93787,9050
93809,9051
93811,9052
93827,9053
93851,9054
93871,9055
93887,9056
93889,9057
93893,9058
93901,9059
93911,9060
93913,9061
93923,9062
93937,9063
93941,9064
93949,9065
93967,9066
93971,9067
93979,9068
93983,9069
93997,9070
94007,9071
94009,9072
94033,9073
94049,9074
94057,9075
94063,9076
94079,9077
94099,9078
94109,9079
94111,9080
94117,9081
94121,9082
94151,9083
94153,9084
94169,9085
94201,9086
94207,9087
94219,9088
94229,9089
94253,9090
94261,9091
94273,9092
94291,9093
94307,9094
94309,9095
94321,9096
94327,9097
94331,9098
94343,9099
94349,9100
94351,9101
94379,9102
94397,9103
94399,9104
94421,9105
94427,9106
94433,9107
94439,9108
94441,9109
94447,9110
94463,9111
94477,9112
94483,9113
94513,9114
94529,9115
94531,9116
94541,9117
94543,9118
94547,9119
94559,9120
94561,9121
94573,9122
94583,9123
94597,9124
94603,9125
94613,9126
94621,9127
94649,9128
94651,9129
94687,9130
94693,9131
94709,9132
94723,9133
94727,9134
94747,9135
94771,9136
94777,9137
94781,9138
94789,9139
94793,9140
94811,9141
94819,9142
94823,9143
94837,9144
94841,9145
94847,9146
94849,9147
94873,9148
94889,9149
94903,9150
94907,9151
94933,9152
94949,9153
94951,9154
94961,9155
94993,9156
94999,9157
95003,9158
95009,9159
95021,9160
95027,9161
95063,9162
95071,9163
95083,9164
95087,9165
95089,9166
95093,9167
95101,9168
95107,9169
95111,9170
95131,9171
95143,9172
95153,9173
95177,9174
95189,9175
95191,9176
95203,9177
95213,9178
95219,9179
95231,9180
95233,9181
95239,9182
95257,9183
95261,9184
95267,9185
95273,9186
95279,9187
95287,9188
95311,9189
95317,9190
95327,9191
95339,9192
95369,9193
95383,9194
95393,9195
95401,9196
95413,9197
95419,9198
95429,9199
95441,9200
95443,9201
95461,9202
95467,9203
95471,9204
95479,9205
95483,9206
95507,9207
95527,9208
95531,9209
95539,9210
95549,9211
95561,9212
95569,9213
95581,9214
95597,9215
95603,9216
95617,9217
95621,9218
95629,9219
95633,9220
95651,9221
95701,9222
95707,9223
95713,9224
95717,9225
95723,9226
95731,9227
95737,9228
95747,9229
95773,9230
95783,9231
95789,9232
95791,9233
95801,9234
95803,9235
95813,9236
95819,9237
95857,9238
95869,9239
95873,9240
95881,9241
95891,9242
95911,9243
95917,9244
95923,9245
95929,9246
95947,9247
95957,9248
95959,9249
95971,9250
95987,9251
95989,9252
96001,9253
96013,9254
96017,9255
96043,9256
96053,9257
96059,9258
96079,9259
96097,9260
96137,9261
96149,9262
96157,9263
96167,9264
96179,9265
96181,9266
96199,9267
96211,9268
96221,9269
96223,9270
96233,9271
96259,9272
96263,9273
96269,9274
96281,9275
96289,9276
96293,9277
96323,9278
96329,9279
96331,9280
96337,9281
96353,9282
96377,9283
96401,9284
96419,9285
96431,9286
96443,9287
96451,9288
96457,9289
96461,9290
96469,9291
96479,9292
96487,9293
96493,9294
96497,9295
96517,9296
96527,9297
96553,9298
96557,9299
96581,9300
96587,9301
96589,9302
96601,9303
96643,9304
96661,9305
96667,9306
96671,9307
96697,9308
96703,9309
96731,9310
96737,9311
96739,9312
96749,9313
96757,9314
96763,9315
96769,9316
96779,9317
96787,9318
96797,9319
96799,9320
96821,9321
96823,9322
96827,9323
96847,9324
96851,9325
96857,9326
96893,9327
96907,9328
96911,9329
96931,9330
96953,9331
96959,9332
96973,9333
96979,9334
96989,9335
96997,9336
97001,9337
97003,9338
97007,9339
97021,9340
97039,9341
97073,9342
97081,9343
97103,9344
97117,9345
97127,9346
97151,9347
97157,9348
97159,9349
97169,9350
97171,9351
97177,9352
97187,9353
97213,9354
97231,9355
97241,9356
97259,9357
97283,9358
97301,9359
97303,9360
97327,9361
97367,9362
97369,9363
97373,9364
97379,9365
97381,9366
97387,9367
97397,9368
97423,9369
97429,9370
97441,9371
97453,9372
97459,9373
97463,9374
97499,9375
97501,9376
97511,9377
97523,9378
97547,9379
97549,9380
97553,9381
97561,9382
97571,9383
97577,9384
97579,9385
97583,9386
97607,9387
97609,9388
97613,9389
97649,9390
97651,9391
97673,9392
97687,9393
97711,9394
97729,9395
97771,9396
97777,9397
97787,9398
97789,9399
97813,9400
97829,9401
97841,9402
97843,9403
97847,9404
97849,9405
97859,9406
97861,9407
97871,9408
97879,9409
97883,9410
97919,9411
97927,9412
97931,9413
97943,9414
97961,9415
97967,9416
97973,9417
97987,9418
98009,9419
98011,9420
98017,9421
98041,9422
98047,9423
98057,9424
98081,9425
98101,9426
98123,9427
98129,9428
98143,9429
98179,9430
98207,9431
98213,9432
98221,9433
98227,9434
98251,9435
98257,9436
98269,9437
98297,9438
98299,9439
98317,9440
98321,9441
98323,9442
98327,9443
98347,9444
98369,9445
98377,9446
98387,9447
98389,9448
98407,9449
98411,9450
98419,9451
98429,9452
98443,9453
98453,9454
98459,9455
98467,9456
98473,9457
98479,9458
98491,9459
98507,9460
98519,9461
98533,9462
98543,9463
98561,9464
98563,9465
98573,9466
98597,9467
98621,9468
98627,9469
98639,9470
98641,9471
98663,9472
98669,9473
98689,9474
98711,9475
98713,9476
98717,9477
98729,9478
98731,9479
98737,9480
98773,9481
98779,9482
98801,9483
98807,9484
98809,9485
98837,9486
98849,9487
98867,9488
98869,9489
98873,9490
98887,9491
98893,9492
98897,9493
98899,9494
98909,9495
98911,9496
98927,9497
98929,9498
98939,9499
98947,9500
98953,9501
98963,9502
98981,9503
98993,9504
98999,9505
99013,9506
99017,9507
99023,9508
99041,9509
99053,9510
99079,9511
99083,9512
99089,9513
99103,9514
99109,9515
99119,9516
99131,9517
99133,9518
99137,9519
99139,9520
99149,9521
99173,9522
99181,9523
99191,9524
99223,9525
99233,9526
99241,9527
99251,9528
99257,9529
99259,9530
99277,9531
99289,9532
99317,9533
99347,9534
99349,9535
99367,9536
99371,9537
99377,9538
99391,9539
99397,9540
99401,9541
99409,9542
99431,9543
99439,9544
99469,9545
99487,9546
99497,9547
99523,9548
99527,9549
99529,9550
99551,9551
99559,9552
99563,9553
99571,9554
99577,9555
99581,9556
99607,9557
99611,9558
99623,9559
99643,9560
99661,9561
99667,9562
99679,9563
99689,9564
99707,9565
99709,9566
99713,9567
99719,9568
99721,9569
99733,9570
99761,9571
99767,9572
99787,9573
99793,9574
99809,9575
99817,9576
99823,9577
99829,9578
99833,9579
99839,9580
99859,9581
99871,9582
99877,9583
99881,9584
99901,9585
99907,9586
99923,9587
99929,9588
99961,9589
99971,9590
99989,9591
99991,9592
100003,9593
100019,9594
100043,9595
100049,9596
100057,9597
100069,9598
100103,9599
100109,9600
100129,9601
100151,9602
100153,9603
100169,9604
100183,9605
100189,9606
100193,9607
100207,9608
100213,9609
100237,9610
100267,9611
100271,9612
100279,9613
100291,9614
100297,9615
100313,9616
100333,9617
100343,9618
100357,9619
100361,9620
100363,9621
100379,9622
100391,9623
100393,9624
100403,9625
100411,9626
100417,9627
100447,9628
100459,9629
100469,9630
100483,9631
100493,9632
100501,9633
100511,9634
100517,9635
100519,9636
100523,9637
100537,9638
100547,9639
100549,9640
100559,9641
100591,9642
100609,9643
100613,9644
100621,9645
100649,9646
100669,9647
100673,9648
100693,9649
100699,9650
100703,9651
100733,9652
100741,9653
100747,9654
100769,9655
100787,9656
100799,9657
100801,9658
100811,9659
100823,9660
100829,9661
100847,9662
100853,9663
100907,9664
100913,9665
100927,9666
100931,9667
100937,9668
100943,9669
100957,9670
100981,9671
100987,9672
100999,9673
101009,9674
101021,9675
101027,9676
101051,9677
101063,9678
101081,9679
101089,9680
101107,9681
101111,9682
101113,9683
101117,9684
101119,9685
101141,9686
101149,9687
101159,9688
101161,9689
101173,9690
101183,9691
101197,9692
101203,9693
101207,9694
101209,9695
101221,9696
101267,9697
101273,9698
101279,9699
101281,9700
101287,9701
101293,9702
101323,9703
101333,9704
101341,9705
101347,9706
101359,9707
101363,9708
101377,9709
101383,9710
101399,9711
101411,9712
101419,9713
101429,9714
101449,9715
101467,9716
101477,9717
101483,9718
101489,9719
101501,9720
101503,9721
101513,9722
101527,9723
101531,9724
101533,9725
101537,9726
101561,9727
101573,9728
101581,9729
101599,9730
101603,9731
101611,9732
101627,9733
101641,9734
101653,9735
101663,9736
101681,9737
101693,9738
101701,9739
101719,9740
101723,9741
101737,9742
101741,9743
101747,9744
101749,9745
101771,9746
101789,9747
101797,9748
101807,9749
101833,9750
101837,9751
101839,9752
101863,9753
101869,9754
101873,9755
101879,9756
101891,9757
101917,9758
101921,9759
101929,9760
101939,9761
101957,9762
101963,9763
101977,9764
101987,9765
101999,9766
102001,9767
102013,9768
102019,9769
102023,9770
102031,9771
102043,9772
102059,9773
102061,9774
102071,9775
102077,9776
102079,9777
102101,9778
102103,9779
102107,9780
102121,9781
102139,9782
102149,9783
102161,9784
102181,9785
102191,9786
102197,9787
102199,9788
102203,9789
102217,9790
102229,9791
102233,9792
102241,9793
102251,9794
102253,9795
102259,9796
102293,9797
102299,9798
102301,9799
102317,9800
102329,9801
102337,9802
102359,9803
102367,9804
102397,9805
102407,9806
102409,9807
102433,9808
102437,9809
102451,9810
102461,9811
102481,9812
102497,9813
102499,9814
102503,9815
102523,9816
102533,9817
102539,9818
102547,9819
102551,9820
102559,9821
102563,9822
102587,9823
102593,9824
102607,9825
102611,9826
102643,9827
102647,9828
102653,9829
102667,9830
102673,9831
102677,9832
102679,9833
102701,9834
102761,9835
102763,9836
102769,9837
102793,9838
102797,9839
102811,9840
102829,9841
102841,9842
102859,9843
102871,9844
102877,9845
102881,9846
102911,9847
102913,9848
102929,9849
102931,9850
102953,9851
102967,9852
102983,9853
103001,9854
103007,9855
103043,9856
103049,9857
103067,9858
103069,9859
103079,9860
103087,9861
103091,9862
103093,9863
103099,9864
103123,9865
103141,9866
103171,9867
103177,9868
103183,9869
103217,9870
103231,9871
103237,9872
103289,9873
103291,9874
103307,9875
103319,9876
103333,9877
103349,9878
103357,9879
103387,9880
103391,9881
103393,9882
103399,9883
103409,9884
103421,9885
103423,9886
103451,9887
103457,9888
103471,9889
103483,9890
103511,9891
103529,9892
103549,9893
103553,9894
103561,9895
103567,9896
103573,9897
103577,9898
103583,9899
103591,9900
103613,9901
103619,9902
103643,9903
103651,9904
103657,9905
103669,9906
103681,9907
103687,9908
103699,9909
103703,9910
103723,9911
103769,9912
103787,9913
103801,9914
103811,9915
103813,9916
103837,9917
103841,9918
103843,9919
103867,9920
103889,9921
103903,9922
103913,9923
103919,9924
103951,9925
103963,9926
103967,9927
103969,9928
103979,9929
103981,9930
103991,9931
103993,9932
103997,9933
104003,9934
104009,9935
104021,9936
104033,9937
104047,9938
104053,9939
104059,9940
104087,9941
104089,9942
104107,9943
104113,9944
104119,9945
104123,9946
104147,9947
104149,9948
104161,9949
104173,9950
104179,9951
104183,9952
104207,9953
104231,9954
104233,9955
104239,9956
104243,9957
104281,9958
104287,9959
104297,9960
104309,9961
104311,9962
104323,9963
104327,9964
104347,9965
104369,9966
104381,9967
104383,9968
104393,9969
104399,9970
104417,9971
104459,9972
104471,9973
104473,9974
104479,9975
104491,9976
104513,9977
104527,9978
104537,9979
104543,9980
104549,9981
104551,9982
104561,9983
104579,9984
104593,9985
104597,9986
104623,9987
104639,9988
104651,9989
104659,9990
104677,9991
104681,9992
104683,9993
104693,9994
104701,9995
104707,9996
104711,9997
104717,9998
104723,9999
104729,10000
104743,10001
104759,10002
104761,10003
104773,10004
104779,10005
104789,10006
104801,10007
104803,10008
104827,10009
104831,10010
104849,10011
104851,10012
104869,10013
104879,10014
104891,10015
104911,10016
104917,10017
104933,10018
104947,10019
104953,10020
104959,10021
104971,10022
104987,10023
104999,10024
105019,10025
105023,10026
105031,10027
105037,10028
105071,10029
105097,10030
105107,10031
105137,10032
105143,10033
105167,10034
105173,10035
105199,10036
105211,10037
105227,10038
105229,10039
105239,10040
105251,10041
105253,10042
105263,10043
105269,10044
105277,10045
105319,10046
105323,10047
105331,10048
105337,10049
105341,10050
105359,10051
105361,10052
105367,10053
105373,10054
105379,10055
105389,10056
105397,10057
105401,10058
105407,10059
105437,10060
105449,10061
105467,10062
105491,10063
105499,10064
105503,10065
105509,10066
105517,10067
105527,10068
105529,10069
105533,10070
105541,10071
105557,10072
105563,10073
105601,10074
105607,10075
105613,10076
105619,10077
105649,10078
105653,10079
105667,10080
105673,10081
105683,10082
105691,10083
105701,10084
105727,10085
105733,10086
105751,10087
105761,10088
105767,10089
105769,10090
105817,10091
105829,10092
105863,10093
105871,10094
105883,10095
105899,10096
105907,10097
105913,10098
105929,10099
105943,10100
105953,10101
105967,10102
105971,10103
105977,10104
105983,10105
105997,10106
106013,10107
106019,10108
106031,10109
106033,10110
106087,10111
106103,10112
106109,10113
106121,10114
106123,10115
106129,10116
106163,10117
106181,10118
106187,10119
106189,10120
106207,10121
106213,10122
106217,10123
106219,10124
106243,10125
106261,10126
106273,10127
106277,10128
106279,10129
106291,10130
106297,10131
106303,10132
106307,10133
106319,10134
106321,10135
106331,10136
106349,10137
106357,10138
106363,10139
106367,10140
106373,10141
106391,10142
106397,10143
106411,10144
106417,10145
106427,10146
106433,10147
106441,10148
106451,10149
106453,10150
106487,10151
106501,10152
106531,10153
106537,10154
106541,10155
106543,10156
106591,10157
106619,10158
106621,10159
106627,10160
106637,10161
106649,10162
106657,10163
106661,10164
106663,10165
106669,10166
106681,10167
106693,10168
106699,10169
106703,10170
106721,10171
106727,10172
106739,10173
106747,10174
106751,10175
106753,10176
106759,10177
106781,10178
106783,10179
106787,10180
106801,10181
106823,10182
106853,10183
106859,10184
106861,10185
106867,10186
106871,10187
106877,10188
106903,10189
106907,10190
106921,10191
106937,10192
106949,10193
106957,10194
106961,10195
106963,10196
106979,10197
106993,10198
107021,10199
107033,10200
107053,10201
107057,10202
107069,10203
107071,10204
107077,10205
107089,10206
107099,10207
107101,10208
107119,10209
107123,10210
107137,10211
107171,10212
107183,10213
107197,10214
107201,10215
107209,10216
107227,10217
107243,10218
107251,10219
107269,10220
107273,10221
107279,10222
107309,10223
107323,10224
107339,10225
107347,10226
107351,10227
107357,10228
107377,10229
107441,10230
107449,10231
107453,10232
107467,10233
107473,10234
107507,10235
107509,10236
107563,10237
107581,10238
107599,10239
107603,10240
107609,10241
107621,10242
107641,10243
107647,10244
107671,10245
107687,10246
107693,10247
107699,10248
107713,10249
107717,10250
107719,10251
107741,10252
107747,10253
107761,10254
107773,10255
107777,10256
107791,10257
107827,10258
107837,10259
107839,10260
107843,10261
107857,10262
107867,10263
107873,10264
107881,10265
107897,10266
107903,10267
107923,10268
107927,10269
107941,10270
107951,10271
107971,10272
107981,10273
107999,10274
108007,10275
108011,10276
108013,10277
108023,10278
108037,10279
108041,10280
108061,10281
108079,10282
108089,10283
108107,10284
108109,10285
108127,10286
108131,10287
108139,10288
108161,10289
108179,10290
108187,10291
108191,10292
108193,10293
108203,10294
108211,10295
108217,10296
108223,10297
108233,10298
108247,10299
108263,10300
108271,10301
108287,10302
108289,10303
108293,10304
108301,10305
108343,10306
108347,10307
108359,10308
108377,10309
108379,10310
108401,10311
108413,10312
108421,10313
108439,10314
108457,10315
108461,10316
108463,10317
108497,10318
108499,10319
108503,10320
108517,10321
108529,10322
108533,10323
108541,10324
108553,10325
108557,10326
108571,10327
108587,10328
108631,10329
108637,10330
108643,10331
108649,10332
108677,10333
108707,10334
108709,10335
108727,10336
108739,10337
108751,10338
108761,10339
108769,10340
108791,10341
108793,10342
108799,10343
108803,10344
108821,10345
108827,10346
108863,10347
108869,10348
108877,10349
108881,10350
108883,10351
108887,10352
108893,10353
108907,10354
108917,10355
108923,10356
108929,10357
108943,10358
108947,10359
108949,10360
108959,10361
108961,10362
108967,10363
108971,10364
108991,10365
109001,10366
109013,10367
109037,10368
109049,10369
109063,10370
109073,10371
109097,10372
109103,10373
109111,10374
109121,10375
109133,10376
109139,10377
109141,10378
109147,10379
109159,10380
109169,10381
109171,10382
109199,10383
109201,10384
109211,10385
109229,10386
109253,10387
109267,10388
109279,10389
109297,10390
109303,10391
109313,10392
109321,10393
109331,10394
109357,10395
109363,10396
109367,10397
109379,10398
109387,10399
109391,10400
109397,10401
109423,10402
109433,10403
109441,10404
109451,10405
109453,10406
109469,10407
109471,10408
109481,10409
109507,10410
109517,10411
109519,10412
109537,10413
109541,10414
109547,10415
109567,10416
109579,10417
109583,10418
109589,10419
109597,10420
109609,10421
109619,10422
109621,10423
109639,10424
109661,10425
109663,10426
109673,10427
109717,10428
109721,10429
109741,10430
109751,10431
109789,10432
109793,10433
109807,10434
109819,10435
109829,10436
109831,10437
109841,10438
109843,10439
109847,10440
109849,10441
109859,10442
109873,10443
109883,10444
109891,10445
109897,10446
109903,10447
109913,10448
109919,10449
109937,10450
109943,10451
109961,10452
109987,10453
110017,10454
110023,10455
110039,10456
110051,10457
110059,10458
110063,10459
110069,10460
110083,10461
110119,10462
110129,10463
110161,10464
110183,10465
110221,10466
110233,10467
110237,10468
110251,10469
110261,10470
110269,10471
110273,10472
110281,10473
110291,10474
110311,10475
110321,10476
110323,10477
110339,10478
110359,10479
110419,10480
110431,10481
110437,10482
110441,10483
110459,10484
110477,10485
110479,10486
110491,10487
110501,10488
110503,10489
110527,10490
110533,10491
110543,10492
110557,10493
110563,10494
110567,10495
110569,10496
110573,10497
110581,10498
110587,10499
110597,10500
110603,10501
110609,10502
110623,10503
110629,10504
110641,10505
110647,10506
110651,10507
110681,10508
110711,10509
110729,10510
110731,10511
110749,10512
110753,10513
110771,10514
110777,10515
110807,10516
110813,10517
110819,10518
110821,10519
110849,10520
110863,10521
110879,10522
110881,10523
110899,10524
110909,10525
110917,10526
110921,10527
110923,10528
110927,10529
110933,10530
110939,10531
110947,10532
110951,10533
110969,10534
110977,10535
110989,10536
111029,10537
111031,10538
111043,10539
111049,10540
111053,10541
111091,10542
111103,10543
111109,10544
111119,10545
111121,10546
111127,10547
111143,10548
111149,10549
111187,10550
111191,10551
111211,10552
111217,10553
111227,10554
111229,10555
111253,10556
111263,10557
111269,10558
111271,10559
111301,10560
111317,10561
111323,10562
111337,10563
111341,10564
111347,10565
111373,10566
111409,10567
111427,10568
111431,10569
111439,10570
111443,10571
111467,10572
111487,10573
111491,10574
111493,10575
111497,10576
111509,10577
111521,10578
111533,10579
111539,10580
111577,10581
111581,10582
111593,10583
111599,10584
111611,10585
111623,10586
111637,10587
111641,10588
111653,10589
111659,10590
111667,10591
111697,10592
111721,10593
111731,10594
111733,10595
111751,10596
111767,10597
111773,10598
111779,10599
111781,10600
111791,10601
111799,10602
111821,10603
111827,10604
111829,10605
111833,10606
111847,10607
111857,10608
111863,10609
111869,10610
111871,10611
111893,10612
111913,10613
111919,10614
111949,10615
111953,10616
111959,10617
111973,10618
111977,10619
111997,10620
112019,10621
112031,10622
112061,10623
112067,10624
112069,10625
112087,10626
112097,10627
112103,10628
112111,10629
112121,10630
112129,10631
112139,10632
112153,10633
112163,10634
112181,10635
112199,10636
112207,10637
112213,10638
112223,10639
112237,10640
112241,10641
112247,10642
112249,10643
112253,10644
112261,10645
112279,10646
112289,10647
112291,10648
112297,10649
112303,10650
112327,10651
112331,10652
112337,10653
112339,10654
112349,10655
112361,10656
112363,10657
112397,10658
112403,10659
112429,10660
112459,10661
112481,10662
112501,10663
112507,10664
112543,10665
112559,10666
112571,10667
112573,10668
112577,10669
112583,10670
112589,10671
112601,10672
112603,10673
112621,10674
112643,10675
112657,10676
112663,10677
112687,10678
112691,10679
112741,10680
112757,10681
112759,10682
112771,10683
112787,10684
112799,10685
112807,10686
112831,10687
112843,10688
112859,10689
112877,10690
112901,10691
112909,10692
112913,10693
112919,10694
112921,10695
112927,10696
112939,10697
112951,10698
112967,10699
112979,10700
112997,10701
113011,10702
113017,10703
113021,10704
113023,10705
113027,10706
113039,10707
113041,10708
113051,10709
113063,10710
113081,10711
113083,10712
113089,10713
113093,10714
113111,10715
113117,10716
113123,10717
113131,10718
113143,10719
113147,10720
113149,10721
113153,10722
113159,10723
113161,10724
113167,10725
113171,10726
113173,10727
113177,10728
113189,10729
113209,10730
113213,10731
113227,10732
113233,10733
113279,10734
113287,10735
113327,10736
113329,10737
113341,10738
113357,10739
113359,10740
113363,10741
113371,10742
113381,10743
113383,10744
113417,10745
113437,10746
113453,10747
113467,10748
113489,10749
113497,10750
113501,10751
113513,10752
113537,10753
113539,10754
113557,10755
113567,10756
113591,10757
113621,10758
113623,10759
113647,10760
113657,10761
113683,10762
113717,10763
113719,10764
113723,10765
113731,10766
113749,10767
113759,10768
113761,10769
113777,10770
113779,10771
113783,10772
113797,10773
113809,10774
113819,10775
113837,10776
113843,10777
113891,10778
113899,10779
113903,10780
113909,10781
113921,10782
113933,10783
113947,10784
113957,10785
113963,10786
113969,10787
113983,10788
113989,10789
114001,10790
114013,10791
114031,10792
114041,10793
114043,10794
114067,10795
114073,10796
114077,10797
114083,10798
114089,10799
114113,10800
114143,10801
114157,10802
114161,10803
114167,10804
114193,10805
114197,10806
114199,10807
114203,10808
114217,10809
114221,10810
114229,10811
114259,10812
114269,10813
114277,10814
114281,10815
114299,10816
114311,10817
114319,10818
114329,10819
114343,10820
114371,10821
114377,10822
114407,10823
114419,10824
114451,10825
114467,10826
114473,10827
114479,10828
114487,10829
114493,10830
114547,10831
114553,10832
114571,10833
114577,10834
114593,10835
114599,10836
114601,10837
114613,10838
114617,10839
114641,10840
114643,10841
114649,10842
114659,10843
114661,10844
114671,10845
114679,10846
114689,10847
114691,10848
114713,10849
114743,10850
114749,10851
114757,10852
114761,10853
114769,10854
114773,10855
114781,10856
114797,10857
114799,10858
114809,10859
114827,10860
114833,10861
114847,10862
114859,10863
114883,10864
114889,10865
114901,10866
114913,10867
114941,10868
114967,10869
114973,10870
114997,10871
115001,10872
115013,10873
115019,10874
115021,10875
115057,10876
115061,10877
115067,10878
115079,10879
115099,10880
115117,10881
115123,10882
115127,10883
115133,10884
115151,10885
115153,10886
115163,10887
115183,10888
115201,10889
115211,10890
115223,10891
115237,10892
115249,10893
115259,10894
115279,10895
115301,10896
115303,10897
115309,10898
115319,10899
115321,10900
115327,10901
115331,10902
115337,10903
115343,10904
115361,10905
115363,10906
115399,10907
115421,10908
115429,10909
115459,10910
115469,10911
115471,10912
115499,10913
115513,10914
115523,10915
115547,10916
115553,10917
115561,10918
115571,10919
115589,10920
115597,10921
115601,10922
115603,10923
115613,10924
115631,10925
115637,10926
115657,10927
115663,10928
115679,10929
115693,10930
115727,10931
115733,10932
115741,10933
115751,10934
115757,10935
115763,10936
115769,10937
115771,10938
115777,10939
115781,10940
115783,10941
115793,10942
115807,10943
115811,10944
115823,10945
115831,10946
115837,10947
115849,10948
115853,10949
115859,10950
115861,10951
115873,10952
115877,10953
115879,10954
115883,10955
115891,10956
115901,10957
115903,10958
115931,10959
115933,10960
115963,10961
115979,10962
115981,10963
115987,10964
116009,10965
116027,10966
116041,10967
116047,10968
116089,10969
116099,10970
116101,10971
116107,10972
116113,10973
116131,10974
116141,10975
116159,10976
116167,10977
116177,10978
116189,10979
116191,10980
116201,10981
116239,10982
116243,10983
116257,10984
116269,10985
116273,10986
116279,10987
116293,10988
116329,10989
116341,10990
116351,10991
116359,10992
116371,10993
116381,10994
116387,10995
116411,10996
116423,10997
116437,10998
116443,10999
116447,11000
116461,11001
116471,11002
116483,11003
116491,11004
116507,11005
116531,11006
116533,11007
116537,11008
116539,11009
116549,11010
116579,11011
116593,11012
116639,11013
116657,11014
116663,11015
116681,11016
116687,11017
116689,11018
116707,11019
116719,11020
116731,11021
116741,11022
116747,11023
116789,11024
116791,11025
116797,11026
116803,11027
116819,11028
116827,11029
116833,11030
116849,11031
116867,11032
116881,11033
116903,11034
116911,11035
116923,11036
116927,11037
116929,11038
116933,11039
116953,11040
116959,11041
116969,11042
116981,11043
116989,11044
116993,11045
117017,11046
117023,11047
117037,11048
117041,11049
117043,11050
117053,11051
117071,11052
117101,11053
117109,11054
117119,11055
117127,11056
117133,11057
117163,11058
117167,11059
117191,11060
117193,11061
117203,11062
117209,11063
117223,11064
117239,11065
117241,11066
117251,11067
117259,11068
117269,11069
117281,11070
117307,11071
117319,11072
117329,11073
117331,11074
117353,11075
117361,11076
117371,11077
117373,11078
117389,11079
117413,11080
117427,11081
117431,11082
117437,11083
117443,11084
117497,11085
117499,11086
117503,11087
117511,11088
117517,11089
117529,11090
117539,11091
117541,11092
117563,11093
117571,11094
117577,11095
117617,11096
117619,11097
117643,11098
117659,11099
117671,11100
117673,11101
117679,11102
117701,11103
117703,11104
117709,11105
117721,11106
117727,11107
117731,11108
117751,11109
117757,11110
117763,11111
117773,11112
117779,11113
117787,11114
117797,11115
117809,11116
117811,11117
117833,11118
117839,11119
117841,11120
117851,11121
117877,11122
117881,11123
117883,11124
117889,11125
117899,11126
117911,11127
117917,11128
117937,11129
117959,11130
117973,11131
117977,11132
117979,11133
117989,11134
117991,11135
118033,11136
118037,11137
118043,11138
118051,11139
118057,11140
118061,11141
118081,11142
118093,11143
118127,11144
118147,11145
118163,11146
118169,11147
118171,11148
118189,11149
118211,11150
118213,11151
118219,11152
118247,11153
118249,11154
118253,11155
118259,11156
118273,11157
118277,11158
118297,11159
118343,11160
118361,11161
118369,11162
118373,11163
118387,11164
118399,11165
118409,11166
118411,11167
118423,11168
118429,11169
118453,11170
118457,11171
118463,11172
118471,11173
118493,11174
118529,11175
118543,11176
118549,11177
118571,11178
118583,11179
118589,11180
118603,11181
118619,11182
118621,11183
118633,11184
118661,11185
118669,11186
118673,11187
118681,11188
118687,11189
118691,11190
118709,11191
118717,11192
118739,11193
118747,11194
118751,11195
118757,11196
118787,11197
118799,11198
118801,11199
118819,11200
118831,11201
118843,11202
118861,11203
118873,11204
118891,11205
118897,11206
118901,11207
118903,11208
118907,11209
118913,11210
118927,11211
118931,11212
118967,11213
118973,11214
119027,11215
119033,11216
119039,11217
119047,11218
119057,11219
119069,11220
119083,11221
119087,11222
119089,11223
119099,11224
119101,11225
119107,11226
119129,11227
119131,11228
119159,11229
119173,11230
119179,11231
119183,11232
119191,11233
119227,11234
119233,11235
119237,11236
119243,11237
119267,11238
119291,11239
119293,11240
119297,11241
119299,11242
119311,11243
119321,11244
119359,11245
119363,11246
119389,11247
119417,11248
119419,11249
119429,11250
119447,11251
119489,11252
119503,11253
119513,11254
119533,11255
119549,11256
119551,11257
119557,11258
119563,11259
119569,11260
119591,11261
119611,11262
119617,11263
119627,11264
119633,11265
119653,11266
119657,11267
119659,11268
119671,11269
119677,11270
119687,11271
119689,11272
119699,11273
119701,11274
119723,11275
119737,11276
119747,11277
119759,11278
119771,11279
119773,11280
119783,11281
119797,11282
119809,11283
119813,11284
119827,11285
119831,11286
119839,11287
119849,11288
119851,11289
119869,11290
119881,11291
119891,11292
119921,11293
119923,11294
119929,11295
119953,11296
119963,11297
119971,11298
119981,11299
119983,11300
119993,11301
120011,11302
120017,11303
120041,11304
120047,11305
120049,11306
120067,11307
120077,11308
120079,11309
120091,11310
120097,11311
120103,11312
120121,11313
120157,11314
120163,11315
120167,11316
120181,11317
120193,11318
120199,11319
120209,11320
120223,11321
120233,11322
120247,11323
120277,11324
120283,11325
120293,11326
120299,11327
120319,11328
120331,11329
120349,11330
120371,11331
120383,11332
120391,11333
120397,11334
120401,11335
120413,11336
120427,11337
120431,11338
120473,11339
120503,11340
120511,11341
120539,11342
120551,11343
120557,11344
120563,11345
120569,11346
120577,11347
120587,11348
120607,11349
120619,11350
120623,11351
120641,11352
120647,11353
120661,11354
120671,11355
120677,11356
120689,11357
120691,11358
120709,11359
120713,11360
120721,11361
120737,11362
120739,11363
120749,11364
120763,11365
120767,11366
120779,11367
120811,11368
120817,11369
120823,11370
120829,11371
120833,11372
120847,11373
120851,11374
120863,11375
120871,11376
120877,11377
120889,11378
120899,11379
120907,11380
120917,11381
120919,11382
120929,11383
120937,11384
120941,11385
120943,11386
120947,11387
120977,11388
120997,11389
121001,11390
121007,11391
121013,11392
121019,11393
121021,11394
121039,11395
121061,11396
121063,11397
121067,11398
121081,11399
121123,11400
121139,11401
121151,11402
121157,11403
121169,11404
121171,11405
121181,11406
121189,11407
121229,11408
121259,11409
121267,11410
121271,11411
121283,11412
121291,11413
121309,11414
121313,11415
121321,11416
121327,11417
121333,11418
121343,11419
121349,11420
121351,11421
121357,11422
121367,11423
121369,11424
121379,11425
121403,11426
121421,11427
121439,11428
121441,11429
121447,11430
121453,11431
121469,11432
121487,11433
121493,11434
121501,11435
121507,11436
121523,11437
121531,11438
121547,11439
121553,11440
121559,11441
121571,11442
121577,11443
121579,11444
121591,11445
121607,11446
121609,11447
121621,11448
121631,11449
121633,11450
121637,11451
121661,11452
121687,11453
121697,11454
121711,11455
121721,11456
121727,11457
121763,11458
121787,11459
121789,11460
121843,11461
121853,11462
121867,11463
121883,11464
121889,11465
121909,11466
121921,11467
121931,11468
121937,11469
121949,11470
121951,11471
121963,11472
121967,11473
121993,11474
121997,11475
122011,11476
122021,11477
122027,11478
122029,11479
122033,11480
122039,11481
122041,11482
122051,11483
122053,11484
122069,11485
122081,11486
122099,11487
122117,11488
122131,11489
122147,11490
122149,11491
122167,11492
122173,11493
122201,11494
122203,11495
122207,11496
122209,11497
122219,11498
122231,11499
122251,11500
122263,11501
122267,11502
122273,11503
122279,11504
122299,11505
122321,11506
122323,11507
122327,11508
122347,11509
122363,11510
122387,11511
122389,11512
122393,11513
122399,11514
122401,11515
122443,11516
122449,11517
122453,11518
122471,11519
122477,11520
122489,11521
122497,11522
122501,11523
122503,11524
122509,11525
122527,11526
122533,11527
122557,11528
122561,11529
122579,11530
122597,11531
122599,11532
122609,11533
122611,11534
122651,11535
122653,11536
122663,11537
122693,11538
122701,11539
122719,11540
122741,11541
122743,11542
122753,11543
122761,11544
122777,11545
122789,11546
122819,11547
122827,11548
122833,11549
122839,11550
122849,11551
122861,11552
122867,11553
122869,11554
122887,11555
122891,11556
122921,11557
122929,11558
122939,11559
122953,11560
122957,11561
122963,11562
122971,11563
123001,11564
123007,11565
123017,11566
123031,11567
123049,11568
123059,11569
123077,11570
123083,11571
123091,11572
123113,11573
123121,11574
123127,11575
123143,11576
123169,11577
123191,11578
123203,11579
123209,11580
123217,11581
123229,11582
123239,11583
123259,11584
123269,11585
123289,11586
123307,11587
123311,11588
123323,11589
123341,11590
123373,11591
123377,11592
123379,11593
123397,11594
123401,11595
123407,11596
123419,11597
123427,11598
123433,11599
123439,11600
123449,11601
123457,11602
123479,11603
123491,11604
123493,11605
123499,11606
123503,11607
123517,11608
123527,11609
123547,11610
123551,11611
123553,11612
123581,11613
123583,11614
123593,11615
123601,11616
123619,11617
123631,11618
123637,11619
123653,11620
123661,11621
123667,11622
123677,11623
123701,11624
123707,11625
123719,11626
123727,11627
123731,11628
123733,11629
123737,11630
123757,11631
123787,11632
123791,11633
123803,11634
123817,11635
123821,11636
123829,11637
123833,11638
123853,11639
123863,11640
123887,11641
123911,11642
123923,11643
123931,11644
123941,11645
123953,11646
123973,11647
123979,11648
123983,11649
123989,11650
123997,11651
124001,11652
124021,11653
124067,11654
124087,11655
124097,11656
124121,11657
124123,11658
124133,11659
124139,11660
124147,11661
124153,11662
124171,11663
124181,11664
124183,11665
124193,11666
124199,11667
124213,11668
124231,11669
124247,11670
124249,11671
124277,11672
124291,11673
124297,11674
124301,11675
124303,11676
124309,11677
124337,11678
124339,11679
124343,11680
124349,11681
124351,11682
124363,11683
124367,11684
124427,11685
124429,11686
124433,11687
124447,11688
124459,11689
124471,11690
124477,11691
124489,11692
124493,11693
124513,11694
124529,11695
124541,11696
124543,11697
124561,11698
124567,11699
124577,11700
124601,11701
124633,11702
124643,11703
124669,11704
124673,11705
124679,11706
124693,11707
124699,11708
124703,11709
124717,11710
124721,11711
124739,11712
124753,11713
124759,11714
124769,11715
124771,11716
124777,11717
124781,11718
124783,11719
124793,11720
124799,11721
124819,11722
124823,11723
124847,11724
124853,11725
124897,11726
124907,11727
124909,11728
124919,11729
124951,11730
124979,11731
124981,11732
124987,11733
124991,11734
125003,11735
125017,11736
125029,11737
125053,11738
125063,11739
125093,11740
125101,11741
125107,11742
125113,11743
125117,11744
125119,11745
125131,11746
125141,11747
125149,11748
125183,11749
125197,11750
125201,11751
125207,11752
125219,11753
125221,11754
125231,11755
125243,11756
125261,11757
125269,11758
125287,11759
125299,11760
125303,11761
125311,11762
125329,11763
125339,11764
125353,11765
125371,11766
125383,11767
125387,11768
125399,11769
125407,11770
125423,11771
125429,11772
125441,11773
125453,11774
125471,11775
125497,11776
125507,11777
125509,11778
125527,11779
125539,11780
125551,11781
125591,11782
125597,11783
125617,11784
125621,11785
125627,11786
125639,11787
125641,11788
125651,11789
125659,11790
125669,11791
125683,11792
125687,11793
125693,11794
125707,11795
125711,11796
125717,11797
125731,11798
125737,11799
125743,11800
125753,11801
125777,11802
125789,11803
125791,11804
125803,11805
125813,11806
125821,11807
125863,11808
125887,11809
125897,11810
125899,11811
125921,11812
125927,11813
125929,11814
125933,11815
125941,11816
125959,11817
125963,11818
126001,11819
126011,11820
126013,11821
126019,11822
126023,11823
126031,11824
126037,11825
126041,11826
126047,11827
126067,11828
126079,11829
126097,11830
126107,11831
126127,11832
126131,11833
126143,11834
126151,11835
126173,11836
126199,11837
126211,11838
126223,11839
126227,11840
126229,11841
126233,11842
126241,11843
126257,11844
126271,11845
126307,11846
126311,11847
126317,11848
126323,11849
126337,11850
126341,11851
126349,11852
126359,11853
126397,11854
126421,11855
126433,11856
126443,11857
126457,11858
126461,11859
126473,11860
126481,11861
126487,11862
126491,11863
126493,11864
126499,11865
126517,11866
126541,11867
126547,11868
126551,11869
126583,11870
126601,11871
126611,11872
126613,11873
126631,11874
126641,11875
126653,11876
126683,11877
126691,11878
126703,11879
126713,11880
126719,11881
126733,11882
126739,11883
126743,11884
126751,11885
126757,11886
126761,11887
126781,11888
126823,11889
126827,11890
126839,11891
126851,11892
126857,11893
126859,11894
126913,11895
126923,11896
126943,11897
126949,11898
126961,11899
126967,11900
126989,11901
127031,11902
127033,11903
127037,11904
127051,11905
127079,11906
127081,11907
127103,11908
127123,11909
127133,11910
127139,11911
127157,11912
127163,11913
127189,11914
127207,11915
127217,11916
127219,11917
127241,11918
127247,11919
127249,11920
127261,11921
127271,11922
127277,11923
127289,11924
127291,11925
127297,11926
127301,11927
127321,11928
127331,11929
127343,11930
127363,11931
127373,11932
127399,11933
127403,11934
127423,11935
127447,11936
127453,11937
127481,11938
127487,11939
127493,11940
127507,11941
127529,11942
127541,11943
127549,11944
127579,11945
127583,11946
127591,11947
127597,11948
127601,11949
127607,11950
127609,11951
127637,11952
127643,11953
127649,11954
127657,11955
127663,11956
127669,11957
127679,11958
127681,11959
127691,11960
127703,11961
127709,11962
127711,11963
127717,11964
127727,11965
127733,11966
127739,11967
127747,11968
127763,11969
127781,11970
127807,11971
127817,11972
127819,11973
127837,11974
127843,11975
127849,11976
127859,11977
127867,11978
127873,11979
127877,11980
127913,11981
127921,11982
127931,11983
127951,11984
127973,11985
127979,11986
127997,11987
128021,11988
128033,11989
128047,11990
128053,11991
128099,11992
128111,11993
128113,11994
128119,11995
128147,11996
128153,11997
128159,11998
128173,11999
128189,12000
128201,12001
128203,12002
128213,12003
128221,12004
128237,12005
128239,12006
128257,12007
128273,12008
128287,12009
128291,12010
128311,12011
128321,12012
128327,12013
128339,12014
128341,12015
128347,12016
128351,12017
128377,12018
128389,12019
128393,12020
128399,12021
128411,12022
128413,12023
128431,12024
128437,12025
128449,12026
128461,12027
128467,12028
128473,12029
128477,12030
128483,12031
128489,12032
128509,12033
128519,12034
128521,12035
128549,12036
128551,12037
128563,12038
128591,12039
128599,12040
128603,12041
128621,12042
128629,12043
128657,12044
128659,12045
128663,12046
128669,12047
128677,12048
128683,12049
128693,12050
128717,12051
128747,12052
128749,12053
128761,12054
128767,12055
128813,12056
128819,12057
128831,12058
128833,12059
128837,12060
128857,12061
128861,12062
128873,12063
128879,12064
128903,12065
128923,12066
128939,12067
128941,12068
128951,12069
128959,12070
128969,12071
128971,12072
128981,12073
128983,12074
128987,12075
128993,12076
129001,12077
129011,12078
129023,12079
129037,12080
129049,12081
129061,12082
129083,12083
129089,12084
129097,12085
129113,12086
129119,12087
129121,12088
129127,12089
129169,12090
129187,12091
129193,12092
129197,12093
129209,12094
129221,12095
129223,12096
129229,12097
129263,12098
129277,12099
129281,12100
129287,12101
129289,12102
129293,12103
129313,12104
129341,12105
129347,12106
129361,12107
129379,12108
129401,12109
129403,12110
129419,12111
129439,12112
129443,12113
129449,12114
129457,12115
129461,12116
129469,12117
129491,12118
129497,12119
129499,12120
129509,12121
129517,12122
129527,12123
129529,12124
129533,12125
129539,12126
129553,12127
129581,12128
129587,12129
129589,12130
129593,12131
129607,12132
129629,12133
129631,12134
129641,12135
129643,12136
129671,12137
129707,12138
129719,12139
129733,12140
129737,12141
129749,12142
129757,12143
129763,12144
129769,12145
129793,12146
129803,12147
129841,12148
129853,12149
129887,12150
129893,12151
129901,12152
129917,12153
129919,12154
129937,12155
129953,12156
129959,12157
129967,12158
129971,12159
130003,12160
130021,12161
130027,12162
130043,12163
130051,12164
130057,12165
130069,12166
130073,12167
130079,12168
130087,12169
130099,12170
130121,12171
130127,12172
130147,12173
130171,12174
130183,12175
130199,12176
130201,12177
130211,12178
130223,12179
130241,12180
130253,12181
130259,12182
130261,12183
130267,12184
130279,12185
130303,12186
130307,12187
130337,12188
130343,12189
130349,12190
130363,12191
130367,12192
130369,12193
130379,12194
130399,12195
130409,12196
130411,12197
130423,12198
130439,12199
130447,12200
130457,12201
130469,12202
130477,12203
130483,12204
130489,12205
130513,12206
130517,12207
130523,12208
130531,12209
130547,12210
130553,12211
130579,12212
130589,12213
130619,12214
130621,12215
130631,12216
130633,12217
130639,12218
130643,12219
130649,12220
130651,12221
130657,12222
130681,12223
130687,12224
130693,12225
130699,12226
130729,12227
130769,12228
130783,12229
130787,12230
130807,12231
130811,12232
130817,12233
130829,12234
130841,12235
130843,12236
130859,12237
130873,12238
130927,12239
130957,12240
130969,12241
130973,12242
130981,12243
130987,12244
131009,12245
131011,12246
131023,12247
131041,12248
131059,12249
131063,12250
131071,12251
131101,12252
131111,12253
131113,12254
131129,12255
131143,12256
131149,12257
131171,12258
131203,12259
131213,12260
131221,12261
131231,12262
131249,12263
131251,12264
131267,12265
131293,12266
131297,12267
131303,12268
131311,12269
131317,12270
131321,12271
131357,12272
131363,12273
131371,12274
131381,12275
131413,12276
131431,12277
131437,12278
131441,12279
131447,12280
131449,12281
131477,12282
131479,12283
131489,12284
131497,12285
131501,12286
131507,12287
131519,12288
131543,12289
131561,12290
131581,12291
131591,12292
131611,12293
131617,12294
131627,12295
131639,12296
131641,12297
131671,12298
131687,12299
131701,12300
131707,12301
131711,12302
131713,12303
131731,12304
131743,12305
131749,12306
131759,12307
131771,12308
131777,12309
131779,12310
131783,12311
131797,12312
131837,12313
131839,12314
131849,12315
131861,12316
131891,12317
131893,12318
131899,12319
131909,12320
131927,12321
131933,12322
131939,12323
131941,12324
131947,12325
131959,12326
131969,12327
132001,12328
132019,12329
132047,12330
132049,12331
132059,12332
132071,12333
132103,12334
132109,12335
132113,12336
132137,12337
132151,12338
132157,12339
132169,12340
132173,12341
132199,12342
132229,12343
132233,12344
132241,12345
132247,12346
132257,12347
132263,12348
132283,12349
132287,12350
132299,12351
132313,12352
132329,12353
132331,12354
132347,12355
132361,12356
132367,12357
132371,12358
132383,12359
132403,12360
132409,12361
132421,12362
132437,12363
132439,12364
132469,12365
132491,12366
132499,12367
132511,12368
132523,12369
132527,12370
132529,12371
132533,12372
132541,12373
132547,12374
132589,12375
132607,12376
132611,12377
132619,12378
132623,12379
132631,12380
132637,12381
132647,12382
132661,12383
132667,12384
132679,12385
132689,12386
132697,12387
132701,12388
132707,12389
132709,12390
132721,12391
132739,12392
132749,12393
132751,12394
132757,12395
132761,12396
132763,12397
132817,12398
132833,12399
132851,12400
132857,12401
132859,12402
132863,12403
132887,12404
132893,12405
132911,12406
132929,12407
132947,12408
132949,12409
132953,12410
132961,12411
132967,12412
132971,12413
132989,12414
133013,12415
133033,12416
133039,12417
133051,12418
133069,12419
133073,12420
133087,12421
133097,12422
133103,12423
133109,12424
133117,12425
133121,12426
133153,12427
133157,12428
133169,12429
133183,12430
133187,12431
133201,12432
133213,12433
133241,12434
133253,12435
133261,12436
133271,12437
133277,12438
133279,12439
133283,12440
133303,12441
133319,12442
133321,12443
133327,12444
133337,12445
133349,12446
133351,12447
133379,12448
133387,12449
133391,12450
133403,12451
133417,12452
133439,12453
133447,12454
133451,12455
133481,12456
133493,12457
133499,12458
133519,12459
133541,12460
133543,12461
133559,12462
133571,12463
133583,12464
133597,12465
133631,12466
133633,12467
133649,12468
133657,12469
133669,12470
133673,12471
133691,12472
133697,12473
133709,12474
133711,12475
133717,12476
133723,12477
133733,12478
133769,12479
133781,12480
133801,12481
133811,12482
133813,12483
133831,12484
133843,12485
133853,12486
133873,12487
133877,12488
133919,12489
133949,12490
133963,12491
133967,12492
133979,12493
133981,12494
133993,12495
133999,12496
134033,12497
134039,12498
134047,12499
134053,12500
134059,12501
134077,12502
134081,12503
134087,12504
134089,12505
134093,12506
134129,12507
134153,12508
134161,12509
134171,12510
134177,12511
134191,12512
134207,12513
134213,12514
134219,12515
134227,12516
134243,12517
134257,12518
134263,12519
134269,12520
134287,12521
134291,12522
134293,12523
134327,12524
134333,12525
134339,12526
134341,12527
134353,12528
134359,12529
134363,12530
134369,12531
134371,12532
134399,12533
134401,12534
134417,12535
134437,12536
134443,12537
134471,12538
134489,12539
134503,12540
134507,12541
134513,12542
134581,12543
134587,12544
134591,12545
134593,12546
134597,12547
134609,12548
134639,12549
134669,12550
134677,12551
134681,12552
134683,12553
134699,12554
134707,12555
134731,12556
134741,12557
134753,12558
134777,12559
134789,12560
134807,12561
134837,12562
134839,12563
134851,12564
134857,12565
134867,12566
134873,12567
134887,12568
134909,12569
134917,12570
134921,12571
134923,12572
134947,12573
134951,12574
134989,12575
134999,12576
135007,12577
135017,12578
135019,12579
135029,12580
135043,12581
135049,12582
135059,12583
135077,12584
135089,12585
135101,12586
135119,12587
135131,12588
135151,12589
135173,12590
135181,12591
135193,12592
135197,12593
135209,12594
135211,12595
135221,12596
135241,12597
135257,12598
135271,12599
135277,12600
135281,12601
135283,12602
135301,12603
135319,12604
135329,12605
135347,12606
135349,12607
135353,12608
135367,12609
135389,12610
135391,12611
135403,12612
135409,12613
135427,12614
135431,12615
135433,12616
135449,12617
135461,12618
135463,12619
135467,12620
135469,12621
135479,12622
135497,12623
135511,12624
135533,12625
135559,12626
135571,12627
135581,12628
135589,12629
135593,12630
135599,12631
135601,12632
135607,12633
135613,12634
135617,12635
135623,12636
135637,12637
135647,12638
135649,12639
135661,12640
135671,12641
135697,12642
135701,12643
135719,12644
135721,12645
135727,12646
135731,12647
135743,12648
135757,12649
135781,12650
135787,12651
135799,12652
135829,12653
135841,12654
135851,12655
135859,12656
135887,12657
135893,12658
135899,12659
135911,12660
135913,12661
135929,12662
135937,12663
135977,12664
135979,12665
136013,12666
136027,12667
136033,12668
136043,12669
136057,12670
136067,12671
136069,12672
136093,12673
136099,12674
136111,12675
136133,12676
136139,12677
136163,12678
136177,12679
136189,12680
136193,12681
136207,12682
136217,12683
136223,12684
136237,12685
136247,12686
136261,12687
136273,12688
136277,12689
136303,12690
136309,12691
136319,12692
136327,12693
136333,12694
136337,12695
136343,12696
136351,12697
136361,12698
136373,12699
136379,12700
136393,12701
136397,12702
136399,12703
136403,12704
136417,12705
136421,12706
136429,12707
136447,12708
136453,12709
136463,12710
136471,12711
136481,12712
136483,12713
136501,12714
136511,12715
136519,12716
136523,12717
136531,12718
136537,12719
136541,12720
136547,12721
136559,12722
136573,12723
136601,12724
136603,12725
136607,12726
136621,12727
136649,12728
136651,12729
136657,12730
136691,12731
136693,12732
136709,12733
136711,12734
136727,12735
136733,12736
136739,12737
136751,12738
136753,12739
136769,12740
136777,12741
136811,12742
136813,12743
136841,12744
136849,12745
136859,12746
136861,12747
136879,12748
136883,12749
136889,12750
136897,12751
136943,12752
136949,12753
136951,12754
136963,12755
136973,12756
136979,12757
136987,12758
136991,12759
136993,12760
136999,12761
137029,12762
137077,12763
137087,12764
137089,12765
137117,12766
137119,12767
137131,12768
137143,12769
137147,12770
137153,12771
137177,12772
137183,12773
137191,12774
137197,12775
137201,12776
137209,12777
137219,12778
137239,12779
137251,12780
137273,12781
137279,12782
137303,12783
137321,12784
137339,12785
137341,12786
137353,12787
137359,12788
137363,12789
137369,12790
137383,12791
137387,12792
137393,12793
137399,12794
137413,12795
137437,12796
137443,12797
137447,12798
137453,12799
137477,12800
137483,12801
137491,12802
137507,12803
137519,12804
137537,12805
137567,12806
137573,12807
137587,12808
137593,12809
137597,12810
137623,12811
137633,12812
137639,12813
137653,12814
137659,12815
137699,12816
137707,12817
137713,12818
137723,12819
137737,12820
137743,12821
137771,12822
137777,12823
137791,12824
137803,12825
137827,12826
137831,12827
137849,12828
137867,12829
137869,12830
137873,12831
137909,12832
137911,12833
137927,12834
137933,12835
137941,12836
137947,12837
137957,12838
137983,12839
137993,12840
137999,12841
138007,12842
138041,12843
138053,12844
138059,12845
138071,12846
138077,12847
138079,12848
138101,12849
138107,12850
138113,12851
138139,12852
138143,12853
138157,12854
138163,12855
138179,12856
138181,12857
138191,12858
138197,12859
138209,12860
138239,12861
138241,12862
138247,12863
138251,12864
138283,12865
138289,12866
138311,12867
138319,12868
138323,12869
138337,12870
138349,12871
138371,12872
138373,12873
138389,12874
138401,12875
138403,12876
138407,12877
138427,12878
138433,12879
138449,12880
138451,12881
138461,12882
138469,12883
138493,12884
138497,12885
138511,12886
138517,12887
138547,12888
138559,12889
138563,12890
138569,12891
138571,12892
138577,12893
138581,12894
138587,12895
138599,12896
138617,12897
138629,12898
138637,12899
138641,12900
138647,12901
138661,12902
138679,12903
138683,12904
138727,12905
138731,12906
138739,12907
138763,12908
138793,12909
138797,12910
138799,12911
138821,12912
138829,12913
138841,12914
138863,12915
138869,12916
138883,12917
138889,12918
138893,12919
138899,12920
138917,12921
138923,12922
138937,12923
138959,12924
138967,12925
138977,12926
139021,12927
139033,12928
139067,12929
139079,12930
139091,12931
139109,12932
139121,12933
139123,12934
139133,12935
139169,12936
139177,12937
139187,12938
139199,12939
139201,12940
139241,12941
139267,12942
139273,12943
139291,12944
139297,12945
139301,12946
139303,12947
139309,12948
139313,12949
139333,12950
139339,12951
139343,12952
139361,12953
139367,12954
139369,12955
139387,12956
139393,12957
139397,12958
139409,12959
139423,12960
139429,12961
139439,12962
139457,12963
139459,12964
139483,12965
139487,12966
139493,12967
139501,12968
139511,12969
139537,12970
139547,12971
139571,12972
139589,12973
139591,12974
139597,12975
139609,12976
139619,12977
139627,12978
139661,12979
139663,12980
139681,12981
139697,12982
139703,12983
139709,12984
139721,12985
139729,12986
139739,12987
139747,12988
139753,12989
139759,12990
139787,12991
139801,12992
139813,12993
139831,12994
139837,12995
139861,12996
139871,12997
139883,12998
139891,12999
139901,13000
139907,13001
139921,13002
139939,13003
139943,13004
139967,13005
139969,13006
139981,13007
139987,13008
139991,13009
139999,13010
140009,13011
140053,13012
140057,13013
140069,13014
140071,13015
140111,13016
140123,13017
140143,13018
140159,13019
140167,13020
140171,13021
140177,13022
140191,13023
140197,13024
140207,13025
140221,13026
140227,13027
140237,13028
140249,13029
140263,13030
140269,13031
140281,13032
140297,13033
140317,13034
140321,13035
140333,13036
140339,13037
140351,13038
140363,13039
140381,13040
140401,13041
140407,13042
140411,13043
140417,13044
140419,13045
140423,13046
140443,13047
140449,13048
140453,13049
140473,13050
140477,13051
140521,13052
140527,13053
140533,13054
140549,13055
140551,13056
140557,13057
140587,13058
140593,13059
140603,13060
140611,13061
140617,13062
140627,13063
140629,13064
140639,13065
140659,13066
140663,13067
140677,13068
140681,13069
140683,13070
140689,13071
140717,13072
140729,13073
140731,13074
140741,13075
140759,13076
140761,13077
140773,13078
140779,13079
140797,13080
140813,13081
140827,13082
140831,13083
140837,13084
140839,13085
140863,13086
140867,13087
140869,13088
140891,13089
140893,13090
140897,13091
140909,13092
140929,13093
140939,13094
140977,13095
140983,13096
140989,13097
141023,13098
141041,13099
141061,13100
141067,13101
141073,13102
141079,13103
141101,13104
141107,13105
141121,13106
141131,13107
141157,13108
141161,13109
141179,13110
141181,13111
141199,13112
141209,13113
141221,13114
141223,13115
141233,13116
141241,13117
141257,13118
141263,13119
141269,13120
141277,13121
141283,13122
141301,13123
141307,13124
141311,13125
141319,13126
141353,13127
141359,13128
141371,13129
141397,13130
141403,13131
141413,13132
141439,13133
141443,13134
141461,13135
141481,13136
141497,13137
141499,13138
141509,13139
141511,13140
141529,13141
141539,13142
141551,13143
141587,13144
141601,13145
141613,13146
141619,13147
141623,13148
141629,13149
141637,13150
141649,13151
141653,13152
141667,13153
141671,13154
141677,13155
141679,13156
141689,13157
141697,13158
141707,13159
141709,13160
141719,13161
141731,13162
141761,13163
141767,13164
141769,13165
141773,13166
141793,13167
141803,13168
141811,13169
141829,13170
141833,13171
141851,13172
141853,13173
141863,13174
141871,13175
141907,13176
141917,13177
141931,13178
141937,13179
141941,13180
141959,13181
141961,13182
141971,13183
141991,13184
142007,13185
142019,13186
142031,13187
142039,13188
142049,13189
142057,13190
142061,13191
142067,13192
142097,13193
142099,13194
142111,13195
142123,13196
142151,13197
142157,13198
142159,13199
142169,13200
142183,13201
142189,13202
142193,13203
142211,13204
142217,13205
142223,13206
142231,13207
142237,13208
142271,13209
142297,13210
142319,13211
142327,13212
142357,13213
142369,13214
142381,13215
142391,13216
142403,13217
142421,13218
142427,13219
142433,13220
142453,13221
142469,13222
142501,13223
142529,13224
142537,13225
142543,13226
142547,13227
142553,13228
142559,13229
142567,13230
142573,13231
142589,13232
142591,13233
142601,13234
142607,13235
142609,13236
142619,13237
142657,13238
142673,13239
142697,13240
142699,13241
142711,13242
142733,13243
142757,13244
142759,13245
142771,13246
142787,13247
142789,13248
142799,13249
142811,13250
142837,13251
142841,13252
142867,13253
142871,13254
142873,13255
142897,13256
142903,13257
142907,13258
142939,13259
142949,13260
142963,13261
142969,13262
142973,13263
142979,13264
142981,13265
142993,13266
143053,13267
143063,13268
143093,13269
143107,13270
143111,13271
143113,13272
143137,13273
143141,13274
143159,13275
143177,13276
143197,13277
143239,13278
143243,13279
143249,13280
143257,13281
143261,13282
143263,13283
143281,13284
143287,13285
143291,13286
143329,13287
143333,13288
143357,13289
143387,13290
143401,13291
143413,13292
143419,13293
143443,13294
143461,13295
143467,13296
143477,13297
143483,13298
143489,13299
143501,13300
143503,13301
143509,13302
143513,13303
143519,13304
143527,13305
143537,13306
143551,13307
143567,13308
143569,13309
143573,13310
143593,13311
143609,13312
143617,13313
143629,13314
143651,13315
143653,13316
143669,13317
143677,13318
143687,13319
143699,13320
143711,13321
143719,13322
143729,13323
143743,13324
143779,13325
143791,13326
143797,13327
143807,13328
143813,13329
143821,13330
143827,13331
143831,13332
143833,13333
143873,13334
143879,13335
143881,13336
143909,13337
143947,13338
143953,13339
143971,13340
143977,13341
143981,13342
143999,13343
144013,13344
144031,13345
144037,13346
144061,13347
144071,13348
144073,13349
144103,13350
144139,13351
144161,13352
144163,13353
144167,13354
144169,13355
144173,13356
144203,13357
144223,13358
144241,13359
144247,13360
144253,13361
144259,13362
144271,13363
144289,13364
144299,13365
144307,13366
144311,13367
144323,13368
144341,13369
144349,13370
144379,13371
144383,13372
144407,13373
144409,13374
144413,13375
144427,13376
144439,13377
144451,13378
144461,13379
144479,13380
144481,13381
144497,13382
144511,13383
144539,13384
144541,13385
144563,13386
144569,13387
144577,13388
144583,13389
144589,13390
144593,13391
144611,13392
144629,13393
144659,13394
144667,13395
144671,13396
144701,13397
144709,13398
144719,13399
144731,13400
144737,13401
144751,13402
144757,13403
144763,13404
144773,13405
144779,13406
144791,13407
144817,13408
144829,13409
144839,13410
144847,13411
144883,13412
144887,13413
144889,13414
144899,13415
144917,13416
144931,13417
144941,13418
144961,13419
144967,13420
144973,13421
144983,13422
145007,13423
145009,13424
145021,13425
145031,13426
145037,13427
145043,13428
145063,13429
145069,13430
145091,13431
145109,13432
145121,13433
145133,13434
145139,13435
145177,13436
145193,13437
145207,13438
145213,13439
145219,13440
145253,13441
145259,13442
145267,13443
145283,13444
145289,13445
145303,13446
145307,13447
145349,13448
145361,13449
145381,13450
145391,13451
145399,13452
145417,13453
145423,13454
145433,13455
145441,13456
145451,13457
145459,13458
145463,13459
145471,13460
145477,13461
145487,13462
145501,13463
145511,13464
145513,13465
145517,13466
145531,13467
145543,13468
145547,13469
145549,13470
145577,13471
145589,13472
145601,13473
145603,13474
145633,13475
145637,13476
145643,13477
145661,13478
145679,13479
145681,13480
145687,13481
145703,13482
145709,13483
145721,13484
145723,13485
145753,13486
145757,13487
145759,13488
145771,13489
145777,13490
145799,13491
145807,13492
145819,13493
145823,13494
145829,13495
145861,13496
145879,13497
145897,13498
145903,13499
145931,13500
145933,13501
145949,13502
145963,13503
145967,13504
145969,13505
145987,13506
145991,13507
146009,13508
146011,13509
146021,13510
146023,13511
146033,13512
146051,13513
146057,13514
146059,13515
146063,13516
146077,13517
146093,13518
146099,13519
146117,13520
146141,13521
146161,13522
146173,13523
146191,13524
146197,13525
146203,13526
146213,13527
146221,13528
146239,13529
146249,13530
146273,13531
146291,13532
146297,13533
146299,13534
146309,13535
146317,13536
146323,13537
146347,13538
146359,13539
146369,13540
146381,13541
146383,13542
146389,13543
146407,13544
146417,13545
146423,13546
146437,13547
146449,13548
146477,13549
146513,13550
146519,13551
146521,13552
146527,13553
146539,13554
146543,13555
146563,13556
146581,13557
146603,13558
146609,13559
146617,13560
146639,13561
146647,13562
146669,13563
146677,13564
146681,13565
146683,13566
146701,13567
146719,13568
146743,13569
146749,13570
146767,13571
146777,13572
146801,13573
146807,13574
146819,13575
146833,13576
146837,13577
146843,13578
146849,13579
146857,13580
146891,13581
146893,13582
146917,13583
146921,13584
146933,13585
146941,13586
146953,13587
146977,13588
146983,13589
146987,13590
146989,13591
147011,13592
147029,13593
147031,13594
147047,13595
147073,13596
147083,13597
147089,13598
147097,13599
147107,13600
147137,13601
147139,13602
147151,13603
147163,13604
147179,13605
147197,13606
147209,13607
147211,13608
147221,13609
147227,13610
147229,13611
147253,13612
147263,13613
147283,13614
147289,13615
147293,13616
147299,13617
147311,13618
147319,13619
147331,13620
147341,13621
147347,13622
147353,13623
147377,13624
147391,13625
147397,13626
147401,13627
147409,13628
147419,13629
147449,13630
147451,13631
147457,13632
147481,13633
147487,13634
147503,13635
147517,13636
147541,13637
147547,13638
147551,13639
147557,13640
147571,13641
147583,13642
147607,13643
147613,13644
147617,13645
147629,13646
147647,13647
147661,13648
147671,13649
147673,13650
147689,13651
147703,13652
147709,13653
147727,13654
147739,13655
147743,13656
147761,13657
147769,13658
147773,13659
147779,13660
147787,13661
147793,13662
147799,13663
147811,13664
147827,13665
147853,13666
147859,13667
147863,13668
147881,13669
147919,13670
147937,13671
147949,13672
147977,13673
147997,13674
148013,13675
148021,13676
148061,13677
148063,13678
148073,13679
148079,13680
148091,13681
148123,13682
148139,13683
148147,13684
148151,13685
148153,13686
148157,13687
148171,13688
148193,13689
148199,13690
148201,13691
148207,13692
148229,13693
148243,13694
148249,13695
148279,13696
148301,13697
148303,13698
148331,13699
148339,13700
148361,13701
148367,13702
148381,13703
148387,13704
148399,13705
148403,13706
148411,13707
148429,13708
148439,13709
148457,13710
148469,13711
148471,13712
148483,13713
148501,13714
148513,13715
148517,13716
148531,13717
148537,13718
148549,13719
148573,13720
148579,13721
148609,13722
148627,13723
148633,13724
148639,13725
148663,13726
148667,13727
148669,13728
148691,13729
148693,13730
148711,13731
148721,13732
148723,13733
148727,13734
148747,13735
148763,13736
148781,13737
148783,13738
148793,13739
148817,13740
148829,13741
148853,13742
148859,13743
148861,13744
148867,13745
148873,13746
148891,13747
148913,13748
148921,13749
148927,13750
148931,13751
148933,13752
148949,13753
148957,13754
148961,13755
148991,13756
148997,13757
149011,13758
149021,13759
149027,13760
149033,13761
149053,13762
149057,13763
149059,13764
149069,13765
149077,13766
149087,13767
149099,13768
149101,13769
149111,13770
149113,13771
149119,13772
149143,13773
149153,13774
149159,13775
149161,13776
149173,13777
149183,13778
149197,13779
149213,13780
149239,13781
149249,13782
149251,13783
149257,13784
149269,13785
149287,13786
149297,13787
149309,13788
149323,13789
149333,13790
149341,13791
149351,13792
149371,13793
149377,13794
149381,13795
149393,13796
149399,13797
149411,13798
149417,13799
149419,13800
149423,13801
149441,13802
149459,13803
149489,13804
149491,13805
149497,13806
149503,13807
149519,13808
149521,13809
149531,13810
149533,13811
149543,13812
149551,13813
149561,13814
149563,13815
149579,13816
149603,13817
149623,13818
149627,13819
149629,13820
149689,13821
149711,13822
149713,13823
149717,13824
149729,13825
149731,13826
149749,13827
149759,13828
149767,13829
149771,13830
149791,13831
149803,13832
149827,13833
149837,13834
149839,13835
149861,13836
149867,13837
149873,13838
149893,13839
149899,13840
149909,13841
149911,13842
149921,13843
149939,13844
149953,13845
149969,13846
149971,13847
149993,13848
150001,13849
150011,13850
150041,13851
150053,13852
150061,13853
150067,13854
150077,13855
150083,13856
150089,13857
150091,13858
150097,13859
150107,13860
150131,13861
150151,13862
150169,13863
150193,13864
150197,13865
150203,13866
150209,13867
150211,13868
150217,13869
150221,13870
150223,13871
150239,13872
150247,13873
150287,13874
150299,13875
150301,13876
150323,13877
150329,13878
150343,13879
150373,13880
150377,13881
150379,13882
150383,13883
150401,13884
150407,13885
150413,13886
150427,13887
150431,13888
150439,13889
150473,13890
150497,13891
150503,13892
150517,13893
150523,13894
150533,13895
150551,13896
150559,13897
150571,13898
150583,13899
150587,13900
150589,13901
150607,13902
150611,13903
150617,13904
150649,13905
150659,13906
150697,13907
150707,13908
150721,13909
150743,13910
150767,13911
150769,13912
150779,13913
150791,13914
150797,13915
150827,13916
150833,13917
150847,13918
150869,13919
150881,13920
150883,13921
150889,13922
150893,13923
150901,13924
150907,13925
150919,13926
150929,13927
150959,13928
150961,13929
150967,13930
150979,13931
150989,13932
150991,13933
151007,13934
151009,13935
151013,13936
151027,13937
151049,13938
151051,13939
151057,13940
151091,13941
151121,13942
151141,13943
151153,13944
151157,13945
151163,13946
151169,13947
151171,13948
151189,13949
151201,13950
151213,13951
151237,13952
151241,13953
151243,13954
151247,13955
151253,13956
151273,13957
151279,13958
151289,13959
151303,13960
151337,13961
151339,13962
151343,13963
151357,13964
151379,13965
151381,13966
151391,13967
151397,13968
151423,13969
151429,13970
151433,13971
151451,13972
151471,13973
151477,13974
151483,13975
151499,13976
151507,13977
151517,13978
151523,13979
151531,13980
151537,13981
151549,13982
151553,13983
151561,13984
151573,13985
151579,13986
151597,13987
151603,13988
151607,13989
151609,13990
151631,13991
151637,13992
151643,13993
151651,13994
151667,13995
151673,13996
151681,13997
151687,13998
151693,13999
151703,14000
151717,14001
151729,14002
151733,14003
151769,14004
151771,14005
151783,14006
151787,14007
151799,14008
151813,14009
151817,14010
151841,14011
151847,14012
151849,14013
151871,14014
151883,14015
151897,14016
151901,14017
151903,14018
151909,14019
151937,14020
151939,14021
151967,14022
151969,14023
152003,14024
152017,14025
152027,14026
152029,14027
152039,14028
152041,14029
152063,14030
152077,14031
152081,14032
152083,14033
152093,14034
152111,14035
152123,14036
152147,14037
152183,14038
152189,14039
152197,14040
152203,14041
152213,14042
152219,14043
152231,14044
152239,14045
152249,14046
152267,14047
152287,14048
152293,14049
152297,14050
152311,14051
152363,14052
152377,14053
152381,14054
152389,14055
152393,14056
152407,14057
152417,14058
152419,14059
152423,14060
152429,14061
152441,14062
152443,14063
152459,14064
152461,14065
152501,14066
152519,14067
152531,14068
152533,14069
152539,14070
152563,14071
152567,14072
152597,14073
152599,14074
152617,14075
152623,14076
152629,14077
152639,14078
152641,14079
152657,14080
152671,14081
152681,14082
152717,14083
152723,14084
152729,14085
152753,14086
152767,14087
152777,14088
152783,14089
152791,14090
152809,14091
152819,14092
152821,14093
152833,14094
152837,14095
152839,14096
152843,14097
152851,14098
152857,14099
152879,14100
152897,14101
152899,14102
152909,14103
152939,14104
152941,14105
152947,14106
152953,14107
152959,14108
152981,14109
152989,14110
152993,14111
153001,14112
153059,14113
153067,14114
153071,14115
153073,14116
153077,14117
153089,14118
153107,14119
153113,14120
153133,14121
153137,14122
153151,14123
153191,14124
153247,14125
153259,14126
153269,14127
153271,14128
153277,14129
153281,14130
153287,14131
153313,14132
153319,14133
153337,14134
153343,14135
153353,14136
153359,14137
153371,14138
153379,14139
153407,14140
153409,14141
153421,14142
153427,14143
153437,14144
153443,14145
153449,14146
153457,14147
153469,14148
153487,14149
153499,14150
153509,14151
153511,14152
153521,14153
153523,14154
153529,14155
153533,14156
153557,14157
153563,14158
153589,14159
153607,14160
153611,14161
153623,14162
153641,14163
153649,14164
153689,14165
153701,14166
153719,14167
153733,14168
153739,14169
153743,14170
153749,14171
153757,14172
153763,14173
153817,14174
153841,14175
153871,14176
153877,14177
153887,14178
153889,14179
153911,14180
153913,14181
153929,14182
153941,14183
153947,14184
153949,14185
153953,14186
153991,14187
153997,14188
154001,14189
154027,14190
154043,14191
154057,14192
154061,14193
154067,14194
154073,14195
154079,14196
154081,14197
154087,14198
154097,14199
154111,14200
154127,14201
154153,14202
154157,14203
154159,14204
154181,14205
154183,14206
154211,14207
154213,14208
154229,14209
154243,14210
154247,14211
154267,14212
154277,14213
154279,14214
154291,14215
154303,14216
154313,14217
154321,14218
154333,14219
154339,14220
154351,14221
154369,14222
154373,14223
154387,14224
154409,14225
154417,14226
154423,14227
154439,14228
154459,14229
154487,14230
154493,14231
154501,14232
154523,14233
154543,14234
154571,14235
154573,14236
154579,14237
154589,14238
154591,14239
154613,14240
154619,14241
154621,14242
154643,14243
154667,14244
154669,14245
154681,14246
154691,14247
154699,14248
154723,14249
154727,14250
154733,14251
154747,14252
154753,14253
154769,14254
154787,14255
154789,14256
154799,14257
154807,14258
154823,14259
154841,14260
154849,14261
154871,14262
154873,14263
154877,14264
154883,14265
154897,14266
154927,14267
154933,14268
154937,14269
154943,14270
154981,14271
154991,14272
155003,14273
155009,14274
155017,14275
155027,14276
155047,14277
155069,14278
155081,14279
155083,14280
155087,14281
155119,14282
155137,14283
155153,14284
155161,14285
155167,14286
155171,14287
155191,14288
155201,14289
155203,14290
155209,14291
155219,14292
155231,14293
155251,14294
155269,14295
155291,14296
155299,14297
155303,14298
155317,14299
155327,14300
155333,14301
155371,14302
155377,14303
155381,14304
155383,14305
155387,14306
155399,14307
155413,14308
155423,14309
155443,14310
155453,14311
155461,14312
155473,14313
155501,14314
155509,14315
155521,14316
155537,14317
155539,14318
155557,14319
155569,14320
155579,14321
155581,14322
155593,14323
155599,14324
155609,14325
155621,14326
155627,14327
155653,14328
155657,14329
155663,14330
155671,14331
155689,14332
155693,14333
155699,14334
155707,14335
155717,14336
155719,14337
155723,14338
155731,14339
155741,14340
155747,14341
155773,14342
155777,14343
155783,14344
155797,14345
155801,14346
155809,14347
155821,14348
155833,14349
155849,14350
155851,14351
155861,14352
155863,14353
155887,14354
155891,14355
155893,14356
155921,14357
156007,14358
156011,14359
156019,14360
156041,14361
156059,14362
156061,14363
156071,14364
156089,14365
156109,14366
156119,14367
156127,14368
156131,14369
156139,14370
156151,14371
156157,14372
156217,14373
156227,14374
156229,14375
156241,14376
156253,14377
156257,14378
156259,14379
156269,14380
156307,14381
156319,14382
156329,14383
156347,14384
156353,14385
156361,14386
156371,14387
156419,14388
156421,14389
156437,14390
156467,14391
156487,14392
156491,14393
156493,14394
156511,14395
156521,14396
156539,14397
156577,14398
156589,14399
156593,14400
156601,14401
156619,14402
156623,14403
156631,14404
156641,14405
156659,14406
156671,14407
156677,14408
156679,14409
156683,14410
156691,14411
156703,14412
156707,14413
156719,14414
156727,14415
156733,14416
156749,14417
156781,14418
156797,14419
156799,14420
156817,14421
156823,14422
156833,14423
156841,14424
156887,14425
156899,14426
156901,14427
156913,14428
156941,14429
156943,14430
156967,14431
156971,14432
156979,14433
157007,14434
157013,14435
157019,14436
157037,14437
157049,14438
157051,14439
157057,14440
157061,14441
157081,14442
157103,14443
157109,14444
157127,14445
157133,14446
157141,14447
157163,14448
157177,14449
157181,14450
157189,14451
157207,14452
157211,14453
157217,14454
157219,14455
157229,14456
157231,14457
157243,14458
157247,14459
157253,14460
157259,14461
157271,14462
157273,14463
157277,14464
157279,14465
157291,14466
157303,14467
157307,14468
157321,14469
157327,14470
157349,14471
157351,14472
157363,14473
157393,14474
157411,14475
157427,14476
157429,14477
157433,14478
157457,14479
157477,14480
157483,14481
157489,14482
157513,14483
157519,14484
157523,14485
157543,14486
157559,14487
157561,14488
157571,14489
157579,14490
157627,14491
157637,14492
157639,14493
157649,14494
157667,14495
157669,14496
157679,14497
157721,14498
157733,14499
157739,14500
157747,14501
157769,14502
157771,14503
157793,14504
157799,14505
157813,14506
157823,14507
157831,14508
157837,14509
157841,14510
157867,14511
157877,14512
157889,14513
157897,14514
157901,14515
157907,14516
157931,14517
157933,14518
157951,14519
157991,14520
157999,14521
158003,14522
158009,14523
158017,14524
158029,14525
158047,14526
158071,14527
158077,14528
158113,14529
158129,14530
158141,14531
158143,14532
158161,14533
158189,14534
158201,14535
158209,14536
158227,14537
158231,14538
158233,14539
158243,14540
158261,14541
158269,14542
158293,14543
158303,14544
158329,14545
158341,14546
158351,14547
158357,14548
158359,14549
158363,14550
158371,14551
158393,14552
158407,14553
158419,14554
158429,14555
158443,14556
158449,14557
158489,14558
158507,14559
158519,14560
158527,14561
158537,14562
158551,14563
158563,14564
158567,14565
158573,14566
158581,14567
158591,14568
158597,14569
158611,14570
158617,14571
158621,14572
158633,14573
158647,14574
158657,14575
158663,14576
158699,14577
158731,14578
158747,14579
158749,14580
158759,14581
158761,14582
158771,14583
158777,14584
158791,14585
158803,14586
158843,14587
158849,14588
158863,14589
158867,14590
158881,14591
158909,14592
158923,14593
158927,14594
158941,14595
158959,14596
158981,14597
158993,14598
159013,14599
159017,14600
159023,14601
159059,14602
159073,14603
159079,14604
159097,14605
159113,14606
159119,14607
159157,14608
159161,14609
159167,14610
159169,14611
159179,14612
159191,14613
159193,14614
159199,14615
159209,14616
159223,14617
159227,14618
159233,14619
159287,14620
159293,14621
159311,14622
159319,14623
159337,14624
159347,14625
159349,14626
159361,14627
159389,14628
159403,14629
159407,14630
159421,14631
159431,14632
159437,14633
159457,14634
159463,14635
159469,14636
159473,14637
159491,14638
159499,14639
159503,14640
159521,14641
159539,14642
159541,14643
159553,14644
159563,14645
159569,14646
159571,14647
159589,14648
159617,14649
159623,14650
159629,14651
159631,14652
159667,14653
159671,14654
159673,14655
159683,14656
159697,14657
159701,14658
159707,14659
159721,14660
159737,14661
159739,14662
159763,14663
159769,14664
159773,14665
159779,14666
159787,14667
159791,14668
159793,14669
159799,14670
159811,14671
159833,14672
159839,14673
159853,14674
159857,14675
159869,14676
159871,14677
159899,14678
159911,14679
159931,14680
159937,14681
159977,14682
159979,14683
160001,14684
160009,14685
160019,14686
160031,14687
160033,14688
160049,14689
160073,14690
160079,14691
160081,14692
160087,14693
160091,14694
160093,14695
160117,14696
160141,14697
160159,14698
160163,14699
160169,14700
160183,14701
160201,14702
160207,14703
160217,14704
160231,14705
160243,14706
160253,14707
160309,14708
160313,14709
160319,14710
160343,14711
160357,14712
160367,14713
160373,14714
160387,14715
160397,14716
160403,14717
160409,14718
160423,14719
160441,14720
160453,14721
160481,14722
160483,14723
160499,14724
160507,14725
160541,14726
160553,14727
160579,14728
160583,14729
160591,14730
160603,14731
160619,14732
160621,14733
160627,14734
160637,14735
160639,14736
160649,14737
160651,14738
160663,14739
160669,14740
160681,14741
160687,14742
160697,14743
160709,14744
160711,14745
160723,14746
160739,14747
160751,14748
160753,14749
160757,14750
160781,14751
160789,14752
160807,14753
160813,14754
160817,14755
160829,14756
160841,14757
160861,14758
160877,14759
160879,14760
160883,14761
160903,14762
160907,14763
160933,14764
160967,14765
160969,14766
160981,14767
160997,14768
161009,14769
161017,14770
161033,14771
161039,14772
161047,14773
161053,14774
161059,14775
161071,14776
161087,14777
161093,14778
161123,14779
161137,14780
161141,14781
161149,14782
161159,14783
161167,14784
161201,14785
161221,14786
161233,14787
161237,14788
161263,14789
161267,14790
161281,14791
161303,14792
161309,14793
161323,14794
161333,14795
161339,14796
161341,14797
161363,14798
161377,14799
161387,14800
161407,14801
161411,14802
161453,14803
161459,14804
161461,14805
161471,14806
161503,14807
161507,14808
161521,14809
161527,14810
161531,14811
161543,14812
161561,14813
161563,14814
161569,14815
161573,14816
161591,14817
161599,14818
161611,14819
161627,14820
161639,14821
161641,14822
161659,14823
161683,14824
161717,14825
161729,14826
161731,14827
161741,14828
161743,14829
161753,14830
161761,14831
161771,14832
161773,14833
161779,14834
161783,14835
161807,14836
161831,14837
161839,14838
161869,14839
161873,14840
161879,14841
161881,14842
161911,14843
161921,14844
161923,14845
161947,14846
161957,14847
161969,14848
161971,14849
161977,14850
161983,14851
161999,14852
162007,14853
162011,14854
162017,14855
162053,14856
162059,14857
162079,14858
162091,14859
162109,14860
162119,14861
162143,14862
162209,14863
162221,14864
162229,14865
162251,14866
162257,14867
162263,14868
162269,14869
162277,14870
162287,14871
162289,14872
162293,14873
162343,14874
162359,14875
162389,14876
162391,14877
162413,14878
162419,14879
162439,14880
162451,14881
162457,14882
162473,14883
162493,14884
162499,14885
162517,14886
162523,14887
162527,14888
162529,14889
162553,14890
162557,14891
162563,14892
162577,14893
162593,14894
162601,14895
162611,14896
162623,14897
162629,14898
162641,14899
162649,14900
162671,14901
162677,14902
162683,14903
162691,14904
162703,14905
162709,14906
162713,14907
162727,14908
162731,14909
162739,14910
162749,14911
162751,14912
162779,14913
162787,14914
162791,14915
162821,14916
162823,14917
162829,14918
162839,14919
162847,14920
162853,14921
162859,14922
162881,14923
162889,14924
162901,14925
162907,14926
162917,14927
162937,14928
162947,14929
162971,14930
162973,14931
162989,14932
162997,14933
163003,14934
163019,14935
163021,14936
163027,14937
163061,14938
163063,14939
163109,14940
163117,14941
163127,14942
163129,14943
163147,14944
163151,14945
163169,14946
163171,14947
163181,14948
163193,14949
163199,14950
163211,14951
163223,14952
163243,14953
163249,14954
163259,14955
163307,14956
163309,14957
163321,14958
163327,14959
163337,14960
163351,14961
163363,14962
163367,14963
163393,14964
163403,14965
163409,14966
163411,14967
163417,14968
163433,14969
163469,14970
163477,14971
163481,14972
163483,14973
163487,14974
163517,14975
163543,14976
163561,14977
163567,14978
163573,14979
163601,14980
163613,14981
163621,14982
163627,14983
163633,14984
163637,14985
163643,14986
163661,14987
163673,14988
163679,14989
163697,14990
163729,14991
163733,14992
163741,14993
163753,14994
163771,14995
163781,14996
163789,14997
163811,14998
163819,14999
163841,15000
163847,15001
163853,15002
163859,15003
163861,15004
163871,15005
163883,15006
163901,15007
163909,15008
163927,15009
163973,15010
163979,15011
163981,15012
163987,15013
163991,15014
163993,15015
163997,15016
164011,15017
164023,15018
164039,15019
164051,15020
164057,15021
164071,15022
164089,15023
164093,15024
164113,15025
164117,15026
164147,15027
164149,15028
164173,15029
164183,15030
164191,15031
164201,15032
164209,15033
164231,15034
164233,15035
164239,15036
164249,15037
164251,15038
164267,15039
164279,15040
164291,15041
164299,15042
164309,15043
164321,15044
164341,15045
164357,15046
164363,15047
164371,15048
164377,15049
164387,15050
164413,15051
164419,15052
164429,15053
164431,15054
164443,15055
164447,15056
164449,15057
164471,15058
164477,15059
164503,15060
164513,15061
164531,15062
164569,15063
164581,15064
164587,15065
164599,15066
164617,15067
164621,15068
164623,15069
164627,15070
164653,15071
164663,15072
164677,15073
164683,15074
164701,15075
164707,15076
164729,15077
164743,15078
164767,15079
164771,15080
164789,15081
164809,15082
164821,15083
164831,15084
164837,15085
164839,15086
164881,15087
164893,15088
164911,15089
164953,15090
164963,15091
164987,15092
164999,15093
165001,15094
165037,15095
165041,15096
165047,15097
165049,15098
165059,15099
165079,15100
165083,15101
165089,15102
165103,15103
165133,15104
165161,15105
165173,15106
165181,15107
165203,15108
165211,15109
165229,15110
165233,15111
165247,15112
165287,15113
165293,15114
165311,15115
165313,15116
165317,15117
165331,15118
165343,15119
165349,15120
165367,15121
165379,15122
165383,15123
165391,15124
165397,15125
165437,15126
165443,15127
165449,15128
165457,15129
165463,15130
165469,15131
165479,15132
165511,15133
165523,15134
165527,15135
165533,15136
165541,15137
165551,15138
165553,15139
165559,15140
165569,15141
165587,15142
165589,15143
165601,15144
165611,15145
165617,15146
165653,15147
165667,15148
165673,15149
165701,15150
165703,15151
165707,15152
165709,15153
165713,15154
165719,15155
165721,15156
165749,15157
165779,15158
165799,15159
165811,15160
165817,15161
165829,15162
165833,15163
165857,15164
165877,15165
165883,15166
165887,15167
165901,15168
165931,15169
165941,15170
165947,15171
165961,15172
165983,15173
166013,15174
166021,15175
166027,15176
166031,15177
166043,15178
166063,15179
166081,15180
166099,15181
166147,15182
166151,15183
166157,15184
166169,15185
166183,15186
166189,15187
166207,15188
166219,15189
166237,15190
166247,15191
166259,15192
166273,15193
166289,15194
166297,15195
166301,15196
166303,15197
166319,15198
166349,15199
166351,15200
166357,15201
166363,15202
166393,15203
166399,15204
166403,15205
166409,15206
166417,15207
166429,15208
166457,15209
166471,15210
166487,15211
166541,15212
166561,15213
166567,15214
166571,15215
166597,15216
166601,15217
166603,15218
166609,15219
166613,15220
166619,15221
166627,15222
166631,15223
166643,15224
166657,15225
166667,15226
166669,15227
166679,15228
166693,15229
166703,15230
166723,15231
166739,15232
166741,15233
166781,15234
166783,15235
166799,15236
166807,15237
166823,15238
166841,15239
166843,15240
166847,15241
166849,15242
166853,15243
166861,15244
166867,15245
166871,15246
166909,15247
166919,15248
166931,15249
166949,15250
166967,15251
166973,15252
166979,15253
166987,15254
167009,15255
167017,15256
167021,15257
167023,15258
167033,15259
167039,15260
167047,15261
167051,15262
167071,15263
167077,15264
167081,15265
167087,15266
167099,15267
167107,15268
167113,15269
167117,15270
167119,15271
167149,15272
167159,15273
167173,15274
167177,15275
167191,15276
167197,15277
167213,15278
167221,15279
167249,15280
167261,15281
167267,15282
167269,15283
167309,15284
167311,15285
167317,15286
167329,15287
167339,15288
167341,15289
167381,15290
167393,15291
167407,15292
167413,15293
167423,15294
167429,15295
167437,15296
167441,15297
167443,15298
167449,15299
167471,15300
167483,15301
167491,15302
167521,15303
167537,15304
167543,15305
167593,15306
167597,15307
167611,15308
167621,15309
167623,15310
167627,15311
167633,15312
167641,15313
167663,15314
167677,15315
167683,15316
167711,15317
167729,15318
167747,15319
167759,15320
167771,15321
167777,15322
167779,15323
167801,15324
167809,15325
167861,15326
167863,15327
167873,15328
167879,15329
167887,15330
167891,15331
167899,15332
167911,15333
167917,15334
167953,15335
167971,15336
167987,15337
168013,15338
168023,15339
168029,15340
168037,15341
168043,15342
168067,15343
168071,15344
168083,15345
168089,15346
168109,15347
168127,15348
168143,15349
168151,15350
168193,15351
168197,15352
168211,15353
168227,15354
168247,15355
168253,15356
168263,15357
168269,15358
168277,15359
168281,15360
168293,15361
168323,15362
168331,15363
168347,15364
168353,15365
168391,15366
168409,15367
168433,15368
168449,15369
168451,15370
168457,15371
168463,15372
168481,15373
168491,15374
168499,15375
168523,15376
168527,15377
168533,15378
168541,15379
168559,15380
168599,15381
168601,15382
168617,15383
168629,15384
168631,15385
168643,15386
168673,15387
168677,15388
168697,15389
168713,15390
168719,15391
168731,15392
168737,15393
168743,15394
168761,15395
168769,15396
168781,15397
168803,15398
168851,15399
168863,15400
168869,15401
168887,15402
168893,15403
168899,15404
168901,15405
168913,15406
168937,15407
168943,15408
168977,15409
168991,15410
169003,15411
169007,15412
169009,15413
169019,15414
169049,15415
169063,15416
169067,15417
169069,15418
169079,15419
169093,15420
169097,15421
169111,15422
169129,15423
169151,15424
169159,15425
169177,15426
169181,15427
169199,15428
169217,15429
169219,15430
169241,15431
169243,15432
169249,15433
169259,15434
169283,15435
169307,15436
169313,15437
169319,15438
169321,15439
169327,15440
169339,15441
169343,15442
169361,15443
169369,15444
169373,15445
169399,15446
169409,15447
169427,15448
169457,15449
169471,15450
169483,15451
169489,15452
169493,15453
169501,15454
169523,15455
169531,15456
169553,15457
169567,15458
169583,15459
169591,15460
169607,15461
169627,15462
169633,15463
169639,15464
169649,15465
169657,15466
169661,15467
169667,15468
169681,15469
169691,15470
169693,15471
169709,15472
169733,15473
169751,15474
169753,15475
169769,15476
169777,15477
169783,15478
169789,15479
169817,15480
169823,15481
169831,15482
169837,15483
169843,15484
169859,15485
169889,15486
169891,15487
169909,15488
169913,15489
169919,15490
169933,15491
169937,15492
169943,15493
169951,15494
169957,15495
169987,15496
169991,15497
170003,15498
170021,15499
170029,15500
170047,15501
170057,15502
170063,15503
170081,15504
170099,15505
170101,15506
170111,15507
170123,15508
170141,15509
170167,15510
170179,15511
170189,15512
170197,15513
170207,15514
170213,15515
170227,15516
170231,15517
170239,15518
170243,15519
170249,15520
170263,15521
170267,15522
170279,15523
170293,15524
170299,15525
170327,15526
170341,15527
170347,15528
170351,15529
170353,15530
170363,15531
170369,15532
170371,15533
170383,15534
170389,15535
170393,15536
170413,15537
170441,15538
170447,15539
170473,15540
170483,15541
170497,15542
170503,15543
170509,15544
170537,15545
170539,15546
170551,15547
170557,15548
170579,15549
170603,15550
170609,15551
170627,15552
170633,15553
170641,15554
170647,15555
170669,15556
170689,15557
170701,15558
170707,15559
170711,15560
170741,15561
170749,15562
170759,15563
170761,15564
170767,15565
170773,15566
170777,15567
170801,15568
170809,15569
170813,15570
170827,15571
170837,15572
170843,15573
170851,15574
170857,15575
170873,15576
170881,15577
170887,15578
170899,15579
170921,15580
170927,15581
170953,15582
170957,15583
170971,15584
171007,15585
171023,15586
171029,15587
171043,15588
171047,15589
171049,15590
171053,15591
171077,15592
171079,15593
171091,15594
171103,15595
171131,15596
171161,15597
171163,15598
171167,15599
171169,15600
171179,15601
171203,15602
171233,15603
171251,15604
171253,15605
171263,15606
171271,15607
171293,15608
171299,15609
171317,15610
171329,15611
171341,15612
171383,15613
171401,15614
171403,15615
171427,15616
171439,15617
171449,15618
171467,15619
171469,15620
171473,15621
171481,15622
171491,15623
171517,15624
171529,15625
171539,15626
171541,15627
171553,15628
171559,15629
171571,15630
171583,15631
171617,15632
171629,15633
171637,15634
171641,15635
171653,15636
171659,15637
171671,15638
171673,15639
171679,15640
171697,15641
171707,15642
171713,15643
171719,15644
171733,15645
171757,15646
171761,15647
171763,15648
171793,15649
171799,15650
171803,15651
171811,15652
171823,15653
171827,15654
171851,15655
171863,15656
171869,15657
171877,15658
171881,15659
171889,15660
171917,15661
171923,15662
171929,15663
171937,15664
171947,15665
172001,15666
172009,15667
172021,15668
172027,15669
172031,15670
172049,15671
172069,15672
172079,15673
172093,15674
172097,15675
172127,15676
172147,15677
172153,15678
172157,15679
172169,15680
172171,15681
172181,15682
172199,15683
172213,15684
172217,15685
172219,15686
172223,15687
172243,15688
172259,15689
172279,15690
172283,15691
172297,15692
172307,15693
172313,15694
172321,15695
172331,15696
172343,15697
172351,15698
172357,15699
172373,15700
172399,15701
172411,15702
172421,15703
172423,15704
172427,15705
172433,15706
172439,15707
172441,15708
172489,15709
172507,15710
172517,15711
172519,15712
172541,15713
172553,15714
172561,15715
172573,15716
172583,15717
172589,15718
172597,15719
172603,15720
172607,15721
172619,15722
172633,15723
172643,15724
172649,15725
172657,15726
172663,15727
172673,15728
172681,15729
172687,15730
172709,15731
172717,15732
172721,15733
172741,15734
172751,15735
172759,15736
172787,15737
172801,15738
172807,15739
172829,15740
172849,15741
172853,15742
172859,15743
172867,15744
172871,15745
172877,15746
172883,15747
172933,15748
172969,15749
172973,15750
172981,15751
172987,15752
172993,15753
172999,15754
173021,15755
173023,15756
173039,15757
173053,15758
173059,15759
173081,15760
173087,15761
173099,15762
173137,15763
173141,15764
173149,15765
173177,15766
173183,15767
173189,15768
173191,15769
173207,15770
173209,15771
173219,15772
173249,15773
173263,15774
173267,15775
173273,15776
173291,15777
173293,15778
173297,15779
173309,15780
173347,15781
173357,15782
173359,15783
173429,15784
173431,15785
173473,15786
173483,15787
173491,15788
173497,15789
173501,15790
173531,15791
173539,15792
173543,15793
173549,15794
173561,15795
173573,15796
173599,15797
173617,15798
173629,15799
173647,15800
173651,15801
173659,15802
173669,15803
173671,15804
173683,15805
173687,15806
173699,15807
173707,15808
173713,15809
173729,15810
173741,15811
173743,15812
173773,15813
173777,15814
173779,15815
173783,15816
173807,15817
173819,15818
173827,15819
173839,15820
173851,15821
173861,15822
173867,15823
173891,15824
173897,15825
173909,15826
173917,15827
173923,15828
173933,15829
173969,15830
173977,15831
173981,15832
173993,15833
174007,15834
174017,15835
174019,15836
174047,15837
174049,15838
174061,15839
174067,15840
174071,15841
174077,15842
174079,15843
174091,15844
174101,15845
174121,15846
174137,15847
174143,15848
174149,15849
174157,15850
174169,15851
174197,15852
174221,15853
174241,15854
174257,15855
174259,15856
174263,15857
174281,15858
174289,15859
174299,15860
174311,15861
174329,15862
174331,15863
174337,15864
174347,15865
174367,15866
174389,15867
174407,15868
174413,15869
174431,15870
174443,15871
174457,15872
174467,15873
174469,15874
174481,15875
174487,15876
174491,15877
174527,15878
174533,15879
174569,15880
174571,15881
174583,15882
174599,15883
174613,15884
174617,15885
174631,15886
174637,15887
174649,15888
174653,15889
174659,15890
174673,15891
174679,15892
174703,15893
174721,15894
174737,15895
174749,15896
174761,15897
174763,15898
174767,15899
174773,15900
174799,15901
174821,15902
174829,15903
174851,15904
174859,15905
174877,15906
174893,15907
174901,15908
174907,15909
174917,15910
174929,15911
174931,15912
174943,15913
174959,15914
174989,15915
174991,15916
175003,15917
175013,15918
175039,15919
175061,15920
175067,15921
175069,15922
175079,15923
175081,15924
175103,15925
175129,15926
175141,15927
175211,15928
175229,15929
175261,15930
175267,15931
175277,15932
175291,15933
175303,15934
175309,15935
175327,15936
175333,15937
175349,15938
175361,15939
175391,15940
175393,15941
175403,15942
175411,15943
175433,15944
175447,15945
175453,15946
175463,15947
175481,15948
175493,15949
175499,15950
175519,15951
175523,15952
175543,15953
175573,15954
175601,15955
175621,15956
175631,15957
175633,15958
175649,15959
175663,15960
175673,15961
175687,15962
175691,15963
175699,15964
175709,15965
175723,15966
175727,15967
175753,15968
175757,15969
175759,15970
175781,15971
175783,15972
175811,15973
175829,15974
175837,15975
175843,15976
175853,15977
175859,15978
175873,15979
175891,15980
175897,15981
175909,15982
175919,15983
175937,15984
175939,15985
175949,15986
175961,15987
175963,15988
175979,15989
175991,15990
175993,15991
176017,15992
176021,15993
176023,15994
176041,15995
176047,15996
176051,15997
176053,15998
176063,15999
176081,16000
176087,16001
176089,16002
176123,16003
176129,16004
176153,16005
176159,16006
176161,16007
176179,16008
176191,16009
176201,16010
176207,16011
176213,16012
176221,16013
176227,16014
176237,16015
176243,16016
176261,16017
176299,16018
176303,16019
176317,16020
176321,16021
176327,16022
176329,16023
176333,16024
176347,16025
176353,16026
176357,16027
176369,16028
176383,16029
176389,16030
176401,16031
176413,16032
176417,16033
176419,16034
176431,16035
176459,16036
176461,16037
176467,16038
176489,16039
176497,16040
176503,16041
176507,16042
176509,16043
176521,16044
176531,16045
176537,16046
176549,16047
176551,16048
176557,16049
176573,16050
176591,16051
176597,16052
176599,16053
176609,16054
176611,16055
176629,16056
176641,16057
176651,16058
176677,16059
176699,16060
176711,16061
176713,16062
176741,16063
176747,16064
176753,16065
176777,16066
176779,16067
176789,16068
176791,16069
176797,16070
176807,16071
176809,16072
176819,16073
176849,16074
176857,16075
176887,16076
176899,16077
176903,16078
176921,16079
176923,16080
176927,16081
176933,16082
176951,16083
176977,16084
176983,16085
176989,16086
177007,16087
177011,16088
177013,16089
177019,16090
177043,16091
177091,16092
177101,16093
177109,16094
177113,16095
177127,16096
177131,16097
177167,16098
177173,16099
177209,16100
177211,16101
177217,16102
177223,16103
177239,16104
177257,16105
177269,16106
177283,16107
177301,16108
177319,16109
177323,16110
177337,16111
177347,16112
177379,16113
177383,16114
177409,16115
177421,16116
177427,16117
177431,16118
177433,16119
177467,16120
177473,16121
177481,16122
177487,16123
177493,16124
177511,16125
177533,16126
177539,16127
177553,16128
177589,16129
177601,16130
177623,16131
177647,16132
177677,16133
177679,16134
177691,16135
177739,16136
177743,16137
177761,16138
177763,16139
177787,16140
177791,16141
177797,16142
177811,16143
177823,16144
177839,16145
177841,16146
177883,16147
177887,16148
177889,16149
177893,16150
177907,16151
177913,16152
177917,16153
177929,16154
177943,16155
177949,16156
177953,16157
177967,16158
177979,16159
178001,16160
178021,16161
178037,16162
178039,16163
178067,16164
178069,16165
178091,16166
178093,16167
178103,16168
178117,16169
178127,16170
178141,16171
178151,16172
178169,16173
178183,16174
178187,16175
178207,16176
178223,16177
178231,16178
178247,16179
178249,16180
178259,16181
178261,16182
178289,16183
178301,16184
178307,16185
178327,16186
178333,16187
178349,16188
178351,16189
178361,16190
178393,16191
178397,16192
178403,16193
178417,16194
178439,16195
178441,16196
178447,16197
178469,16198
178481,16199
178487,16200
178489,16201
178501,16202
178513,16203
178531,16204
178537,16205
178559,16206
178561,16207
178567,16208
178571,16209
178597,16210
178601,16211
178603,16212
178609,16213
178613,16214
178621,16215
178627,16216
178639,16217
178643,16218
178681,16219
178691,16220
178693,16221
178697,16222
178753,16223
178757,16224
178781,16225
178793,16226
178799,16227
178807,16228
178813,16229
178817,16230
178819,16231
178831,16232
178853,16233
178859,16234
178873,16235
178877,16236
178889,16237
178897,16238
178903,16239
178907,16240
178909,16241
178921,16242
178931,16243
178933,16244
178939,16245
178951,16246
178973,16247
178987,16248
179021,16249
179029,16250
179033,16251
179041,16252
179051,16253
179057,16254
179083,16255
179089,16256
179099,16257
179107,16258
179111,16259
179119,16260
179143,16261
179161,16262
179167,16263
179173,16264
179203,16265
179209,16266
179213,16267
179233,16268
179243,16269
179261,16270
179269,16271
179281,16272
179287,16273
179317,16274
179321,16275
179327,16276
179351,16277
179357,16278
179369,16279
179381,16280
179383,16281
179393,16282
179407,16283
179411,16284
179429,16285
179437,16286
179441,16287
179453,16288
179461,16289
179471,16290
179479,16291
179483,16292
179497,16293
179519,16294
179527,16295
179533,16296
179549,16297
179563,16298
179573,16299
179579,16300
179581,16301
179591,16302
179593,16303
179603,16304
179623,16305
179633,16306
179651,16307
179657,16308
179659,16309
179671,16310
179687,16311
179689,16312
179693,16313
179717,16314
179719,16315
179737,16316
179743,16317
179749,16318
179779,16319
179801,16320
179807,16321
179813,16322
179819,16323
179821,16324
179827,16325
179833,16326
179849,16327
179897,16328
179899,16329
179903,16330
179909,16331
179917,16332
179923,16333
179939,16334
179947,16335
179951,16336
179953,16337
179957,16338
179969,16339
179981,16340
179989,16341
179999,16342
180001,16343
180007,16344
180023,16345
180043,16346
180053,16347
180071,16348
180073,16349
180077,16350
180097,16351
180137,16352
180161,16353
180179,16354
180181,16355
180211,16356
180221,16357
180233,16358
180239,16359
180241,16360
180247,16361
180259,16362
180263,16363
180281,16364
180287,16365
180289,16366
180307,16367
180311,16368
180317,16369
180331,16370
180337,16371
180347,16372
180361,16373
180371,16374
180379,16375
180391,16376
180413,16377
180419,16378
180437,16379
180463,16380
180473,16381
180491,16382
180497,16383
180503,16384
180511,16385
180533,16386
180539,16387
180541,16388
180547,16389
180563,16390
180569,16391
180617,16392
180623,16393
180629,16394
180647,16395
180667,16396
180679,16397
180701,16398
180731,16399
180749,16400
180751,16401
180773,16402
180779,16403
180793,16404
180797,16405
180799,16406
180811,16407
180847,16408
180871,16409
180883,16410
180907,16411
180949,16412
180959,16413
181001,16414
181003,16415
181019,16416
181031,16417
181039,16418
181061,16419
181063,16420
181081,16421
181087,16422
181123,16423
181141,16424
181157,16425
181183,16426
181193,16427
181199,16428
181201,16429
181211,16430
181213,16431
181219,16432
181243,16433
181253,16434
181273,16435
181277,16436
181283,16437
181297,16438
181301,16439
181303,16440
181361,16441
181387,16442
181397,16443
181399,16444
181409,16445
181421,16446
181439,16447
181457,16448
181459,16449
181499,16450
181501,16451
181513,16452
181523,16453
181537,16454
181549,16455
181553,16456
181603,16457
181607,16458
181609,16459
181619,16460
181639,16461
181667,16462
181669,16463
181693,16464
181711,16465
181717,16466
181721,16467
181729,16468
181739,16469
181751,16470
181757,16471
181759,16472
181763,16473
181777,16474
181787,16475
181789,16476
181813,16477
181837,16478
181871,16479
181873,16480
181889,16481
181891,16482
181903,16483
181913,16484
181919,16485
181927,16486
181931,16487
181943,16488
181957,16489
181967,16490
181981,16491
181997,16492
182009,16493
182011,16494
182027,16495
182029,16496
182041,16497
182047,16498
182057,16499
182059,16500
182089,16501
182099,16502
182101,16503
182107,16504
182111,16505
182123,16506
182129,16507
182131,16508
182141,16509
182159,16510
182167,16511
182177,16512
182179,16513
182201,16514
182209,16515
182233,16516
182239,16517
182243,16518
182261,16519
182279,16520
182297,16521
182309,16522
182333,16523
182339,16524
182341,16525
182353,16526
182387,16527
182389,16528
182417,16529
182423,16530
182431,16531
182443,16532
182453,16533
182467,16534
182471,16535
182473,16536
182489,16537
182503,16538
182509,16539
182519,16540
182537,16541
182549,16542
182561,16543
182579,16544
182587,16545
182593,16546
182599,16547
182603,16548
182617,16549
182627,16550
182639,16551
182641,16552
182653,16553
182657,16554
182659,16555
182681,16556
182687,16557
182701,16558
182711,16559
182713,16560
182747,16561
182773,16562
182779,16563
182789,16564
182803,16565
182813,16566
182821,16567
182839,16568
182851,16569
182857,16570
182867,16571
182887,16572
182893,16573
182899,16574
182921,16575
182927,16576
182929,16577
182933,16578
182953,16579
182957,16580
182969,16581
182981,16582
182999,16583
183023,16584
183037,16585
183041,16586
183047,16587
183059,16588
183067,16589
183089,16590
183091,16591
183119,16592
183151,16593
183167,16594
183191,16595
183203,16596
183247,16597
183259,16598
183263,16599
183283,16600
183289,16601
183299,16602
183301,16603
183307,16604
183317,16605
183319,16606
183329,16607
183343,16608
183349,16609
183361,16610
183373,16611
183377,16612
183383,16613
183389,16614
183397,16615
183437,16616
183439,16617
183451,16618
183461,16619
183473,16620
183479,16621
183487,16622
183497,16623
183499,16624
183503,16625
183509,16626
183511,16627
183523,16628
183527,16629
183569,16630
183571,16631
183577,16632
183581,16633
183587,16634
183593,16635
183611,16636
183637,16637
183661,16638
183683,16639
183691,16640
183697,16641
183707,16642
183709,16643
183713,16644
183761,16645
183763,16646
183797,16647
183809,16648
183823,16649
183829,16650
183871,16651
183877,16652
183881,16653
183907,16654
183917,16655
183919,16656
183943,16657
183949,16658
183959,16659
183971,16660
183973,16661
183979,16662
184003,16663
184007,16664
184013,16665
184031,16666
184039,16667
184043,16668
184057,16669
184073,16670
184081,16671
184087,16672
184111,16673
184117,16674
184133,16675
184153,16676
184157,16677
184181,16678
184187,16679
184189,16680
184199,16681
184211,16682
184231,16683
184241,16684
184259,16685
184271,16686
184273,16687
184279,16688
184291,16689
184309,16690
184321,16691
184333,16692
184337,16693
184351,16694
184369,16695
184409,16696
184417,16697
184441,16698
184447,16699
184463,16700
184477,16701
184487,16702
184489,16703
184511,16704
184517,16705
184523,16706
184553,16707
184559,16708
184567,16709
184571,16710
184577,16711
184607,16712
184609,16713
184627,16714
184631,16715
184633,16716
184649,16717
184651,16718
184669,16719
184687,16720
184693,16721
184703,16722
184711,16723
184721,16724
184727,16725
184733,16726
184753,16727
184777,16728
184823,16729
184829,16730
184831,16731
184837,16732
184843,16733
184859,16734
184879,16735
184901,16736
184903,16737
184913,16738
184949,16739
184957,16740
184967,16741
184969,16742
184993,16743
184997,16744
184999,16745
185021,16746
185027,16747
185051,16748
185057,16749
185063,16750
185069,16751
185071,16752
185077,16753
185089,16754
185099,16755
185123,16756
185131,16757
185137,16758
185149,16759
185153,16760
185161,16761
185167,16762
185177,16763
185183,16764
185189,16765
185221,16766
185233,16767
185243,16768
185267,16769
185291,16770
185299,16771
185303,16772
185309,16773
185323,16774
185327,16775
185359,16776
185363,16777
185369,16778
185371,16779
185401,16780
185429,16781
185441,16782
185467,16783
185477,16784
185483,16785
185491,16786
185519,16787
185527,16788
185531,16789
185533,16790
185539,16791
185543,16792
185551,16793
185557,16794
185567,16795
185569,16796
185593,16797
185599,16798
185621,16799
185641,16800
185651,16801
185677,16802
185681,16803
185683,16804
185693,16805
185699,16806
185707,16807
185711,16808
185723,16809
185737,16810
185747,16811
185749,16812
185753,16813
185767,16814
185789,16815
185797,16816
185813,16817
185819,16818
185821,16819
185831,16820
185833,16821
185849,16822
185869,16823
185873,16824
185893,16825
185897,16826
185903,16827
185917,16828
185923,16829
185947,16830
185951,16831
185957,16832
185959,16833
185971,16834
185987,16835
185993,16836
186007,16837
186013,16838
186019,16839
186023,16840
186037,16841
186041,16842
186049,16843
186071,16844
186097,16845
186103,16846
186107,16847
186113,16848
186119,16849
186149,16850
186157,16851
186161,16852
186163,16853
186187,16854
186191,16855
186211,16856
186227,16857
186229,16858
186239,16859
186247,16860
186253,16861
186259,16862
186271,16863
186283,16864
186299,16865
186301,16866
186311,16867
186317,16868
186343,16869
186377,16870
186379,16871
186391,16872
186397,16873
186419,16874
186437,16875
186451,16876
186469,16877
186479,16878
186481,16879
186551,16880
186569,16881
186581,16882
186583,16883
186587,16884
186601,16885
186619,16886
186629,16887
186647,16888
186649,16889
186653,16890
186671,16891
186679,16892
186689,16893
186701,16894
186707,16895
186709,16896
186727,16897
186733,16898
186743,16899
186757,16900
186761,16901
186763,16902
186773,16903
186793,16904
186799,16905
186841,16906
186859,16907
186869,16908
186871,16909
186877,16910
186883,16911
186889,16912
186917,16913
186947,16914
186959,16915
187003,16916
187009,16917
187027,16918
187043,16919
187049,16920
187067,16921
187069,16922
187073,16923
187081,16924
187091,16925
187111,16926
187123,16927
187127,16928
187129,16929
187133,16930
187139,16931
187141,16932
187163,16933
187171,16934
187177,16935
187181,16936
187189,16937
187193,16938
187211,16939
187217,16940
187219,16941
187223,16942
187237,16943
187273,16944
187277,16945
187303,16946
187337,16947
187339,16948
187349,16949
187361,16950
187367,16951
187373,16952
187379,16953
187387,16954
187393,16955
187409,16956
187417,16957
187423,16958
187433,16959
187441,16960
187463,16961
187469,16962
187471,16963
187477,16964
187507,16965
187513,16966
187531,16967
187547,16968
187559,16969
187573,16970
187597,16971
187631,16972
187633,16973
187637,16974
187639,16975
187651,16976
187661,16977
187669,16978
187687,16979
187699,16980
187711,16981
187721,16982
187751,16983
187763,16984
187787,16985
187793,16986
187823,16987
187843,16988
187861,16989
187871,16990
187877,16991
187883,16992
187897,16993
187907,16994
187909,16995
187921,16996
187927,16997
187931,16998
187951,16999
187963,17000
187973,17001
187987,17002
188011,17003
188017,17004
188021,17005
188029,17006
188107,17007
188137,17008
188143,17009
188147,17010
188159,17011
188171,17012
188179,17013
188189,17014
188197,17015
188249,17016
188261,17017
188273,17018
188281,17019
188291,17020
188299,17021
188303,17022
188311,17023
188317,17024
188323,17025
188333,17026
188351,17027
188359,17028
188369,17029
188389,17030
188401,17031
188407,17032
188417,17033
188431,17034
188437,17035
188443,17036
188459,17037
188473,17038
188483,17039
188491,17040
188519,17041
188527,17042
188533,17043
188563,17044
188579,17045
188603,17046
188609,17047
188621,17048
188633,17049
188653,17050
188677,17051
188681,17052
188687,17053
188693,17054
188701,17055
188707,17056
188711,17057
188719,17058
188729,17059
188753,17060
188767,17061
188779,17062
188791,17063
188801,17064
188827,17065
188831,17066
188833,17067
188843,17068
188857,17069
188861,17070
188863,17071
188869,17072
188891,17073
188911,17074
188927,17075
188933,17076
188939,17077
188941,17078
188953,17079
188957,17080
188983,17081
188999,17082
189011,17083
189017,17084
189019,17085
189041,17086
189043,17087
189061,17088
189067,17089
189127,17090
189139,17091
189149,17092
189151,17093
189169,17094
189187,17095
189199,17096
189223,17097
189229,17098
189239,17099
189251,17100
189253,17101
189257,17102
189271,17103
189307,17104
189311,17105
189337,17106
189347,17107
189349,17108
189353,17109
189361,17110
189377,17111
189389,17112
189391,17113
189401,17114
189407,17115
189421,17116
189433,17117
189437,17118
189439,17119
189463,17120
189467,17121
189473,17122
189479,17123
189491,17124
189493,17125
189509,17126
189517,17127
189523,17128
189529,17129
189547,17130
189559,17131
189583,17132
189593,17133
189599,17134
189613,17135
189617,17136
189619,17137
189643,17138
189653,17139
189661,17140
189671,17141
189691,17142
189697,17143
189701,17144
189713,17145
189733,17146
189743,17147
189757,17148
189767,17149
189797,17150
189799,17151
189817,17152
189823,17153
189851,17154
189853,17155
189859,17156
189877,17157
189881,17158
189887,17159
189901,17160
189913,17161
189929,17162
189947,17163
189949,17164
189961,17165
189967,17166
189977,17167
189983,17168
189989,17169
189997,17170
190027,17171
190031,17172
190051,17173
190063,17174
190093,17175
190097,17176
190121,17177
190129,17178
190147,17179
190159,17180
190181,17181
190207,17182
190243,17183
190249,17184
190261,17185
190271,17186
190283,17187
190297,17188
190301,17189
190313,17190
190321,17191
190331,17192
190339,17193
190357,17194
190367,17195
190369,17196
190387,17197
190391,17198
190403,17199
190409,17200
190471,17201
190507,17202
190523,17203
190529,17204
190537,17205
190543,17206
190573,17207
190577,17208
190579,17209
190583,17210
190591,17211
190607,17212
190613,17213
190633,17214
190639,17215
190649,17216
190657,17217
190667,17218
190669,17219
190699,17220
190709,17221
190711,17222
190717,17223
190753,17224
190759,17225
190763,17226
190769,17227
190783,17228
190787,17229
190793,17230
190807,17231
190811,17232
190823,17233
190829,17234
190837,17235
190843,17236
190871,17237
190889,17238
190891,17239
190901,17240
190909,17241
190913,17242
190921,17243
190979,17244
190997,17245
191021,17246
191027,17247
191033,17248
191039,17249
191047,17250
191057,17251
191071,17252
191089,17253
191099,17254
191119,17255
191123,17256
191137,17257
191141,17258
191143,17259
191161,17260
191173,17261
191189,17262
191227,17263
191231,17264
191237,17265
191249,17266
191251,17267
191281,17268
191297,17269
191299,17270
191339,17271
191341,17272
191353,17273
191413,17274
191441,17275
191447,17276
191449,17277
191453,17278
191459,17279
191461,17280
191467,17281
191473,17282
191491,17283
191497,17284
191507,17285
191509,17286
191519,17287
191531,17288
191533,17289
191537,17290
191551,17291
191561,17292
191563,17293
191579,17294
191599,17295
191621,17296
191627,17297
191657,17298
191669,17299
191671,17300
191677,17301
191689,17302
191693,17303
191699,17304
191707,17305
191717,17306
191747,17307
191749,17308
191773,17309
191783,17310
191791,17311
191801,17312
191803,17313
191827,17314
191831,17315
191833,17316
191837,17317
191861,17318
191899,17319
191903,17320
191911,17321
191929,17322
191953,17323
191969,17324
191977,17325
191999,17326
192007,17327
192013,17328
192029,17329
192037,17330
192043,17331
192047,17332
192053,17333
192091,17334
192097,17335
192103,17336
192113,17337
192121,17338
192133,17339
192149,17340
192161,17341
192173,17342
192187,17343
192191,17344
192193,17345
192229,17346
192233,17347
192239,17348
192251,17349
192259,17350
192263,17351
192271,17352
192307,17353
192317,17354
192319,17355
192323,17356
192341,17357
192343,17358
192347,17359
192373,17360
192377,17361
192383,17362
192391,17363
192407,17364
192431,17365
192461,17366
192463,17367
192497,17368
192499,17369
192529,17370
192539,17371
192547,17372
192553,17373
192557,17374
192571,17375
192581,17376
192583,17377
192587,17378
192601,17379
192611,17380
192613,17381
192617,17382
192629,17383
192631,17384
192637,17385
192667,17386
192677,17387
192697,17388
192737,17389
192743,17390
192749,17391
192757,17392
192767,17393
192781,17394
192791,17395
192799,17396
192811,17397
192817,17398
192833,17399
192847,17400
192853,17401
192859,17402
192877,17403
192883,17404
192887,17405
192889,17406
192917,17407
192923,17408
192931,17409
192949,17410
192961,17411
192971,17412
192977,17413
192979,17414
192991,17415
193003,17416
193009,17417
193013,17418
193031,17419
193043,17420
193051,17421
193057,17422
193073,17423
193093,17424
193133,17425
193139,17426
193147,17427
193153,17428
193163,17429
193181,17430
193183,17431
193189,17432
193201,17433
193243,17434
193247,17435
193261,17436
193283,17437
193301,17438
193327,17439
193337,17440
193357,17441
193367,17442
193373,17443
193379,17444
193381,17445
193387,17446
193393,17447
193423,17448
193433,17449
193441,17450
193447,17451
193451,17452
193463,17453
193469,17454
193493,17455
193507,17456
193513,17457
193541,17458
193549,17459
193559,17460
193573,17461
193577,17462
193597,17463
193601,17464
193603,17465
193607,17466
193619,17467
193649,17468
193663,17469
193679,17470
193703,17471
193723,17472
193727,17473
193741,17474
193751,17475
193757,17476
193763,17477
193771,17478
193789,17479
193793,17480
193799,17481
193811,17482
193813,17483
193841,17484
193847,17485
193859,17486
193861,17487
193871,17488
193873,17489
193877,17490
193883,17491
193891,17492
193937,17493
193939,17494
193943,17495
193951,17496
193957,17497
193979,17498
193993,17499
194003,17500
194017,17501
194027,17502
194057,17503
194069,17504
194071,17505
194083,17506
194087,17507
194093,17508
194101,17509
194113,17510
194119,17511
194141,17512
194149,17513
194167,17514
194179,17515
194197,17516
194203,17517
194239,17518
194263,17519
194267,17520
194269,17521
194309,17522
194323,17523
194353,17524
194371,17525
194377,17526
194413,17527
194431,17528
194443,17529
194471,17530
194479,17531
194483,17532
194507,17533
194521,17534
194527,17535
194543,17536
194569,17537
194581,17538
194591,17539
194609,17540
194647,17541
194653,17542
194659,17543
194671,17544
194681,17545
194683,17546
194687,17547
194707,17548
194713,17549
194717,17550
194723,17551
194729,17552
194749,17553
194767,17554
194771,17555
194809,17556
194813,17557
194819,17558
194827,17559
194839,17560
194861,17561
194863,17562
194867,17563
194869,17564
194891,17565
194899,17566
194911,17567
194917,17568
194933,17569
194963,17570
194977,17571
194981,17572
194989,17573
195023,17574
195029,17575
195043,17576
195047,17577
195049,17578
195053,17579
195071,17580
195077,17581
195089,17582
195103,17583
195121,17584
195127,17585
195131,17586
195137,17587
195157,17588
195161,17589
195163,17590
195193,17591
195197,17592
195203,17593
195229,17594
195241,17595
195253,17596
195259,17597
195271,17598
195277,17599
195281,17600
195311,17601
195319,17602
195329,17603
195341,17604
195343,17605
195353,17606
195359,17607
195389,17608
195401,17609
195407,17610
195413,17611
195427,17612
195443,17613
195457,17614
195469,17615
195479,17616
195493,17617
195497,17618
195511,17619
195527,17620
195539,17621
195541,17622
195581,17623
195593,17624
195599,17625
195659,17626
195677,17627
195691,17628
195697,17629
195709,17630
195731,17631
195733,17632
195737,17633
195739,17634
195743,17635
195751,17636
195761,17637
195781,17638
195787,17639
195791,17640
195809,17641
195817,17642
195863,17643
195869,17644
195883,17645
195887,17646
195893,17647
195907,17648
195913,17649
195919,17650
195929,17651
195931,17652
195967,17653
195971,17654
195973,17655
195977,17656
195991,17657
195997,17658
196003,17659
196033,17660
196039,17661
196043,17662
196051,17663
196073,17664
196081,17665
196087,17666
196111,17667
196117,17668
196139,17669
196159,17670
196169,17671
196171,17672
196177,17673
196181,17674
196187,17675
196193,17676
196201,17677
196247,17678
196271,17679
196277,17680
196279,17681
196291,17682
196303,17683
196307,17684
196331,17685
196337,17686
196379,17687
196387,17688
196429,17689
196439,17690
196453,17691
196459,17692
196477,17693
196499,17694
196501,17695
196519,17696
196523,17697
196541,17698
196543,17699
196549,17700
196561,17701
196579,17702
196583,17703
196597,17704
196613,17705
196643,17706
196657,17707
196661,17708
196663,17709
196681,17710
196687,17711
196699,17712
196709,17713
196717,17714
196727,17715
196739,17716
196751,17717
196769,17718
196771,17719
196799,17720
196817,17721
196831,17722
196837,17723
196853,17724
196871,17725
196873,17726
196879,17727
196901,17728
196907,17729
196919,17730
196927,17731
196961,17732
196991,17733
196993,17734
197003,17735
197009,17736
197023,17737
197033,17738
197059,17739
197063,17740
197077,17741
197083,17742
197089,17743
197101,17744
197117,17745
197123,17746
197137,17747
197147,17748
197159,17749
197161,17750
197203,17751
197207,17752
197221,17753
197233,17754
197243,17755
197257,17756
197261,17757
197269,17758
197273,17759
197279,17760
197293,17761
197297,17762
197299,17763
197311,17764
197339,17765
197341,17766
197347,17767
197359,17768
197369,17769
197371,17770
197381,17771
197383,17772
197389,17773
197419,17774
197423,17775
197441,17776
197453,17777
197479,17778
197507,17779
197521,17780
197539,17781
197551,17782
197567,17783
197569,17784
197573,17785
197597,17786
197599,17787
197609,17788
197621,17789
197641,17790
197647,17791
197651,17792
197677,17793
197683,17794
197689,17795
197699,17796
197711,17797
197713,17798
197741,17799
197753,17800
197759,17801
197767,17802
197773,17803
197779,17804
197803,17805
197807,17806
197831,17807
197837,17808
197887,17809
197891,17810
197893,17811
197909,17812
197921,17813
197927,17814
197933,17815
197947,17816
197957,17817
197959,17818
197963,17819
197969,17820
197971,17821
198013,17822
198017,17823
198031,17824
198043,17825
198047,17826
198073,17827
198083,17828
198091,17829
198097,17830
198109,17831
198127,17832
198139,17833
198173,17834
198179,17835
198193,17836
198197,17837
198221,17838
198223,17839
198241,17840
198251,17841
198257,17842
198259,17843
198277,17844
198281,17845
198301,17846
198313,17847
198323,17848
198337,17849
198347,17850
198349,17851
198377,17852
198391,17853
198397,17854
198409,17855
198413,17856
198427,17857
198437,17858
198439,17859
198461,17860
198463,17861
198469,17862
198479,17863
198491,17864
198503,17865
198529,17866
198533,17867
198553,17868
198571,17869
198589,17870
198593,17871
198599,17872
198613,17873
198623,17874
198637,17875
198641,17876
198647,17877
198659,17878
198673,17879
198689,17880
198701,17881
198719,17882
198733,17883
198761,17884
198769,17885
198811,17886
198817,17887
198823,17888
198827,17889
198829,17890
198833,17891
198839,17892
198841,17893
198851,17894
198859,17895
198899,17896
198901,17897
198929,17898
198937,17899
198941,17900
198943,17901
198953,17902
198959,17903
198967,17904
198971,17905
198977,17906
198997,17907
199021,17908
199033,17909
199037,17910
199039,17911
199049,17912
199081,17913
199103,17914
199109,17915
199151,17916
199153,17917
199181,17918
199193,17919
199207,17920
199211,17921
199247,17922
199261,17923
199267,17924
199289,17925
199313,17926
199321,17927
199337,17928
199343,17929
199357,17930
199373,17931
199379,17932
199399,17933
199403,17934
199411,17935
199417,17936
199429,17937
199447,17938
199453,17939
199457,17940
199483,17941
199487,17942
199489,17943
199499,17944
199501,17945
199523,17946
199559,17947
199567,17948
199583,17949
199601,17950
199603,17951
199621,17952
199637,17953
199657,17954
199669,17955
199673,17956
199679,17957
199687,17958
199697,17959
199721,17960
199729,17961
199739,17962
199741,17963
199751,17964
199753,17965
199777,17966
199783,17967
199799,17968
199807,17969
199811,17970
199813,17971
199819,17972
199831,17973
199853,17974
199873,17975
199877,17976
199889,17977
199909,17978
199921,17979
199931,17980
199933,17981
199961,17982
199967,17983
199999,17984
200003,17985
200009,17986
200017,17987
200023,17988
200029,17989
200033,17990
200041,17991
200063,17992
200087,17993
200117,17994
200131,17995
200153,17996
200159,17997
200171,17998
200177,17999
200183,18000
200191,18001
200201,18002
200227,18003
200231,18004
200237,18005
200257,18006
200273,18007
200293,18008
200297,18009
200323,18010
200329,18011
200341,18012
200351,18013
200357,18014
200363,18015
200371,18016
200381,18017
200383,18018
200401,18019
200407,18020
200437,18021
200443,18022
200461,18023
200467,18024
200483,18025
200513,18026
200569,18027
200573,18028
200579,18029
200587,18030
200591,18031
200597,18032
200609,18033
200639,18034
200657,18035
200671,18036
200689,18037
200699,18038
200713,18039
200723,18040
200731,18041
200771,18042
200779,18043
200789,18044
200797,18045
200807,18046
200843,18047
200861,18048
200867,18049
200869,18050
200881,18051
200891,18052
200899,18053
200903,18054
200909,18055
200927,18056
200929,18057
200971,18058
200983,18059
200987,18060
200989,18061
201007,18062
201011,18063
201031,18064
201037,18065
201049,18066
201073,18067
201101,18068
201107,18069
201119,18070
201121,18071
201139,18072
201151,18073
201163,18074
201167,18075
201193,18076
201203,18077
201209,18078
201211,18079
201233,18080
201247,18081
201251,18082
201281,18083
201287,18084
201307,18085
201329,18086
201337,18087
201359,18088
201389,18089
201401,18090
201403,18091
201413,18092
201437,18093
201449,18094
201451,18095
201473,18096
201491,18097
201493,18098
201497,18099
201499,18100
201511,18101
201517,18102
201547,18103
201557,18104
201577,18105
201581,18106
201589,18107
201599,18108
201611,18109
201623,18110
201629,18111
201653,18112
201661,18113
201667,18114
201673,18115
201683,18116
201701,18117
201709,18118
201731,18119
201743,18120
201757,18121
201767,18122
201769,18123
201781,18124
201787,18125
201791,18126
201797,18127
201809,18128
201821,18129
201823,18130
201827,18131
201829,18132
201833,18133
201847,18134
201881,18135
201889,18136
201893,18137
201907,18138
201911,18139
201919,18140
201923,18141
201937,18142
201947,18143
201953,18144
201961,18145
201973,18146
201979,18147
201997,18148
202001,18149
202021,18150
202031,18151
202049,18152
202061,18153
202063,18154
202067,18155
202087,18156
202099,18157
202109,18158
202121,18159
202127,18160
202129,18161
202183,18162
202187,18163
202201,18164
202219,18165
202231,18166
202243,18167
202277,18168
202289,18169
202291,18170
202309,18171
202327,18172
202339,18173
202343,18174
202357,18175
202361,18176
202381,18177
202387,18178
202393,18179
202403,18180
202409,18181
202441,18182
202471,18183
202481,18184
202493,18185
202519,18186
202529,18187
202549,18188
202567,18189
202577,18190
202591,18191
202613,18192
202621,18193
202627,18194
202637,18195
202639,18196
202661,18197
202667,18198
202679,18199
202693,18200
202717,18201
202729,18202
202733,18203
202747,18204
202751,18205
202753,18206
202757,18207
202777,18208
202799,18209
202817,18210
202823,18211
202841,18212
202859,18213
202877,18214
202879,18215
202889,18216
202907,18217
202921,18218
202931,18219
202933,18220
202949,18221
202967,18222
202973,18223
202981,18224
202987,18225
202999,18226
203011,18227
203017,18228
203023,18229
203039,18230
203051,18231
203057,18232
203117,18233
203141,18234
203173,18235
203183,18236
203207,18237
203209,18238
203213,18239
203221,18240
203227,18241
203233,18242
203249,18243
203279,18244
203293,18245
203309,18246
203311,18247
203317,18248
203321,18249
203323,18250
203339,18251
203341,18252
203351,18253
203353,18254
203363,18255
203381,18256
203383,18257
203387,18258
203393,18259
203417,18260
203419,18261
203429,18262
203431,18263
203449,18264
203459,18265
203461,18266
203531,18267
203549,18268
203563,18269
203569,18270
203579,18271
203591,18272
203617,18273
203627,18274
203641,18275
203653,18276
203657,18277
203659,18278
203663,18279
203669,18280
203713,18281
203761,18282
203767,18283
203771,18284
203773,18285
203789,18286
203807,18287
203809,18288
203821,18289
203843,18290
203857,18291
203869,18292
203873,18293
203897,18294
203909,18295
203911,18296
203921,18297
203947,18298
203953,18299
203969,18300
203971,18301
203977,18302
203989,18303
203999,18304
204007,18305
204013,18306
204019,18307
204023,18308
204047,18309
204059,18310
204067,18311
204101,18312
204107,18313
204133,18314
204137,18315
204143,18316
204151,18317
204161,18318
204163,18319
204173,18320
204233,18321
204251,18322
204299,18323
204301,18324
204311,18325
204319,18326
204329,18327
204331,18328
204353,18329
204359,18330
204361,18331
204367,18332
204371,18333
204377,18334
204397,18335
204427,18336
204431,18337
204437,18338
204439,18339
204443,18340
204461,18341
204481,18342
204487,18343
204509,18344
204511,18345
204517,18346
204521,18347
204557,18348
204563,18349
204583,18350
204587,18351
204599,18352
204601,18353
204613,18354
204623,18355
204641,18356
204667,18357
204679,18358
204707,18359
204719,18360
204733,18361
204749,18362
204751,18363
204781,18364
204791,18365
204793,18366
204797,18367
204803,18368
204821,18369
204857,18370
204859,18371
204871,18372
204887,18373
204913,18374
204917,18375
204923,18376
204931,18377
204947,18378
204973,18379
204979,18380
204983,18381
205019,18382
205031,18383
205033,18384
205043,18385
205063,18386
205069,18387
205081,18388
205097,18389
205103,18390
205111,18391
205129,18392
205133,18393
205141,18394
205151,18395
205157,18396
205171,18397
205187,18398
205201,18399
205211,18400
205213,18401
205223,18402
205237,18403
205253,18404
205267,18405
205297,18406
205307,18407
205319,18408
205327,18409
205339,18410
205357,18411
205391,18412
205397,18413
205399,18414
205417,18415
205421,18416
205423,18417
205427,18418
205433,18419
205441,18420
205453,18421
205463,18422
205477,18423
205483,18424
205487,18425
205493,18426
205507,18427
205519,18428
205529,18429
205537,18430
205549,18431
205553,18432
205559,18433
205589,18434
205603,18435
205607,18436
205619,18437
205627,18438
205633,18439
205651,18440
205657,18441
205661,18442
205663,18443
205703,18444
205721,18445
205759,18446
205763,18447
205783,18448
205817,18449
205823,18450
205837,18451
205847,18452
205879,18453
205883,18454
205913,18455
205937,18456
205949,18457
205951,18458
205957,18459
205963,18460
205967,18461
205981,18462
205991,18463
205993,18464
206009,18465
206021,18466
206027,18467
206033,18468
206039,18469
206047,18470
206051,18471
206069,18472
206077,18473
206081,18474
206083,18475
206123,18476
206153,18477
206177,18478
206179,18479
206183,18480
206191,18481
206197,18482
206203,18483
206209,18484
206221,18485
206233,18486
206237,18487
206249,18488
206251,18489
206263,18490
206273,18491
206279,18492
206281,18493
206291,18494
206299,18495
206303,18496
206341,18497
206347,18498
206351,18499
206369,18500
206383,18501
206399,18502
206407,18503
206411,18504
206413,18505
206419,18506
206447,18507
206461,18508
206467,18509
206477,18510
206483,18511
206489,18512
206501,18513
206519,18514
206527,18515
206543,18516
206551,18517
206593,18518
206597,18519
206603,18520
206623,18521
206627,18522
206639,18523
206641,18524
206651,18525
206699,18526
206749,18527
206779,18528
206783,18529
206803,18530
206807,18531
206813,18532
206819,18533
206821,18534
206827,18535
206879,18536
206887,18537
206897,18538
206909,18539
206911,18540
206917,18541
206923,18542
206933,18543
206939,18544
206951,18545
206953,18546
206993,18547
207013,18548
207017,18549
207029,18550
207037,18551
207041,18552
207061,18553
207073,18554
207079,18555
207113,18556
207121,18557
207127,18558
207139,18559
207169,18560
207187,18561
207191,18562
207197,18563
207199,18564
207227,18565
207239,18566
207241,18567
207257,18568
207269,18569
207287,18570
207293,18571
207301,18572
207307,18573
207329,18574
207331,18575
207341,18576
207343,18577
207367,18578
207371,18579
207377,18580
207401,18581
207409,18582
207433,18583
207443,18584
207457,18585
207463,18586
207469,18587
207479,18588
207481,18589
207491,18590
207497,18591
207509,18592
207511,18593
207517,18594
207521,18595
207523,18596
207541,18597
207547,18598
207551,18599
207563,18600
207569,18601
207589,18602
207593,18603
207619,18604
207629,18605
207643,18606
207653,18607
207661,18608
207671,18609
207673,18610
207679,18611
207709,18612
207719,18613
207721,18614
207743,18615
207763,18616
207769,18617
207797,18618
207799,18619
207811,18620
207821,18621
207833,18622
207847,18623
207869,18624
207877,18625
207923,18626
207931,18627
207941,18628
207947,18629
207953,18630
207967,18631
207971,18632
207973,18633
207997,18634
208001,18635
208003,18636
208009,18637
208037,18638
208049,18639
208057,18640
208067,18641
208073,18642
208099,18643
208111,18644
208121,18645
208129,18646
208139,18647
208141,18648
208147,18649
208189,18650
208207,18651
208213,18652
208217,18653
208223,18654
208231,18655
208253,18656
208261,18657
208277,18658
208279,18659
208283,18660
208291,18661
208309,18662
208319,18663
208333,18664
208337,18665
208367,18666
208379,18667
208387,18668
208391,18669
208393,18670
208409,18671
208433,18672
208441,18673
208457,18674
208459,18675
208463,18676
208469,18677
208489,18678
208493,18679
208499,18680
208501,18681
208511,18682
208513,18683
208519,18684
208529,18685
208553,18686
208577,18687
208589,18688
208591,18689
208609,18690
208627,18691
208631,18692
208657,18693
208667,18694
208673,18695
208687,18696
208697,18697
208699,18698
208721,18699
208729,18700
208739,18701
208759,18702
208787,18703
208799,18704
208807,18705
208837,18706
208843,18707
208877,18708
208889,18709
208891,18710
208907,18711
208927,18712
208931,18713
208933,18714
208961,18715
208963,18716
208991,18717
208993,18718
208997,18719
209021,18720
209029,18721
209039,18722
209063,18723
209071,18724
209089,18725
209123,18726
209147,18727
209159,18728
209173,18729
209179,18730
209189,18731
209201,18732
209203,18733
209213,18734
209221,18735
209227,18736
209233,18737
209249,18738
209257,18739
209263,18740
209267,18741
209269,18742
209299,18743
209311,18744
209317,18745
209327,18746
209333,18747
209347,18748
209353,18749
209357,18750
209359,18751
209371,18752
209381,18753
209393,18754
209401,18755
209431,18756
209441,18757
209449,18758
209459,18759
209471,18760
209477,18761
209497,18762
209519,18763
209533,18764
209543,18765
209549,18766
209563,18767
209567,18768
209569,18769
209579,18770
209581,18771
209597,18772
209621,18773
209623,18774
209639,18775
209647,18776
209659,18777
209669,18778
209687,18779
209701,18780
209707,18781
209717,18782
209719,18783
209743,18784
209767,18785
209771,18786
209789,18787
209801,18788
209809,18789
209813,18790
209819,18791
209821,18792
209837,18793
209851,18794
209857,18795
209861,18796
209887,18797
209917,18798
209927,18799
209929,18800
209939,18801
209953,18802
209959,18803
209971,18804
209977,18805
209983,18806
209987,18807
210011,18808
210019,18809
210031,18810
210037,18811
210053,18812
210071,18813
210097,18814
210101,18815
210109,18816
210113,18817
210127,18818
210131,18819
210139,18820
210143,18821
210157,18822
210169,18823
210173,18824
210187,18825
210191,18826
210193,18827
210209,18828
210229,18829
210233,18830
210241,18831
210247,18832
210257,18833
210263,18834
210277,18835
210283,18836
210299,18837
210317,18838
210319,18839
210323,18840
210347,18841
210359,18842
210361,18843
210391,18844
210401,18845
210403,18846
210407,18847
210421,18848
210437,18849
210461,18850
210467,18851
210481,18852
210487,18853
210491,18854
210499,18855
210523,18856
210527,18857
210533,18858
210557,18859
210599,18860
210601,18861
210619,18862
210631,18863
210643,18864
210659,18865
210671,18866
210709,18867
210713,18868
210719,18869
210731,18870
210739,18871
210761,18872
210773,18873
210803,18874
210809,18875
210811,18876
210823,18877
210827,18878
210839,18879
210853,18880
210857,18881
210869,18882
210901,18883
210907,18884
210911,18885
210913,18886
210923,18887
210929,18888
210943,18889
210961,18890
210967,18891
211007,18892
211039,18893
211049,18894
211051,18895
211061,18896
211063,18897
211067,18898
211073,18899
211093,18900
211097,18901
211129,18902
211151,18903
211153,18904
211177,18905
211187,18906
211193,18907
211199,18908
211213,18909
211217,18910
211219,18911
211229,18912
211231,18913
211241,18914
211247,18915
211271,18916
211283,18917
211291,18918
211297,18919
211313,18920
211319,18921
211333,18922
211339,18923
211349,18924
211369,18925
211373,18926
211403,18927
211427,18928
211433,18929
211441,18930
211457,18931
211469,18932
211493,18933
211499,18934
211501,18935
211507,18936
211543,18937
211559,18938
211571,18939
211573,18940
211583,18941
211597,18942
211619,18943
211639,18944
211643,18945
211657,18946
211661,18947
211663,18948
211681,18949
211691,18950
211693,18951
211711,18952
211723,18953
211727,18954
211741,18955
211747,18956
211777,18957
211781,18958
211789,18959
211801,18960
211811,18961
211817,18962
211859,18963
211867,18964
211873,18965
211877,18966
211879,18967
211889,18968
211891,18969
211927,18970
211931,18971
211933,18972
211943,18973
211949,18974
211969,18975
211979,18976
211997,18977
212029,18978
212039,18979
212057,18980
212081,18981
212099,18982
212117,18983
212123,18984
212131,18985
212141,18986
212161,18987
212167,18988
212183,18989
212203,18990
212207,18991
212209,18992
212227,18993
212239,18994
212243,18995
212281,18996
212293,18997
212297,18998
212353,18999
212369,19000
212383,19001
212411,19002
212419,19003
212423,19004
212437,19005
212447,19006
212453,19007
212461,19008
212467,19009
212479,19010
212501,19011
212507,19012
212557,19013
212561,19014
212573,19015
212579,19016
212587,19017
212593,19018
212627,19019
212633,19020
212651,19021
212669,19022
212671,19023
212677,19024
212683,19025
212701,19026
212777,19027
212791,19028
212801,19029
212827,19030
212837,19031
212843,19032
212851,19033
212867,19034
212869,19035
212873,19036
212881,19037
212897,19038
212903,19039
212909,19040
212917,19041
212923,19042
212969,19043
212981,19044
212987,19045
212999,19046
213019,19047
213023,19048
213029,19049
213043,19050
213067,19051
213079,19052
213091,19053
213097,19054
213119,19055
213131,19056
213133,19057
213139,19058
213149,19059
213173,19060
213181,19061
213193,19062
213203,19063
213209,19064
213217,19065
213223,19066
213229,19067
213247,19068
213253,19069
213263,19070
213281,19071
213287,19072
213289,19073
213307,19074
213319,19075
213329,19076
213337,19077
213349,19078
213359,19079
213361,19080
213383,19081
213391,19082
213397,19083
213407,19084
213449,19085
213461,19086
213467,19087
213481,19088
213491,19089
213523,19090
213533,19091
213539,19092
213553,19093
213557,19094
213589,19095
213599,19096
213611,19097
213613,19098
213623,19099
213637,19100
213641,19101
213649,19102
213659,19103
213713,19104
213721,19105
213727,19106
213737,19107
213751,19108
213791,19109
213799,19110
213821,19111
213827,19112
213833,19113
213847,19114
213859,19115
213881,19116
213887,19117
213901,19118
213919,19119
213929,19120
213943,19121
213947,19122
213949,19123
213953,19124
213973,19125
213977,19126
213989,19127
214003,19128
214007,19129
214009,19130
214021,19131
214031,19132
214033,19133
214043,19134
214051,19135
214063,19136
214069,19137
214087,19138
214091,19139
214129,19140
214133,19141
214141,19142
214147,19143
214163,19144
214177,19145
214189,19146
214211,19147
214213,19148
214219,19149
214237,19150
214243,19151
214259,19152
214283,19153
214297,19154
214309,19155
214351,19156
214363,19157
214373,19158
214381,19159
214391,19160
214399,19161
214433,19162
214439,19163
214451,19164
214457,19165
214463,19166
214469,19167
214481,19168
214483,19169
214499,19170
214507,19171
214517,19172
214519,19173
214531,19174
214541,19175
214559,19176
214561,19177
214589,19178
214603,19179
214607,19180
214631,19181
214639,19182
214651,19183
214657,19184
214663,19185
214667,19186
214673,19187
214691,19188
214723,19189
214729,19190
214733,19191
214741,19192
214759,19193
214763,19194
214771,19195
214783,19196
214787,19197
214789,19198
214807,19199
214811,19200
214817,19201
214831,19202
214849,19203
214853,19204
214867,19205
214883,19206
214891,19207
214913,19208
214939,19209
214943,19210
214967,19211
214987,19212
214993,19213
215051,19214
215063,19215
215077,19216
215087,19217
215123,19218
215141,19219
215143,19220
215153,19221
215161,19222
215179,19223
215183,19224
215191,19225
215197,19226
215239,19227
215249,19228
215261,19229
215273,19230
215279,19231
215297,19232
215309,19233
215317,19234
215329,19235
215351,19236
215353,19237
215359,19238
215381,19239
215389,19240
215393,19241
215399,19242
215417,19243
215443,19244
215447,19245
215459,19246
215461,19247
215471,19248
215483,19249
215497,19250
215503,19251
215507,19252
215521,19253
215531,19254
215563,19255
215573,19256
215587,19257
215617,19258
215653,19259
215659,19260
215681,19261
215687,19262
215689,19263
215693,19264
215723,19265
215737,19266
215753,19267
215767,19268
215771,19269
215797,19270
215801,19271
215827,19272
215833,19273
215843,19274
215851,19275
215857,19276
215863,19277
215893,19278
215899,19279
215909,19280
215921,19281
215927,19282
215939,19283
215953,19284
215959,19285
215981,19286
215983,19287
216023,19288
216037,19289
216061,19290
216071,19291
216091,19292
216103,19293
216107,19294
216113,19295
216119,19296
216127,19297
216133,19298
216149,19299
216157,19300
216173,19301
216179,19302
216211,19303
216217,19304
216233,19305
216259,19306
216263,19307
216289,19308
216317,19309
216319,19310
216329,19311
216347,19312
216371,19313
216373,19314
216379,19315
216397,19316
216401,19317
216421,19318
216431,19319
216451,19320
216481,19321
216493,19322
216509,19323
216523,19324
216551,19325
216553,19326
216569,19327
216571,19328
216577,19329
216607,19330
216617,19331
216641,19332
216647,19333
216649,19334
216653,19335
216661,19336
216679,19337
216703,19338
216719,19339
216731,19340
216743,19341
216751,19342
216757,19343
216761,19344
216779,19345
216781,19346
216787,19347
216791,19348
216803,19349
216829,19350
216841,19351
216851,19352
216859,19353
216877,19354
216899,19355
216901,19356
216911,19357
216917,19358
216919,19359
216947,19360
216967,19361
216973,19362
216991,19363
217001,19364
217003,19365
217027,19366
217033,19367
217057,19368
217069,19369
217081,19370
217111,19371
217117,19372
217121,19373
217157,19374
217163,19375
217169,19376
217199,19377
217201,19378
217207,19379
217219,19380
217223,19381
217229,19382
217241,19383
217253,19384
217271,19385
217307,19386
217309,19387
217313,19388
217319,19389
217333,19390
217337,19391
217339,19392
217351,19393
217361,19394
217363,19395
217367,19396
217369,19397
217387,19398
217397,19399
217409,19400
217411,19401
217421,19402
217429,19403
217439,19404
217457,19405
217463,19406
217489,19407
217499,19408
217517,19409
217519,19410
217559,19411
217561,19412
217573,19413
217577,19414
217579,19415
217619,19416
217643,19417
217661,19418
217667,19419
217681,19420
217687,19421
217691,19422
217697,19423
217717,19424
217727,19425
217733,19426
217739,19427
217747,19428
217771,19429
217781,19430
217793,19431
217823,19432
217829,19433
217849,19434
217859,19435
217901,19436
217907,19437
217909,19438
217933,19439
217937,19440
217969,19441
217979,19442
217981,19443
218003,19444
218021,19445
218047,19446
218069,19447
218077,19448
218081,19449
218083,19450
218087,19451
218107,19452
218111,19453
218117,19454
218131,19455
218137,19456
218143,19457
218149,19458
218171,19459
218191,19460
218213,19461
218227,19462
218233,19463
218249,19464
218279,19465
218287,19466
218357,19467
218363,19468
218371,19469
218381,19470
218389,19471
218401,19472
218417,19473
218419,19474
218423,19475
218437,19476
218447,19477
218453,19478
218459,19479
218461,19480
218479,19481
218509,19482
218513,19483
218521,19484
218527,19485
218531,19486
218549,19487
218551,19488
218579,19489
218591,19490
218599,19491
218611,19492
218623,19493
218627,19494
218629,19495
218641,19496
218651,19497
218657,19498
218677,19499
218681,19500
218711,19501
218717,19502
218719,19503
218723,19504
218737,19505
218749,19506
218761,19507
218783,19508
218797,19509
218809,19510
218819,19511
218833,19512
218839,19513
218843,19514
218849,19515
218857,19516
218873,19517
218887,19518
218923,19519
218941,19520
218947,19521
218963,19522
218969,19523
218971,19524
218987,19525
218989,19526
218993,19527
219001,19528
219017,19529
219019,19530
219031,19531
219041,19532
219053,19533
219059,19534
219071,19535
219083,19536
219091,19537
219097,19538
219103,19539
219119,19540
219133,19541
219143,19542
219169,19543
219187,19544
219217,19545
219223,19546
219251,19547
219277,19548
219281,19549
219293,19550
219301,19551
219311,19552
219313,19553
219353,19554
219361,19555
219371,19556
219377,19557
219389,19558
219407,19559
219409,19560
219433,19561
219437,19562
219451,19563
219463,19564
219467,19565
219491,19566
219503,19567
219517,19568
219523,19569
219529,19570
219533,19571
219547,19572
219577,19573
219587,19574
219599,19575
219607,19576
219613,19577
219619,19578
219629,19579
219647,19580
219649,19581
219677,19582
219679,19583
219683,19584
219689,19585
219707,19586
219721,19587
219727,19588
219731,19589
219749,19590
219757,19591
219761,19592
219763,19593
219767,19594
219787,19595
219797,19596
219799,19597
219809,19598
219823,19599
219829,19600
219839,19601
219847,19602
219851,19603
219871,19604
219881,19605
219889,19606
219911,19607
219917,19608
219931,19609
219937,19610
219941,19611
219943,19612
219953,19613
219959,19614
219971,19615
219977,19616
219979,19617
219983,19618
220009,19619
220013,19620
220019,19621
220021,19622
220057,19623
220063,19624
220123,19625
220141,19626
220147,19627
220151,19628
220163,19629
220169,19630
220177,19631
220189,19632
220217,19633
220243,19634
220279,19635
220291,19636
220301,19637
220307,19638
220327,19639
220333,19640
220351,19641
220357,19642
220361,19643
220369,19644
220373,19645
220391,19646
220399,19647
220403,19648
220411,19649
220421,19650
220447,19651
220469,19652
220471,19653
220511,19654
220513,19655
220529,19656
220537,19657
220543,19658
220553,19659
220559,19660
220573,19661
220579,19662
220589,19663
220613,19664
220663,19665
220667,19666
220673,19667
220681,19668
220687,19669
220699,19670
220709,19671
220721,19672
220747,19673
220757,19674
220771,19675
220783,19676
220789,19677
220793,19678
220807,19679
220811,19680
220841,19681
220859,19682
220861,19683
220873,19684
220877,19685
220879,19686
220889,19687
220897,19688
220901,19689
220903,19690
220907,19691
220919,19692
220931,19693
220933,19694
220939,19695
220973,19696
221021,19697
221047,19698
221059,19699
221069,19700
221071,19701
221077,19702
221083,19703
221087,19704
221093,19705
221101,19706
221159,19707
221171,19708
221173,19709
221197,19710
221201,19711
221203,19712
221209,19713
221219,19714
221227,19715
221233,19716
221239,19717
221251,19718
221261,19719
221281,19720
221303,19721
221311,19722
221317,19723
221327,19724
221393,19725
221399,19726
221401,19727
221411,19728
221413,19729
221447,19730
221453,19731
221461,19732
221471,19733
221477,19734
221489,19735
221497,19736
221509,19737
221537,19738
221539,19739
221549,19740
221567,19741
221581,19742
221587,19743
221603,19744
221621,19745
221623,19746
221653,19747
221657,19748
221659,19749
221671,19750
221677,19751
221707,19752
221713,19753
221717,19754
221719,19755
221723,19756
221729,19757
221737,19758
221747,19759
221773,19760
221797,19761
221807,19762
221813,19763
221827,19764
221831,19765
221849,19766
221873,19767
221891,19768
221909,19769
221941,19770
221951,19771
221953,19772
221957,19773
221987,19774
221989,19775
221999,19776
222007,19777
222011,19778
222023,19779
222029,19780
222041,19781
222043,19782
222059,19783
222067,19784
222073,19785
222107,19786
222109,19787
222113,19788
222127,19789
222137,19790
222149,19791
222151,19792
222161,19793
222163,19794
222193,19795
222197,19796
222199,19797
222247,19798
222269,19799
222289,19800
222293,19801
222311,19802
222317,19803
222323,19804
222329,19805
222337,19806
222347,19807
222349,19808
222361,19809
222367,19810
222379,19811
222389,19812
222403,19813
222419,19814
222437,19815
222461,19816
222493,19817
222499,19818
222511,19819
222527,19820
222533,19821
222553,19822
222557,19823
222587,19824
222601,19825
222613,19826
222619,19827
222643,19828
222647,19829
222659,19830
222679,19831
222707,19832
222713,19833
222731,19834
222773,19835
222779,19836
222787,19837
222791,19838
222793,19839
222799,19840
222823,19841
222839,19842
222841,19843
222857,19844
222863,19845
222877,19846
222883,19847
222913,19848
222919,19849
222931,19850
222941,19851
222947,19852
222953,19853
222967,19854
222977,19855
222979,19856
222991,19857
223007,19858
223009,19859
223019,19860
223037,19861
223049,19862
223051,19863
223061,19864
223063,19865
223087,19866
223099,19867
223103,19868
223129,19869
223133,19870
223151,19871
223207,19872
223211,19873
223217,19874
223219,19875
223229,19876
223241,19877
223243,19878
223247,19879
223253,19880
223259,19881
223273,19882
223277,19883
223283,19884
223291,19885
223303,19886
223313,19887
223319,19888
223331,19889
223337,19890
223339,19891
223361,19892
223367,19893
223381,19894
223403,19895
223423,19896
223429,19897
223439,19898
223441,19899
223463,19900
223469,19901
223481,19902
223493,19903
223507,19904
223529,19905
223543,19906
223547,19907
223549,19908
223577,19909
223589,19910
223621,19911
223633,19912
223637,19913
223667,19914
223679,19915
223681,19916
223697,19917
223711,19918
223747,19919
223753,19920
223757,19921
223759,19922
223781,19923
223823,19924
223829,19925
223831,19926
223837,19927
223841,19928
223843,19929
223849,19930
223903,19931
223919,19932
223921,19933
223939,19934
223963,19935
223969,19936
223999,19937
224011,19938
224027,19939
224033,19940
224041,19941
224047,19942
224057,19943
224069,19944
224071,19945
224101,19946
224113,19947
224129,19948
224131,19949
224149,19950
224153,19951
224171,19952
224177,19953
224197,19954
224201,19955
224209,19956
224221,19957
224233,19958
224239,19959
224251,19960
224261,19961
224267,19962
224291,19963
224299,19964
224303,19965
224309,19966
224317,19967
224327,19968
224351,19969
224359,19970
224363,19971
224401,19972
224423,19973
224429,19974
224443,19975
224449,19976
224461,19977
224467,19978
224473,19979
224491,19980
224501,19981
224513,19982
224527,19983
224563,19984
224569,19985
224579,19986
224591,19987
224603,19988
224611,19989
224617,19990
224629,19991
224633,19992
224669,19993
224677,19994
224683,19995
224699,19996
224711,19997
224717,19998
224729,19999
224737,20000
224743,20001
224759,20002
224771,20003
224797,20004
224813,20005
224831,20006
224863,20007
224869,20008
224881,20009
224891,20010
224897,20011
224909,20012
224911,20013
224921,20014
224929,20015
224947,20016
224951,20017
224969,20018
224977,20019
224993,20020
225023,20021
225037,20022
225061,20023
225067,20024
225077,20025
225079,20026
225089,20027
225109,20028
225119,20029
225133,20030
225143,20031
225149,20032
225157,20033
225161,20034
225163,20035
225167,20036
225217,20037
225221,20038
225223,20039
225227,20040
225241,20041
225257,20042
225263,20043
225287,20044
225289,20045
225299,20046
225307,20047
225341,20048
225343,20049
225347,20050
225349,20051
225353,20052
225371,20053
225373,20054
225383,20055
225427,20056
225431,20057
225457,20058
225461,20059
225479,20060
225493,20061
225499,20062
225503,20063
225509,20064
225523,20065
225527,20066
225529,20067
225569,20068
225581,20069
225583,20070
225601,20071
225611,20072
225613,20073
225619,20074
225629,20075
225637,20076
225671,20077
225683,20078
225689,20079
225697,20080
225721,20081
225733,20082
225749,20083
225751,20084
225767,20085
225769,20086
225779,20087
225781,20088
225809,20089
225821,20090
225829,20091
225839,20092
225859,20093
225871,20094
225889,20095
225919,20096
225931,20097
225941,20098
225943,20099
225949,20100
225961,20101
225977,20102
225983,20103
225989,20104
226001,20105
226007,20106
226013,20107
226027,20108
226063,20109
226087,20110
226099,20111
226103,20112
226123,20113
226129,20114
226133,20115
226141,20116
226169,20117
226183,20118
226189,20119
226199,20120
226201,20121
226217,20122
226231,20123
226241,20124
226267,20125
226283,20126
226307,20127
226313,20128
226337,20129
226357,20130
226367,20131
226379,20132
226381,20133
226397,20134
226409,20135
226427,20136
226433,20137
226451,20138
226453,20139
226463,20140
226483,20141
226487,20142
226511,20143
226531,20144
226547,20145
226549,20146
226553,20147
226571,20148
226601,20149
226609,20150
226621,20151
226631,20152
226637,20153
226643,20154
226649,20155
226657,20156
226663,20157
226669,20158
226691,20159
226697,20160
226741,20161
226753,20162
226769,20163
226777,20164
226783,20165
226789,20166
226799,20167
226813,20168
226817,20169
226819,20170
226823,20171
226843,20172
226871,20173
226901,20174
226903,20175
226907,20176
226913,20177
226937,20178
226943,20179
226991,20180
227011,20181
227027,20182
227053,20183
227081,20184
227089,20185
227093,20186
227111,20187
227113,20188
227131,20189
227147,20190
227153,20191
227159,20192
227167,20193
227177,20194
227189,20195
227191,20196
227207,20197
227219,20198
227231,20199
227233,20200
227251,20201
227257,20202
227267,20203
227281,20204
227299,20205
227303,20206
227363,20207
227371,20208
227377,20209
227387,20210
227393,20211
227399,20212
227407,20213
227419,20214
227431,20215
227453,20216
227459,20217
227467,20218
227471,20219
227473,20220
227489,20221
227497,20222
227501,20223
227519,20224
227531,20225
227533,20226
227537,20227
227561,20228
227567,20229
227569,20230
227581,20231
227593,20232
227597,20233
227603,20234
227609,20235
227611,20236
227627,20237
227629,20238
227651,20239
227653,20240
227663,20241
227671,20242
227693,20243
227699,20244
227707,20245
227719,20246
227729,20247
227743,20248
227789,20249
227797,20250
227827,20251
227849,20252
227869,20253
227873,20254
227893,20255
227947,20256
227951,20257
227977,20258
227989,20259
227993,20260
228013,20261
228023,20262
228049,20263
228061,20264
228077,20265
228097,20266
228103,20267
228113,20268
228127,20269
228131,20270
228139,20271
228181,20272
228197,20273
228199,20274
228203,20275
228211,20276
228223,20277
228233,20278
228251,20279
228257,20280
228281,20281
228299,20282
228301,20283
228307,20284
228311,20285
228331,20286
228337,20287
228341,20288
228353,20289
228359,20290
228383,20291
228409,20292
228419,20293
228421,20294
228427,20295
228443,20296
228451,20297
228457,20298
228461,20299
228469,20300
228479,20301
228509,20302
228511,20303
228517,20304
228521,20305
228523,20306
228539,20307
228559,20308
228577,20309
228581,20310
228587,20311
228593,20312
228601,20313
228611,20314
228617,20315
228619,20316
228637,20317
228647,20318
228677,20319
228707,20320
228713,20321
228731,20322
228733,20323
228737,20324
228751,20325
228757,20326
228773,20327
228793,20328
228797,20329
228799,20330
228829,20331
228841,20332
228847,20333
228853,20334
228859,20335
228869,20336
228881,20337
228883,20338
228887,20339
228901,20340
228911,20341
228913,20342
228923,20343
228929,20344
228953,20345
228959,20346
228961,20347
228983,20348
228989,20349
229003,20350
229027,20351
229037,20352
229081,20353
229093,20354
229123,20355
229127,20356
229133,20357
229139,20358
229153,20359
229157,20360
229171,20361
229181,20362
229189,20363
229199,20364
229213,20365
229217,20366
229223,20367
229237,20368
229247,20369
229249,20370
229253,20371
229261,20372
229267,20373
229283,20374
229309,20375
229321,20376
229343,20377
229351,20378
229373,20379
229393,20380
229399,20381
229403,20382
229409,20383
229423,20384
229433,20385
229459,20386
229469,20387
229487,20388
229499,20389
229507,20390
229519,20391
229529,20392
229547,20393
229549,20394
229553,20395
229561,20396
229583,20397
229589,20398
229591,20399
229601,20400
229613,20401
229627,20402
229631,20403
229637,20404
229639,20405
229681,20406
229693,20407
229699,20408
229703,20409
229711,20410
229717,20411
229727,20412
229739,20413
229751,20414
229753,20415
229759,20416
229763,20417
229769,20418
229771,20419
229777,20420
229781,20421
229799,20422
229813,20423
229819,20424
229837,20425
229841,20426
229847,20427
229849,20428
229897,20429
229903,20430
229937,20431
229939,20432
229949,20433
229961,20434
229963,20435
229979,20436
229981,20437
230003,20438
230017,20439
230047,20440
230059,20441
230063,20442
230077,20443
230081,20444
230089,20445
230101,20446
230107,20447
230117,20448
230123,20449
230137,20450
230143,20451
230149,20452
230189,20453
230203,20454
230213,20455
230221,20456
230227,20457
230233,20458
230239,20459
230257,20460
230273,20461
230281,20462
230291,20463
230303,20464
230309,20465
230311,20466
230327,20467
230339,20468
230341,20469
230353,20470
230357,20471
230369,20472
230383,20473
230387,20474
230389,20475
230393,20476
230431,20477
230449,20478
230453,20479
230467,20480
230471,20481
230479,20482
230501,20483
230507,20484
230539,20485
230551,20486
230561,20487
230563,20488
230567,20489
230597,20490
230611,20491
230647,20492
230653,20493
230663,20494
230683,20495
230693,20496
230719,20497
230729,20498
230743,20499
230761,20500
230767,20501
230771,20502
230773,20503
230779,20504
230807,20505
230819,20506
230827,20507
230833,20508
230849,20509
230861,20510
230863,20511
230873,20512
230891,20513
230929,20514
230933,20515
230939,20516
230941,20517
230959,20518
230969,20519
230977,20520
230999,20521
231001,20522
231017,20523
231019,20524
231031,20525
231041,20526
231053,20527
231067,20528
231079,20529
231107,20530
231109,20531
231131,20532
231169,20533
231197,20534
231223,20535
231241,20536
231269,20537
231271,20538
231277,20539
231289,20540
231293,20541
231299,20542
231317,20543
231323,20544
231331,20545
231347,20546
231349,20547
231359,20548
231367,20549
231379,20550
231409,20551
231419,20552
231431,20553
231433,20554
231443,20555
231461,20556
231463,20557
231479,20558
231481,20559
231493,20560
231503,20561
231529,20562
231533,20563
231547,20564
231551,20565
231559,20566
231563,20567
231571,20568
231589,20569
231599,20570
231607,20571
231611,20572
231613,20573
231631,20574
231643,20575
231661,20576
231677,20577
231701,20578
231709,20579
231719,20580
231779,20581
231799,20582
231809,20583
231821,20584
231823,20585
231827,20586
231839,20587
231841,20588
231859,20589
231871,20590
231877,20591
231893,20592
231901,20593
231919,20594
231923,20595
231943,20596
231947,20597
231961,20598
231967,20599
232003,20600
232007,20601
232013,20602
232049,20603
232051,20604
232073,20605
232079,20606
232081,20607
232091,20608
232103,20609
232109,20610
232117,20611
232129,20612
232153,20613
232171,20614
232187,20615
232189,20616
232207,20617
232217,20618
232259,20619
232303,20620
232307,20621
232333,20622
232357,20623
232363,20624
232367,20625
232381,20626
232391,20627
232409,20628
232411,20629
232417,20630
232433,20631
232439,20632
232451,20633
232457,20634
232459,20635
232487,20636
232499,20637
232513,20638
232523,20639
232549,20640
232567,20641
232571,20642
232591,20643
232597,20644
232607,20645
232621,20646
232633,20647
232643,20648
232663,20649
232669,20650
232681,20651
232699,20652
232709,20653
232711,20654
232741,20655
232751,20656
232753,20657
232777,20658
232801,20659
232811,20660
232819,20661
232823,20662
232847,20663
232853,20664
232861,20665
232871,20666
232877,20667
232891,20668
232901,20669
232907,20670
232919,20671
232937,20672
232961,20673
232963,20674
232987,20675
233021,20676
233069,20677
233071,20678
233083,20679
233113,20680
233117,20681
233141,20682
233143,20683
233159,20684
233161,20685
233173,20686
233183,20687
233201,20688
233221,20689
233231,20690
233239,20691
233251,20692
233267,20693
233279,20694
233293,20695
233297,20696
233323,20697
233327,20698
233329,20699
233341,20700
233347,20701
233353,20702
233357,20703
233371,20704
233407,20705
233417,20706
233419,20707
233423,20708
233437,20709
233477,20710
233489,20711
233509,20712
233549,20713
233551,20714
233557,20715
233591,20716
233599,20717
233609,20718
233617,20719
233621,20720
233641,20721
233663,20722
233669,20723
233683,20724
233687,20725
233689,20726
233693,20727
233713,20728
233743,20729
233747,20730
233759,20731
233777,20732
233837,20733
233851,20734
233861,20735
233879,20736
233881,20737
233911,20738
233917,20739
233921,20740
233923,20741
233939,20742
233941,20743
233969,20744
233983,20745
233993,20746
234007,20747
234029,20748
234043,20749
234067,20750
234083,20751
234089,20752
234103,20753
234121,20754
234131,20755
234139,20756
234149,20757
234161,20758
234167,20759
234181,20760
234187,20761
234191,20762
234193,20763
234197,20764
234203,20765
234211,20766
234217,20767
234239,20768
234259,20769
234271,20770
234281,20771
234287,20772
234293,20773
234317,20774
234319,20775
234323,20776
234331,20777
234341,20778
234343,20779
234361,20780
234383,20781
234431,20782
234457,20783
234461,20784
234463,20785
234467,20786
234473,20787
234499,20788
234511,20789
234527,20790
234529,20791
234539,20792
234541,20793
234547,20794
234571,20795
234587,20796
234589,20797
234599,20798
234613,20799
234629,20800
234653,20801
234659,20802
234673,20803
234683,20804
234713,20805
234721,20806
234727,20807
234733,20808
234743,20809
234749,20810
234769,20811
234781,20812
234791,20813
234799,20814
234803,20815
234809,20816
234811,20817
234833,20818
234847,20819
234851,20820
234863,20821
234869,20822
234893,20823
234907,20824
234917,20825
234931,20826
234947,20827
234959,20828
234961,20829
234967,20830
234977,20831
234979,20832
234989,20833
235003,20834
235007,20835
235009,20836
235013,20837
235043,20838
235051,20839
235057,20840
235069,20841
235091,20842
235099,20843
235111,20844
235117,20845
235159,20846
235171,20847
235177,20848
235181,20849
235199,20850
235211,20851
235231,20852
235241,20853
235243,20854
235273,20855
235289,20856
235307,20857
235309,20858
235337,20859
235349,20860
235369,20861
235397,20862
235439,20863
235441,20864
235447,20865
235483,20866
235489,20867
235493,20868
235513,20869
235519,20870
235523,20871
235537,20872
235541,20873
235553,20874
235559,20875
235577,20876
235591,20877
235601,20878
235607,20879
235621,20880
235661,20881
235663,20882
235673,20883
235679,20884
235699,20885
235723,20886
235747,20887
235751,20888
235783,20889
235787,20890
235789,20891
235793,20892
235811,20893
235813,20894
235849,20895
235871,20896
235877,20897
235889,20898
235891,20899
235901,20900
235919,20901
235927,20902
235951,20903
235967,20904
235979,20905
235997,20906
236017,20907
236021,20908
236053,20909
236063,20910
236069,20911
236077,20912
236087,20913
236107,20914
236111,20915
236129,20916
236143,20917
236153,20918
236167,20919
236207,20920
236209,20921
236219,20922
236231,20923
236261,20924
236287,20925
236293,20926
236297,20927
236323,20928
236329,20929
236333,20930
236339,20931
236377,20932
236381,20933
236387,20934
236399,20935
236407,20936
236429,20937
236449,20938
236461,20939
236471,20940
236477,20941
236479,20942
236503,20943
236507,20944
236519,20945
236527,20946
236549,20947
236563,20948
236573,20949
236609,20950
236627,20951
236641,20952
236653,20953
236659,20954
236681,20955
236699,20956
236701,20957
236707,20958
236713,20959
236723,20960
236729,20961
236737,20962
236749,20963
236771,20964
236773,20965
236779,20966
236783,20967
236807,20968
236813,20969
236867,20970
236869,20971
236879,20972
236881,20973
236891,20974
236893,20975
236897,20976
236909,20977
236917,20978
236947,20979
236981,20980
236983,20981
236993,20982
237011,20983
237019,20984
237043,20985
237053,20986
237067,20987
237071,20988
237073,20989
237089,20990
237091,20991
237137,20992
237143,20993
237151,20994
237157,20995
237161,20996
237163,20997
237173,20998
237179,20999
237203,21000
237217,21001
237233,21002
237257,21003
237271,21004
237277,21005
237283,21006
237287,21007
237301,21008
237313,21009
237319,21010
237331,21011
237343,21012
237361,21013
237373,21014
237379,21015
237401,21016
237409,21017
237467,21018
237487,21019
237509,21020
237547,21021
237563,21022
237571,21023
237581,21024
237607,21025
237619,21026
237631,21027
237673,21028
237683,21029
237689,21030
237691,21031
237701,21032
237707,21033
237733,21034
237737,21035
237749,21036
237763,21037
237767,21038
237781,21039
237791,21040
237821,21041
237851,21042
237857,21043
237859,21044
237877,21045
237883,21046
237901,21047
237911,21048
237929,21049
237959,21050
237967,21051
237971,21052
237973,21053
237977,21054
237997,21055
238001,21056
238009,21057
238019,21058
238031,21059
238037,21060
238039,21061
238079,21062
238081,21063
238093,21064
238099,21065
238103,21066
238109,21067
238141,21068
238151,21069
238157,21070
238159,21071
238163,21072
238171,21073
238181,21074
238201,21075
238207,21076
238213,21077
238223,21078
238229,21079
238237,21080
238247,21081
238261,21082
238267,21083
238291,21084
238307,21085
238313,21086
238321,21087
238331,21088
238339,21089
238361,21090
238363,21091
238369,21092
238373,21093
238397,21094
238417,21095
238423,21096
238439,21097
238451,21098
238463,21099
238471,21100
238477,21101
238481,21102
238499,21103
238519,21104
238529,21105
238531,21106
238547,21107
238573,21108
238591,21109
238627,21110
238639,21111
238649,21112
238657,21113
238673,21114
238681,21115
238691,21116
238703,21117
238709,21118
238723,21119
238727,21120
238729,21121
238747,21122
238759,21123
238781,21124
238789,21125
238801,21126
238829,21127
238837,21128
238841,21129
238853,21130
238859,21131
238877,21132
238879,21133
238883,21134
238897,21135
238919,21136
238921,21137
238939,21138
238943,21139
238949,21140
238967,21141
238991,21142
239017,21143
239023,21144
239027,21145
239053,21146
239069,21147
239081,21148
239087,21149
239119,21150
239137,21151
239147,21152
239167,21153
239171,21154
239179,21155
239201,21156
239231,21157
239233,21158
239237,21159
239243,21160
239251,21161
239263,21162
239273,21163
239287,21164
239297,21165
239329,21166
239333,21167
239347,21168
239357,21169
239383,21170
239387,21171
239389,21172
239417,21173
239423,21174
239429,21175
239431,21176
239441,21177
239461,21178
239489,21179
239509,21180
239521,21181
239527,21182
239531,21183
239539,21184
239543,21185
239557,21186
239567,21187
239579,21188
239587,21189
239597,21190
239611,21191
239623,21192
239633,21193
239641,21194
239671,21195
239689,21196
239699,21197
239711,21198
239713,21199
239731,21200
239737,21201
239753,21202
239779,21203
239783,21204
239803,21205
239807,21206
239831,21207
239843,21208
239849,21209
239851,21210
239857,21211
239873,21212
239879,21213
239893,21214
239929,21215
239933,21216
239947,21217
239957,21218
239963,21219
239977,21220
239999,21221
240007,21222
240011,21223
240017,21224
240041,21225
240043,21226
240047,21227
240049,21228
240059,21229
240073,21230
240089,21231
240101,21232
240109,21233
240113,21234
240131,21235
240139,21236
240151,21237
240169,21238
240173,21239
240197,21240
240203,21241
240209,21242
240257,21243
240259,21244
240263,21245
240271,21246
240283,21247
240287,21248
240319,21249
240341,21250
240347,21251
240349,21252
240353,21253
240371,21254
240379,21255
240421,21256
240433,21257
240437,21258
240473,21259
240479,21260
240491,21261
240503,21262
240509,21263
240517,21264
240551,21265
240571,21266
240587,21267
240589,21268
240599,21269
240607,21270
240623,21271
240631,21272
240641,21273
240659,21274
240677,21275
240701,21276
240707,21277
240719,21278
240727,21279
240733,21280
240739,21281
240743,21282
240763,21283
240769,21284
240797,21285
240811,21286
240829,21287
240841,21288
240853,21289
240859,21290
240869,21291
240881,21292
240883,21293
240893,21294
240899,21295
240913,21296
240943,21297
240953,21298
240959,21299
240967,21300
240997,21301
241013,21302
241027,21303
241037,21304
241049,21305
241051,21306
241061,21307
241067,21308
241069,21309
241079,21310
241093,21311
241117,21312
241127,21313
241141,21314
241169,21315
241177,21316
241183,21317
241207,21318
241229,21319
241249,21320
241253,21321
241259,21322
241261,21323
241271,21324
241291,21325
241303,21326
241313,21327
241321,21328
241327,21329
241333,21330
241337,21331
241343,21332
241361,21333
241363,21334
241391,21335
241393,21336
241421,21337
241429,21338
241441,21339
241453,21340
241463,21341
241469,21342
241489,21343
241511,21344
241513,21345
241517,21346
241537,21347
241543,21348
241559,21349
241561,21350
241567,21351
241589,21352
241597,21353
241601,21354
241603,21355
241639,21356
241643,21357
241651,21358
241663,21359
241667,21360
241679,21361
241687,21362
241691,21363
241711,21364
241727,21365
241739,21366
241771,21367
241781,21368
241783,21369
241793,21370
241807,21371
241811,21372
241817,21373
241823,21374
241847,21375
241861,21376
241867,21377
241873,21378
241877,21379
241883,21380
241903,21381
241907,21382
241919,21383
241921,21384
241931,21385
241939,21386
241951,21387
241963,21388
241973,21389
241979,21390
241981,21391
241993,21392
242009,21393
242057,21394
242059,21395
242069,21396
242083,21397
242093,21398
242101,21399
242119,21400
242129,21401
242147,21402
242161,21403
242171,21404
242173,21405
242197,21406
242201,21407
242227,21408
242243,21409
242257,21410
242261,21411
242273,21412
242279,21413
242309,21414
242329,21415
242357,21416
242371,21417
242377,21418
242393,21419
242399,21420
242413,21421
242419,21422
242441,21423
242447,21424
242449,21425
242453,21426
242467,21427
242479,21428
242483,21429
242491,21430
242509,21431
242519,21432
242521,21433
242533,21434
242551,21435
242591,21436
242603,21437
242617,21438
242621,21439
242629,21440
242633,21441
242639,21442
242647,21443
242659,21444
242677,21445
242681,21446
242689,21447
242713,21448
242729,21449
242731,21450
242747,21451
242773,21452
242779,21453
242789,21454
242797,21455
242807,21456
242813,21457
242819,21458
242863,21459
242867,21460
242873,21461
242887,21462
242911,21463
242923,21464
242927,21465
242971,21466
242989,21467
242999,21468
243011,21469
243031,21470
243073,21471
243077,21472
243091,21473
243101,21474
243109,21475
243119,21476
243121,21477
243137,21478
243149,21479
243157,21480
243161,21481
243167,21482
243197,21483
243203,21484
243209,21485
243227,21486
243233,21487
243239,21488
243259,21489
243263,21490
243301,21491
243311,21492
243343,21493
243367,21494
243391,21495
243401,21496
243403,21497
243421,21498
243431,21499
243433,21500
243437,21501
243461,21502
243469,21503
243473,21504
243479,21505
243487,21506
243517,21507
243521,21508
243527,21509
243533,21510
243539,21511
243553,21512
243577,21513
243583,21514
243587,21515
243589,21516
243613,21517
243623,21518
243631,21519
243643,21520
243647,21521
243671,21522
243673,21523
243701,21524
243703,21525
243707,21526
243709,21527
243769,21528
243781,21529
243787,21530
243799,21531
243809,21532
243829,21533
243839,21534
243851,21535
243857,21536
243863,21537
243871,21538
243889,21539
243911,21540
243917,21541
243931,21542
243953,21543
243973,21544
243989,21545
244003,21546
244009,21547
244021,21548
244033,21549
244043,21550
244087,21551
244091,21552
244109,21553
244121,21554
244129,21555
244141,21556
244147,21557
244157,21558
244159,21559
244177,21560
244199,21561
244217,21562
244219,21563
244243,21564
244247,21565
244253,21566
244261,21567
244291,21568
244297,21569
244301,21570
244303,21571
244313,21572
244333,21573
244339,21574
244351,21575
244357,21576
244367,21577
244379,21578
244381,21579
244393,21580
244399,21581
244403,21582
244411,21583
244423,21584
244429,21585
244451,21586
244457,21587
244463,21588
244471,21589
244481,21590
244493,21591
244507,21592
244529,21593
244547,21594
244553,21595
244561,21596
244567,21597
244583,21598
244589,21599
244597,21600
244603,21601
244619,21602
244633,21603
244637,21604
244639,21605
244667,21606
244669,21607
244687,21608
244691,21609
244703,21610
244711,21611
244721,21612
244733,21613
244747,21614
244753,21615
244759,21616
244781,21617
244787,21618
244813,21619
244837,21620
244841,21621
244843,21622
244859,21623
244861,21624
244873,21625
244877,21626
244889,21627
244897,21628
244901,21629
244939,21630
244943,21631
244957,21632
244997,21633
245023,21634
245029,21635
245033,21636
245039,21637
245071,21638
245083,21639
245087,21640
245107,21641
245129,21642
245131,21643
245149,21644
245171,21645
245173,21646
245177,21647
245183,21648
245209,21649
245251,21650
245257,21651
245261,21652
245269,21653
245279,21654
245291,21655
245299,21656
245317,21657
245321,21658
245339,21659
245383,21660
245389,21661
245407,21662
245411,21663
245417,21664
245419,21665
245437,21666
245471,21667
245473,21668
245477,21669
245501,21670
245513,21671
245519,21672
245521,21673
245527,21674
245533,21675
245561,21676
245563,21677
245587,21678
245591,21679
245593,21680
245621,21681
245627,21682
245629,21683
245639,21684
245653,21685
245671,21686
245681,21687
245683,21688
245711,21689
245719,21690
245723,21691
245741,21692
245747,21693
245753,21694
245759,21695
245771,21696
245783,21697
245789,21698
245821,21699
245849,21700
245851,21701
245863,21702
245881,21703
245897,21704
245899,21705
245909,21706
245911,21707
245941,21708
245963,21709
245977,21710
245981,21711
245983,21712
245989,21713
246011,21714
246017,21715
246049,21716
246073,21717
246097,21718
246119,21719
246121,21720
246131,21721
246133,21722
246151,21723
246167,21724
246173,21725
246187,21726
246193,21727
246203,21728
246209,21729
246217,21730
246223,21731
246241,21732
246247,21733
246251,21734
246271,21735
246277,21736
246289,21737
246317,21738
246319,21739
246329,21740
246343,21741
246349,21742
246361,21743
246371,21744
246391,21745
246403,21746
246439,21747
246469,21748
246473,21749
246497,21750
246509,21751
246511,21752
246523,21753
246527,21754
246539,21755
246557,21756
246569,21757
246577,21758
246599,21759
246607,21760
246611,21761
246613,21762
246637,21763
246641,21764
246643,21765
246661,21766
246683,21767
246689,21768
246707,21769
246709,21770
246713,21771
246731,21772
246739,21773
246769,21774
246773,21775
246781,21776
246787,21777
246793,21778
246803,21779
246809,21780
246811,21781
246817,21782
246833,21783
246839,21784
246889,21785
246899,21786
246907,21787
246913,21788
246919,21789
246923,21790
246929,21791
246931,21792
246937,21793
246941,21794
246947,21795
246971,21796
246979,21797
247001,21798
247007,21799
247031,21800
247067,21801
247069,21802
247073,21803
247087,21804
247099,21805
247141,21806
247183,21807
247193,21808
247201,21809
247223,21810
247229,21811
247241,21812
247249,21813
247259,21814
247279,21815
247301,21816
247309,21817
247337,21818
247339,21819
247343,21820
247363,21821
247369,21822
247381,21823
247391,21824
247393,21825
247409,21826
247421,21827
247433,21828
247439,21829
247451,21830
247463,21831
247501,21832
247519,21833
247529,21834
247531,21835
247547,21836
247553,21837
247579,21838
247591,21839
247601,21840
247603,21841
247607,21842
247609,21843
247613,21844
247633,21845
247649,21846
247651,21847
247691,21848
247693,21849
247697,21850
247711,21851
247717,21852
247729,21853
247739,21854
247759,21855
247769,21856
247771,21857
247781,21858
247799,21859
247811,21860
247813,21861
247829,21862
247847,21863
247853,21864
247873,21865
247879,21866
247889,21867
247901,21868
247913,21869
247939,21870
247943,21871
247957,21872
247991,21873
247993,21874
247997,21875
247999,21876
248021,21877
248033,21878
248041,21879
248051,21880
248057,21881
248063,21882
248071,21883
248077,21884
248089,21885
248099,21886
248117,21887
248119,21888
248137,21889
248141,21890
248161,21891
248167,21892
248177,21893
248179,21894
248189,21895
248201,21896
248203,21897
248231,21898
248243,21899
248257,21900
248267,21901
248291,21902
248293,21903
248299,21904
248309,21905
248317,21906
248323,21907
248351,21908
248357,21909
248371,21910
248389,21911
248401,21912
248407,21913
248431,21914
248441,21915
248447,21916
248461,21917
248473,21918
248477,21919
248483,21920
248509,21921
248533,21922
248537,21923
248543,21924
248569,21925
248579,21926
248587,21927
248593,21928
248597,21929
248609,21930
248621,21931
248627,21932
248639,21933
248641,21934
248657,21935
248683,21936
248701,21937
248707,21938
248719,21939
248723,21940
248737,21941
248749,21942
248753,21943
248779,21944
248783,21945
248789,21946
248797,21947
248813,21948
248821,21949
248827,21950
248839,21951
248851,21952
248861,21953
248867,21954
248869,21955
248879,21956
248887,21957
248891,21958
248893,21959
248903,21960
248909,21961
248971,21962
248981,21963
248987,21964
249017,21965
249037,21966
249059,21967
249079,21968
249089,21969
249097,21970
249103,21971
249107,21972
249127,21973
249131,21974
249133,21975
249143,21976
249181,21977
249187,21978
249199,21979
249211,21980
249217,21981
249229,21982
249233,21983
249253,21984
249257,21985
249287,21986
249311,21987
249317,21988
249329,21989
249341,21990
249367,21991
249377,21992
249383,21993
249397,21994
249419,21995
249421,21996
249427,21997
249433,21998
249437,21999
249439,22000
249449,22001
249463,22002
249497,22003
249499,22004
249503,22005
249517,22006
249521,22007
249533,22008
249539,22009
249541,22010
249563,22011
249583,22012
249589,22013
249593,22014
249607,22015
249647,22016
249659,22017
249671,22018
249677,22019
249703,22020
249721,22021
249727,22022
249737,22023
249749,22024
249763,22025
249779,22026
249797,22027
249811,22028
249827,22029
249833,22030
249853,22031
249857,22032
249859,22033
249863,22034
249871,22035
249881,22036
249911,22037
249923,22038
249943,22039
249947,22040
249967,22041
249971,22042
249973,22043
249989,22044
250007,22045
250013,22046
250027,22047
250031,22048
250037,22049
250043,22050
250049,22051
250051,22052
250057,22053
250073,22054
250091,22055
250109,22056
250123,22057
250147,22058
250153,22059
250169,22060
250199,22061
250253,22062
250259,22063
250267,22064
250279,22065
250301,22066
250307,22067
250343,22068
250361,22069
250403,22070
250409,22071
250423,22072
250433,22073
250441,22074
250451,22075
250489,22076
250499,22077
250501,22078
250543,22079
250583,22080
250619,22081
250643,22082
250673,22083
250681,22084
250687,22085
250693,22086
250703,22087
250709,22088
250721,22089
250727,22090
250739,22091
250741,22092
250751,22093
250753,22094
250777,22095
250787,22096
250793,22097
250799,22098
250807,22099
250813,22100
250829,22101
250837,22102
250841,22103
250853,22104
250867,22105
250871,22106
250889,22107
250919,22108
250949,22109
250951,22110
250963,22111
250967,22112
250969,22113
250979,22114
250993,22115
251003,22116
251033,22117
251051,22118
251057,22119
251059,22120
251063,22121
251071,22122
251081,22123
251087,22124
251099,22125
251117,22126
251143,22127
251149,22128
251159,22129
251171,22130
251177,22131
251179,22132
251191,22133
251197,22134
251201,22135
251203,22136
251219,22137
251221,22138
251231,22139
251233,22140
251257,22141
251261,22142
251263,22143
251287,22144
251291,22145
251297,22146
251323,22147
251347,22148
251353,22149
251359,22150
251387,22151
251393,22152
251417,22153
251429,22154
251431,22155
251437,22156
251443,22157
251467,22158
251473,22159
251477,22160
251483,22161
251491,22162
251501,22163
251513,22164
251519,22165
251527,22166
251533,22167
251539,22168
251543,22169
251561,22170
251567,22171
251609,22172
251611,22173
251621,22174
251623,22175
251639,22176
251653,22177
251663,22178
251677,22179
251701,22180
251707,22181
251737,22182
251761,22183
251789,22184
251791,22185
251809,22186
251831,22187
251833,22188
251843,22189
251857,22190
251861,22191
251879,22192
251887,22193
251893,22194
251897,22195
251903,22196
251917,22197
251939,22198
251941,22199
251947,22200
251969,22201
251971,22202
251983,22203
252001,22204
252013,22205
252017,22206
252029,22207
252037,22208
252079,22209
252101,22210
252139,22211
252143,22212
252151,22213
252157,22214
252163,22215
252169,22216
252173,22217
252181,22218
252193,22219
252209,22220
252223,22221
252233,22222
252253,22223
252277,22224
252283,22225
252289,22226
252293,22227
252313,22228
252319,22229
252323,22230
252341,22231
252359,22232
252383,22233
252391,22234
252401,22235
252409,22236
252419,22237
252431,22238
252443,22239
252449,22240
252457,22241
252463,22242
252481,22243
252509,22244
252533,22245
252541,22246
252559,22247
252583,22248
252589,22249
252607,22250
252611,22251
252617,22252
252641,22253
252667,22254
252691,22255
252709,22256
252713,22257
252727,22258
252731,22259
252737,22260
252761,22261
252767,22262
252779,22263
252817,22264
252823,22265
252827,22266
252829,22267
252869,22268
252877,22269
252881,22270
252887,22271
252893,22272
252899,22273
252911,22274
252913,22275
252919,22276
252937,22277
252949,22278
252971,22279
252979,22280
252983,22281
253003,22282
253013,22283
253049,22284
253063,22285
253081,22286
253103,22287
253109,22288
253133,22289
253153,22290
253157,22291
253159,22292
253229,22293
253243,22294
253247,22295
253273,22296
253307,22297
253321,22298
253343,22299
253349,22300
253361,22301
253367,22302
253369,22303
253381,22304
253387,22305
253417,22306
253423,22307
253427,22308
253433,22309
253439,22310
253447,22311
253469,22312
253481,22313
253493,22314
253501,22315
253507,22316
253531,22317
253537,22318
253543,22319
253553,22320
253567,22321
253573,22322
253601,22323
253607,22324
253609,22325
253613,22326
253633,22327
253637,22328
253639,22329
253651,22330
253661,22331
253679,22332
253681,22333
253703,22334
253717,22335
253733,22336
253741,22337
253751,22338
253763,22339
253769,22340
253777,22341
253787,22342
253789,22343
253801,22344
253811,22345
253819,22346
253823,22347
253853,22348
253867,22349
253871,22350
253879,22351
253901,22352
253907,22353
253909,22354
253919,22355
253937,22356
253949,22357
253951,22358
253969,22359
253987,22360
253993,22361
253999,22362
254003,22363
254021,22364
254027,22365
254039,22366
254041,22367
254047,22368
254053,22369
254071,22370
254083,22371
254119,22372
254141,22373
254147,22374
254161,22375
254179,22376
254197,22377
254207,22378
254209,22379
254213,22380
254249,22381
254257,22382
254279,22383
254281,22384
254291,22385
254299,22386
254329,22387
254369,22388
254377,22389
254383,22390
254389,22391
254407,22392
254413,22393
254437,22394
254447,22395
254461,22396
254489,22397
254491,22398
254519,22399
254537,22400
254557,22401
254593,22402
254623,22403
254627,22404
254647,22405
254659,22406
254663,22407
254699,22408
254713,22409
254729,22410
254731,22411
254741,22412
254747,22413
254753,22414
254773,22415
254777,22416
254783,22417
254791,22418
254803,22419
254827,22420
254831,22421
254833,22422
254857,22423
254869,22424
254873,22425
254879,22426
254887,22427
254899,22428
254911,22429
254927,22430
254929,22431
254941,22432
254959,22433
254963,22434
254971,22435
254977,22436
254987,22437
254993,22438
255007,22439
255019,22440
255023,22441
255043,22442
255049,22443
255053,22444
255071,22445
255077,22446
255083,22447
255097,22448
255107,22449
255121,22450
255127,22451
255133,22452
255137,22453
255149,22454
255173,22455
255179,22456
255181,22457
255191,22458
255193,22459
255197,22460
255209,22461
255217,22462
255239,22463
255247,22464
255251,22465
255253,22466
255259,22467
255313,22468
255329,22469
255349,22470
255361,22471
255371,22472
255383,22473
255413,22474
255419,22475
255443,22476
255457,22477
255467,22478
255469,22479
255473,22480
255487,22481
255499,22482
255503,22483
255511,22484
255517,22485
255523,22486
255551,22487
255571,22488
255587,22489
255589,22490
255613,22491
255617,22492
255637,22493
255641,22494
255649,22495
255653,22496
255659,22497
255667,22498
255679,22499
255709,22500
255713,22501
255733,22502
255743,22503
255757,22504
255763,22505
255767,22506
255803,22507
255839,22508
255841,22509
255847,22510
255851,22511
255859,22512
255869,22513
255877,22514
255887,22515
255907,22516
255917,22517
255919,22518
255923,22519
255947,22520
255961,22521
255971,22522
255973,22523
255977,22524
255989,22525
256019,22526
256021,22527
256031,22528
256033,22529
256049,22530
256057,22531
256079,22532
256093,22533
256117,22534
256121,22535
256129,22536
256133,22537
256147,22538
256163,22539
256169,22540
256181,22541
256187,22542
256189,22543
256199,22544
256211,22545
256219,22546
256279,22547
256301,22548
256307,22549
256313,22550
256337,22551
256349,22552
256363,22553
256369,22554
256391,22555
256393,22556
256423,22557
256441,22558
256469,22559
256471,22560
256483,22561
256489,22562
256493,22563
256499,22564
256517,22565
256541,22566
256561,22567
256567,22568
256577,22569
256579,22570
256589,22571
256603,22572
256609,22573
256639,22574
256643,22575
256651,22576
256661,22577
256687,22578
256699,22579
256721,22580
256723,22581
256757,22582
256771,22583
256799,22584
256801,22585
256813,22586
256831,22587
256873,22588
256877,22589
256889,22590
256901,22591
256903,22592
256931,22593
256939,22594
256957,22595
256967,22596
256981,22597
257003,22598
257017,22599
257053,22600
257069,22601
257077,22602
257093,22603
257099,22604
257107,22605
257123,22606
257141,22607
257161,22608
257171,22609
257177,22610
257189,22611
257219,22612
257221,22613
257239,22614
257249,22615
257263,22616
257273,22617
257281,22618
257287,22619
257293,22620
257297,22621
257311,22622
257321,22623
257339,22624
257351,22625
257353,22626
257371,22627
257381,22628
257399,22629
257401,22630
257407,22631
257437,22632
257443,22633
257447,22634
257459,22635
257473,22636
257489,22637
257497,22638
257501,22639
257503,22640
257519,22641
257539,22642
257561,22643
257591,22644
257611,22645
257627,22646
257639,22647
257657,22648
257671,22649
257687,22650
257689,22651
257707,22652
257711,22653
257713,22654
257717,22655
257731,22656
257783,22657
257791,22658
257797,22659
257837,22660
257857,22661
257861,22662
257863,22663
257867,22664
257869,22665
257879,22666
257893,22667
257903,22668
257921,22669
257947,22670
257953,22671
257981,22672
257987,22673
257989,22674
257993,22675
258019,22676
258023,22677
258031,22678
258061,22679
258067,22680
258101,22681
258107,22682
258109,22683
258113,22684
258119,22685
258127,22686
258131,22687
258143,22688
258157,22689
258161,22690
258173,22691
258197,22692
258211,22693
258233,22694
258241,22695
258253,22696
258277,22697
258283,22698
258299,22699
258317,22700
258319,22701
258329,22702
258331,22703
258337,22704
258353,22705
258373,22706
258389,22707
258403,22708
258407,22709
258413,22710
258421,22711
258437,22712
258443,22713
258449,22714
258469,22715
258487,22716
258491,22717
258499,22718
258521,22719
258527,22720
258539,22721
258551,22722
258563,22723
258569,22724
258581,22725
258607,22726
258611,22727
258613,22728
258617,22729
258623,22730
258631,22731
258637,22732
258659,22733
258673,22734
258677,22735
258691,22736
258697,22737
258703,22738
258707,22739
258721,22740
258733,22741
258737,22742
258743,22743
258763,22744
258779,22745
258787,22746
258803,22747
258809,22748
258827,22749
258847,22750
258871,22751
258887,22752
258917,22753
258919,22754
258949,22755
258959,22756
258967,22757
258971,22758
258977,22759
258983,22760
258991,22761
259001,22762
259009,22763
259019,22764
259033,22765
259099,22766
259121,22767
259123,22768
259151,22769
259157,22770
259159,22771
259163,22772
259169,22773
259177,22774
259183,22775
259201,22776
259211,22777
259213,22778
259219,22779
259229,22780
259271,22781
259277,22782
259309,22783
259321,22784
259339,22785
259379,22786
259381,22787
259387,22788
259397,22789
259411,22790
259421,22791
259429,22792
259451,22793
259453,22794
259459,22795
259499,22796
259507,22797
259517,22798
259531,22799
259537,22800
259547,22801
259577,22802
259583,22803
259603,22804
259619,22805
259621,22806
259627,22807
259631,22808
259639,22809
259643,22810
259657,22811
259667,22812
259681,22813
259691,22814
259697,22815
259717,22816
259723,22817
259733,22818
259751,22819
259771,22820
259781,22821
259783,22822
259801,22823
259813,22824
259823,22825
259829,22826
259837,22827
259841,22828
259867,22829
259907,22830
259933,22831
259937,22832
259943,22833
259949,22834
259967,22835
259991,22836
259993,22837
260003,22838
260009,22839
260011,22840
260017,22841
260023,22842
260047,22843
260081,22844
260089,22845
260111,22846
260137,22847
260171,22848
260179,22849
260189,22850
260191,22851
260201,22852
260207,22853
260209,22854
260213,22855
260231,22856
260263,22857
260269,22858
260317,22859
260329,22860
260339,22861
260363,22862
260387,22863
260399,22864
260411,22865
260413,22866
260417,22867
260419,22868
260441,22869
260453,22870
260461,22871
260467,22872
260483,22873
260489,22874
260527,22875
260539,22876
260543,22877
260549,22878
260551,22879
260569,22880
260573,22881
260581,22882
260587,22883
260609,22884
260629,22885
260647,22886
260651,22887
260671,22888
260677,22889
260713,22890
260717,22891
260723,22892
260747,22893
260753,22894
260761,22895
260773,22896
260791,22897
260807,22898
260809,22899
260849,22900
260857,22901
260861,22902
260863,22903
260873,22904
260879,22905
260893,22906
260921,22907
260941,22908
260951,22909
260959,22910
260969,22911
260983,22912
260987,22913
260999,22914
261011,22915
261013,22916
261017,22917
261031,22918
261043,22919
261059,22920
261061,22921
261071,22922
261077,22923
261089,22924
261101,22925
261127,22926
261167,22927
261169,22928
261223,22929
261229,22930
261241,22931
261251,22932
261271,22933
261281,22934
261301,22935
261323,22936
261329,22937
261337,22938
261347,22939
261353,22940
261379,22941
261389,22942
261407,22943
261427,22944
261431,22945
261433,22946
261439,22947
261451,22948
261463,22949
261467,22950
261509,22951
261523,22952
261529,22953
261557,22954
261563,22955
261577,22956
261581,22957
261587,22958
261593,22959
261601,22960
261619,22961
261631,22962
261637,22963
261641,22964
261643,22965
261673,22966
261697,22967
261707,22968
261713,22969
261721,22970
261739,22971
261757,22972
261761,22973
261773,22974
261787,22975
261791,22976
261799,22977
261823,22978
261847,22979
261881,22980
261887,22981
261917,22982
261959,22983
261971,22984
261973,22985
261977,22986
261983,22987
262007,22988
262027,22989
262049,22990
262051,22991
262069,22992
262079,22993
262103,22994
262109,22995
262111,22996
262121,22997
262127,22998
262133,22999
262139,23000
262147,23001
262151,23002
262153,23003
262187,23004
262193,23005
262217,23006
262231,23007
262237,23008
262253,23009
262261,23010
262271,23011
262303,23012
262313,23013
262321,23014
262331,23015
262337,23016
262349,23017
262351,23018
262369,23019
262387,23020
262391,23021
262399,23022
262411,23023
262433,23024
262459,23025
262469,23026
262489,23027
262501,23028
262511,23029
262513,23030
262519,23031
262541,23032
262543,23033
262553,23034
262567,23035
262583,23036
262597,23037
262621,23038
262627,23039
262643,23040
262649,23041
262651,23042
262657,23043
262681,23044
262693,23045
262697,23046
262709,23047
262723,23048
262733,23049
262739,23050
262741,23051
262747,23052
262781,23053
262783,23054
262807,23055
262819,23056
262853,23057
262877,23058
262883,23059
262897,23060
262901,23061
262909,23062
262937,23063
262949,23064
262957,23065
262981,23066
263009,23067
263023,23068
263047,23069
263063,23070
263071,23071
263077,23072
263083,23073
263089,23074
263101,23075
263111,23076
263119,23077
263129,23078
263167,23079
263171,23080
263183,23081
263191,23082
263201,23083
263209,23084
263213,23085
263227,23086
263239,23087
263257,23088
263267,23089
263269,23090
263273,23091
263287,23092
263293,23093
263303,23094
263323,23095
263369,23096
263383,23097
263387,23098
263399,23099
263401,23100
263411,23101
263423,23102
263429,23103
263437,23104
263443,23105
263489,23106
263491,23107
263503,23108
263513,23109
263519,23110
263521,23111
263533,23112
263537,23113
263561,23114
263567,23115
263573,23116
263591,23117
263597,23118
263609,23119
263611,23120
263621,23121
263647,23122
263651,23123
263657,23124
263677,23125
263723,23126
263729,23127
263737,23128
263759,23129
263761,23130
263803,23131
263819,23132
263821,23133
263827,23134
263843,23135
263849,23136
263863,23137
263867,23138
263869,23139
263881,23140
263899,23141
263909,23142
263911,23143
263927,23144
263933,23145
263941,23146
263951,23147
263953,23148
263957,23149
263983,23150
264007,23151
264013,23152
264029,23153
264031,23154
264053,23155
264059,23156
264071,23157
264083,23158
264091,23159
264101,23160
264113,23161
264127,23162
264133,23163
264137,23164
264139,23165
264167,23166
264169,23167
264179,23168
264211,23169
264221,23170
264263,23171
264269,23172
264283,23173
264289,23174
264301,23175
264323,23176
264331,23177
264343,23178
264349,23179
264353,23180
264359,23181
264371,23182
264391,23183
264403,23184
264437,23185
264443,23186
264463,23187
264487,23188
264527,23189
264529,23190
264553,23191
264559,23192
264577,23193
264581,23194
264599,23195
264601,23196
264619,23197
264631,23198
264637,23199
264643,23200
264659,23201
264697,23202
264731,23203
264739,23204
264743,23205
264749,23206
264757,23207
264763,23208
264769,23209
264779,23210
264787,23211
264791,23212
264793,23213
264811,23214
264827,23215
264829,23216
264839,23217
264871,23218
264881,23219
264889,23220
264893,23221
264899,23222
264919,23223
264931,23224
264949,23225
264959,23226
264961,23227
264977,23228
264991,23229
264997,23230
265003,23231
265007,23232
265021,23233
265037,23234
265079,23235
265091,23236
265093,23237
265117,23238
265123,23239
265129,23240
265141,23241
265151,23242
265157,23243
265163,23244
265169,23245
265193,23246
265207,23247
265231,23248
265241,23249
265247,23250
265249,23251
265261,23252
265271,23253
265273,23254
265277,23255
265313,23256
265333,23257
265337,23258
265339,23259
265381,23260
265399,23261
265403,23262
265417,23263
265423,23264
265427,23265
265451,23266
265459,23267
265471,23268
265483,23269
265493,23270
265511,23271
265513,23272
265541,23273
265543,23274
265547,23275
265561,23276
265567,23277
265571,23278
265579,23279
265607,23280
265613,23281
265619,23282
265621,23283
265703,23284
265709,23285
265711,23286
265717,23287
265729,23288
265739,23289
265747,23290
265757,23291
265781,23292
265787,23293
265807,23294
265813,23295
265819,23296
265831,23297
265841,23298
265847,23299
265861,23300
265871,23301
265873,23302
265883,23303
265891,23304
265921,23305
265957,23306
265961,23307
265987,23308
266003,23309
266009,23310
266023,23311
266027,23312
266029,23313
266047,23314
266051,23315
266053,23316
266059,23317
266081,23318
266083,23319
266089,23320
266093,23321
266099,23322
266111,23323
266117,23324
266129,23325
266137,23326
266153,23327
266159,23328
266177,23329
266183,23330
266221,23331
266239,23332
266261,23333
266269,23334
266281,23335
266291,23336
266293,23337
266297,23338
266333,23339
266351,23340
266353,23341
266359,23342
266369,23343
266381,23344
266401,23345
266411,23346
266417,23347
266447,23348
266449,23349
266477,23350
266479,23351
266489,23352
266491,23353
266521,23354
266549,23355
266587,23356
266599,23357
266603,23358
266633,23359
266641,23360
266647,23361
266663,23362
266671,23363
266677,23364
266681,23365
266683,23366
266687,23367
266689,23368
266701,23369
266711,23370
266719,23371
266759,23372
266767,23373
266797,23374
266801,23375
266821,23376
266837,23377
266839,23378
266863,23379
266867,23380
266891,23381
266897,23382
266899,23383
266909,23384
266921,23385
266927,23386
266933,23387
266947,23388
266953,23389
266957,23390
266971,23391
266977,23392
266983,23393
266993,23394
266999,23395
267017,23396
267037,23397
267049,23398
267097,23399
267131,23400
267133,23401
267139,23402
267143,23403
267167,23404
267187,23405
267193,23406
267199,23407
267203,23408
267217,23409
267227,23410
267229,23411
267233,23412
267259,23413
267271,23414
267277,23415
267299,23416
267301,23417
267307,23418
267317,23419
267341,23420
267353,23421
267373,23422
267389,23423
267391,23424
267401,23425
267403,23426
267413,23427
267419,23428
267431,23429
267433,23430
267439,23431
267451,23432
267469,23433
267479,23434
267481,23435
267493,23436
267497,23437
267511,23438
267517,23439
267521,23440
267523,23441
267541,23442
267551,23443
267557,23444
267569,23445
267581,23446
267587,23447
267593,23448
267601,23449
267611,23450
267613,23451
267629,23452
267637,23453
267643,23454
267647,23455
267649,23456
267661,23457
267667,23458
267671,23459
267677,23460
267679,23461
267713,23462
267719,23463
267721,23464
267727,23465
267737,23466
267739,23467
267749,23468
267763,23469
267781,23470
267791,23471
267797,23472
267803,23473
267811,23474
267829,23475
267833,23476
267857,23477
267863,23478
267877,23479
267887,23480
267893,23481
267899,23482
267901,23483
267907,23484
267913,23485
267929,23486
267941,23487
267959,23488
267961,23489
268003,23490
268013,23491
268043,23492
268049,23493
268063,23494
268069,23495
268091,23496
268123,23497
268133,23498
268153,23499
268171,23500
268189,23501
268199,23502
268207,23503
268211,23504
268237,23505
268253,23506
268267,23507
268271,23508
268283,23509
268291,23510
268297,23511
268343,23512
268403,23513
268439,23514
268459,23515
268487,23516
268493,23517
268501,23518
268507,23519
268517,23520
268519,23521
268529,23522
268531,23523
268537,23524
268547,23525
268573,23526
268607,23527
268613,23528
268637,23529
268643,23530
268661,23531
268693,23532
268721,23533
268729,23534
268733,23535
268747,23536
268757,23537
268759,23538
268771,23539
268777,23540
268781,23541
268783,23542
268789,23543
268811,23544
268813,23545
268817,23546
268819,23547
268823,23548
268841,23549
268843,23550
268861,23551
268883,23552
268897,23553
268909,23554
268913,23555
268921,23556
268927,23557
268937,23558
268969,23559
268973,23560
268979,23561
268993,23562
268997,23563
268999,23564
269023,23565
269029,23566
269039,23567
269041,23568
269057,23569
269063,23570
269069,23571
269089,23572
269117,23573
269131,23574
269141,23575
269167,23576
269177,23577
269179,23578
269183,23579
269189,23580
269201,23581
269209,23582
269219,23583
269221,23584
269231,23585
269237,23586
269251,23587
269257,23588
269281,23589
269317,23590
269327,23591
269333,23592
269341,23593
269351,23594
269377,23595
269383,23596
269387,23597
269389,23598
269393,23599
269413,23600
269419,23601
269429,23602
269431,23603
269441,23604
269461,23605
269473,23606
269513,23607
269519,23608
269527,23609
269539,23610
269543,23611
269561,23612
269573,23613
269579,23614
269597,23615
269617,23616
269623,23617
269641,23618
269651,23619
269663,23620
269683,23621
269701,23622
269713,23623
269719,23624
269723,23625
269741,23626
269749,23627
269761,23628
269779,23629
269783,23630
269791,23631
269851,23632
269879,23633
269887,23634
269891,23635
269897,23636
269923,23637
269939,23638
269947,23639
269953,23640
269981,23641
269987,23642
270001,23643
270029,23644
270031,23645
270037,23646
270059,23647
270071,23648
270073,23649
270097,23650
270121,23651
270131,23652
270133,23653
270143,23654
270157,23655
270163,23656
270167,23657
270191,23658
270209,23659
270217,23660
270223,23661
270229,23662
270239,23663
270241,23664
270269,23665
270271,23666
270287,23667
270299,23668
270307,23669
270311,23670
270323,23671
270329,23672
270337,23673
270343,23674
270371,23675
270379,23676
270407,23677
270421,23678
270437,23679
270443,23680
270451,23681
270461,23682
270463,23683
270493,23684
270509,23685
270527,23686
270539,23687
270547,23688
270551,23689
270553,23690
270563,23691
270577,23692
270583,23693
270587,23694
270593,23695
270601,23696
270619,23697
270631,23698
270653,23699
270659,23700
270667,23701
270679,23702
270689,23703
270701,23704
270709,23705
270719,23706
270737,23707
270749,23708
270761,23709
270763,23710
270791,23711
270797,23712
270799,23713
270821,23714
270833,23715
270841,23716
270859,23717
270899,23718
270913,23719
270923,23720
270931,23721
270937,23722
270953,23723
270961,23724
270967,23725
270973,23726
271003,23727
271013,23728
271021,23729
271027,23730
271043,23731
271057,23732
271067,23733
271079,23734
271097,23735
271109,23736
271127,23737
271129,23738
271163,23739
271169,23740
271177,23741
271181,23742
271211,23743
271217,23744
271231,23745
271241,23746
271253,23747
271261,23748
271273,23749
271277,23750
271279,23751
271289,23752
271333,23753
271351,23754
271357,23755
271363,23756
271367,23757
271393,23758
271409,23759
271429,23760
271451,23761
271463,23762
271471,23763
271483,23764
271489,23765
271499,23766
271501,23767
271517,23768
271549,23769
271553,23770
271571,23771
271573,23772
271597,23773
271603,23774
271619,23775
271637,23776
271639,23777
271651,23778
271657,23779
271693,23780
271703,23781
271723,23782
271729,23783
271753,23784
271769,23785
271771,23786
271787,23787
271807,23788
271811,23789
271829,23790
271841,23791
271849,23792
271853,23793
271861,23794
271867,23795
271879,23796
271897,23797
271903,23798
271919,23799
271927,23800
271939,23801
271967,23802
271969,23803
271981,23804
272003,23805
272009,23806
272011,23807
272029,23808
272039,23809
272053,23810
272059,23811
272093,23812
272131,23813
272141,23814
272171,23815
272179,23816
272183,23817
272189,23818
272191,23819
272201,23820
272203,23821
272227,23822
272231,23823
272249,23824
272257,23825
272263,23826
272267,23827
272269,23828
272287,23829
272299,23830
272317,23831
272329,23832
272333,23833
272341,23834
272347,23835
272351,23836
272353,23837
272359,23838
272369,23839
272381,23840
272383,23841
272399,23842
272407,23843
272411,23844
272417,23845
272423,23846
272449,23847
272453,23848
272477,23849
272507,23850
272533,23851
272537,23852
272539,23853
272549,23854
272563,23855
272567,23856
272581,23857
272603,23858
272621,23859
272651,23860
272659,23861
272683,23862
272693,23863
272717,23864
272719,23865
272737,23866
272759,23867
272761,23868
272771,23869
272777,23870
272807,23871
272809,23872
272813,23873
272863,23874
272879,23875
272887,23876
272903,23877
272911,23878
272917,23879
272927,23880
272933,23881
272959,23882
272971,23883
272981,23884
272983,23885
272989,23886
272999,23887
273001,23888
273029,23889
273043,23890
273047,23891
273059,23892
273061,23893
273067,23894
273073,23895
273083,23896
273107,23897
273113,23898
273127,23899
273131,23900
273149,23901
273157,23902
273181,23903
273187,23904
273193,23905
273233,23906
273253,23907
273269,23908
273271,23909
273281,23910
273283,23911
273289,23912
273311,23913
273313,23914
273323,23915
273349,23916
273359,23917
273367,23918
273433,23919
273457,23920
273473,23921
273503,23922
273517,23923
273521,23924
273527,23925
273551,23926
273569,23927
273601,23928
273613,23929
273617,23930
273629,23931
273641,23932
273643,23933
273653,23934
273697,23935
273709,23936
273719,23937
273727,23938
273739,23939
273773,23940
273787,23941
273797,23942
273803,23943
273821,23944
273827,23945
273857,23946
273881,23947
273899,23948
273901,23949
273913,23950
273919,23951
273929,23952
273941,23953
273943,23954
273967,23955
273971,23956
273979,23957
273997,23958
274007,23959
274019,23960
274033,23961
274061,23962
274069,23963
274081,23964
274093,23965
274103,23966
274117,23967
274121,23968
274123,23969
274139,23970
274147,23971
274163,23972
274171,23973
274177,23974
274187,23975
274199,23976
274201,23977
274213,23978
274223,23979
274237,23980
274243,23981
274259,23982
274271,23983
274277,23984
274283,23985
274301,23986
274333,23987
274349,23988
274357,23989
274361,23990
274403,23991
274423,23992
274441,23993
274451,23994
274453,23995
274457,23996
274471,23997
274489,23998
274517,23999
274529,24000
274579,24001
274583,24002
274591,24003
274609,24004
274627,24005
274661,24006
274667,24007
274679,24008
274693,24009
274697,24010
274709,24011
274711,24012
274723,24013
274739,24014
274751,24015
274777,24016
274783,24017
274787,24018
274811,24019
274817,24020
274829,24021
274831,24022
274837,24023
274843,24024
274847,24025
274853,24026
274861,24027
274867,24028
274871,24029
274889,24030
274909,24031
274931,24032
274943,24033
274951,24034
274957,24035
274961,24036
274973,24037
274993,24038
275003,24039
275027,24040
275039,24041
275047,24042
275053,24043
275059,24044
275083,24045
275087,24046
275129,24047
275131,24048
275147,24049
275153,24050
275159,24051
275161,24052
275167,24053
275183,24054
275201,24055
275207,24056
275227,24057
275251,24058
275263,24059
275269,24060
275299,24061
275309,24062
275321,24063
275323,24064
275339,24065
275357,24066
275371,24067
275389,24068
275393,24069
275399,24070
275419,24071
275423,24072
275447,24073
275449,24074
275453,24075
275459,24076
275461,24077
275489,24078
275491,24079
275503,24080
275521,24081
275531,24082
275543,24083
275549,24084
275573,24085
275579,24086
275581,24087
275591,24088
275593,24089
275599,24090
275623,24091
275641,24092
275651,24093
275657,24094
275669,24095
275677,24096
275699,24097
275711,24098
275719,24099
275729,24100
275741,24101
275767,24102
275773,24103
275783,24104
275813,24105
275827,24106
275837,24107
275881,24108
275897,24109
275911,24110
275917,24111
275921,24112
275923,24113
275929,24114
275939,24115
275941,24116
275963,24117
275969,24118
275981,24119
275987,24120
275999,24121
276007,24122
276011,24123
276019,24124
276037,24125
276041,24126
276043,24127
276047,24128
276049,24129
276079,24130
276083,24131
276091,24132
276113,24133
276137,24134
276151,24135
276173,24136
276181,24137
276187,24138
276191,24139
276209,24140
276229,24141
276239,24142
276247,24143
276251,24144
276257,24145
276277,24146
276293,24147
276319,24148
276323,24149
276337,24150
276343,24151
276347,24152
276359,24153
276371,24154
276373,24155
276389,24156
276401,24157
276439,24158
276443,24159
276449,24160
276461,24161
276467,24162
276487,24163
276499,24164
276503,24165
276517,24166
276527,24167
276553,24168
276557,24169
276581,24170
276587,24171
276589,24172
276593,24173
276599,24174
276623,24175
276629,24176
276637,24177
276671,24178
276673,24179
276707,24180
276721,24181
276739,24182
276763,24183
276767,24184
276779,24185
276781,24186
276817,24187
276821,24188
276823,24189
276827,24190
276833,24191
276839,24192
276847,24193
276869,24194
276883,24195
276901,24196
276907,24197
276917,24198
276919,24199
276929,24200
276949,24201
276953,24202
276961,24203
276977,24204
277003,24205
277007,24206
277021,24207
277051,24208
277063,24209
277073,24210
277087,24211
277097,24212
277099,24213
277157,24214
277163,24215
277169,24216
277177,24217
277183,24218
277213,24219
277217,24220
277223,24221
277231,24222
277247,24223
277259,24224
277261,24225
277273,24226
277279,24227
277297,24228
277301,24229
277309,24230
277331,24231
277363,24232
277373,24233
277411,24234
277421,24235
277427,24236
277429,24237
277483,24238
277493,24239
277499,24240
277513,24241
277531,24242
277547,24243
277549,24244
277567,24245
277577,24246
277579,24247
277597,24248
277601,24249
277603,24250
277637,24251
277639,24252
277643,24253
277657,24254
277663,24255
277687,24256
277691,24257
277703,24258
277741,24259
277747,24260
277751,24261
277757,24262
277787,24263
277789,24264
277793,24265
277813,24266
277829,24267
277847,24268
277859,24269
277883,24270
277889,24271
277891,24272
277897,24273
277903,24274
277919,24275
277961,24276
277993,24277
277999,24278
278017,24279
278029,24280
278041,24281
278051,24282
278063,24283
278071,24284
278087,24285
278111,24286
278119,24287
278123,24288
278143,24289
278147,24290
278149,24291
278177,24292
278191,24293
278207,24294
278209,24295
278219,24296
278227,24297
278233,24298
278237,24299
278261,24300
278269,24301
278279,24302
278321,24303
278329,24304
278347,24305
278353,24306
278363,24307
278387,24308
278393,24309
278413,24310
278437,24311
278459,24312
278479,24313
278489,24314
278491,24315
278497,24316
278501,24317
278503,24318
278543,24319
278549,24320
278557,24321
278561,24322
278563,24323
278581,24324
278591,24325
278609,24326
278611,24327
278617,24328
278623,24329
278627,24330
278639,24331
278651,24332
278671,24333
278687,24334
278689,24335
278701,24336
278717,24337
278741,24338
278743,24339
278753,24340
278767,24341
278801,24342
278807,24343
278809,24344
278813,24345
278819,24346
278827,24347
278843,24348
278849,24349
278867,24350
278879,24351
278881,24352
278891,24353
278903,24354
278909,24355
278911,24356
278917,24357
278947,24358
278981,24359
279001,24360
279007,24361
279023,24362
279029,24363
279047,24364
279073,24365
279109,24366
279119,24367
279121,24368
279127,24369
279131,24370
279137,24371
279143,24372
279173,24373
279179,24374
279187,24375
279203,24376
279211,24377
279221,24378
279269,24379
279311,24380
279317,24381
279329,24382
279337,24383
279353,24384
279397,24385
279407,24386
279413,24387
279421,24388
279431,24389
279443,24390
279451,24391
279479,24392
279481,24393
279511,24394
279523,24395
279541,24396
279551,24397
279553,24398
279557,24399
279571,24400
279577,24401
279583,24402
279593,24403
279607,24404
279613,24405
279619,24406
279637,24407
279641,24408
279649,24409
279659,24410
279679,24411
279689,24412
279707,24413
279709,24414
279731,24415
279751,24416
279761,24417
279767,24418
279779,24419
279817,24420
279823,24421
279847,24422
279857,24423
279863,24424
279883,24425
279913,24426
279919,24427
279941,24428
279949,24429
279967,24430
279977,24431
279991,24432
280001,24433
280009,24434
280013,24435
280031,24436
280037,24437
280061,24438
280069,24439
280097,24440
280099,24441
280103,24442
280121,24443
280129,24444
280139,24445
280183,24446
280187,24447
280199,24448
280207,24449
280219,24450
280223,24451
280229,24452
280243,24453
280249,24454
280253,24455
280277,24456
280297,24457
280303,24458
280321,24459
280327,24460
280337,24461
280339,24462
280351,24463
280373,24464
280409,24465
280411,24466
280451,24467
280463,24468
280487,24469
280499,24470
280507,24471
280513,24472
280537,24473
280541,24474
280547,24475
280549,24476
280561,24477
280583,24478
280589,24479
280591,24480
280597,24481
280603,24482
280607,24483
280613,24484
280627,24485
280639,24486
280673,24487
280681,24488
280697,24489
280699,24490
280703,24491
280711,24492
280717,24493
280729,24494
280751,24495
280759,24496
280769,24497
280771,24498
280811,24499
280817,24500
280837,24501
280843,24502
280859,24503
280871,24504
280879,24505
280883,24506
280897,24507
280909,24508
280913,24509
280921,24510
280927,24511
280933,24512
280939,24513
280949,24514
280957,24515
280963,24516
280967,24517
280979,24518
280997,24519
281023,24520
281033,24521
281053,24522
281063,24523
281069,24524
281081,24525
281117,24526
281131,24527
281153,24528
281159,24529
281167,24530
281189,24531
281191,24532
281207,24533
281227,24534
281233,24535
281243,24536
281249,24537
281251,24538
281273,24539
281279,24540
281291,24541
281297,24542
281317,24543
281321,24544
281327,24545
281339,24546
281353,24547
281357,24548
281363,24549
281381,24550
281419,24551
281423,24552
281429,24553
281431,24554
281509,24555
281527,24556
281531,24557
281539,24558
281549,24559
281551,24560
281557,24561
281563,24562
281579,24563
281581,24564
281609,24565
281621,24566
281623,24567
281627,24568
281641,24569
281647,24570
281651,24571
281653,24572
281663,24573
281669,24574
281683,24575
281717,24576
281719,24577
281737,24578
281747,24579
281761,24580
281767,24581
281777,24582
281783,24583
281791,24584
281797,24585
281803,24586
281807,24587
281833,24588
281837,24589
281839,24590
281849,24591
281857,24592
281867,24593
281887,24594
281893,24595
281921,24596
281923,24597
281927,24598
281933,24599
281947,24600
281959,24601
281971,24602
281989,24603
281993,24604
282001,24605
282011,24606
282019,24607
282053,24608
282059,24609
282071,24610
282089,24611
282091,24612
282097,24613
282101,24614
282103,24615
282127,24616
282143,24617
282157,24618
282167,24619
282221,24620
282229,24621
282239,24622
282241,24623
282253,24624
282281,24625
282287,24626
282299,24627
282307,24628
282311,24629
282313,24630
282349,24631
282377,24632
282383,24633
282389,24634
282391,24635
282407,24636
282409,24637
282413,24638
282427,24639
282439,24640
282461,24641
282481,24642
282487,24643
282493,24644
282559,24645
282563,24646
282571,24647
282577,24648
282589,24649
282599,24650
282617,24651
282661,24652
282671,24653
282677,24654
282679,24655
282683,24656
282691,24657
282697,24658
282703,24659
282707,24660
282713,24661
282767,24662
282769,24663
282773,24664
282797,24665
282809,24666
282827,24667
282833,24668
282847,24669
282851,24670
282869,24671
282881,24672
282889,24673
282907,24674
282911,24675
282913,24676
282917,24677
282959,24678
282973,24679
282977,24680
282991,24681
283001,24682
283007,24683
283009,24684
283027,24685
283051,24686
283079,24687
283093,24688
283097,24689
283099,24690
283111,24691
283117,24692
283121,24693
283133,24694
283139,24695
283159,24696
283163,24697
283181,24698
283183,24699
283193,24700
283207,24701
283211,24702
283267,24703
283277,24704
283289,24705
283303,24706
283369,24707
283397,24708
283403,24709
283411,24710
283447,24711
283463,24712
283487,24713
283489,24714
283501,24715
283511,24716
283519,24717
283541,24718
283553,24719
283571,24720
283573,24721
283579,24722
283583,24723
283601,24724
283607,24725
283609,24726
283631,24727
283637,24728
283639,24729
283669,24730
283687,24731
283697,24732
283721,24733
283741,24734
283763,24735
283769,24736
283771,24737
283793,24738
283799,24739
283807,24740
283813,24741
283817,24742
283831,24743
283837,24744
283859,24745
283861,24746
283873,24747
283909,24748
283937,24749
283949,24750
283957,24751
283961,24752
283979,24753
284003,24754
284023,24755
284041,24756
284051,24757
284057,24758
284059,24759
284083,24760
284093,24761
284111,24762
284117,24763
284129,24764
284131,24765
284149,24766
284153,24767
284159,24768
284161,24769
284173,24770
284191,24771
284201,24772
284227,24773
284231,24774
284233,24775
284237,24776
284243,24777
284261,24778
284267,24779
284269,24780
284293,24781
284311,24782
284341,24783
284357,24784
284369,24785
284377,24786
284387,24787
284407,24788
284413,24789
284423,24790
284429,24791
284447,24792
284467,24793
284477,24794
284483,24795
284489,24796
284507,24797
284509,24798
284521,24799
284527,24800
284539,24801
284551,24802
284561,24803
284573,24804
284587,24805
284591,24806
284593,24807
284623,24808
284633,24809
284651,24810
284657,24811
284659,24812
284681,24813
284689,24814
284701,24815
284707,24816
284723,24817
284729,24818
284731,24819
284737,24820
284741,24821
284743,24822
284747,24823
284749,24824
284759,24825
284777,24826
284783,24827
284803,24828
284807,24829
284813,24830
284819,24831
284831,24832
284833,24833
284839,24834
284857,24835
284881,24836
284897,24837
284899,24838
284917,24839
284927,24840
284957,24841
284969,24842
284989,24843
285007,24844
285023,24845
285031,24846
285049,24847
285071,24848
285079,24849
285091,24850
285101,24851
285113,24852
285119,24853
285121,24854
285139,24855
285151,24856
285161,24857
285179,24858
285191,24859
285199,24860
285221,24861
285227,24862
285251,24863
285281,24864
285283,24865
285287,24866
285289,24867
285301,24868
285317,24869
285343,24870
285377,24871
285421,24872
285433,24873
285451,24874
285457,24875
285463,24876
285469,24877
285473,24878
285497,24879
285517,24880
285521,24881
285533,24882
285539,24883
285553,24884
285557,24885
285559,24886
285569,24887
285599,24888
285611,24889
285613,24890
285629,24891
285631,24892
285641,24893
285643,24894
285661,24895
285667,24896
285673,24897
285697,24898
285707,24899
285709,24900
285721,24901
285731,24902
285749,24903
285757,24904
285763,24905
285767,24906
285773,24907
285781,24908
285823,24909
285827,24910
285839,24911
285841,24912
285871,24913
285937,24914
285949,24915
285953,24916
285977,24917
285979,24918
285983,24919
285997,24920
286001,24921
286009,24922
286019,24923
286043,24924
286049,24925
286061,24926
286063,24927
286073,24928
286103,24929
286129,24930
286163,24931
286171,24932
286199,24933
286243,24934
286249,24935
286289,24936
286301,24937
286333,24938
286367,24939
286369,24940
286381,24941
286393,24942
286397,24943
286411,24944
286421,24945
286427,24946
286453,24947
286457,24948
286459,24949
286469,24950
286477,24951
286483,24952
286487,24953
286493,24954
286499,24955
286513,24956
286519,24957
286541,24958
286543,24959
286547,24960
286553,24961
286589,24962
286591,24963
286609,24964
286613,24965
286619,24966
286633,24967
286651,24968
286673,24969
286687,24970
286697,24971
286703,24972
286711,24973
286721,24974
286733,24975
286751,24976
286753,24977
286763,24978
286771,24979
286777,24980
286789,24981
286801,24982
286813,24983
286831,24984
286859,24985
286873,24986
286927,24987
286973,24988
286981,24989
286987,24990
286999,24991
287003,24992
287047,24993
287057,24994
287059,24995
287087,24996
287093,24997
287099,24998
287107,24999
287117,25000
287137,25001
287141,25002
287149,25003
287159,25004
287167,25005
287173,25006
287179,25007
287191,25008
287219,25009
287233,25010
287237,25011
287239,25012
287251,25013
287257,25014
287269,25015
287279,25016
287281,25017
287291,25018
287297,25019
287321,25020
287327,25021
287333,25022
287341,25023
287347,25024
287383,25025
287387,25026
287393,25027
287437,25028
287449,25029
287491,25030
287501,25031
287503,25032
287537,25033
287549,25034
287557,25035
287579,25036
287597,25037
287611,25038
287629,25039
287669,25040
287671,25041
287681,25042
287689,25043
287701,25044
287731,25045
287747,25046
287783,25047
287789,25048
287801,25049
287813,25050
287821,25051
287849,25052
287851,25053
287857,25054
287863,25055
287867,25056
287873,25057
287887,25058
287921,25059
287933,25060
287939,25061
287977,25062
288007,25063
288023,25064
288049,25065
288053,25066
288061,25067
288077,25068
288089,25069
288109,25070
288137,25071
288179,25072
288181,25073
288191,25074
288199,25075
288203,25076
288209,25077
288227,25078
288241,25079
288247,25080
288257,25081
288283,25082
288293,25083
288307,25084
288313,25085
288317,25086
288349,25087
288359,25088
288361,25089
288383,25090
288389,25091
288403,25092
288413,25093
288427,25094
288433,25095
288461,25096
288467,25097
288481,25098
288493,25099
288499,25100
288527,25101
288529,25102
288539,25103
288551,25104
288559,25105
288571,25106
288577,25107
288583,25108
288647,25109
288649,25110
288653,25111
288661,25112
288679,25113
288683,25114
288689,25115
288697,25116
288731,25117
288733,25118
288751,25119
288767,25120
288773,25121
288803,25122
288817,25123
288823,25124
288833,25125
288839,25126
288851,25127
288853,25128
288877,25129
288907,25130
288913,25131
288929,25132
288931,25133
288947,25134
288973,25135
288979,25136
288989,25137
288991,25138
288997,25139
289001,25140
289019,25141
289021,25142
289031,25143
289033,25144
289039,25145
289049,25146
289063,25147
289067,25148
289099,25149
289103,25150
289109,25151
289111,25152
289127,25153
289129,25154
289139,25155
289141,25156
289151,25157
289169,25158
289171,25159
289181,25160
289189,25161
289193,25162
289213,25163
289241,25164
289243,25165
289249,25166
289253,25167
289273,25168
289283,25169
289291,25170
289297,25171
289309,25172
289319,25173
289343,25174
289349,25175
289361,25176
289369,25177
289381,25178
289397,25179
289417,25180
289423,25181
289439,25182
289453,25183
289463,25184
289469,25185
289477,25186
289489,25187
289511,25188
289543,25189
289559,25190
289573,25191
289577,25192
289589,25193
289603,25194
289607,25195
289637,25196
289643,25197
289657,25198
289669,25199
289717,25200
289721,25201
289727,25202
289733,25203
289741,25204
289759,25205
289763,25206
289771,25207
289789,25208
289837,25209
289841,25210
289843,25211
289847,25212
289853,25213
289859,25214
289871,25215
289889,25216
289897,25217
289937,25218
289951,25219
289957,25220
289967,25221
289973,25222
289987,25223
289999,25224
290011,25225
290021,25226
290023,25227
290027,25228
290033,25229
290039,25230
290041,25231
290047,25232
290057,25233
290083,25234
290107,25235
290113,25236
290119,25237
290137,25238
290141,25239
290161,25240
290183,25241
290189,25242
290201,25243
290209,25244
290219,25245
290233,25246
290243,25247
290249,25248
290317,25249
290327,25250
290347,25251
290351,25252
290359,25253
290369,25254
290383,25255
290393,25256
290399,25257
290419,25258
290429,25259
290441,25260
290443,25261
290447,25262
290471,25263
290473,25264
290489,25265
290497,25266
290509,25267
290527,25268
290531,25269
290533,25270
290539,25271
290557,25272
290593,25273
290597,25274
290611,25275
290617,25276
290621,25277
290623,25278
290627,25279
290657,25280
290659,25281
290663,25282
290669,25283
290671,25284
290677,25285
290701,25286
290707,25287
290711,25288
290737,25289
290761,25290
290767,25291
290791,25292
290803,25293
290821,25294
290827,25295
290837,25296
290839,25297
290861,25298
290869,25299
290879,25300
290897,25301
290923,25302
290959,25303
290963,25304
290971,25305
290987,25306
290993,25307
290999,25308
291007,25309
291013,25310
291037,25311
291041,25312
291043,25313
291077,25314
291089,25315
291101,25316
291103,25317
291107,25318
291113,25319
291143,25320
291167,25321
291169,25322
291173,25323
291191,25324
291199,25325
291209,25326
291217,25327
291253,25328
291257,25329
291271,25330
291287,25331
291293,25332
291299,25333
291331,25334
291337,25335
291349,25336
291359,25337
291367,25338
291371,25339
291373,25340
291377,25341
291419,25342
291437,25343
291439,25344
291443,25345
291457,25346
291481,25347
291491,25348
291503,25349
291509,25350
291521,25351
291539,25352
291547,25353
291559,25354
291563,25355
291569,25356
291619,25357
291647,25358
291649,25359
291661,25360
291677,25361
291689,25362
291691,25363
291701,25364
291721,25365
291727,25366
291743,25367
291751,25368
291779,25369
291791,25370
291817,25371
291829,25372
291833,25373
291853,25374
291857,25375
291869,25376
291877,25377
291887,25378
291899,25379
291901,25380
291923,25381
291971,25382
291979,25383
291983,25384
291997,25385
292021,25386
292027,25387
292037,25388
292057,25389
292069,25390
292079,25391
292081,25392
292091,25393
292093,25394
292133,25395
292141,25396
292147,25397
292157,25398
292181,25399
292183,25400
292223,25401
292231,25402
292241,25403
292249,25404
292267,25405
292283,25406
292301,25407
292309,25408
292319,25409
292343,25410
292351,25411
292363,25412
292367,25413
292381,25414
292393,25415
292427,25416
292441,25417
292459,25418
292469,25419
292471,25420
292477,25421
292483,25422
292489,25423
292493,25424
292517,25425
292531,25426
292541,25427
292549,25428
292561,25429
292573,25430
292577,25431
292601,25432
292627,25433
292631,25434
292661,25435
292667,25436
292673,25437
292679,25438
292693,25439
292703,25440
292709,25441
292711,25442
292717,25443
292727,25444
292753,25445
292759,25446
292777,25447
292793,25448
292801,25449
292807,25450
292819,25451
292837,25452
292841,25453
292849,25454
292867,25455
292879,25456
292909,25457
292921,25458
292933,25459
292969,25460
292973,25461
292979,25462
292993,25463
293021,25464
293071,25465
293081,25466
293087,25467
293093,25468
293099,25469
293107,25470
293123,25471
293129,25472
293147,25473
293149,25474
293173,25475
293177,25476
293179,25477
293201,25478
293207,25479
293213,25480
293221,25481
293257,25482
293261,25483
293263,25484
293269,25485
293311,25486
293329,25487
293339,25488
293351,25489
293357,25490
293399,25491
293413,25492
293431,25493
293441,25494
293453,25495
293459,25496
293467,25497
293473,25498
293483,25499
293507,25500
293543,25501
293599,25502
293603,25503
293617,25504
293621,25505
293633,25506
293639,25507
293651,25508
293659,25509
293677,25510
293681,25511
293701,25512
293717,25513
293723,25514
293729,25515
293749,25516
293767,25517
293773,25518
293791,25519
293803,25520
293827,25521
293831,25522
293861,25523
293863,25524
293893,25525
293899,25526
293941,25527
293957,25528
293983,25529
293989,25530
293999,25531
294001,25532
294013,25533
294023,25534
294029,25535
294043,25536
294053,25537
294059,25538
294067,25539
294103,25540
294127,25541
294131,25542
294149,25543
294157,25544
294167,25545
294169,25546
294179,25547
294181,25548
294199,25549
294211,25550
294223,25551
294227,25552
294241,25553
294247,25554
294251,25555
294269,25556
294277,25557
294289,25558
294293,25559
294311,25560
294313,25561
294317,25562
294319,25563
294337,25564
294341,25565
294347,25566
294353,25567
294383,25568
294391,25569
294397,25570
294403,25571
294431,25572
294439,25573
294461,25574
294467,25575
294479,25576
294499,25577
294509,25578
294523,25579
294529,25580
294551,25581
294563,25582
294629,25583
294641,25584
294647,25585
294649,25586
294659,25587
294673,25588
294703,25589
294731,25590
294751,25591
294757,25592
294761,25593
294773,25594
294781,25595
294787,25596
294793,25597
294799,25598
294803,25599
294809,25600
294821,25601
294829,25602
294859,25603
294869,25604
294887,25605
294893,25606
294911,25607
294919,25608
294923,25609
294947,25610
294949,25611
294953,25612
294979,25613
294989,25614
294991,25615
294997,25616
295007,25617
295033,25618
295037,25619
295039,25620
295049,25621
295073,25622
295079,25623
295081,25624
295111,25625
295123,25626
295129,25627
295153,25628
295187,25629
295199,25630
295201,25631
295219,25632
295237,25633
295247,25634
295259,25635
295271,25636
295277,25637
295283,25638
295291,25639
295313,25640
295319,25641
295333,25642
295357,25643
295363,25644
295387,25645
295411,25646
295417,25647
295429,25648
295433,25649
295439,25650
295441,25651
295459,25652
295513,25653
295517,25654
295541,25655
295553,25656
295567,25657
295571,25658
295591,25659
295601,25660
295663,25661
295693,25662
295699,25663
295703,25664
295727,25665
295751,25666
295759,25667
295769,25668
295777,25669
295787,25670
295819,25671
295831,25672
295837,25673
295843,25674
295847,25675
295853,25676
295861,25677
295871,25678
295873,25679
295877,25680
295879,25681
295901,25682
295903,25683
295909,25684
295937,25685
295943,25686
295949,25687
295951,25688
295961,25689
295973,25690
295993,25691
296011,25692
296017,25693
296027,25694
296041,25695
296047,25696
296071,25697
296083,25698
296099,25699
296117,25700
296129,25701
296137,25702
296159,25703
296183,25704
296201,25705
296213,25706
296221,25707
296237,25708
296243,25709
296249,25710
296251,25711
296269,25712
296273,25713
296279,25714
296287,25715
296299,25716
296347,25717
296353,25718
296363,25719
296369,25720
296377,25721
296437,25722
296441,25723
296473,25724
296477,25725
296479,25726
296489,25727
296503,25728
296507,25729
296509,25730
296519,25731
296551,25732
296557,25733
296561,25734
296563,25735
296579,25736
296581,25737
296587,25738
296591,25739
296627,25740
296651,25741
296663,25742
296669,25743
296683,25744
296687,25745
296693,25746
296713,25747
296719,25748
296729,25749
296731,25750
296741,25751
296749,25752
296753,25753
296767,25754
296771,25755
296773,25756
296797,25757
296801,25758
296819,25759
296827,25760
296831,25761
296833,25762
296843,25763
296909,25764
296911,25765
296921,25766
296929,25767
296941,25768
296969,25769
296971,25770
296981,25771
296983,25772
296987,25773
297019,25774
297023,25775
297049,25776
297061,25777
297067,25778
297079,25779
297083,25780
297097,25781
297113,25782
297133,25783
297151,25784
297161,25785
297169,25786
297191,25787
297233,25788
297247,25789
297251,25790
297257,25791
297263,25792
297289,25793
297317,25794
297359,25795
297371,25796
297377,25797
297391,25798
297397,25799
297403,25800
297421,25801
297439,25802
297457,25803
297467,25804
297469,25805
297481,25806
297487,25807
297503,25808
297509,25809
297523,25810
297533,25811
297581,25812
297589,25813
297601,25814
297607,25815
297613,25816
297617,25817
297623,25818
297629,25819
297641,25820
297659,25821
297683,25822
297691,25823
297707,25824
297719,25825
297727,25826
297757,25827
297779,25828
297793,25829
297797,25830
297809,25831
297811,25832
297833,25833
297841,25834
297853,25835
297881,25836
297889,25837
297893,25838
297907,25839
297911,25840
297931,25841
297953,25842
297967,25843
297971,25844
297989,25845
297991,25846
298013,25847
298021,25848
298031,25849
298043,25850
298049,25851
298063,25852
298087,25853
298093,25854
298099,25855
298153,25856
298157,25857
298159,25858
298169,25859
298171,25860
298187,25861
298201,25862
298211,25863
298213,25864
298223,25865
298237,25866
298247,25867
298261,25868
298283,25869
298303,25870
298307,25871
298327,25872
298339,25873
298343,25874
298349,25875
298369,25876
298373,25877
298399,25878
298409,25879
298411,25880
298427,25881
298451,25882
298477,25883
298483,25884
298513,25885
298559,25886
298579,25887
298583,25888
298589,25889
298601,25890
298607,25891
298621,25892
298631,25893
298651,25894
298667,25895
298679,25896
298681,25897
298687,25898
298691,25899
298693,25900
298709,25901
298723,25902
298733,25903
298757,25904
298759,25905
298777,25906
298799,25907
298801,25908
298817,25909
298819,25910
298841,25911
298847,25912
298853,25913
298861,25914
298897,25915
298937,25916
298943,25917
298993,25918
298999,25919
299011,25920
299017,25921
299027,25922
299029,25923
299053,25924
299059,25925
299063,25926
299087,25927
299099,25928
299107,25929
299113,25930
299137,25931
299147,25932
299171,25933
299179,25934
299191,25935
299197,25936
299213,25937
299239,25938
299261,25939
299281,25940
299287,25941
299311,25942
299317,25943
299329,25944
299333,25945
299357,25946
299359,25947
299363,25948
299371,25949
299389,25950
299393,25951
299401,25952
299417,25953
299419,25954
299447,25955
299471,25956
299473,25957
299477,25958
299479,25959
299501,25960
299513,25961
299521,25962
299527,25963
299539,25964
299567,25965
299569,25966
299603,25967
299617,25968
299623,25969
299653,25970
299671,25971
299681,25972
299683,25973
299699,25974
299701,25975
299711,25976
299723,25977
299731,25978
299743,25979
299749,25980
299771,25981
299777,25982
299807,25983
299843,25984
299857,25985
299861,25986
299881,25987
299891,25988
299903,25989
299909,25990
299933,25991
299941,25992
299951,25993
299969,25994
299977,25995
299983,25996
299993,25997
300007,25998
300017,25999
300023,26000
300043,26001
300073,26002
300089,26003
300109,26004
300119,26005
300137,26006
300149,26007
300151,26008
300163,26009
300187,26010
300191,26011
300193,26012
300221,26013
300229,26014
300233,26015
300239,26016
300247,26017
300277,26018
300299,26019
300301,26020
300317,26021
300319,26022
300323,26023
300331,26024
300343,26025
300347,26026
300367,26027
300397,26028
300413,26029
300427,26030
300431,26031
300439,26032
300463,26033
300481,26034
300491,26035
300493,26036
300497,26037
300499,26038
300511,26039
300557,26040
300569,26041
300581,26042
300583,26043
300589,26044
300593,26045
300623,26046
300631,26047
300647,26048
300649,26049
300661,26050
300667,26051
300673,26052
300683,26053
300691,26054
300719,26055
300721,26056
300733,26057
300739,26058
300743,26059
300749,26060
300757,26061
300761,26062
300779,26063
300787,26064
300799,26065
300809,26066
300821,26067
300823,26068
300851,26069
300857,26070
300869,26071
300877,26072
300889,26073
300893,26074
300929,26075
300931,26076
300953,26077
300961,26078
300967,26079
300973,26080
300977,26081
300997,26082
301013,26083
301027,26084
301039,26085
301051,26086
301057,26087
301073,26088
301079,26089
301123,26090
301127,26091
301141,26092
301153,26093
301159,26094
301177,26095
301181,26096
301183,26097
301211,26098
301219,26099
301237,26100
301241,26101
301243,26102
301247,26103
301267,26104
301303,26105
301319,26106
301331,26107
301333,26108
301349,26109
301361,26110
301363,26111
301381,26112
301403,26113
301409,26114
301423,26115
301429,26116
301447,26117
301459,26118
301463,26119
301471,26120
301487,26121
301489,26122
301493,26123
301501,26124
301531,26125
301577,26126
301579,26127
301583,26128
301591,26129
301601,26130
301619,26131
301627,26132
301643,26133
301649,26134
301657,26135
301669,26136
301673,26137
301681,26138
301703,26139
301711,26140
301747,26141
301751,26142
301753,26143
301759,26144
301789,26145
301793,26146
301813,26147
301831,26148
301841,26149
301843,26150
301867,26151
301877,26152
301897,26153
301901,26154
301907,26155
301913,26156
301927,26157
301933,26158
301943,26159
301949,26160
301979,26161
301991,26162
301993,26163
301997,26164
301999,26165
302009,26166
302053,26167
302111,26168
302123,26169
302143,26170
302167,26171
302171,26172
302173,26173
302189,26174
302191,26175
302213,26176
302221,26177
302227,26178
302261,26179
302273,26180
302279,26181
302287,26182
302297,26183
302299,26184
302317,26185
302329,26186
302399,26187
302411,26188
302417,26189
302429,26190
302443,26191
302459,26192
302483,26193
302507,26194
302513,26195
302551,26196
302563,26197
302567,26198
302573,26199
302579,26200
302581,26201
302587,26202
302593,26203
302597,26204
302609,26205
302629,26206
302647,26207
302663,26208
302681,26209
302711,26210
302723,26211
302747,26212
302759,26213
302767,26214
302779,26215
302791,26216
302801,26217
302831,26218
302833,26219
302837,26220
302843,26221
302851,26222
302857,26223
302873,26224
302891,26225
302903,26226
302909,26227
302921,26228
302927,26229
302941,26230
302959,26231
302969,26232
302971,26233
302977,26234
302983,26235
302989,26236
302999,26237
303007,26238
303011,26239
303013,26240
303019,26241
303029,26242
303049,26243
303053,26244
303073,26245
303089,26246
303091,26247
303097,26248
303119,26249
303139,26250
303143,26251
303151,26252
303157,26253
303187,26254
303217,26255
303257,26256
303271,26257
303283,26258
303287,26259
303293,26260
303299,26261
303307,26262
303313,26263
303323,26264
303337,26265
303341,26266
303361,26267
303367,26268
303371,26269
303377,26270
303379,26271
303389,26272
303409,26273
303421,26274
303431,26275
303463,26276
303469,26277
303473,26278
303491,26279
303493,26280
303497,26281
303529,26282
303539,26283
303547,26284
303551,26285
303553,26286
303571,26287
303581,26288
303587,26289
303593,26290
303613,26291
303617,26292
303619,26293
303643,26294
303647,26295
303649,26296
303679,26297
303683,26298
303689,26299
303691,26300
303703,26301
303713,26302
303727,26303
303731,26304
303749,26305
303767,26306
303781,26307
303803,26308
303817,26309
303827,26310
303839,26311
303859,26312
303871,26313
303889,26314
303907,26315
303917,26316
303931,26317
303937,26318
303959,26319
303983,26320
303997,26321
304009,26322
304013,26323
304021,26324
304033,26325
304039,26326
304049,26327
304063,26328
304067,26329
304069,26330
304081,26331
304091,26332
304099,26333
304127,26334
304151,26335
304153,26336
304163,26337
304169,26338
304193,26339
304211,26340
304217,26341
304223,26342
304253,26343
304259,26344
304279,26345
304301,26346
304303,26347
304331,26348
304349,26349
304357,26350
304363,26351
304373,26352
304391,26353
304393,26354
304411,26355
304417,26356
304429,26357
304433,26358
304439,26359
304457,26360
304459,26361
304477,26362
304481,26363
304489,26364
304501,26365
304511,26366
304517,26367
304523,26368
304537,26369
304541,26370
304553,26371
304559,26372
304561,26373
304597,26374
304609,26375
304631,26376
304643,26377
304651,26378
304663,26379
304687,26380
304709,26381
304723,26382
304729,26383
304739,26384
304751,26385
304757,26386
304763,26387
304771,26388
304781,26389
304789,26390
304807,26391
304813,26392
304831,26393
304847,26394
304849,26395
304867,26396
304879,26397
304883,26398
304897,26399
304901,26400
304903,26401
304907,26402
304933,26403
304937,26404
304943,26405
304949,26406
304961,26407
304979,26408
304981,26409
305017,26410
305021,26411
305023,26412
305029,26413
305033,26414
305047,26415
305069,26416
305093,26417
305101,26418
305111,26419
305113,26420
305119,26421
305131,26422
305143,26423
305147,26424
305209,26425
305219,26426
305231,26427
305237,26428
305243,26429
305267,26430
305281,26431
305297,26432
305329,26433
305339,26434
305351,26435
305353,26436
305363,26437
305369,26438
305377,26439
305401,26440
305407,26441
305411,26442
305413,26443
305419,26444
305423,26445
305441,26446
305449,26447
305471,26448
305477,26449
305479,26450
305483,26451
305489,26452
305497,26453
305521,26454
305533,26455
305551,26456
305563,26457
305581,26458
305593,26459
305597,26460
305603,26461
305611,26462
305621,26463
305633,26464
305639,26465
305663,26466
305717,26467
305719,26468
305741,26469
305743,26470
305749,26471
305759,26472
305761,26473
305771,26474
305783,26475
305803,26476
305821,26477
305839,26478
305849,26479
305857,26480
305861,26481
305867,26482
305873,26483
305917,26484
305927,26485
305933,26486
305947,26487
305971,26488
305999,26489
306011,26490
306023,26491
306029,26492
306041,26493
306049,26494
306083,26495
306091,26496
306121,26497
306133,26498
306139,26499
306149,26500
306157,26501
306167,26502
306169,26503
306191,26504
306193,26505
306209,26506
306239,26507
306247,26508
306253,26509
306259,26510
306263,26511
306301,26512
306329,26513
306331,26514
306347,26515
306349,26516
306359,26517
306367,26518
306377,26519
306389,26520
306407,26521
306419,26522
306421,26523
306431,26524
306437,26525
306457,26526
306463,26527
306473,26528
306479,26529
306491,26530
306503,26531
306511,26532
306517,26533
306529,26534
306533,26535
306541,26536
306563,26537
306577,26538
306587,26539
306589,26540
306643,26541
306653,26542
306661,26543
306689,26544
306701,26545
306703,26546
306707,26547
306727,26548
306739,26549
306749,26550
306763,26551
306781,26552
306809,26553
306821,26554
306827,26555
306829,26556
306847,26557
306853,26558
306857,26559
306871,26560
306877,26561
306883,26562
306893,26563
306899,26564
306913,26565
306919,26566
306941,26567
306947,26568
306949,26569
306953,26570
306991,26571
307009,26572
307019,26573
307031,26574
307033,26575
307067,26576
307079,26577
307091,26578
307093,26579
307103,26580
307121,26581
307129,26582
307147,26583
307163,26584
307169,26585
307171,26586
307187,26587
307189,26588
307201,26589
307243,26590
307253,26591
307259,26592
307261,26593
307267,26594
307273,26595
307277,26596
307283,26597
307289,26598
307301,26599
307337,26600
307339,26601
307361,26602
307367,26603
307381,26604
307397,26605
307399,26606
307409,26607
307423,26608
307451,26609
307471,26610
307481,26611
307511,26612
307523,26613
307529,26614
307537,26615
307543,26616
307577,26617
307583,26618
307589,26619
307609,26620
307627,26621
307631,26622
307633,26623
307639,26624
307651,26625
307669,26626
307687,26627
307691,26628
307693,26629
307711,26630
307733,26631
307759,26632
307817,26633
307823,26634
307831,26635
307843,26636
307859,26637
307871,26638
307873,26639
307891,26640
307903,26641
307919,26642
307939,26643
307969,26644
308003,26645
308017,26646
308027,26647
308041,26648
308051,26649
308081,26650
308093,26651
308101,26652
308107,26653
308117,26654
308129,26655
308137,26656
308141,26657
308149,26658
308153,26659
308213,26660
308219,26661
308249,26662
308263,26663
308291,26664
308293,26665
308303,26666
308309,26667
308311,26668
308317,26669
308323,26670
308327,26671
308333,26672
308359,26673
308383,26674
308411,26675
308423,26676
308437,26677
308447,26678
308467,26679
308489,26680
308491,26681
308501,26682
308507,26683
308509,26684
308519,26685
308521,26686
308527,26687
308537,26688
308551,26689
308569,26690
308573,26691
308587,26692
308597,26693
308621,26694
308639,26695
308641,26696
308663,26697
308681,26698
308701,26699
308713,26700
308723,26701
308761,26702
308773,26703
308801,26704
308809,26705
308813,26706
308827,26707
308849,26708
308851,26709
308857,26710
308887,26711
308899,26712
308923,26713
308927,26714
308929,26715
308933,26716
308939,26717
308951,26718
308989,26719
308999,26720
309007,26721
309011,26722
309013,26723
309019,26724
309031,26725
309037,26726
309059,26727
309079,26728
309083,26729
309091,26730
309107,26731
309109,26732
309121,26733
309131,26734
309137,26735
309157,26736
309167,26737
309173,26738
309193,26739
309223,26740
309241,26741
309251,26742
309259,26743
309269,26744
309271,26745
309277,26746
309289,26747
309293,26748
309311,26749
309313,26750
309317,26751
309359,26752
309367,26753
309371,26754
309391,26755
309403,26756
309433,26757
309437,26758
309457,26759
309461,26760
309469,26761
309479,26762
309481,26763
309493,26764
309503,26765
309521,26766
309523,26767
309539,26768
309541,26769
309559,26770
309571,26771
309577,26772
309583,26773
309599,26774
309623,26775
309629,26776
309637,26777
309667,26778
309671,26779
309677,26780
309707,26781
309713,26782
309731,26783
309737,26784
309769,26785
309779,26786
309781,26787
309797,26788
309811,26789
309823,26790
309851,26791
309853,26792
309857,26793
309877,26794
309899,26795
309929,26796
309931,26797
309937,26798
309977,26799
309989,26800
310019,26801
310021,26802
310027,26803
310043,26804
310049,26805
310081,26806
310087,26807
310091,26808
310111,26809
310117,26810
310127,26811
310129,26812
310169,26813
310181,26814
310187,26815
310223,26816
310229,26817
310231,26818
310237,26819
310243,26820
310273,26821
310283,26822
310291,26823
310313,26824
310333,26825
310357,26826
310361,26827
310363,26828
310379,26829
310397,26830
310423,26831
310433,26832
310439,26833
310447,26834
310459,26835
310463,26836
310481,26837
310489,26838
310501,26839
310507,26840
310511,26841
310547,26842
310553,26843
310559,26844
310567,26845
310571,26846
310577,26847
310591,26848
310627,26849
310643,26850
310663,26851
310693,26852
310697,26853
310711,26854
310721,26855
310727,26856
310729,26857
310733,26858
310741,26859
310747,26860
310771,26861
310781,26862
310789,26863
310801,26864
310819,26865
310823,26866
310829,26867
310831,26868
310861,26869
310867,26870
310883,26871
310889,26872
310901,26873
310927,26874
310931,26875
310949,26876
310969,26877
310987,26878
310997,26879
311009,26880
311021,26881
311027,26882
311033,26883
311041,26884
311099,26885
311111,26886
311123,26887
311137,26888
311153,26889
311173,26890
311177,26891
311183,26892
311189,26893
311197,26894
311203,26895
311237,26896
311279,26897
311291,26898
311293,26899
311299,26900
311303,26901
311323,26902
311329,26903
311341,26904
311347,26905
311359,26906
311371,26907
311393,26908
311407,26909
311419,26910
311447,26911
311453,26912
311473,26913
311533,26914
311537,26915
311539,26916
311551,26917
311557,26918
311561,26919
311567,26920
311569,26921
311603,26922
311609,26923
311653,26924
311659,26925
311677,26926
311681,26927
311683,26928
311687,26929
311711,26930
311713,26931
311737,26932
311743,26933
311747,26934
311749,26935
311791,26936
311803,26937
311807,26938
311821,26939
311827,26940
311867,26941
311869,26942
311881,26943
311897,26944
311951,26945
311957,26946
311963,26947
311981,26948
312007,26949
312023,26950
312029,26951
312031,26952
312043,26953
312047,26954
312071,26955
312073,26956
312083,26957
312089,26958
312101,26959
312107,26960
312121,26961
312161,26962
312197,26963
312199,26964
312203,26965
312209,26966
312211,26967
312217,26968
312229,26969
312233,26970
312241,26971
312251,26972
312253,26973
312269,26974
312281,26975
312283,26976
312289,26977
312311,26978
312313,26979
312331,26980
312343,26981
312349,26982
312353,26983
312371,26984
312383,26985
312397,26986
312401,26987
312407,26988
312413,26989
312427,26990
312451,26991
312469,26992
312509,26993
312517,26994
312527,26995
312551,26996
312553,26997
312563,26998
312581,26999
312583,27000
312589,27001
312601,27002
312617,27003
312619,27004
312623,27005
312643,27006
312673,27007
312677,27008
312679,27009
312701,27010
312703,27011
312709,27012
312727,27013
312737,27014
312743,27015
312757,27016
312773,27017
312779,27018
312799,27019
312839,27020
312841,27021
312857,27022
312863,27023
312887,27024
312899,27025
312929,27026
312931,27027
312937,27028
312941,27029
312943,27030
312967,27031
312971,27032
312979,27033
312989,27034
313003,27035
313009,27036
313031,27037
313037,27038
313081,27039
313087,27040
313109,27041
313127,27042
313129,27043
313133,27044
313147,27045
313151,27046
313153,27047
313163,27048
313207,27049
313211,27050
313219,27051
313241,27052
313249,27053
313267,27054
313273,27055
313289,27056
313297,27057
313301,27058
313307,27059
313321,27060
313331,27061
313333,27062
313343,27063
313351,27064
313373,27065
313381,27066
313387,27067
313399,27068
313409,27069
313471,27070
313477,27071
313507,27072
313517,27073
313543,27074
313549,27075
313553,27076
313561,27077
313567,27078
313571,27079
313583,27080
313589,27081
313597,27082
313603,27083
313613,27084
313619,27085
313637,27086
313639,27087
313661,27088
313669,27089
313679,27090
313699,27091
313711,27092
313717,27093
313721,27094
313727,27095
313739,27096
313741,27097
313763,27098
313777,27099
313783,27100
313829,27101
313849,27102
313853,27103
313879,27104
313883,27105
313889,27106
313897,27107
313909,27108
313921,27109
313931,27110
313933,27111
313949,27112
313961,27113
313969,27114
313979,27115
313981,27116
313987,27117
313991,27118
313993,27119
313997,27120
314003,27121
314021,27122
314059,27123
314063,27124
314077,27125
314107,27126
314113,27127
314117,27128
314129,27129
314137,27130
314159,27131
314161,27132
314173,27133
314189,27134
314213,27135
314219,27136
314227,27137
314233,27138
314239,27139
314243,27140
314257,27141
314261,27142
314263,27143
314267,27144
314299,27145
314329,27146
314339,27147
314351,27148
314357,27149
314359,27150
314399,27151
314401,27152
314407,27153
314423,27154
314441,27155
314453,27156
314467,27157
314491,27158
314497,27159
314513,27160
314527,27161
314543,27162
314549,27163
314569,27164
314581,27165
314591,27166
314597,27167
314599,27168
314603,27169
314623,27170
314627,27171
314641,27172
314651,27173
314693,27174
314707,27175
314711,27176
314719,27177
314723,27178
314747,27179
314761,27180
314771,27181
314777,27182
314779,27183
314807,27184
314813,27185
314827,27186
314851,27187
314879,27188
314903,27189
314917,27190
314927,27191
314933,27192
314953,27193
314957,27194
314983,27195
314989,27196
315011,27197
315013,27198
315037,27199
315047,27200
315059,27201
315067,27202
315083,27203
315097,27204
315103,27205
315109,27206
315127,27207
315179,27208
315181,27209
315193,27210
315199,27211
315223,27212
315247,27213
315251,27214
315257,27215
315269,27216
315281,27217
315313,27218
315349,27219
315361,27220
315373,27221
315377,27222
315389,27223
315407,27224
315409,27225
315421,27226
315437,27227
315449,27228
315451,27229
315461,27230
315467,27231
315481,27232
315493,27233
315517,27234
315521,27235
315527,27236
315529,27237
315547,27238
315551,27239
315559,27240
315569,27241
315589,27242
315593,27243
315599,27244
315613,27245
315617,27246
315631,27247
315643,27248
315671,27249
315677,27250
315691,27251
315697,27252
315701,27253
315703,27254
315739,27255
315743,27256
315751,27257
315779,27258
315803,27259
315811,27260
315829,27261
315851,27262
315857,27263
315881,27264
315883,27265
315893,27266
315899,27267
315907,27268
315937,27269
315949,27270
315961,27271
315967,27272
315977,27273
316003,27274
316031,27275
316033,27276
316037,27277
316051,27278
316067,27279
316073,27280
316087,27281
316097,27282
316109,27283
316133,27284
316139,27285
316153,27286
316177,27287
316189,27288
316193,27289
316201,27290
316213,27291
316219,27292
316223,27293
316241,27294
316243,27295
316259,27296
316271,27297
316291,27298
316297,27299
316301,27300
316321,27301
316339,27302
316343,27303
316363,27304
316373,27305
316391,27306
316403,27307
316423,27308
316429,27309
316439,27310
316453,27311
316469,27312
316471,27313
316493,27314
316499,27315
316501,27316
316507,27317
316531,27318
316567,27319
316571,27320
316577,27321
316583,27322
316621,27323
316633,27324
316637,27325
316649,27326
316661,27327
316663,27328
316681,27329
316691,27330
316697,27331
316699,27332
316703,27333
316717,27334
316753,27335
316759,27336
316769,27337
316777,27338
316783,27339
316793,27340
316801,27341
316817,27342
316819,27343
316847,27344
316853,27345
316859,27346
316861,27347
316879,27348
316891,27349
316903,27350
316907,27351
316919,27352
316937,27353
316951,27354
316957,27355
316961,27356
316991,27357
317003,27358
317011,27359
317021,27360
317029,27361
317047,27362
317063,27363
317071,27364
317077,27365
317087,27366
317089,27367
317123,27368
317159,27369
317171,27370
317179,27371
317189,27372
317197,27373
317209,27374
317227,27375
317257,27376
317263,27377
317267,27378
317269,27379
317279,27380
317321,27381
317323,27382
317327,27383
317333,27384
317351,27385
317353,27386
317363,27387
317371,27388
317399,27389
317411,27390
317419,27391
317431,27392
317437,27393
317453,27394
317459,27395
317483,27396
317489,27397
317491,27398
317503,27399
317539,27400
317557,27401
317563,27402
317587,27403
317591,27404
317593,27405
317599,27406
317609,27407
317617,27408
317621,27409
317651,27410
317663,27411
317671,27412
317693,27413
317701,27414
317711,27415
317717,27416
317729,27417
317731,27418
317741,27419
317743,27420
317771,27421
317773,27422
317777,27423
317783,27424
317789,27425
317797,27426
317827,27427
317831,27428
317839,27429
317857,27430
317887,27431
317903,27432
317921,27433
317923,27434
317957,27435
317959,27436
317963,27437
317969,27438
317971,27439
317983,27440
317987,27441
318001,27442
318007,27443
318023,27444
318077,27445
318103,27446
318107,27447
318127,27448
318137,27449
318161,27450
318173,27451
318179,27452
318181,27453
318191,27454
318203,27455
318209,27456
318211,27457
318229,27458
318233,27459
318247,27460
318259,27461
318271,27462
318281,27463
318287,27464
318289,27465
318299,27466
318301,27467
318313,27468
318319,27469
318323,27470
318337,27471
318347,27472
318349,27473
318377,27474
318403,27475
318407,27476
318419,27477
318431,27478
318443,27479
318457,27480
318467,27481
318473,27482
318503,27483
318523,27484
318557,27485
318559,27486
318569,27487
318581,27488
318589,27489
318601,27490
318629,27491
318641,27492
318653,27493
318671,27494
318677,27495
318679,27496
318683,27497
318691,27498
318701,27499
318713,27500
318737,27501
318743,27502
318749,27503
318751,27504
318781,27505
318793,27506
318809,27507
318811,27508
318817,27509
318823,27510
318833,27511
318841,27512
318863,27513
318881,27514
318883,27515
318889,27516
318907,27517
318911,27518
318917,27519
318919,27520
318949,27521
318979,27522
319001,27523
319027,27524
319031,27525
319037,27526
319049,27527
319057,27528
319061,27529
319069,27530
319093,27531
319097,27532
319117,27533
319127,27534
319129,27535
319133,27536
319147,27537
319159,27538
319169,27539
319183,27540
319201,27541
319211,27542
319223,27543
319237,27544
319259,27545
319279,27546
319289,27547
319313,27548
319321,27549
319327,27550
319339,27551
319343,27552
319351,27553
319357,27554
319387,27555
319391,27556
319399,27557
319411,27558
319427,27559
319433,27560
319439,27561
319441,27562
319453,27563
319469,27564
319477,27565
319483,27566
319489,27567
319499,27568
319511,27569
319519,27570
319541,27571
319547,27572
319567,27573
319577,27574
319589,27575
319591,27576
319601,27577
319607,27578
319639,27579
319673,27580
319679,27581
319681,27582
319687,27583
319691,27584
319699,27585
319727,27586
319729,27587
319733,27588
319747,27589
319757,27590
319763,27591
319811,27592
319817,27593
319819,27594
319829,27595
319831,27596
319849,27597
319883,27598
319897,27599
319901,27600
319919,27601
319927,27602
319931,27603
319937,27604
319967,27605
319973,27606
319981,27607
319993,27608
320009,27609
320011,27610
320027,27611
320039,27612
320041,27613
320053,27614
320057,27615
320063,27616
320081,27617
320083,27618
320101,27619
320107,27620
320113,27621
320119,27622
320141,27623
320143,27624
320149,27625
320153,27626
320179,27627
320209,27628
320213,27629
320219,27630
320237,27631
320239,27632
320267,27633
320269,27634
320273,27635
320291,27636
320293,27637
320303,27638
320317,27639
320329,27640
320339,27641
320377,27642
320387,27643
320389,27644
320401,27645
320417,27646
320431,27647
320449,27648
320471,27649
320477,27650
320483,27651
320513,27652
320521,27653
320533,27654
320539,27655
320561,27656
320563,27657
320591,27658
320609,27659
320611,27660
320627,27661
320647,27662
320657,27663
320659,27664
320669,27665
320687,27666
320693,27667
320699,27668
320713,27669
320741,27670
320759,27671
320767,27672
320791,27673
320821,27674
320833,27675
320839,27676
320843,27677
320851,27678
320861,27679
320867,27680
320899,27681
320911,27682
320923,27683
320927,27684
320939,27685
320941,27686
320953,27687
321007,27688
321017,27689
321031,27690
321037,27691
321047,27692
321053,27693
321073,27694
321077,27695
321091,27696
321109,27697
321143,27698
321163,27699
321169,27700
321187,27701
321193,27702
321199,27703
321203,27704
321221,27705
321227,27706
321239,27707
321247,27708
321289,27709
321301,27710
321311,27711
321313,27712
321319,27713
321323,27714
321329,27715
321331,27716
321341,27717
321359,27718
321367,27719
321371,27720
321383,27721
321397,27722
321403,27723
321413,27724
321427,27725
321443,27726
321449,27727
321467,27728
321469,27729
321509,27730
321547,27731
321553,27732
321569,27733
321571,27734
321577,27735
321593,27736
321611,27737
321617,27738
321619,27739
321631,27740
321647,27741
321661,27742
321679,27743
321707,27744
321709,27745
321721,27746
321733,27747
321743,27748
321751,27749
321757,27750
321779,27751
321799,27752
321817,27753
321821,27754
321823,27755
321829,27756
321833,27757
321847,27758
321851,27759
321889,27760
321901,27761
321911,27762
321947,27763
321949,27764
321961,27765
321983,27766
321991,27767
322001,27768
322009,27769
322013,27770
322037,27771
322039,27772
322051,27773
322057,27774
322067,27775
322073,27776
322079,27777
322093,27778
322097,27779
322109,27780
322111,27781
322139,27782
322169,27783
322171,27784
322193,27785
322213,27786
322229,27787
322237,27788
322243,27789
322247,27790
322249,27791
322261,27792
322271,27793
322319,27794
322327,27795
322339,27796
322349,27797
322351,27798
322397,27799
322403,27800
322409,27801
322417,27802
322429,27803
322433,27804
322459,27805
322463,27806
322501,27807
322513,27808
322519,27809
322523,27810
322537,27811
322549,27812
322559,27813
322571,27814
322573,27815
322583,27816
322589,27817
322591,27818
322607,27819
322613,27820
322627,27821
322631,27822
322633,27823
322649,27824
322669,27825
322709,27826
322727,27827
322747,27828
322757,27829
322769,27830
322771,27831
322781,27832
322783,27833
322807,27834
322849,27835
322859,27836
322871,27837
322877,27838
322891,27839
322901,27840
322919,27841
322921,27842
322939,27843
322951,27844
322963,27845
322969,27846
322997,27847
322999,27848
323003,27849
323009,27850
323027,27851
323053,27852
323077,27853
323083,27854
323087,27855
323093,27856
323101,27857
323123,27858
323131,27859
323137,27860
323149,27861
323201,27862
323207,27863
323233,27864
323243,27865
323249,27866
323251,27867
323273,27868
323333,27869
323339,27870
323341,27871
323359,27872
323369,27873
323371,27874
323377,27875
323381,27876
323383,27877
323413,27878
323419,27879
323441,27880
323443,27881
323467,27882
323471,27883
323473,27884
323507,27885
323509,27886
323537,27887
323549,27888
323567,27889
323579,27890
323581,27891
323591,27892
323597,27893
323599,27894
323623,27895
323641,27896
323647,27897
323651,27898
323699,27899
323707,27900
323711,27901
323717,27902
323759,27903
323767,27904
323789,27905
323797,27906
323801,27907
323803,27908
323819,27909
323837,27910
323879,27911
323899,27912
323903,27913
323923,27914
323927,27915
323933,27916
323951,27917
323957,27918
323987,27919
324011,27920
324031,27921
324053,27922
324067,27923
324073,27924
324089,27925
324097,27926
324101,27927
324113,27928
324119,27929
324131,27930
324143,27931
324151,27932
324161,27933
324179,27934
324199,27935
324209,27936
324211,27937
324217,27938
324223,27939
324239,27940
324251,27941
324293,27942
324299,27943
324301,27944
324319,27945
324329,27946
324341,27947
324361,27948
324391,27949
324397,27950
324403,27951
324419,27952
324427,27953
324431,27954
324437,27955
324439,27956
324449,27957
324451,27958
324469,27959
324473,27960
324491,27961
324497,27962
324503,27963
324517,27964
324523,27965
324529,27966
324557,27967
324587,27968
324589,27969
324593,27970
324617,27971
324619,27972
324637,27973
324641,27974
324647,27975
324661,27976
324673,27977
324689,27978
324697,27979
324707,27980
324733,27981
324743,27982
324757,27983
324763,27984
324773,27985
324781,27986
324791,27987
324799,27988
324809,27989
324811,27990
324839,27991
324847,27992
324869,27993
324871,27994
324889,27995
324893,27996
324901,27997
324931,27998
324941,27999
324949,28000
324953,28001
324977,28002
324979,28003
324983,28004
324991,28005
324997,28006
325001,28007
325009,28008
325019,28009
325021,28010
325027,28011
325043,28012
325051,28013
325063,28014
325079,28015
325081,28016
325093,28017
325133,28018
325153,28019
325163,28020
325181,28021
325187,28022
325189,28023
325201,28024
325217,28025
325219,28026
325229,28027
325231,28028
325249,28029
325271,28030
325301,28031
325307,28032
325309,28033
325319,28034
325333,28035
325343,28036
325349,28037
325379,28038
325411,28039
325421,28040
325439,28041
325447,28042
325453,28043
325459,28044
325463,28045
325477,28046
325487,28047
325513,28048
325517,28049
325537,28050
325541,28051
325543,28052
325571,28053
325597,28054
325607,28055
325627,28056
325631,28057
325643,28058
325667,28059
325673,28060
325681,28061
325691,28062
325693,28063
325697,28064
325709,28065
325723,28066
325729,28067
325747,28068
325751,28069
325753,28070
325769,28071
325777,28072
325781,28073
325783,28074
325807,28075
325813,28076
325849,28077
325861,28078
325877,28079
325883,28080
325889,28081
325891,28082
325901,28083
325921,28084
325939,28085
325943,28086
325951,28087
325957,28088
325987,28089
325993,28090
325999,28091
326023,28092
326057,28093
326063,28094
326083,28095
326087,28096
326099,28097
326101,28098
326113,28099
326119,28100
326141,28101
326143,28102
326147,28103
326149,28104
326153,28105
326159,28106
326171,28107
326189,28108
326203,28109
326219,28110
326251,28111
326257,28112
326309,28113
326323,28114
326351,28115
326353,28116
326369,28117
326437,28118
326441,28119
326449,28120
326467,28121
326479,28122
326497,28123
326503,28124
326537,28125
326539,28126
326549,28127
326561,28128
326563,28129
326567,28130
326581,28131
326593,28132
326597,28133
326609,28134
326611,28135
326617,28136
326633,28137
326657,28138
326659,28139
326663,28140
326681,28141
326687,28142
326693,28143
326701,28144
326707,28145
326737,28146
326741,28147
326773,28148
326779,28149
326831,28150
326863,28151
326867,28152
326869,28153
326873,28154
326881,28155
326903,28156
326923,28157
326939,28158
326941,28159
326947,28160
326951,28161
326983,28162
326993,28163
326999,28164
327001,28165
327007,28166
327011,28167
327017,28168
327023,28169
327059,28170
327071,28171
327079,28172
327127,28173
327133,28174
327163,28175
327179,28176
327193,28177
327203,28178
327209,28179
327211,28180
327247,28181
327251,28182
327263,28183
327277,28184
327289,28185
327307,28186
327311,28187
327317,28188
327319,28189
327331,28190
327337,28191
327343,28192
327347,28193
327401,28194
327407,28195
327409,28196
327419,28197
327421,28198
327433,28199
327443,28200
327463,28201
327469,28202
327473,28203
327479,28204
327491,28205
327493,28206
327499,28207
327511,28208
327517,28209
327529,28210
327553,28211
327557,28212
327559,28213
327571,28214
327581,28215
327583,28216
327599,28217
327619,28218
327629,28219
327647,28220
327661,28221
327667,28222
327673,28223
327689,28224
327707,28225
327721,28226
327737,28227
327739,28228
327757,28229
327779,28230
327797,28231
327799,28232
327809,28233
327823,28234
327827,28235
327829,28236
327839,28237
327851,28238
327853,28239
327869,28240
327871,28241
327881,28242
327889,28243
327917,28244
327923,28245
327941,28246
327953,28247
327967,28248
327979,28249
327983,28250
328007,28251
328037,28252
328043,28253
328051,28254
328061,28255
328063,28256
328067,28257
328093,28258
328103,28259
328109,28260
328121,28261
328127,28262
328129,28263
328171,28264
328177,28265
328213,28266
328243,28267
328249,28268
328271,28269
328277,28270
328283,28271
328291,28272
328303,28273
328327,28274
328331,28275
328333,28276
328343,28277
328357,28278
328373,28279
328379,28280
328381,28281
328397,28282
328411,28283
328421,28284
328429,28285
328439,28286
328481,28287
328511,28288
328513,28289
328519,28290
328543,28291
328579,28292
328589,28293
328591,28294
328619,28295
328621,28296
328633,28297
328637,28298
328639,28299
328651,28300
328667,28301
328687,28302
328709,28303
328721,28304
328753,28305
328777,28306
328781,28307
328787,28308
328789,28309
328813,28310
328829,28311
328837,28312
328847,28313
328849,28314
328883,28315
328891,28316
328897,28317
328901,28318
328919,28319
328921,28320
328931,28321
328961,28322
328981,28323
329009,28324
329027,28325
329053,28326
329059,28327
329081,28328
329083,28329
329089,28330
329101,28331
329111,28332
329123,28333
329143,28334
329167,28335
329177,28336
329191,28337
329201,28338
329207,28339
329209,28340
329233,28341
329243,28342
329257,28343
329267,28344
329269,28345
329281,28346
329293,28347
329297,28348
329299,28349
329309,28350
329317,28351
329321,28352
329333,28353
329347,28354
329387,28355
329393,28356
329401,28357
329419,28358
329431,28359
329471,28360
329473,28361
329489,28362
329503,28363
329519,28364
329533,28365
329551,28366
329557,28367
329587,28368
329591,28369
329597,28370
329603,28371
329617,28372
329627,28373
329629,28374
329639,28375
329657,28376
329663,28377
329671,28378
329677,28379
329683,28380
329687,28381
329711,28382
329717,28383
329723,28384
329729,28385
329761,28386
329773,28387
329779,28388
329789,28389
329801,28390
329803,28391
329863,28392
329867,28393
329873,28394
329891,28395
329899,28396
329941,28397
329947,28398
329951,28399
329957,28400
329969,28401
329977,28402
329993,28403
329999,28404
330017,28405
330019,28406
330037,28407
330041,28408
330047,28409
330053,28410
330061,28411
330067,28412
330097,28413
330103,28414
330131,28415
330133,28416
330139,28417
330149,28418
330167,28419
330199,28420
330203,28421
330217,28422
330227,28423
330229,28424
330233,28425
330241,28426
330247,28427
330271,28428
330287,28429
330289,28430
330311,28431
330313,28432
330329,28433
330331,28434
330347,28435
330359,28436
330383,28437
330389,28438
330409,28439
330413,28440
330427,28441
330431,28442
330433,28443
330439,28444
330469,28445
330509,28446
330557,28447
330563,28448
330569,28449
330587,28450
330607,28451
330611,28452
330623,28453
330641,28454
330643,28455
330653,28456
330661,28457
330679,28458
330683,28459
330689,28460
330697,28461
330703,28462
330719,28463
330721,28464
330731,28465
330749,28466
330767,28467
330787,28468
330791,28469
330793,28470
330821,28471
330823,28472
330839,28473
330853,28474
330857,28475
330859,28476
330877,28477
330887,28478
330899,28479
330907,28480
330917,28481
330943,28482
330983,28483
330997,28484
331013,28485
331027,28486
331031,28487
331043,28488
331063,28489
331081,28490
331099,28491
331127,28492
331141,28493
331147,28494
331153,28495
331159,28496
331171,28497
331183,28498
331207,28499
331213,28500
331217,28501
331231,28502
331241,28503
331249,28504
331259,28505
331277,28506
331283,28507
331301,28508
331307,28509
331319,28510
331333,28511
331337,28512
331339,28513
331349,28514
331367,28515
331369,28516
331391,28517
331399,28518
331423,28519
331447,28520
331451,28521
331489,28522
331501,28523
331511,28524
331519,28525
331523,28526
331537,28527
331543,28528
331547,28529
331549,28530
331553,28531
331577,28532
331579,28533
331589,28534
331603,28535
331609,28536
331613,28537
331651,28538
331663,28539
331691,28540
331693,28541
331697,28542
331711,28543
331739,28544
331753,28545
331769,28546
331777,28547
331781,28548
331801,28549
331819,28550
331841,28551
331843,28552
331871,28553
331883,28554
331889,28555
331897,28556
331907,28557
331909,28558
331921,28559
331937,28560
331943,28561
331957,28562
331967,28563
331973,28564
331997,28565
331999,28566
332009,28567
332011,28568
332039,28569
332053,28570
332069,28571
332081,28572
332099,28573
332113,28574
332117,28575
332147,28576
332159,28577
332161,28578
332179,28579
332183,28580
332191,28581
332201,28582
332203,28583
332207,28584
332219,28585
332221,28586
332251,28587
332263,28588
332273,28589
332287,28590
332303,28591
332309,28592
332317,28593
332393,28594
332399,28595
332411,28596
332417,28597
332441,28598
332447,28599
332461,28600
332467,28601
332471,28602
332473,28603
332477,28604
332489,28605
332509,28606
332513,28607
332561,28608
332567,28609
332569,28610
332573,28611
332611,28612
332617,28613
332623,28614
332641,28615
332687,28616
332699,28617
332711,28618
332729,28619
332743,28620
332749,28621
332767,28622
332779,28623
332791,28624
332803,28625
332837,28626
332851,28627
332873,28628
332881,28629
332887,28630
332903,28631
332921,28632
332933,28633
332947,28634
332951,28635
332987,28636
332989,28637
332993,28638
333019,28639
333023,28640
333029,28641
333031,28642
333041,28643
333049,28644
333071,28645
333097,28646
333101,28647
333103,28648
333107,28649
333131,28650
333139,28651
333161,28652
333187,28653
333197,28654
333209,28655
333227,28656
333233,28657
333253,28658
333269,28659
333271,28660
333283,28661
333287,28662
333299,28663
333323,28664
333331,28665
333337,28666
333341,28667
333349,28668
333367,28669
333383,28670
333397,28671
333419,28672
333427,28673
333433,28674
333439,28675
333449,28676
333451,28677
333457,28678
333479,28679
333491,28680
333493,28681
333497,28682
333503,28683
333517,28684
333533,28685
333539,28686
333563,28687
333581,28688
333589,28689
333623,28690
333631,28691
333647,28692
333667,28693
333673,28694
333679,28695
333691,28696
333701,28697
333713,28698
333719,28699
333721,28700
333737,28701
333757,28702
333769,28703
333779,28704
333787,28705
333791,28706
333793,28707
333803,28708
333821,28709
333857,28710
333871,28711
333911,28712
333923,28713
333929,28714
333941,28715
333959,28716
333973,28717
333989,28718
333997,28719
334021,28720
334031,28721
334043,28722
334049,28723
334057,28724
334069,28725
334093,28726
334099,28727
334127,28728
334133,28729
334157,28730
334171,28731
334177,28732
334183,28733
334189,28734
334199,28735
334231,28736
334247,28737
334261,28738
334289,28739
334297,28740
334319,28741
334331,28742
334333,28743
334349,28744
334363,28745
334379,28746
334387,28747
334393,28748
334403,28749
334421,28750
334423,28751
334427,28752
334429,28753
334447,28754
334487,28755
334493,28756
334507,28757
334511,28758
334513,28759
334541,28760
334547,28761
334549,28762
334561,28763
334603,28764
334619,28765
334637,28766
334643,28767
334651,28768
334661,28769
334667,28770
334681,28771
334693,28772
334699,28773
334717,28774
334721,28775
334727,28776
334751,28777
334753,28778
334759,28779
334771,28780
334777,28781
334783,28782
334787,28783
334793,28784
334843,28785
334861,28786
334877,28787
334889,28788
334891,28789
334897,28790
334931,28791
334963,28792
334973,28793
334987,28794
334991,28795
334993,28796
335009,28797
335021,28798
335029,28799
335033,28800
335047,28801
335051,28802
335057,28803
335077,28804
335081,28805
335089,28806
335107,28807
335113,28808
335117,28809
335123,28810
335131,28811
335149,28812
335161,28813
335171,28814
335173,28815
335207,28816
335213,28817
335221,28818
335249,28819
335261,28820
335273,28821
335281,28822
335299,28823
335323,28824
335341,28825
335347,28826
335381,28827
335383,28828
335411,28829
335417,28830
335429,28831
335449,28832
335453,28833
335459,28834
335473,28835
335477,28836
335507,28837
335519,28838
335527,28839
335539,28840
335557,28841
335567,28842
335579,28843
335591,28844
335609,28845
335633,28846
335641,28847
335653,28848
335663,28849
335669,28850
335681,28851
335689,28852
335693,28853
335719,28854
335729,28855
335743,28856
335747,28857
335771,28858
335807,28859
335809,28860
335813,28861
335821,28862
335833,28863
335843,28864
335857,28865
335879,28866
335893,28867
335897,28868
335917,28869
335941,28870
335953,28871
335957,28872
335999,28873
336029,28874
336031,28875
336041,28876
336059,28877
336079,28878
336101,28879
336103,28880
336109,28881
336113,28882
336121,28883
336143,28884
336151,28885
336157,28886
336163,28887
336181,28888
336199,28889
336211,28890
336221,28891
336223,28892
336227,28893
336239,28894
336247,28895
336251,28896
336253,28897
336263,28898
336307,28899
336317,28900
336353,28901
336361,28902
336373,28903
336397,28904
336403,28905
336419,28906
336437,28907
336463,28908
336491,28909
336499,28910
336503,28911
336521,28912
336527,28913
336529,28914
336533,28915
336551,28916
336563,28917
336571,28918
336577,28919
336587,28920
336593,28921
336599,28922
336613,28923
336631,28924
336643,28925
336649,28926
336653,28927
336667,28928
336671,28929
336683,28930
336689,28931
336703,28932
336727,28933
336757,28934
336761,28935
336767,28936
336769,28937
336773,28938
336793,28939
336799,28940
336803,28941
336823,28942
336827,28943
336829,28944
336857,28945
336863,28946
336871,28947
336887,28948
336899,28949
336901,28950
336911,28951
336929,28952
336961,28953
336977,28954
336983,28955
336989,28956
336997,28957
337013,28958
337021,28959
337031,28960
337039,28961
337049,28962
337069,28963
337081,28964
337091,28965
337097,28966
337121,28967
337153,28968
337189,28969
337201,28970
337213,28971
337217,28972
337219,28973
337223,28974
337261,28975
337277,28976
337279,28977
337283,28978
337291,28979
337301,28980
337313,28981
337327,28982
337339,28983
337343,28984
337349,28985
337361,28986
337367,28987
337369,28988
337397,28989
337411,28990
337427,28991
337453,28992
337457,28993
337487,28994
337489,28995
337511,28996
337517,28997
337529,28998
337537,28999
337541,29000
337543,29001
337583,29002
337607,29003
337609,29004
337627,29005
337633,29006
337639,29007
337651,29008
337661,29009
337669,29010
337681,29011
337691,29012
337697,29013
337721,29014
337741,29015
337751,29016
337759,29017
337781,29018
337793,29019
337817,29020
337837,29021
337853,29022
337859,29023
337861,29024
337867,29025
337871,29026
337873,29027
337891,29028
337901,29029
337903,29030
337907,29031
337919,29032
337949,29033
337957,29034
337969,29035
337973,29036
337999,29037
338017,29038
338027,29039
338033,29040
338119,29041
338137,29042
338141,29043
338153,29044
338159,29045
338161,29046
338167,29047
338171,29048
338183,29049
338197,29050
338203,29051
338207,29052
338213,29053
338231,29054
338237,29055
338251,29056
338263,29057
338267,29058
338269,29059
338279,29060
338287,29061
338293,29062
338297,29063
338309,29064
338321,29065
338323,29066
338339,29067
338341,29068
338347,29069
338369,29070
338383,29071
338389,29072
338407,29073
338411,29074
338413,29075
338423,29076
338431,29077
338449,29078
338461,29079
338473,29080
338477,29081
338497,29082
338531,29083
338543,29084
338563,29085
338567,29086
338573,29087
338579,29088
338581,29089
338609,29090
338659,29091
338669,29092
338683,29093
338687,29094
338707,29095
338717,29096
338731,29097
338747,29098
338753,29099
338761,29100
338773,29101
338777,29102
338791,29103
338803,29104
338839,29105
338851,29106
338857,29107
338867,29108
338893,29109
338909,29110
338927,29111
338959,29112
338993,29113
338999,29114
339023,29115
339049,29116
339067,29117
339071,29118
339091,29119
339103,29120
339107,29121
339121,29122
339127,29123
339137,29124
339139,29125
339151,29126
339161,29127
339173,29128
339187,29129
339211,29130
339223,29131
339239,29132
339247,29133
339257,29134
339263,29135
339289,29136
339307,29137
339323,29138
339331,29139
339341,29140
339373,29141
339389,29142
339413,29143
339433,29144
339467,29145
339491,29146
339517,29147
339527,29148
339539,29149
339557,29150
339583,29151
339589,29152
339601,29153
339613,29154
339617,29155
339631,29156
339637,29157
339649,29158
339653,29159
339659,29160
339671,29161
339673,29162
339679,29163
339707,29164
339727,29165
339749,29166
339751,29167
339761,29168
339769,29169
339799,29170
339811,29171
339817,29172
339821,29173
339827,29174
339839,29175
339841,29176
339863,29177
339887,29178
339907,29179
339943,29180
339959,29181
339991,29182
340007,29183
340027,29184
340031,29185
340037,29186
340049,29187
340057,29188
340061,29189
340063,29190
340073,29191
340079,29192
340103,29193
340111,29194
340117,29195
340121,29196
340127,29197
340129,29198
340169,29199
340183,29200
340201,29201
340211,29202
340237,29203
340261,29204
340267,29205
340283,29206
340297,29207
340321,29208
340337,29209
340339,29210
340369,29211
340381,29212
340387,29213
340393,29214
340397,29215
340409,29216
340429,29217
340447,29218
340451,29219
340453,29220
340477,29221
340481,29222
340519,29223
340541,29224
340559,29225
340573,29226
340577,29227
340579,29228
340583,29229
340591,29230
340601,29231
340619,29232
340633,29233
340643,29234
340649,29235
340657,29236
340661,29237
340687,29238
340693,29239
340709,29240
340723,29241
340757,29242
340777,29243
340787,29244
340789,29245
340793,29246
340801,29247
340811,29248
340819,29249
340849,29250
340859,29251
340877,29252
340889,29253
340897,29254
340903,29255
340909,29256
340913,29257
340919,29258
340927,29259
340931,29260
340933,29261
340937,29262
340939,29263
340957,29264
340979,29265
340999,29266
341017,29267
341027,29268
341041,29269
341057,29270
341059,29271
341063,29272
341083,29273
341087,29274
341123,29275
341141,29276
341171,29277
341179,29278
341191,29279
341203,29280
341219,29281
341227,29282
341233,29283
341269,29284
341273,29285
341281,29286
341287,29287
341293,29288
341303,29289
341311,29290
341321,29291
341323,29292
341333,29293
341339,29294
341347,29295
341357,29296
341423,29297
341443,29298
341447,29299
341459,29300
341461,29301
341477,29302
341491,29303
341501,29304
341507,29305
341521,29306
341543,29307
341557,29308
341569,29309
341587,29310
341597,29311
341603,29312
341617,29313
341623,29314
341629,29315
341641,29316
341647,29317
341659,29318
341681,29319
341687,29320
341701,29321
341729,29322
341743,29323
341749,29324
341771,29325
341773,29326
341777,29327
341813,29328
341821,29329
341827,29330
341839,29331
341851,29332
341863,29333
341879,29334
341911,29335
341927,29336
341947,29337
341951,29338
341953,29339
341959,29340
341963,29341
341983,29342
341993,29343
342037,29344
342047,29345
342049,29346
342059,29347
342061,29348
342071,29349
342073,29350
342077,29351
342101,29352
342107,29353
342131,29354
342143,29355
342179,29356
342187,29357
342191,29358
342197,29359
342203,29360
342211,29361
342233,29362
342239,29363
342241,29364
342257,29365
342281,29366
342283,29367
342299,29368
342319,29369
342337,29370
342341,29371
342343,29372
342347,29373
342359,29374
342371,29375
342373,29376
342379,29377
342389,29378
342413,29379
342421,29380
342449,29381
342451,29382
342467,29383
342469,29384
342481,29385
342497,29386
342521,29387
342527,29388
342547,29389
342553,29390
342569,29391
342593,29392
342599,29393
342607,29394
342647,29395
342653,29396
342659,29397
342673,29398
342679,29399
342691,29400
342697,29401
342733,29402
342757,29403
342761,29404
342791,29405
342799,29406
342803,29407
342821,29408
342833,29409
342841,29410
342847,29411
342863,29412
342869,29413
342871,29414
342889,29415
342899,29416
342929,29417
342949,29418
342971,29419
342989,29420
343019,29421
343037,29422
343051,29423
343061,29424
343073,29425
343081,29426
343087,29427
343127,29428
343141,29429
343153,29430
343163,29431
343169,29432
343177,29433
343193,29434
343199,29435
343219,29436
343237,29437
343243,29438
343253,29439
343261,29440
343267,29441
343289,29442
343303,29443
343307,29444
343309,29445
343313,29446
343327,29447
343333,29448
343337,29449
343373,29450
343379,29451
343381,29452
343391,29453
343393,29454
343411,29455
343423,29456
343433,29457
343481,29458
343489,29459
343517,29460
343529,29461
343531,29462
343543,29463
343547,29464
343559,29465
343561,29466
343579,29467
343583,29468
343589,29469
343591,29470
343601,29471
343627,29472
343631,29473
343639,29474
343649,29475
343661,29476
343667,29477
343687,29478
343709,29479
343727,29480
343769,29481
343771,29482
343787,29483
343799,29484
343801,29485
343813,29486
343817,29487
343823,29488
343829,29489
343831,29490
343891,29491
343897,29492
343901,29493
343913,29494
343933,29495
343939,29496
343943,29497
343951,29498
343963,29499
343997,29500
344017,29501
344021,29502
344039,29503
344053,29504
344083,29505
344111,29506
344117,29507
344153,29508
344161,29509
344167,29510
344171,29511
344173,29512
344177,29513
344189,29514
344207,29515
344209,29516
344213,29517
344221,29518
344231,29519
344237,29520
344243,29521
344249,29522
344251,29523
344257,29524
344263,29525
344269,29526
344273,29527
344291,29528
344293,29529
344321,29530
344327,29531
344347,29532
344353,29533
344363,29534
344371,29535
344417,29536
344423,29537
344429,29538
344453,29539
344479,29540
344483,29541
344497,29542
344543,29543
344567,29544
344587,29545
344599,29546
344611,29547
344621,29548
344629,29549
344639,29550
344653,29551
344671,29552
344681,29553
344683,29554
344693,29555
344719,29556
344749,29557
344753,29558
344759,29559
344791,29560
344797,29561
344801,29562
344807,29563
344819,29564
344821,29565
344843,29566
344857,29567
344863,29568
344873,29569
344887,29570
344893,29571
344909,29572
344917,29573
344921,29574
344941,29575
344957,29576
344959,29577
344963,29578
344969,29579
344987,29580
345001,29581
345011,29582
345017,29583
345019,29584
345041,29585
345047,29586
345067,29587
345089,29588
345109,29589
345133,29590
345139,29591
345143,29592
345181,29593
345193,29594
345221,29595
345227,29596
345229,29597
345259,29598
345263,29599
345271,29600
345307,29601
345311,29602
345329,29603
345379,29604
345413,29605
345431,29606
345451,29607
345461,29608
345463,29609
345473,29610
345479,29611
345487,29612
345511,29613
345517,29614
345533,29615
345547,29616
345551,29617
345571,29618
345577,29619
345581,29620
345599,29621
345601,29622
345607,29623
345637,29624
345643,29625
345647,29626
345659,29627
345673,29628
345679,29629
345689,29630
345701,29631
345707,29632
345727,29633
345731,29634
345733,29635
345739,29636
345749,29637
345757,29638
345769,29639
345773,29640
345791,29641
345803,29642
345811,29643
345817,29644
345823,29645
345853,29646
345869,29647
345881,29648
345887,29649
345889,29650
345907,29651
345923,29652
345937,29653
345953,29654
345979,29655
345997,29656
346013,29657
346039,29658
346043,29659
346051,29660
346079,29661
346091,29662
346097,29663
346111,29664
346117,29665
346133,29666
346139,29667
346141,29668
346147,29669
346169,29670
346187,29671
346201,29672
346207,29673
346217,29674
346223,29675
346259,29676
346261,29677
346277,29678
346303,29679
346309,29680
346321,29681
346331,29682
346337,29683
346349,29684
346361,29685
346369,29686
346373,29687
346391,29688
346393,29689
346397,29690
346399,29691
346417,29692
346421,29693
346429,29694
346433,29695
346439,29696
346441,29697
346447,29698
346453,29699
346469,29700
346501,29701
346529,29702
346543,29703
346547,29704
346553,29705
346559,29706
346561,29707
346589,29708
346601,29709
346607,29710
346627,29711
346639,29712
346649,29713
346651,29714
346657,29715
346667,29716
346669,29717
346699,29718
346711,29719
346721,29720
346739,29721
346751,29722
346763,29723
346793,29724
346831,29725
346849,29726
346867,29727
346873,29728
346877,29729
346891,29730
346903,29731
346933,29732
346939,29733
346943,29734
346961,29735
346963,29736
347003,29737
347033,29738
347041,29739
347051,29740
347057,29741
347059,29742
347063,29743
347069,29744
347071,29745
347099,29746
347129,29747
347131,29748
347141,29749
347143,29750
347161,29751
347167,29752
347173,29753
347177,29754
347183,29755
347197,29756
347201,29757
347209,29758
347227,29759
347233,29760
347239,29761
347251,29762
347257,29763
347287,29764
347297,29765
347299,29766
347317,29767
347329,29768
347341,29769
347359,29770
347401,29771
347411,29772
347437,29773
347443,29774
347489,29775
347509,29776
347513,29777
347519,29778
347533,29779
347539,29780
347561,29781
347563,29782
347579,29783
347587,29784
347591,29785
347609,29786
347621,29787
347629,29788
347651,29789
347671,29790
347707,29791
347717,29792
347729,29793
347731,29794
347747,29795
347759,29796
347771,29797
347773,29798
347779,29799
347801,29800
347813,29801
347821,29802
347849,29803
347873,29804
347887,29805
347891,29806
347899,29807
347929,29808
347933,29809
347951,29810
347957,29811
347959,29812
347969,29813
347981,29814
347983,29815
347987,29816
347989,29817
347993,29818
348001,29819
348011,29820
348017,29821
348031,29822
348043,29823
348053,29824
348077,29825
348083,29826
348097,29827
348149,29828
348163,29829
348181,29830
348191,29831
348209,29832
348217,29833
348221,29834
348239,29835
348241,29836
348247,29837
348253,29838
348259,29839
348269,29840
348287,29841
348307,29842
348323,29843
348353,29844
348367,29845
348389,29846
348401,29847
348407,29848
348419,29849
348421,29850
348431,29851
348433,29852
348437,29853
348443,29854
348451,29855
348457,29856
348461,29857
348463,29858
348487,29859
348527,29860
348547,29861
348553,29862
348559,29863
348563,29864
348571,29865
348583,29866
348587,29867
348617,29868
348629,29869
348637,29870
348643,29871
348661,29872
348671,29873
348709,29874
348731,29875
348739,29876
348757,29877
348763,29878
348769,29879
348779,29880
348811,29881
348827,29882
348833,29883
348839,29884
348851,29885
348883,29886
348889,29887
348911,29888
348917,29889
348919,29890
348923,29891
348937,29892
348949,29893
348989,29894
348991,29895
349007,29896
349039,29897
349043,29898
349051,29899
349079,29900
349081,29901
349093,29902
349099,29903
349109,29904
349121,29905
349133,29906
349171,29907
349177,29908
349183,29909
349187,29910
349199,29911
349207,29912
349211,29913
349241,29914
349291,29915
349303,29916
349313,29917
349331,29918
349337,29919
349343,29920
349357,29921
349369,29922
349373,29923
349379,29924
349381,29925
349387,29926
349397,29927
349399,29928
349403,29929
349409,29930
349411,29931
349423,29932
349471,29933
349477,29934
349483,29935
349493,29936
349499,29937
349507,29938
349519,29939
349529,29940
349553,29941
349567,29942
349579,29943
349589,29944
349603,29945
349637,29946
349663,29947
349667,29948
349697,29949
349709,29950
349717,29951
349729,29952
349753,29953
349759,29954
349787,29955
349793,29956
349801,29957
349813,29958
349819,29959
349829,29960
349831,29961
349837,29962
349841,29963
349849,29964
349871,29965
349903,29966
349907,29967
349913,29968
349919,29969
349927,29970
349931,29971
349933,29972
349939,29973
349949,29974
349963,29975
349967,29976
349981,29977
350003,29978
350029,29979
350033,29980
350039,29981
350087,29982
350089,29983
350093,29984
350107,29985
350111,29986
350137,29987
350159,29988
350179,29989
350191,29990
350213,29991
350219,29992
350237,29993
350249,29994
350257,29995
350281,29996
350293,29997
350347,29998
350351,29999
350377,30000
350381,30001
