224743,20001
224759,20002
224771,20003
224797,20004
224813,20005
224831,20006
224863,20007
224869,20008
224881,20009
224891,20010
224897,20011
224909,20012
224911,20013
224921,20014
224929,20015
224947,20016
224951,20017
224969,20018
224977,20019
224993,20020
225023,20021
225037,20022
225061,20023
225067,20024
225077,20025
225079,20026
225089,20027
225109,20028
225119,20029
225133,20030
225143,20031
225149,20032
225157,20033
225161,20034
225163,20035
225167,20036
225217,20037
225221,20038
225223,20039
225227,20040
225241,20041
225257,20042
225263,20043
225287,20044
225289,20045
225299,20046
225307,20047
225341,20048
225343,20049
225347,20050
225349,20051
225353,20052
225371,20053
225373,20054
225383,20055
225427,20056
225431,20057
225457,20058
225461,20059
225479,20060
225493,20061
225499,20062
225503,20063
225509,20064
225523,20065
225527,20066
225529,20067
225569,20068
225581,20069
225583,20070
225601,20071
225611,20072
225613,20073
225619,20074
225629,20075
225637,20076
225671,20077
225683,20078
225689,20079
225697,20080
225721,20081
225733,20082
225749,20083
225751,20084
225767,20085
225769,20086
225779,20087
225781,20088
225809,20089
225821,20090
225829,20091
225839,20092
225859,20093
225871,20094
225889,20095
225919,20096
225931,20097
225941,20098
225943,20099
225949,20100
225961,20101
225977,20102
225983,20103
225989,20104
226001,20105
226007,20106
226013,20107
226027,20108
226063,20109
226087,20110
226099,20111
226103,20112
226123,20113
226129,20114
226133,20115
226141,20116
226169,20117
226183,20118
226189,20119
226199,20120
226201,20121
226217,20122
226231,20123
226241,20124
226267,20125
226283,20126
226307,20127
226313,20128
226337,20129
226357,20130
226367,20131
226379,20132
226381,20133
226397,20134
226409,20135
226427,20136
226433,20137
226451,20138
226453,20139
226463,20140
226483,20141
226487,20142
226511,20143
226531,20144
226547,20145
226549,20146
226553,20147
226571,20148
226601,20149
226609,20150
226621,20151
226631,20152
226637,20153
226643,20154
226649,20155
226657,20156
226663,20157
226669,20158
226691,20159
226697,20160
226741,20161
226753,20162
226769,20163
226777,20164
226783,20165
226789,20166
226799,20167
226813,20168
226817,20169
226819,20170
226823,20171
226843,20172
226871,20173
226901,20174
226903,20175
226907,20176
226913,20177
226937,20178
226943,20179
226991,20180
227011,20181
227027,20182
227053,20183
227081,20184
227089,20185
227093,20186
227111,20187
227113,20188
227131,20189
227147,20190
227153,20191
227159,20192
227167,20193
227177,20194
227189,20195
227191,20196
227207,20197
227219,20198
227231,20199
227233,20200
227251,20201
227257,20202
227267,20203
227281,20204
227299,20205
227303,20206
227363,20207
227371,20208
227377,20209
227387,20210
227393,20211
227399,20212
227407,20213
227419,20214
227431,20215
227453,20216
227459,20217
227467,20218
227471,20219
227473,20220
227489,20221
227497,20222
227501,20223
227519,20224
227531,20225
227533,20226
227537,20227
227561,20228
227567,20229
227569,20230
227581,20231
227593,20232
227597,20233
227603,20234
227609,20235
227611,20236
227627,20237
227629,20238
227651,20239
227653,20240
227663,20241
227671,20242
227693,20243
227699,20244
227707,20245
227719,20246
227729,20247
227743,20248
227789,20249
227797,20250
227827,20251
227849,20252
227869,20253
227873,20254
227893,20255
227947,20256
227951,20257
227977,20258
227989,20259
227993,20260
228013,20261
228023,20262
228049,20263
228061,20264
228077,20265
228097,20266
228103,20267
228113,20268
228127,20269
228131,20270
228139,20271
228181,20272
228197,20273
228199,20274
228203,20275
228211,20276
228223,20277
228233,20278
228251,20279
228257,20280
228281,20281
228299,20282
228301,20283
228307,20284
228311,20285
228331,20286
228337,20287
228341,20288
228353,20289
228359,20290
228383,20291
228409,20292
228419,20293
228421,20294
228427,20295
228443,20296
228451,20297
228457,20298
228461,20299
228469,20300
228479,20301
228509,20302
228511,20303
228517,20304
228521,20305
228523,20306
228539,20307
228559,20308
228577,20309
228581,20310
228587,20311
228593,20312
228601,20313
228611,20314
228617,20315
228619,20316
228637,20317
228647,20318
228677,20319
228707,20320
228713,20321
228731,20322
228733,20323
228737,20324
228751,20325
228757,20326
228773,20327
228793,20328
228797,20329
228799,20330
228829,20331
228841,20332
228847,20333
228853,20334
228859,20335
228869,20336
228881,20337
228883,20338
228887,20339
228901,20340
228911,20341
228913,20342
228923,20343
228929,20344
228953,20345
228959,20346
228961,20347
228983,20348
228989,20349
229003,20350
229027,20351
229037,20352
229081,20353
229093,20354
229123,20355
229127,20356
229133,20357
229139,20358
229153,20359
229157,20360
229171,20361
229181,20362
229189,20363
229199,20364
229213,20365
229217,20366
229223,20367
229237,20368
229247,20369
229249,20370
229253,20371
229261,20372
229267,20373
229283,20374
229309,20375
229321,20376
229343,20377
229351,20378
229373,20379
229393,20380
229399,20381
229403,20382
229409,20383
229423,20384
229433,20385
229459,20386
229469,20387
229487,20388
229499,20389
229507,20390
229519,20391
229529,20392
229547,20393
229549,20394
229553,20395
229561,20396
229583,20397
229589,20398
229591,20399
229601,20400
229613,20401
229627,20402
229631,20403
229637,20404
229639,20405
229681,20406
229693,20407
229699,20408
229703,20409
229711,20410
229717,20411
229727,20412
229739,20413
229751,20414
229753,20415
229759,20416
229763,20417
229769,20418
229771,20419
229777,20420
229781,20421
229799,20422
229813,20423
229819,20424
229837,20425
229841,20426
229847,20427
229849,20428
229897,20429
229903,20430
229937,20431
229939,20432
229949,20433
229961,20434
229963,20435
229979,20436
229981,20437
230003,20438
230017,20439
230047,20440
230059,20441
230063,20442
230077,20443
230081,20444
230089,20445
230101,20446
230107,20447
230117,20448
230123,20449
230137,20450
230143,20451
230149,20452
230189,20453
230203,20454
230213,20455
230221,20456
230227,20457
230233,20458
230239,20459
230257,20460
230273,20461
230281,20462
230291,20463
230303,20464
230309,20465
230311,20466
230327,20467
230339,20468
230341,20469
230353,20470
230357,20471
230369,20472
230383,20473
230387,20474
230389,20475
230393,20476
230431,20477
230449,20478
230453,20479
230467,20480
230471,20481
230479,20482
230501,20483
230507,20484
230539,20485
230551,20486
230561,20487
230563,20488
230567,20489
230597,20490
230611,20491
230647,20492
230653,20493
230663,20494
230683,20495
230693,20496
230719,20497
230729,20498
230743,20499
230761,20500
230767,20501
230771,20502
230773,20503
230779,20504
230807,20505
230819,20506
230827,20507
230833,20508
230849,20509
230861,20510
230863,20511
230873,20512
230891,20513
230929,20514
230933,20515
230939,20516
230941,20517
230959,20518
230969,20519
230977,20520
230999,20521
231001,20522
231017,20523
231019,20524
231031,20525
231041,20526
231053,20527
231067,20528
231079,20529
231107,20530
231109,20531
231131,20532
231169,20533
231197,20534
231223,20535
231241,20536
231269,20537
231271,20538
231277,20539
231289,20540
231293,20541
231299,20542
231317,20543
231323,20544
231331,20545
231347,20546
231349,20547
231359,20548
231367,20549
231379,20550
231409,20551
231419,20552
231431,20553
231433,20554
231443,20555
231461,20556
231463,20557
231479,20558
231481,20559
231493,20560
231503,20561
231529,20562
231533,20563
231547,20564
231551,20565
231559,20566
231563,20567
231571,20568
231589,20569
231599,20570
231607,20571
231611,20572
231613,20573
231631,20574
231643,20575
231661,20576
231677,20577
231701,20578
231709,20579
231719,20580
231779,20581
231799,20582
231809,20583
231821,20584
231823,20585
231827,20586
231839,20587
231841,20588
231859,20589
231871,20590
231877,20591
231893,20592
231901,20593
231919,20594
231923,20595
231943,20596
231947,20597
231961,20598
231967,20599
232003,20600
232007,20601
232013,20602
232049,20603
232051,20604
232073,20605
232079,20606
232081,20607
232091,20608
232103,20609
232109,20610
232117,20611
232129,20612
232153,20613
232171,20614
232187,20615
232189,20616
232207,20617
232217,20618
232259,20619
232303,20620
232307,20621
232333,20622
232357,20623
232363,20624
232367,20625
232381,20626
232391,20627
232409,20628
232411,20629
232417,20630
232433,20631
232439,20632
232451,20633
232457,20634
232459,20635
232487,20636
232499,20637
232513,20638
232523,20639
232549,20640
232567,20641
232571,20642
232591,20643
232597,20644
232607,20645
232621,20646
232633,20647
232643,20648
232663,20649
232669,20650
232681,20651
232699,20652
232709,20653
232711,20654
232741,20655
232751,20656
232753,20657
232777,20658
232801,20659
232811,20660
232819,20661
232823,20662
232847,20663
232853,20664
232861,20665
232871,20666
232877,20667
232891,20668
232901,20669
232907,20670
232919,20671
232937,20672
232961,20673
232963,20674
232987,20675
233021,20676
233069,20677
233071,20678
233083,20679
233113,20680
233117,20681
233141,20682
233143,20683
233159,20684
233161,20685
233173,20686
233183,20687
233201,20688
233221,20689
233231,20690
233239,20691
233251,20692
233267,20693
233279,20694
233293,20695
233297,20696
233323,20697
233327,20698
233329,20699
233341,20700
233347,20701
233353,20702
233357,20703
233371,20704
233407,20705
233417,20706
233419,20707
233423,20708
233437,20709
233477,20710
233489,20711
233509,20712
233549,20713
233551,20714
233557,20715
233591,20716
233599,20717
233609,20718
233617,20719
233621,20720
233641,20721
233663,20722
233669,20723
233683,20724
233687,20725
233689,20726
233693,20727
233713,20728
233743,20729
233747,20730
233759,20731
233777,20732
233837,20733
233851,20734
233861,20735
233879,20736
233881,20737
233911,20738
233917,20739
233921,20740
233923,20741
233939,20742
233941,20743
233969,20744
233983,20745
233993,20746
234007,20747
234029,20748
234043,20749
234067,20750
234083,20751
234089,20752
234103,20753
234121,20754
234131,20755
234139,20756
234149,20757
234161,20758
234167,20759
234181,20760
234187,20761
234191,20762
234193,20763
234197,20764
234203,20765
234211,20766
234217,20767
234239,20768
234259,20769
234271,20770
234281,20771
234287,20772
234293,20773
234317,20774
234319,20775
234323,20776
234331,20777
234341,20778
234343,20779
234361,20780
234383,20781
234431,20782
234457,20783
234461,20784
234463,20785
234467,20786
234473,20787
234499,20788
234511,20789
234527,20790
234529,20791
234539,20792
234541,20793
234547,20794
234571,20795
234587,20796
234589,20797
234599,20798
234613,20799
234629,20800
234653,20801
234659,20802
234673,20803
234683,20804
234713,20805
234721,20806
234727,20807
234733,20808
234743,20809
234749,20810
234769,20811
234781,20812
234791,20813
234799,20814
234803,20815
234809,20816
234811,20817
234833,20818
234847,20819
234851,20820
234863,20821
234869,20822
234893,20823
234907,20824
234917,20825
234931,20826
234947,20827
234959,20828
234961,20829
234967,20830
234977,20831
234979,20832
234989,20833
235003,20834
235007,20835
235009,20836
235013,20837
235043,20838
235051,20839
235057,20840
235069,20841
235091,20842
235099,20843
235111,20844
235117,20845
235159,20846
235171,20847
235177,20848
235181,20849
235199,20850
235211,20851
235231,20852
235241,20853
235243,20854
235273,20855
235289,20856
235307,20857
235309,20858
235337,20859
235349,20860
235369,20861
235397,20862
235439,20863
235441,20864
235447,20865
235483,20866
235489,20867
235493,20868
235513,20869
235519,20870
235523,20871
235537,20872
235541,20873
235553,20874
235559,20875
235577,20876
235591,20877
235601,20878
235607,20879
235621,20880
235661,20881
235663,20882
235673,20883
235679,20884
235699,20885
235723,20886
235747,20887
235751,20888
235783,20889
235787,20890
235789,20891
235793,20892
235811,20893
235813,20894
235849,20895
235871,20896
235877,20897
235889,20898
235891,20899
235901,20900
235919,20901
235927,20902
235951,20903
235967,20904
235979,20905
235997,20906
236017,20907
236021,20908
236053,20909
236063,20910
236069,20911
236077,20912
236087,20913
236107,20914
236111,20915
236129,20916
236143,20917
236153,20918
236167,20919
236207,20920
236209,20921
236219,20922
236231,20923
236261,20924
236287,20925
236293,20926
236297,20927
236323,20928
236329,20929
236333,20930
236339,20931
236377,20932
236381,20933
236387,20934
236399,20935
236407,20936
236429,20937
236449,20938
236461,20939
236471,20940
236477,20941
236479,20942
236503,20943
236507,20944
236519,20945
236527,20946
236549,20947
236563,20948
236573,20949
236609,20950
236627,20951
236641,20952
236653,20953
236659,20954
236681,20955
236699,20956
236701,20957
236707,20958
236713,20959
236723,20960
236729,20961
236737,20962
236749,20963
236771,20964
236773,20965
236779,20966
236783,20967
236807,20968
236813,20969
236867,20970
236869,20971
236879,20972
236881,20973
236891,20974
236893,20975
236897,20976
236909,20977
236917,20978
236947,20979
236981,20980
236983,20981
236993,20982
237011,20983
237019,20984
237043,20985
237053,20986
237067,20987
237071,20988
237073,20989
237089,20990
237091,20991
237137,20992
237143,20993
237151,20994
237157,20995
237161,20996
237163,20997
237173,20998
237179,20999
237203,21000
237217,21001
237233,21002
237257,21003
237271,21004
237277,21005
237283,21006
237287,21007
237301,21008
237313,21009
237319,21010
237331,21011
237343,21012
237361,21013
237373,21014
237379,21015
237401,21016
237409,21017
237467,21018
237487,21019
237509,21020
237547,21021
237563,21022
237571,21023
237581,21024
237607,21025
237619,21026
237631,21027
237673,21028
237683,21029
237689,21030
237691,21031
237701,21032
237707,21033
237733,21034
237737,21035
237749,21036
237763,21037
237767,21038
237781,21039
237791,21040
237821,21041
237851,21042
237857,21043
237859,21044
237877,21045
237883,21046
237901,21047
237911,21048
237929,21049
237959,21050
237967,21051
237971,21052
237973,21053
237977,21054
237997,21055
238001,21056
238009,21057
238019,21058
238031,21059
238037,21060
238039,21061
238079,21062
238081,21063
238093,21064
238099,21065
238103,21066
238109,21067
238141,21068
238151,21069
238157,21070
238159,21071
238163,21072
238171,21073
238181,21074
238201,21075
238207,21076
238213,21077
238223,21078
238229,21079
238237,21080
238247,21081
238261,21082
238267,21083
238291,21084
238307,21085
238313,21086
238321,21087
238331,21088
238339,21089
238361,21090
238363,21091
238369,21092
238373,21093
238397,21094
238417,21095
238423,21096
238439,21097
238451,21098
238463,21099
238471,21100
238477,21101
238481,21102
238499,21103
238519,21104
238529,21105
238531,21106
238547,21107
238573,21108
238591,21109
238627,21110
238639,21111
238649,21112
238657,21113
238673,21114
238681,21115
238691,21116
238703,21117
238709,21118
238723,21119
238727,21120
238729,21121
238747,21122
238759,21123
238781,21124
238789,21125
238801,21126
238829,21127
238837,21128
238841,21129
238853,21130
238859,21131
238877,21132
238879,21133
238883,21134
238897,21135
238919,21136
238921,21137
238939,21138
238943,21139
238949,21140
238967,21141
238991,21142
239017,21143
239023,21144
239027,21145
239053,21146
239069,21147
239081,21148
239087,21149
239119,21150
239137,21151
239147,21152
239167,21153
239171,21154
239179,21155
239201,21156
239231,21157
239233,21158
239237,21159
239243,21160
239251,21161
239263,21162
239273,21163
239287,21164
239297,21165
239329,21166
239333,21167
239347,21168
239357,21169
239383,21170
239387,21171
239389,21172
239417,21173
239423,21174
239429,21175
239431,21176
239441,21177
239461,21178
239489,21179
239509,21180
239521,21181
239527,21182
239531,21183
239539,21184
239543,21185
239557,21186
239567,21187
239579,21188
239587,21189
239597,21190
239611,21191
239623,21192
239633,21193
239641,21194
239671,21195
239689,21196
239699,21197
239711,21198
239713,21199
239731,21200
239737,21201
239753,21202
239779,21203
239783,21204
239803,21205
239807,21206
239831,21207
239843,21208
239849,21209
239851,21210
239857,21211
239873,21212
239879,21213
239893,21214
239929,21215
239933,21216
239947,21217
239957,21218
239963,21219
239977,21220
239999,21221
240007,21222
240011,21223
240017,21224
240041,21225
240043,21226
240047,21227
240049,21228
240059,21229
240073,21230
240089,21231
240101,21232
240109,21233
240113,21234
240131,21235
240139,21236
240151,21237
240169,21238
240173,21239
240197,21240
240203,21241
240209,21242
240257,21243
240259,21244
240263,21245
240271,21246
240283,21247
240287,21248
240319,21249
240341,21250
240347,21251
240349,21252
240353,21253
240371,21254
240379,21255
240421,21256
240433,21257
240437,21258
240473,21259
240479,21260
240491,21261
240503,21262
240509,21263
240517,21264
240551,21265
240571,21266
240587,21267
240589,21268
240599,21269
240607,21270
240623,21271
240631,21272
240641,21273
240659,21274
240677,21275
240701,21276
240707,21277
240719,21278
240727,21279
240733,21280
240739,21281
240743,21282
240763,21283
240769,21284
240797,21285
240811,21286
240829,21287
240841,21288
240853,21289
240859,21290
240869,21291
240881,21292
240883,21293
240893,21294
240899,21295
240913,21296
240943,21297
240953,21298
240959,21299
240967,21300
240997,21301
241013,21302
241027,21303
241037,21304
241049,21305
241051,21306
241061,21307
241067,21308
241069,21309
241079,21310
241093,21311
241117,21312
241127,21313
241141,21314
241169,21315
241177,21316
241183,21317
241207,21318
241229,21319
241249,21320
241253,21321
241259,21322
241261,21323
241271,21324
241291,21325
241303,21326
241313,21327
241321,21328
241327,21329
241333,21330
241337,21331
241343,21332
241361,21333
241363,21334
241391,21335
241393,21336
241421,21337
241429,21338
241441,21339
241453,21340
241463,21341
241469,21342
241489,21343
241511,21344
241513,21345
241517,21346
241537,21347
241543,21348
241559,21349
241561,21350
241567,21351
241589,21352
241597,21353
241601,21354
241603,21355
241639,21356
241643,21357
241651,21358
241663,21359
241667,21360
241679,21361
241687,21362
241691,21363
241711,21364
241727,21365
241739,21366
241771,21367
241781,21368
241783,21369
241793,21370
241807,21371
241811,21372
241817,21373
241823,21374
241847,21375
241861,21376
241867,21377
241873,21378
241877,21379
241883,21380
241903,21381
241907,21382
241919,21383
241921,21384
241931,21385
241939,21386
241951,21387
241963,21388
241973,21389
241979,21390
241981,21391
241993,21392
242009,21393
242057,21394
242059,21395
242069,21396
242083,21397
242093,21398
242101,21399
242119,21400
242129,21401
242147,21402
242161,21403
242171,21404
242173,21405
242197,21406
242201,21407
242227,21408
242243,21409
242257,21410
242261,21411
242273,21412
242279,21413
242309,21414
242329,21415
242357,21416
242371,21417
242377,21418
242393,21419
242399,21420
242413,21421
242419,21422
242441,21423
242447,21424
242449,21425
242453,21426
242467,21427
242479,21428
242483,21429
242491,21430
242509,21431
242519,21432
242521,21433
242533,21434
242551,21435
242591,21436
242603,21437
242617,21438
242621,21439
242629,21440
242633,21441
242639,21442
242647,21443
242659,21444
242677,21445
242681,21446
242689,21447
242713,21448
242729,21449
242731,21450
242747,21451
242773,21452
242779,21453
242789,21454
242797,21455
242807,21456
242813,21457
242819,21458
242863,21459
242867,21460
242873,21461
242887,21462
242911,21463
242923,21464
242927,21465
242971,21466
242989,21467
242999,21468
243011,21469
243031,21470
243073,21471
243077,21472
243091,21473
243101,21474
243109,21475
243119,21476
243121,21477
243137,21478
243149,21479
243157,21480
243161,21481
243167,21482
243197,21483
243203,21484
243209,21485
243227,21486
243233,21487
243239,21488
243259,21489
243263,21490
243301,21491
243311,21492
243343,21493
243367,21494
243391,21495
243401,21496
243403,21497
243421,21498
243431,21499
243433,21500
243437,21501
243461,21502
243469,21503
243473,21504
243479,21505
243487,21506
243517,21507
243521,21508
243527,21509
243533,21510
243539,21511
243553,21512
243577,21513
243583,21514
243587,21515
243589,21516
243613,21517
243623,21518
243631,21519
243643,21520
243647,21521
243671,21522
243673,21523
243701,21524
243703,21525
243707,21526
243709,21527
243769,21528
243781,21529
243787,21530
243799,21531
243809,21532
243829,21533
243839,21534
243851,21535
243857,21536
243863,21537
243871,21538
243889,21539
243911,21540
243917,21541
243931,21542
243953,21543
243973,21544
243989,21545
244003,21546
244009,21547
244021,21548
244033,21549
244043,21550
244087,21551
244091,21552
244109,21553
244121,21554
244129,21555
244141,21556
244147,21557
244157,21558
244159,21559
244177,21560
244199,21561
244217,21562
244219,21563
244243,21564
244247,21565
244253,21566
244261,21567
244291,21568
244297,21569
244301,21570
244303,21571
244313,21572
244333,21573
244339,21574
244351,21575
244357,21576
244367,21577
244379,21578
244381,21579
244393,21580
244399,21581
244403,21582
244411,21583
244423,21584
244429,21585
244451,21586
244457,21587
244463,21588
244471,21589
244481,21590
244493,21591
244507,21592
244529,21593
244547,21594
244553,21595
244561,21596
244567,21597
244583,21598
244589,21599
244597,21600
244603,21601
244619,21602
244633,21603
244637,21604
244639,21605
244667,21606
244669,21607
244687,21608
244691,21609
244703,21610
244711,21611
244721,21612
244733,21613
244747,21614
244753,21615
244759,21616
244781,21617
244787,21618
244813,21619
244837,21620
244841,21621
244843,21622
244859,21623
244861,21624
244873,21625
244877,21626
244889,21627
244897,21628
244901,21629
244939,21630
244943,21631
244957,21632
244997,21633
245023,21634
245029,21635
245033,21636
245039,21637
245071,21638
245083,21639
245087,21640
245107,21641
245129,21642
245131,21643
245149,21644
245171,21645
245173,21646
245177,21647
245183,21648
245209,21649
245251,21650
245257,21651
245261,21652
245269,21653
245279,21654
245291,21655
245299,21656
245317,21657
245321,21658
245339,21659
245383,21660
245389,21661
245407,21662
245411,21663
245417,21664
245419,21665
245437,21666
245471,21667
245473,21668
245477,21669
245501,21670
245513,21671
245519,21672
245521,21673
245527,21674
245533,21675
245561,21676
245563,21677
245587,21678
245591,21679
245593,21680
245621,21681
245627,21682
245629,21683
245639,21684
245653,21685
245671,21686
245681,21687
245683,21688
245711,21689
245719,21690
245723,21691
245741,21692
245747,21693
245753,21694
245759,21695
245771,21696
245783,21697
245789,21698
245821,21699
245849,21700
245851,21701
245863,21702
245881,21703
245897,21704
245899,21705
245909,21706
245911,21707
245941,21708
245963,21709
245977,21710
245981,21711
245983,21712
245989,21713
246011,21714
246017,21715
246049,21716
246073,21717
246097,21718
246119,21719
246121,21720
246131,21721
246133,21722
246151,21723
246167,21724
246173,21725
246187,21726
246193,21727
246203,21728
246209,21729
246217,21730
246223,21731
246241,21732
246247,21733
246251,21734
246271,21735
246277,21736
246289,21737
246317,21738
246319,21739
246329,21740
246343,21741
246349,21742
246361,21743
246371,21744
246391,21745
246403,21746
246439,21747
246469,21748
246473,21749
246497,21750
246509,21751
246511,21752
246523,21753
246527,21754
246539,21755
246557,21756
246569,21757
246577,21758
246599,21759
246607,21760
246611,21761
246613,21762
246637,21763
246641,21764
246643,21765
246661,21766
246683,21767
246689,21768
246707,21769
246709,21770
246713,21771
246731,21772
246739,21773
246769,21774
246773,21775
246781,21776
246787,21777
246793,21778
246803,21779
246809,21780
246811,21781
246817,21782
246833,21783
246839,21784
246889,21785
246899,21786
246907,21787
246913,21788
246919,21789
246923,21790
246929,21791
246931,21792
246937,21793
246941,21794
246947,21795
246971,21796
246979,21797
247001,21798
247007,21799
247031,21800
247067,21801
247069,21802
247073,21803
247087,21804
247099,21805
247141,21806
247183,21807
247193,21808
247201,21809
247223,21810
247229,21811
247241,21812
247249,21813
247259,21814
247279,21815
247301,21816
247309,21817
247337,21818
247339,21819
247343,21820
247363,21821
247369,21822
247381,21823
247391,21824
247393,21825
247409,21826
247421,21827
247433,21828
247439,21829
247451,21830
247463,21831
247501,21832
247519,21833
247529,21834
247531,21835
247547,21836
247553,21837
247579,21838
247591,21839
247601,21840
247603,21841
247607,21842
247609,21843
247613,21844
247633,21845
247649,21846
247651,21847
247691,21848
247693,21849
247697,21850
247711,21851
247717,21852
247729,21853
247739,21854
247759,21855
247769,21856
247771,21857
247781,21858
247799,21859
247811,21860
247813,21861
247829,21862
247847,21863
247853,21864
247873,21865
247879,21866
247889,21867
247901,21868
247913,21869
247939,21870
247943,21871
247957,21872
247991,21873
247993,21874
247997,21875
247999,21876
248021,21877
248033,21878
248041,21879
248051,21880
248057,21881
248063,21882
248071,21883
248077,21884
248089,21885
248099,21886
248117,21887
248119,21888
248137,21889
248141,21890
248161,21891
248167,21892
248177,21893
248179,21894
248189,21895
248201,21896
248203,21897
248231,21898
248243,21899
248257,21900
248267,21901
248291,21902
248293,21903
248299,21904
248309,21905
248317,21906
248323,21907
248351,21908
248357,21909
248371,21910
248389,21911
248401,21912
248407,21913
248431,21914
248441,21915
248447,21916
248461,21917
248473,21918
248477,21919
248483,21920
248509,21921
248533,21922
248537,21923
248543,21924
248569,21925
248579,21926
248587,21927
248593,21928
248597,21929
248609,21930
248621,21931
248627,21932
248639,21933
248641,21934
248657,21935
248683,21936
248701,21937
248707,21938
248719,21939
248723,21940
248737,21941
248749,21942
248753,21943
248779,21944
248783,21945
248789,21946
248797,21947
248813,21948
248821,21949
248827,21950
248839,21951
248851,21952
248861,21953
248867,21954
248869,21955
248879,21956
248887,21957
248891,21958
248893,21959
248903,21960
248909,21961
248971,21962
248981,21963
248987,21964
249017,21965
249037,21966
249059,21967
249079,21968
249089,21969
249097,21970
249103,21971
249107,21972
249127,21973
249131,21974
249133,21975
249143,21976
249181,21977
249187,21978
249199,21979
249211,21980
249217,21981
249229,21982
249233,21983
249253,21984
249257,21985
249287,21986
249311,21987
249317,21988
249329,21989
249341,21990
249367,21991
249377,21992
249383,21993
249397,21994
249419,21995
249421,21996
249427,21997
249433,21998
249437,21999
249439,22000
249449,22001
249463,22002
249497,22003
249499,22004
249503,22005
249517,22006
249521,22007
249533,22008
249539,22009
249541,22010
249563,22011
249583,22012
249589,22013
249593,22014
249607,22015
249647,22016
249659,22017
249671,22018
249677,22019
249703,22020
249721,22021
249727,22022
249737,22023
249749,22024
249763,22025
249779,22026
249797,22027
249811,22028
249827,22029
249833,22030
249853,22031
249857,22032
249859,22033
249863,22034
249871,22035
249881,22036
249911,22037
249923,22038
249943,22039
249947,22040
249967,22041
249971,22042
249973,22043
249989,22044
250007,22045
250013,22046
250027,22047
250031,22048
250037,22049
250043,22050
250049,22051
250051,22052
250057,22053
250073,22054
250091,22055
250109,22056
250123,22057
250147,22058
250153,22059
250169,22060
250199,22061
250253,22062
250259,22063
250267,22064
250279,22065
250301,22066
250307,22067
250343,22068
250361,22069
250403,22070
250409,22071
250423,22072
250433,22073
250441,22074
250451,22075
250489,22076
250499,22077
250501,22078
250543,22079
250583,22080
250619,22081
250643,22082
250673,22083
250681,22084
250687,22085
250693,22086
250703,22087
250709,22088
250721,22089
250727,22090
250739,22091
250741,22092
250751,22093
250753,22094
250777,22095
250787,22096
250793,22097
250799,22098
250807,22099
250813,22100
250829,22101
250837,22102
250841,22103
250853,22104
250867,22105
250871,22106
250889,22107
250919,22108
250949,22109
250951,22110
250963,22111
250967,22112
250969,22113
250979,22114
250993,22115
251003,22116
251033,22117
251051,22118
251057,22119
251059,22120
251063,22121
251071,22122
251081,22123
251087,22124
251099,22125
251117,22126
251143,22127
251149,22128
251159,22129
251171,22130
251177,22131
251179,22132
251191,22133
251197,22134
251201,22135
251203,22136
251219,22137
251221,22138
251231,22139
251233,22140
251257,22141
251261,22142
251263,22143
251287,22144
251291,22145
251297,22146
251323,22147
251347,22148
251353,22149
251359,22150
251387,22151
251393,22152
251417,22153
251429,22154
251431,22155
251437,22156
251443,22157
251467,22158
251473,22159
251477,22160
251483,22161
251491,22162
251501,22163
251513,22164
251519,22165
251527,22166
251533,22167
251539,22168
251543,22169
251561,22170
251567,22171
251609,22172
251611,22173
251621,22174
251623,22175
251639,22176
251653,22177
251663,22178
251677,22179
251701,22180
251707,22181
251737,22182
251761,22183
251789,22184
251791,22185
251809,22186
251831,22187
251833,22188
251843,22189
251857,22190
251861,22191
251879,22192
251887,22193
251893,22194
251897,22195
251903,22196
251917,22197
251939,22198
251941,22199
251947,22200
251969,22201
251971,22202
251983,22203
252001,22204
252013,22205
252017,22206
252029,22207
252037,22208
252079,22209
252101,22210
252139,22211
252143,22212
252151,22213
252157,22214
252163,22215
252169,22216
252173,22217
252181,22218
252193,22219
252209,22220
252223,22221
252233,22222
252253,22223
252277,22224
252283,22225
252289,22226
252293,22227
252313,22228
252319,22229
252323,22230
252341,22231
252359,22232
252383,22233
252391,22234
252401,22235
252409,22236
252419,22237
252431,22238
252443,22239
252449,22240
252457,22241
252463,22242
252481,22243
252509,22244
252533,22245
252541,22246
252559,22247
252583,22248
252589,22249
252607,22250
252611,22251
252617,22252
252641,22253
252667,22254
252691,22255
252709,22256
252713,22257
252727,22258
252731,22259
252737,22260
252761,22261
252767,22262
252779,22263
252817,22264
252823,22265
252827,22266
252829,22267
252869,22268
252877,22269
252881,22270
252887,22271
252893,22272
252899,22273
252911,22274
252913,22275
252919,22276
252937,22277
252949,22278
252971,22279
252979,22280
252983,22281
253003,22282
253013,22283
253049,22284
253063,22285
253081,22286
253103,22287
253109,22288
253133,22289
253153,22290
253157,22291
253159,22292
253229,22293
253243,22294
253247,22295
253273,22296
253307,22297
253321,22298
253343,22299
253349,22300
253361,22301
253367,22302
253369,22303
253381,22304
253387,22305
253417,22306
253423,22307
253427,22308
253433,22309
253439,22310
253447,22311
253469,22312
253481,22313
253493,22314
253501,22315
253507,22316
253531,22317
253537,22318
253543,22319
253553,22320
253567,22321
253573,22322
253601,22323
253607,22324
253609,22325
253613,22326
253633,22327
253637,22328
253639,22329
253651,22330
253661,22331
253679,22332
253681,22333
253703,22334
253717,22335
253733,22336
253741,22337
253751,22338
253763,22339
253769,22340
253777,22341
253787,22342
253789,22343
253801,22344
253811,22345
253819,22346
253823,22347
253853,22348
253867,22349
253871,22350
253879,22351
253901,22352
253907,22353
253909,22354
253919,22355
253937,22356
253949,22357
253951,22358
253969,22359
253987,22360
253993,22361
253999,22362
254003,22363
254021,22364
254027,22365
254039,22366
254041,22367
254047,22368
254053,22369
254071,22370
254083,22371
254119,22372
254141,22373
254147,22374
254161,22375
254179,22376
254197,22377
254207,22378
254209,22379
254213,22380
254249,22381
254257,22382
254279,22383
254281,22384
254291,22385
254299,22386
254329,22387
254369,22388
254377,22389
254383,22390
254389,22391
254407,22392
254413,22393
254437,22394
254447,22395
254461,22396
254489,22397
254491,22398
254519,22399
254537,22400
254557,22401
254593,22402
254623,22403
254627,22404
254647,22405
254659,22406
254663,22407
254699,22408
254713,22409
254729,22410
254731,22411
254741,22412
254747,22413
254753,22414
254773,22415
254777,22416
254783,22417
254791,22418
254803,22419
254827,22420
254831,22421
254833,22422
254857,22423
254869,22424
254873,22425
254879,22426
254887,22427
254899,22428
254911,22429
254927,22430
254929,22431
254941,22432
254959,22433
254963,22434
254971,22435
254977,22436
254987,22437
254993,22438
255007,22439
255019,22440
255023,22441
255043,22442
255049,22443
255053,22444
255071,22445
255077,22446
255083,22447
255097,22448
255107,22449
255121,22450
255127,22451
255133,22452
255137,22453
255149,22454
255173,22455
255179,22456
255181,22457
255191,22458
255193,22459
255197,22460
255209,22461
255217,22462
255239,22463
255247,22464
255251,22465
255253,22466
255259,22467
255313,22468
255329,22469
255349,22470
255361,22471
255371,22472
255383,22473
255413,22474
255419,22475
255443,22476
255457,22477
255467,22478
255469,22479
255473,22480
255487,22481
255499,22482
255503,22483
255511,22484
255517,22485
255523,22486
255551,22487
255571,22488
255587,22489
255589,22490
255613,22491
255617,22492
255637,22493
255641,22494
255649,22495
255653,22496
255659,22497
255667,22498
255679,22499
255709,22500
255713,22501
255733,22502
255743,22503
255757,22504
255763,22505
255767,22506
255803,22507
255839,22508
255841,22509
255847,22510
255851,22511
255859,22512
255869,22513
255877,22514
255887,22515
255907,22516
255917,22517
255919,22518
255923,22519
255947,22520
255961,22521
255971,22522
255973,22523
255977,22524
255989,22525
256019,22526
256021,22527
256031,22528
256033,22529
256049,22530
256057,22531
256079,22532
256093,22533
256117,22534
256121,22535
256129,22536
256133,22537
256147,22538
256163,22539
256169,22540
256181,22541
256187,22542
256189,22543
256199,22544
256211,22545
256219,22546
256279,22547
256301,22548
256307,22549
256313,22550
256337,22551
256349,22552
256363,22553
256369,22554
256391,22555
256393,22556
256423,22557
256441,22558
256469,22559
256471,22560
256483,22561
256489,22562
256493,22563
256499,22564
256517,22565
256541,22566
256561,22567
256567,22568
256577,22569
256579,22570
256589,22571
256603,22572
256609,22573
256639,22574
256643,22575
256651,22576
256661,22577
256687,22578
256699,22579
256721,22580
256723,22581
256757,22582
256771,22583
256799,22584
256801,22585
256813,22586
256831,22587
256873,22588
256877,22589
256889,22590
256901,22591
256903,22592
256931,22593
256939,22594
256957,22595
256967,22596
256981,22597
257003,22598
257017,22599
257053,22600
257069,22601
257077,22602
257093,22603
257099,22604
257107,22605
257123,22606
257141,22607
257161,22608
257171,22609
257177,22610
257189,22611
257219,22612
257221,22613
257239,22614
257249,22615
257263,22616
257273,22617
257281,22618
257287,22619
257293,22620
257297,22621
257311,22622
257321,22623
257339,22624
257351,22625
257353,22626
257371,22627
257381,22628
257399,22629
257401,22630
257407,22631
257437,22632
257443,22633
257447,22634
257459,22635
257473,22636
257489,22637
257497,22638
257501,22639
257503,22640
257519,22641
257539,22642
257561,22643
257591,22644
257611,22645
257627,22646
257639,22647
257657,22648
257671,22649
257687,22650
257689,22651
257707,22652
257711,22653
257713,22654
257717,22655
257731,22656
257783,22657
257791,22658
257797,22659
257837,22660
257857,22661
257861,22662
257863,22663
257867,22664
257869,22665
257879,22666
257893,22667
257903,22668
257921,22669
257947,22670
257953,22671
257981,22672
257987,22673
257989,22674
257993,22675
258019,22676
258023,22677
258031,22678
258061,22679
258067,22680
258101,22681
258107,22682
258109,22683
258113,22684
258119,22685
258127,22686
258131,22687
258143,22688
258157,22689
258161,22690
258173,22691
258197,22692
258211,22693
258233,22694
258241,22695
258253,22696
258277,22697
258283,22698
258299,22699
258317,22700
258319,22701
258329,22702
258331,22703
258337,22704
258353,22705
258373,22706
258389,22707
258403,22708
258407,22709
258413,22710
258421,22711
258437,22712
258443,22713
258449,22714
258469,22715
258487,22716
258491,22717
258499,22718
258521,22719
258527,22720
258539,22721
258551,22722
258563,22723
258569,22724
258581,22725
258607,22726
258611,22727
258613,22728
258617,22729
258623,22730
258631,22731
258637,22732
258659,22733
258673,22734
258677,22735
258691,22736
258697,22737
258703,22738
258707,22739
258721,22740
258733,22741
258737,22742
258743,22743
258763,22744
258779,22745
258787,22746
258803,22747
258809,22748
258827,22749
258847,22750
258871,22751
258887,22752
258917,22753
258919,22754
258949,22755
258959,22756
258967,22757
258971,22758
258977,22759
258983,22760
258991,22761
259001,22762
259009,22763
259019,22764
259033,22765
259099,22766
259121,22767
259123,22768
259151,22769
259157,22770
259159,22771
259163,22772
259169,22773
259177,22774
259183,22775
259201,22776
259211,22777
259213,22778
259219,22779
259229,22780
259271,22781
259277,22782
259309,22783
259321,22784
259339,22785
259379,22786
259381,22787
259387,22788
259397,22789
259411,22790
259421,22791
259429,22792
259451,22793
259453,22794
259459,22795
259499,22796
259507,22797
259517,22798
259531,22799
259537,22800
259547,22801
259577,22802
259583,22803
259603,22804
259619,22805
259621,22806
259627,22807
259631,22808
259639,22809
259643,22810
259657,22811
259667,22812
259681,22813
259691,22814
259697,22815
259717,22816
259723,22817
259733,22818
259751,22819
259771,22820
259781,22821
259783,22822
259801,22823
259813,22824
259823,22825
259829,22826
259837,22827
259841,22828
259867,22829
259907,22830
259933,22831
259937,22832
259943,22833
259949,22834
259967,22835
259991,22836
259993,22837
260003,22838
260009,22839
260011,22840
260017,22841
260023,22842
260047,22843
260081,22844
260089,22845
260111,22846
260137,22847
260171,22848
260179,22849
260189,22850
260191,22851
260201,22852
260207,22853
260209,22854
260213,22855
260231,22856
260263,22857
260269,22858
260317,22859
260329,22860
260339,22861
260363,22862
260387,22863
260399,22864
260411,22865
260413,22866
260417,22867
260419,22868
260441,22869
260453,22870
260461,22871
260467,22872
260483,22873
260489,22874
260527,22875
260539,22876
260543,22877
260549,22878
260551,22879
260569,22880
260573,22881
260581,22882
260587,22883
260609,22884
260629,22885
260647,22886
260651,22887
260671,22888
260677,22889
260713,22890
260717,22891
260723,22892
260747,22893
260753,22894
260761,22895
260773,22896
260791,22897
260807,22898
260809,22899
260849,22900
260857,22901
260861,22902
260863,22903
260873,22904
260879,22905
260893,22906
260921,22907
260941,22908
260951,22909
260959,22910
260969,22911
260983,22912
260987,22913
260999,22914
261011,22915
261013,22916
261017,22917
261031,22918
261043,22919
261059,22920
261061,22921
261071,22922
261077,22923
261089,22924
261101,22925
261127,22926
261167,22927
261169,22928
261223,22929
261229,22930
261241,22931
261251,22932
261271,22933
261281,22934
261301,22935
261323,22936
261329,22937
261337,22938
261347,22939
261353,22940
261379,22941
261389,22942
261407,22943
261427,22944
261431,22945
261433,22946
261439,22947
261451,22948
261463,22949
261467,22950
261509,22951
261523,22952
261529,22953
261557,22954
261563,22955
261577,22956
261581,22957
261587,22958
261593,22959
261601,22960
261619,22961
261631,22962
261637,22963
261641,22964
261643,22965
261673,22966
261697,22967
261707,22968
261713,22969
261721,22970
261739,22971
261757,22972
261761,22973
261773,22974
261787,22975
261791,22976
261799,22977
261823,22978
261847,22979
261881,22980
261887,22981
261917,22982
261959,22983
261971,22984
261973,22985
261977,22986
261983,22987
262007,22988
262027,22989
262049,22990
262051,22991
262069,22992
262079,22993
262103,22994
262109,22995
262111,22996
262121,22997
262127,22998
262133,22999
262139,23000
262147,23001
262151,23002
262153,23003
262187,23004
262193,23005
262217,23006
262231,23007
262237,23008
262253,23009
262261,23010
262271,23011
262303,23012
262313,23013
262321,23014
262331,23015
262337,23016
262349,23017
262351,23018
262369,23019
262387,23020
262391,23021
262399,23022
262411,23023
262433,23024
262459,23025
262469,23026
262489,23027
262501,23028
262511,23029
262513,23030
262519,23031
262541,23032
262543,23033
262553,23034
262567,23035
262583,23036
262597,23037
262621,23038
262627,23039
262643,23040
262649,23041
262651,23042
262657,23043
262681,23044
262693,23045
262697,23046
262709,23047
262723,23048
262733,23049
262739,23050
262741,23051
262747,23052
262781,23053
262783,23054
262807,23055
262819,23056
262853,23057
262877,23058
262883,23059
262897,23060
262901,23061
262909,23062
262937,23063
262949,23064
262957,23065
262981,23066
263009,23067
263023,23068
263047,23069
263063,23070
263071,23071
263077,23072
263083,23073
263089,23074
263101,23075
263111,23076
263119,23077
263129,23078
263167,23079
263171,23080
263183,23081
263191,23082
263201,23083
263209,23084
263213,23085
263227,23086
263239,23087
263257,23088
263267,23089
263269,23090
263273,23091
263287,23092
263293,23093
263303,23094
263323,23095
263369,23096
263383,23097
263387,23098
263399,23099
263401,23100
263411,23101
263423,23102
263429,23103
263437,23104
263443,23105
263489,23106
263491,23107
263503,23108
263513,23109
263519,23110
263521,23111
263533,23112
263537,23113
263561,23114
263567,23115
263573,23116
263591,23117
263597,23118
263609,23119
263611,23120
263621,23121
263647,23122
263651,23123
263657,23124
263677,23125
263723,23126
263729,23127
263737,23128
263759,23129
263761,23130
263803,23131
263819,23132
263821,23133
263827,23134
263843,23135
263849,23136
263863,23137
263867,23138
263869,23139
263881,23140
263899,23141
263909,23142
263911,23143
263927,23144
263933,23145
263941,23146
263951,23147
263953,23148
263957,23149
263983,23150
264007,23151
264013,23152
264029,23153
264031,23154
264053,23155
264059,23156
264071,23157
264083,23158
264091,23159
264101,23160
264113,23161
264127,23162
264133,23163
264137,23164
264139,23165
264167,23166
264169,23167
264179,23168
264211,23169
264221,23170
264263,23171
264269,23172
264283,23173
264289,23174
264301,23175
264323,23176
264331,23177
264343,23178
264349,23179
264353,23180
264359,23181
264371,23182
264391,23183
264403,23184
264437,23185
264443,23186
264463,23187
264487,23188
264527,23189
264529,23190
264553,23191
264559,23192
264577,23193
264581,23194
264599,23195
264601,23196
264619,23197
264631,23198
264637,23199
264643,23200
264659,23201
264697,23202
264731,23203
264739,23204
264743,23205
264749,23206
264757,23207
264763,23208
264769,23209
264779,23210
264787,23211
264791,23212
264793,23213
264811,23214
264827,23215
264829,23216
264839,23217
264871,23218
264881,23219
264889,23220
264893,23221
264899,23222
264919,23223
264931,23224
264949,23225
264959,23226
264961,23227
264977,23228
264991,23229
264997,23230
265003,23231
265007,23232
265021,23233
265037,23234
265079,23235
265091,23236
265093,23237
265117,23238
265123,23239
265129,23240
265141,23241
265151,23242
265157,23243
265163,23244
265169,23245
265193,23246
265207,23247
265231,23248
265241,23249
265247,23250
265249,23251
265261,23252
265271,23253
265273,23254
265277,23255
265313,23256
265333,23257
265337,23258
265339,23259
265381,23260
265399,23261
265403,23262
265417,23263
265423,23264
265427,23265
265451,23266
265459,23267
265471,23268
265483,23269
265493,23270
265511,23271
265513,23272
265541,23273
265543,23274
265547,23275
265561,23276
265567,23277
265571,23278
265579,23279
265607,23280
265613,23281
265619,23282
265621,23283
265703,23284
265709,23285
265711,23286
265717,23287
265729,23288
265739,23289
265747,23290
265757,23291
265781,23292
265787,23293
265807,23294
265813,23295
265819,23296
265831,23297
265841,23298
265847,23299
265861,23300
265871,23301
265873,23302
265883,23303
265891,23304
265921,23305
265957,23306
265961,23307
265987,23308
266003,23309
266009,23310
266023,23311
266027,23312
266029,23313
266047,23314
266051,23315
266053,23316
266059,23317
266081,23318
266083,23319
266089,23320
266093,23321
266099,23322
266111,23323
266117,23324
266129,23325
266137,23326
266153,23327
266159,23328
266177,23329
266183,23330
266221,23331
266239,23332
266261,23333
266269,23334
266281,23335
266291,23336
266293,23337
266297,23338
266333,23339
266351,23340
266353,23341
266359,23342
266369,23343
266381,23344
266401,23345
266411,23346
266417,23347
266447,23348
266449,23349
266477,23350
266479,23351
266489,23352
266491,23353
266521,23354
266549,23355
266587,23356
266599,23357
266603,23358
266633,23359
266641,23360
266647,23361
266663,23362
266671,23363
266677,23364
266681,23365
266683,23366
266687,23367
266689,23368
266701,23369
266711,23370
266719,23371
266759,23372
266767,23373
266797,23374
266801,23375
266821,23376
266837,23377
266839,23378
266863,23379
266867,23380
266891,23381
266897,23382
266899,23383
266909,23384
266921,23385
266927,23386
266933,23387
266947,23388
266953,23389
266957,23390
266971,23391
266977,23392
266983,23393
266993,23394
266999,23395
267017,23396
267037,23397
267049,23398
267097,23399
267131,23400
267133,23401
267139,23402
267143,23403
267167,23404
267187,23405
267193,23406
267199,23407
267203,23408
267217,23409
267227,23410
267229,23411
267233,23412
267259,23413
267271,23414
267277,23415
267299,23416
267301,23417
267307,23418
267317,23419
267341,23420
267353,23421
267373,23422
267389,23423
267391,23424
267401,23425
267403,23426
267413,23427
267419,23428
267431,23429
267433,23430
267439,23431
267451,23432
267469,23433
267479,23434
267481,23435
267493,23436
267497,23437
267511,23438
267517,23439
267521,23440
267523,23441
267541,23442
267551,23443
267557,23444
267569,23445
267581,23446
267587,23447
267593,23448
267601,23449
267611,23450
267613,23451
267629,23452
267637,23453
267643,23454
267647,23455
267649,23456
267661,23457
267667,23458
267671,23459
267677,23460
267679,23461
267713,23462
267719,23463
267721,23464
267727,23465
267737,23466
267739,23467
267749,23468
267763,23469
267781,23470
267791,23471
267797,23472
267803,23473
267811,23474
267829,23475
267833,23476
267857,23477
267863,23478
267877,23479
267887,23480
267893,23481
267899,23482
267901,23483
267907,23484
267913,23485
267929,23486
267941,23487
267959,23488
267961,23489
268003,23490
268013,23491
268043,23492
268049,23493
268063,23494
268069,23495
268091,23496
268123,23497
268133,23498
268153,23499
268171,23500
268189,23501
268199,23502
268207,23503
268211,23504
268237,23505
268253,23506
268267,23507
268271,23508
268283,23509
268291,23510
268297,23511
268343,23512
268403,23513
268439,23514
268459,23515
268487,23516
268493,23517
268501,23518
268507,23519
268517,23520
268519,23521
268529,23522
268531,23523
268537,23524
268547,23525
268573,23526
268607,23527
268613,23528
268637,23529
268643,23530
268661,23531
268693,23532
268721,23533
268729,23534
268733,23535
268747,23536
268757,23537
268759,23538
268771,23539
268777,23540
268781,23541
268783,23542
268789,23543
268811,23544
268813,23545
268817,23546
268819,23547
268823,23548
268841,23549
268843,23550
268861,23551
268883,23552
268897,23553
268909,23554
268913,23555
268921,23556
268927,23557
268937,23558
268969,23559
268973,23560
268979,23561
268993,23562
268997,23563
268999,23564
269023,23565
269029,23566
269039,23567
269041,23568
269057,23569
269063,23570
269069,23571
269089,23572
269117,23573
269131,23574
269141,23575
269167,23576
269177,23577
269179,23578
269183,23579
269189,23580
269201,23581
269209,23582
269219,23583
269221,23584
269231,23585
269237,23586
269251,23587
269257,23588
269281,23589
269317,23590
269327,23591
269333,23592
269341,23593
269351,23594
269377,23595
269383,23596
269387,23597
269389,23598
269393,23599
269413,23600
269419,23601
269429,23602
269431,23603
269441,23604
269461,23605
269473,23606
269513,23607
269519,23608
269527,23609
269539,23610
269543,23611
269561,23612
269573,23613
269579,23614
269597,23615
269617,23616
269623,23617
269641,23618
269651,23619
269663,23620
269683,23621
269701,23622
269713,23623
269719,23624
269723,23625
269741,23626
269749,23627
269761,23628
269779,23629
269783,23630
269791,23631
269851,23632
269879,23633
269887,23634
269891,23635
269897,23636
269923,23637
269939,23638
269947,23639
269953,23640
269981,23641
269987,23642
270001,23643
270029,23644
270031,23645
270037,23646
270059,23647
270071,23648
270073,23649
270097,23650
270121,23651
270131,23652
270133,23653
270143,23654
270157,23655
270163,23656
270167,23657
270191,23658
270209,23659
270217,23660
270223,23661
270229,23662
270239,23663
270241,23664
270269,23665
270271,23666
270287,23667
270299,23668
270307,23669
270311,23670
270323,23671
270329,23672
270337,23673
270343,23674
270371,23675
270379,23676
270407,23677
270421,23678
270437,23679
270443,23680
270451,23681
270461,23682
270463,23683
270493,23684
270509,23685
270527,23686
270539,23687
270547,23688
270551,23689
270553,23690
270563,23691
270577,23692
270583,23693
270587,23694
270593,23695
270601,23696
270619,23697
270631,23698
270653,23699
270659,23700
270667,23701
270679,23702
270689,23703
270701,23704
270709,23705
270719,23706
270737,23707
270749,23708
270761,23709
270763,23710
270791,23711
270797,23712
270799,23713
270821,23714
270833,23715
270841,23716
270859,23717
270899,23718
270913,23719
270923,23720
270931,23721
270937,23722
270953,23723
270961,23724
270967,23725
270973,23726
271003,23727
271013,23728
271021,23729
271027,23730
271043,23731
271057,23732
271067,23733
271079,23734
271097,23735
271109,23736
271127,23737
271129,23738
271163,23739
271169,23740
271177,23741
271181,23742
271211,23743
271217,23744
271231,23745
271241,23746
271253,23747
271261,23748
271273,23749
271277,23750
271279,23751
271289,23752
271333,23753
271351,23754
271357,23755
271363,23756
271367,23757
271393,23758
271409,23759
271429,23760
271451,23761
271463,23762
271471,23763
271483,23764
271489,23765
271499,23766
271501,23767
271517,23768
271549,23769
271553,23770
271571,23771
271573,23772
271597,23773
271603,23774
271619,23775
271637,23776
271639,23777
271651,23778
271657,23779
271693,23780
271703,23781
271723,23782
271729,23783
271753,23784
271769,23785
271771,23786
271787,23787
271807,23788
271811,23789
271829,23790
271841,23791
271849,23792
271853,23793
271861,23794
271867,23795
271879,23796
271897,23797
271903,23798
271919,23799
271927,23800
271939,23801
271967,23802
271969,23803
271981,23804
272003,23805
272009,23806
272011,23807
272029,23808
272039,23809
272053,23810
272059,23811
272093,23812
272131,23813
272141,23814
272171,23815
272179,23816
272183,23817
272189,23818
272191,23819
272201,23820
272203,23821
272227,23822
272231,23823
272249,23824
272257,23825
272263,23826
272267,23827
272269,23828
272287,23829
272299,23830
272317,23831
272329,23832
272333,23833
272341,23834
272347,23835
272351,23836
272353,23837
272359,23838
272369,23839
272381,23840
272383,23841
272399,23842
272407,23843
272411,23844
272417,23845
272423,23846
272449,23847
272453,23848
272477,23849
272507,23850
272533,23851
272537,23852
272539,23853
272549,23854
272563,23855
272567,23856
272581,23857
272603,23858
272621,23859
272651,23860
272659,23861
272683,23862
272693,23863
272717,23864
272719,23865
272737,23866
272759,23867
272761,23868
272771,23869
272777,23870
272807,23871
272809,23872
272813,23873
272863,23874
272879,23875
272887,23876
272903,23877
272911,23878
272917,23879
272927,23880
272933,23881
272959,23882
272971,23883
272981,23884
272983,23885
272989,23886
272999,23887
273001,23888
273029,23889
273043,23890
273047,23891
273059,23892
273061,23893
273067,23894
273073,23895
273083,23896
273107,23897
273113,23898
273127,23899
273131,23900
273149,23901
273157,23902
273181,23903
273187,23904
273193,23905
273233,23906
273253,23907
273269,23908
273271,23909
273281,23910
273283,23911
273289,23912
273311,23913
273313,23914
273323,23915
273349,23916
273359,23917
273367,23918
273433,23919
273457,23920
273473,23921
273503,23922
273517,23923
273521,23924
273527,23925
273551,23926
273569,23927
273601,23928
273613,23929
273617,23930
273629,23931
273641,23932
273643,23933
273653,23934
273697,23935
273709,23936
273719,23937
273727,23938
273739,23939
273773,23940
273787,23941
273797,23942
273803,23943
273821,23944
273827,23945
273857,23946
273881,23947
273899,23948
273901,23949
273913,23950
273919,23951
273929,23952
273941,23953
273943,23954
273967,23955
273971,23956
273979,23957
273997,23958
274007,23959
274019,23960
274033,23961
274061,23962
274069,23963
274081,23964
274093,23965
274103,23966
274117,23967
274121,23968
274123,23969
274139,23970
274147,23971
274163,23972
274171,23973
274177,23974
274187,23975
274199,23976
274201,23977
274213,23978
274223,23979
274237,23980
274243,23981
274259,23982
274271,23983
274277,23984
274283,23985
274301,23986
274333,23987
274349,23988
274357,23989
274361,23990
274403,23991
274423,23992
274441,23993
274451,23994
274453,23995
274457,23996
274471,23997
274489,23998
274517,23999
274529,24000
274579,24001
274583,24002
274591,24003
274609,24004
274627,24005
274661,24006
274667,24007
274679,24008
274693,24009
274697,24010
274709,24011
274711,24012
274723,24013
274739,24014
274751,24015
274777,24016
274783,24017
274787,24018
274811,24019
274817,24020
274829,24021
274831,24022
274837,24023
274843,24024
274847,24025
274853,24026
274861,24027
274867,24028
274871,24029
274889,24030
274909,24031
274931,24032
274943,24033
274951,24034
274957,24035
274961,24036
274973,24037
274993,24038
275003,24039
275027,24040
275039,24041
275047,24042
275053,24043
275059,24044
275083,24045
275087,24046
275129,24047
275131,24048
275147,24049
275153,24050
275159,24051
275161,24052
275167,24053
275183,24054
275201,24055
275207,24056
275227,24057
275251,24058
275263,24059
275269,24060
275299,24061
275309,24062
275321,24063
275323,24064
275339,24065
275357,24066
275371,24067
275389,24068
275393,24069
275399,24070
275419,24071
275423,24072
275447,24073
275449,24074
275453,24075
275459,24076
275461,24077
275489,24078
275491,24079
275503,24080
275521,24081
275531,24082
275543,24083
275549,24084
275573,24085
275579,24086
275581,24087
275591,24088
275593,24089
275599,24090
275623,24091
275641,24092
275651,24093
275657,24094
275669,24095
275677,24096
275699,24097
275711,24098
275719,24099
275729,24100
275741,24101
275767,24102
275773,24103
275783,24104
275813,24105
275827,24106
275837,24107
275881,24108
275897,24109
275911,24110
275917,24111
275921,24112
275923,24113
275929,24114
275939,24115
275941,24116
275963,24117
275969,24118
275981,24119
275987,24120
275999,24121
276007,24122
276011,24123
276019,24124
276037,24125
276041,24126
276043,24127
276047,24128
276049,24129
276079,24130
276083,24131
276091,24132
276113,24133
276137,24134
276151,24135
276173,24136
276181,24137
276187,24138
276191,24139
276209,24140
276229,24141
276239,24142
276247,24143
276251,24144
276257,24145
276277,24146
276293,24147
276319,24148
276323,24149
276337,24150
276343,24151
276347,24152
276359,24153
276371,24154
276373,24155
276389,24156
276401,24157
276439,24158
276443,24159
276449,24160
276461,24161
276467,24162
276487,24163
276499,24164
276503,24165
276517,24166
276527,24167
276553,24168
276557,24169
276581,24170
276587,24171
276589,24172
276593,24173
276599,24174
276623,24175
276629,24176
276637,24177
276671,24178
276673,24179
276707,24180
276721,24181
276739,24182
276763,24183
276767,24184
276779,24185
276781,24186
276817,24187
276821,24188
276823,24189
276827,24190
276833,24191
276839,24192
276847,24193
276869,24194
276883,24195
276901,24196
276907,24197
276917,24198
276919,24199
276929,24200
276949,24201
276953,24202
276961,24203
276977,24204
277003,24205
277007,24206
277021,24207
277051,24208
277063,24209
277073,24210
277087,24211
277097,24212
277099,24213
277157,24214
277163,24215
277169,24216
277177,24217
277183,24218
277213,24219
277217,24220
277223,24221
277231,24222
277247,24223
277259,24224
277261,24225
277273,24226
277279,24227
277297,24228
277301,24229
277309,24230
277331,24231
277363,24232
277373,24233
277411,24234
277421,24235
277427,24236
277429,24237
277483,24238
277493,24239
277499,24240
277513,24241
277531,24242
277547,24243
277549,24244
277567,24245
277577,24246
277579,24247
277597,24248
277601,24249
277603,24250
277637,24251
277639,24252
277643,24253
277657,24254
277663,24255
277687,24256
277691,24257
277703,24258
277741,24259
277747,24260
277751,24261
277757,24262
277787,24263
277789,24264
277793,24265
277813,24266
277829,24267
277847,24268
277859,24269
277883,24270
277889,24271
277891,24272
277897,24273
277903,24274
277919,24275
277961,24276
277993,24277
277999,24278
278017,24279
278029,24280
278041,24281
278051,24282
278063,24283
278071,24284
278087,24285
278111,24286
278119,24287
278123,24288
278143,24289
278147,24290
278149,24291
278177,24292
278191,24293
278207,24294
278209,24295
278219,24296
278227,24297
278233,24298
278237,24299
278261,24300
278269,24301
278279,24302
278321,24303
278329,24304
278347,24305
278353,24306
278363,24307
278387,24308
278393,24309
278413,24310
278437,24311
278459,24312
278479,24313
278489,24314
278491,24315
278497,24316
278501,24317
278503,24318
278543,24319
278549,24320
278557,24321
278561,24322
278563,24323
278581,24324
278591,24325
278609,24326
278611,24327
278617,24328
278623,24329
278627,24330
278639,24331
278651,24332
278671,24333
278687,24334
278689,24335
278701,24336
278717,24337
278741,24338
278743,24339
278753,24340
278767,24341
278801,24342
278807,24343
278809,24344
278813,24345
278819,24346
278827,24347
278843,24348
278849,24349
278867,24350
278879,24351
278881,24352
278891,24353
278903,24354
278909,24355
278911,24356
278917,24357
278947,24358
278981,24359
279001,24360
279007,24361
279023,24362
279029,24363
279047,24364
279073,24365
279109,24366
279119,24367
279121,24368
279127,24369
279131,24370
279137,24371
279143,24372
279173,24373
279179,24374
279187,24375
279203,24376
279211,24377
279221,24378
279269,24379
279311,24380
279317,24381
279329,24382
279337,24383
279353,24384
279397,24385
279407,24386
279413,24387
279421,24388
279431,24389
279443,24390
279451,24391
279479,24392
279481,24393
279511,24394
279523,24395
279541,24396
279551,24397
279553,24398
279557,24399
279571,24400
279577,24401
279583,24402
279593,24403
279607,24404
279613,24405
279619,24406
279637,24407
279641,24408
279649,24409
279659,24410
279679,24411
279689,24412
279707,24413
279709,24414
279731,24415
279751,24416
279761,24417
279767,24418
279779,24419
279817,24420
279823,24421
279847,24422
279857,24423
279863,24424
279883,24425
279913,24426
279919,24427
279941,24428
279949,24429
279967,24430
279977,24431
279991,24432
280001,24433
280009,24434
280013,24435
280031,24436
280037,24437
280061,24438
280069,24439
280097,24440
280099,24441
280103,24442
280121,24443
280129,24444
280139,24445
280183,24446
280187,24447
280199,24448
280207,24449
280219,24450
280223,24451
280229,24452
280243,24453
280249,24454
280253,24455
280277,24456
280297,24457
280303,24458
280321,24459
280327,24460
280337,24461
280339,24462
280351,24463
280373,24464
280409,24465
280411,24466
280451,24467
280463,24468
280487,24469
280499,24470
280507,24471
280513,24472
280537,24473
280541,24474
280547,24475
280549,24476
280561,24477
280583,24478
280589,24479
280591,24480
280597,24481
280603,24482
280607,24483
280613,24484
280627,24485
280639,24486
280673,24487
280681,24488
280697,24489
280699,24490
280703,24491
280711,24492
280717,24493
280729,24494
280751,24495
280759,24496
280769,24497
280771,24498
280811,24499
280817,24500
280837,24501
280843,24502
280859,24503
280871,24504
280879,24505
280883,24506
280897,24507
280909,24508
280913,24509
280921,24510
280927,24511
280933,24512
280939,24513
280949,24514
280957,24515
280963,24516
280967,24517
280979,24518
280997,24519
281023,24520
281033,24521
281053,24522
281063,24523
281069,24524
281081,24525
281117,24526
281131,24527
281153,24528
281159,24529
281167,24530
281189,24531
281191,24532
281207,24533
281227,24534
281233,24535
281243,24536
281249,24537
281251,24538
281273,24539
281279,24540
281291,24541
281297,24542
281317,24543
281321,24544
281327,24545
281339,24546
281353,24547
281357,24548
281363,24549
281381,24550
281419,24551
281423,24552
281429,24553
281431,24554
281509,24555
281527,24556
281531,24557
281539,24558
281549,24559
281551,24560
281557,24561
281563,24562
281579,24563
281581,24564
281609,24565
281621,24566
281623,24567
281627,24568
281641,24569
281647,24570
281651,24571
281653,24572
281663,24573
281669,24574
281683,24575
281717,24576
281719,24577
281737,24578
281747,24579
281761,24580
281767,24581
281777,24582
281783,24583
281791,24584
281797,24585
281803,24586
281807,24587
281833,24588
281837,24589
281839,24590
281849,24591
281857,24592
281867,24593
281887,24594
281893,24595
281921,24596
281923,24597
281927,24598
281933,24599
281947,24600
281959,24601
281971,24602
281989,24603
281993,24604
282001,24605
282011,24606
282019,24607
282053,24608
282059,24609
282071,24610
282089,24611
282091,24612
282097,24613
282101,24614
282103,24615
282127,24616
282143,24617
282157,24618
282167,24619
282221,24620
282229,24621
282239,24622
282241,24623
282253,24624
282281,24625
282287,24626
282299,24627
282307,24628
282311,24629
282313,24630
282349,24631
282377,24632
282383,24633
282389,24634
282391,24635
282407,24636
282409,24637
282413,24638
282427,24639
282439,24640
282461,24641
282481,24642
282487,24643
282493,24644
282559,24645
282563,24646
282571,24647
282577,24648
282589,24649
282599,24650
282617,24651
282661,24652
282671,24653
282677,24654
282679,24655
282683,24656
282691,24657
282697,24658
282703,24659
282707,24660
282713,24661
282767,24662
282769,24663
282773,24664
282797,24665
282809,24666
282827,24667
282833,24668
282847,24669
282851,24670
282869,24671
282881,24672
282889,24673
282907,24674
282911,24675
282913,24676
282917,24677
282959,24678
282973,24679
282977,24680
282991,24681
283001,24682
283007,24683
283009,24684
283027,24685
283051,24686
283079,24687
283093,24688
283097,24689
283099,24690
283111,24691
283117,24692
283121,24693
283133,24694
283139,24695
283159,24696
283163,24697
283181,24698
283183,24699
283193,24700
283207,24701
283211,24702
283267,24703
283277,24704
283289,24705
283303,24706
283369,24707
283397,24708
283403,24709
283411,24710
283447,24711
283463,24712
283487,24713
283489,24714
283501,24715
283511,24716
283519,24717
283541,24718
283553,24719
283571,24720
283573,24721
283579,24722
283583,24723
283601,24724
283607,24725
283609,24726
283631,24727
283637,24728
283639,24729
283669,24730
283687,24731
283697,24732
283721,24733
283741,24734
283763,24735
283769,24736
283771,24737
283793,24738
283799,24739
283807,24740
283813,24741
283817,24742
283831,24743
283837,24744
283859,24745
283861,24746
283873,24747
283909,24748
283937,24749
283949,24750
283957,24751
283961,24752
283979,24753
284003,24754
284023,24755
284041,24756
284051,24757
284057,24758
284059,24759
284083,24760
284093,24761
284111,24762
284117,24763
284129,24764
284131,24765
284149,24766
284153,24767
284159,24768
284161,24769
284173,24770
284191,24771
284201,24772
284227,24773
284231,24774
284233,24775
284237,24776
284243,24777
284261,24778
284267,24779
284269,24780
284293,24781
284311,24782
284341,24783
284357,24784
284369,24785
284377,24786
284387,24787
284407,24788
284413,24789
284423,24790
284429,24791
284447,24792
284467,24793
284477,24794
284483,24795
284489,24796
284507,24797
284509,24798
284521,24799
284527,24800
284539,24801
284551,24802
284561,24803
284573,24804
284587,24805
284591,24806
284593,24807
284623,24808
284633,24809
284651,24810
284657,24811
284659,24812
284681,24813
284689,24814
284701,24815
284707,24816
284723,24817
284729,24818
284731,24819
284737,24820
284741,24821
284743,24822
284747,24823
284749,24824
284759,24825
284777,24826
284783,24827
284803,24828
284807,24829
284813,24830
284819,24831
284831,24832
284833,24833
284839,24834
284857,24835
284881,24836
284897,24837
284899,24838
284917,24839
284927,24840
284957,24841
284969,24842
284989,24843
285007,24844
285023,24845
285031,24846
285049,24847
285071,24848
285079,24849
285091,24850
285101,24851
285113,24852
285119,24853
285121,24854
285139,24855
285151,24856
285161,24857
285179,24858
285191,24859
285199,24860
285221,24861
285227,24862
285251,24863
285281,24864
285283,24865
285287,24866
285289,24867
285301,24868
285317,24869
285343,24870
285377,24871
285421,24872
285433,24873
285451,24874
285457,24875
285463,24876
285469,24877
285473,24878
285497,24879
285517,24880
285521,24881
285533,24882
285539,24883
285553,24884
285557,24885
285559,24886
285569,24887
285599,24888
285611,24889
285613,24890
285629,24891
285631,24892
285641,24893
285643,24894
285661,24895
285667,24896
285673,24897
285697,24898
285707,24899
285709,24900
285721,24901
285731,24902
285749,24903
285757,24904
285763,24905
285767,24906
285773,24907
285781,24908
285823,24909
285827,24910
285839,24911
285841,24912
285871,24913
285937,24914
285949,24915
285953,24916
285977,24917
285979,24918
285983,24919
285997,24920
286001,24921
286009,24922
286019,24923
286043,24924
286049,24925
286061,24926
286063,24927
286073,24928
286103,24929
286129,24930
286163,24931
286171,24932
286199,24933
286243,24934
286249,24935
286289,24936
286301,24937
286333,24938
286367,24939
286369,24940
286381,24941
286393,24942
286397,24943
286411,24944
286421,24945
286427,24946
286453,24947
286457,24948
286459,24949
286469,24950
286477,24951
286483,24952
286487,24953
286493,24954
286499,24955
286513,24956
286519,24957
286541,24958
286543,24959
286547,24960
286553,24961
286589,24962
286591,24963
286609,24964
286613,24965
286619,24966
286633,24967
286651,24968
286673,24969
286687,24970
286697,24971
286703,24972
286711,24973
286721,24974
286733,24975
286751,24976
286753,24977
286763,24978
286771,24979
286777,24980
286789,24981
286801,24982
286813,24983
286831,24984
286859,24985
286873,24986
286927,24987
286973,24988
286981,24989
286987,24990
286999,24991
287003,24992
287047,24993
287057,24994
287059,24995
287087,24996
287093,24997
287099,24998
287107,24999
287117,25000
287137,25001
287141,25002
287149,25003
287159,25004
287167,25005
287173,25006
287179,25007
287191,25008
287219,25009
287233,25010
287237,25011
287239,25012
287251,25013
287257,25014
287269,25015
287279,25016
287281,25017
287291,25018
287297,25019
287321,25020
287327,25021
287333,25022
287341,25023
287347,25024
287383,25025
287387,25026
287393,25027
287437,25028
287449,25029
287491,25030
287501,25031
287503,25032
287537,25033
287549,25034
287557,25035
287579,25036
287597,25037
287611,25038
287629,25039
287669,25040
287671,25041
287681,25042
287689,25043
287701,25044
287731,25045
287747,25046
287783,25047
287789,25048
287801,25049
287813,25050
287821,25051
287849,25052
287851,25053
287857,25054
287863,25055
287867,25056
287873,25057
287887,25058
287921,25059
287933,25060
287939,25061
287977,25062
288007,25063
288023,25064
288049,25065
288053,25066
288061,25067
288077,25068
288089,25069
288109,25070
288137,25071
288179,25072
288181,25073
288191,25074
288199,25075
288203,25076
288209,25077
288227,25078
288241,25079
288247,25080
288257,25081
288283,25082
288293,25083
288307,25084
288313,25085
288317,25086
288349,25087
288359,25088
288361,25089
288383,25090
288389,25091
288403,25092
288413,25093
288427,25094
288433,25095
288461,25096
288467,25097
288481,25098
288493,25099
288499,25100
288527,25101
288529,25102
288539,25103
288551,25104
288559,25105
288571,25106
288577,25107
288583,25108
288647,25109
288649,25110
288653,25111
288661,25112
288679,25113
288683,25114
288689,25115
288697,25116
288731,25117
288733,25118
288751,25119
288767,25120
288773,25121
288803,25122
288817,25123
288823,25124
288833,25125
288839,25126
288851,25127
288853,25128
288877,25129
288907,25130
288913,25131
288929,25132
288931,25133
288947,25134
288973,25135
288979,25136
288989,25137
288991,25138
288997,25139
289001,25140
289019,25141
289021,25142
289031,25143
289033,25144
289039,25145
289049,25146
289063,25147
289067,25148
289099,25149
289103,25150
289109,25151
289111,25152
289127,25153
289129,25154
289139,25155
289141,25156
289151,25157
289169,25158
289171,25159
289181,25160
289189,25161
289193,25162
289213,25163
289241,25164
289243,25165
289249,25166
289253,25167
289273,25168
289283,25169
289291,25170
289297,25171
289309,25172
289319,25173
289343,25174
289349,25175
289361,25176
289369,25177
289381,25178
289397,25179
289417,25180
289423,25181
289439,25182
289453,25183
289463,25184
289469,25185
289477,25186
289489,25187
289511,25188
289543,25189
289559,25190
289573,25191
289577,25192
289589,25193
289603,25194
289607,25195
289637,25196
289643,25197
289657,25198
289669,25199
289717,25200
289721,25201
289727,25202
289733,25203
289741,25204
289759,25205
289763,25206
289771,25207
289789,25208
289837,25209
289841,25210
289843,25211
289847,25212
289853,25213
289859,25214
289871,25215
289889,25216
289897,25217
289937,25218
289951,25219
289957,25220
289967,25221
289973,25222
289987,25223
289999,25224
290011,25225
290021,25226
290023,25227
290027,25228
290033,25229
290039,25230
290041,25231
290047,25232
290057,25233
290083,25234
290107,25235
290113,25236
290119,25237
290137,25238
290141,25239
290161,25240
290183,25241
290189,25242
290201,25243
290209,25244
290219,25245
290233,25246
290243,25247
290249,25248
290317,25249
290327,25250
290347,25251
290351,25252
290359,25253
290369,25254
290383,25255
290393,25256
290399,25257
290419,25258
290429,25259
290441,25260
290443,25261
290447,25262
290471,25263
290473,25264
290489,25265
290497,25266
290509,25267
290527,25268
290531,25269
290533,25270
290539,25271
290557,25272
290593,25273
290597,25274
290611,25275
290617,25276
290621,25277
290623,25278
290627,25279
290657,25280
290659,25281
290663,25282
290669,25283
290671,25284
290677,25285
290701,25286
290707,25287
290711,25288
290737,25289
290761,25290
290767,25291
290791,25292
290803,25293
290821,25294
290827,25295
290837,25296
290839,25297
290861,25298
290869,25299
290879,25300
290897,25301
290923,25302
290959,25303
290963,25304
290971,25305
290987,25306
290993,25307
290999,25308
291007,25309
291013,25310
291037,25311
291041,25312
291043,25313
291077,25314
291089,25315
291101,25316
291103,25317
291107,25318
291113,25319
291143,25320
291167,25321
291169,25322
291173,25323
291191,25324
291199,25325
291209,25326
291217,25327
291253,25328
291257,25329
291271,25330
291287,25331
291293,25332
291299,25333
291331,25334
291337,25335
291349,25336
291359,25337
291367,25338
291371,25339
291373,25340
291377,25341
291419,25342
291437,25343
291439,25344
291443,25345
291457,25346
291481,25347
291491,25348
291503,25349
291509,25350
291521,25351
291539,25352
291547,25353
291559,25354
291563,25355
291569,25356
291619,25357
291647,25358
291649,25359
291661,25360
291677,25361
291689,25362
291691,25363
291701,25364
291721,25365
291727,25366
291743,25367
291751,25368
291779,25369
291791,25370
291817,25371
291829,25372
291833,25373
291853,25374
291857,25375
291869,25376
291877,25377
291887,25378
291899,25379
291901,25380
291923,25381
291971,25382
291979,25383
291983,25384
291997,25385
292021,25386
292027,25387
292037,25388
292057,25389
292069,25390
292079,25391
292081,25392
292091,25393
292093,25394
292133,25395
292141,25396
292147,25397
292157,25398
292181,25399
292183,25400
292223,25401
292231,25402
292241,25403
292249,25404
292267,25405
292283,25406
292301,25407
292309,25408
292319,25409
292343,25410
292351,25411
292363,25412
292367,25413
292381,25414
292393,25415
292427,25416
292441,25417
292459,25418
292469,25419
292471,25420
292477,25421
292483,25422
292489,25423
292493,25424
292517,25425
292531,25426
292541,25427
292549,25428
292561,25429
292573,25430
292577,25431
292601,25432
292627,25433
292631,25434
292661,25435
292667,25436
292673,25437
292679,25438
292693,25439
292703,25440
292709,25441
292711,25442
292717,25443
292727,25444
292753,25445
292759,25446
292777,25447
292793,25448
292801,25449
292807,25450
292819,25451
292837,25452
292841,25453
292849,25454
292867,25455
292879,25456
292909,25457
292921,25458
292933,25459
292969,25460
292973,25461
292979,25462
292993,25463
293021,25464
293071,25465
293081,25466
293087,25467
293093,25468
293099,25469
293107,25470
293123,25471
293129,25472
293147,25473
293149,25474
293173,25475
293177,25476
293179,25477
293201,25478
293207,25479
293213,25480
293221,25481
293257,25482
293261,25483
293263,25484
293269,25485
293311,25486
293329,25487
293339,25488
293351,25489
293357,25490
293399,25491
293413,25492
293431,25493
293441,25494
293453,25495
293459,25496
293467,25497
293473,25498
293483,25499
293507,25500
293543,25501
293599,25502
293603,25503
293617,25504
293621,25505
293633,25506
293639,25507
293651,25508
293659,25509
293677,25510
293681,25511
293701,25512
293717,25513
293723,25514
293729,25515
293749,25516
293767,25517
293773,25518
293791,25519
293803,25520
293827,25521
293831,25522
293861,25523
293863,25524
293893,25525
293899,25526
293941,25527
293957,25528
293983,25529
293989,25530
293999,25531
294001,25532
294013,25533
294023,25534
294029,25535
294043,25536
294053,25537
294059,25538
294067,25539
294103,25540
294127,25541
294131,25542
294149,25543
294157,25544
294167,25545
294169,25546
294179,25547
294181,25548
294199,25549
294211,25550
294223,25551
294227,25552
294241,25553
294247,25554
294251,25555
294269,25556
294277,25557
294289,25558
294293,25559
294311,25560
294313,25561
294317,25562
294319,25563
294337,25564
294341,25565
294347,25566
294353,25567
294383,25568
294391,25569
294397,25570
294403,25571
294431,25572
294439,25573
294461,25574
294467,25575
294479,25576
294499,25577
294509,25578
294523,25579
294529,25580
294551,25581
294563,25582
294629,25583
294641,25584
294647,25585
294649,25586
294659,25587
294673,25588
294703,25589
294731,25590
294751,25591
294757,25592
294761,25593
294773,25594
294781,25595
294787,25596
294793,25597
294799,25598
294803,25599
294809,25600
294821,25601
294829,25602
294859,25603
294869,25604
294887,25605
294893,25606
294911,25607
294919,25608
294923,25609
294947,25610
294949,25611
294953,25612
294979,25613
294989,25614
294991,25615
294997,25616
295007,25617
295033,25618
295037,25619
295039,25620
295049,25621
295073,25622
295079,25623
295081,25624
295111,25625
295123,25626
295129,25627
295153,25628
295187,25629
295199,25630
295201,25631
295219,25632
295237,25633
295247,25634
295259,25635
295271,25636
295277,25637
295283,25638
295291,25639
295313,25640
295319,25641
295333,25642
295357,25643
295363,25644
295387,25645
295411,25646
295417,25647
295429,25648
295433,25649
295439,25650
295441,25651
295459,25652
295513,25653
295517,25654
295541,25655
295553,25656
295567,25657
295571,25658
295591,25659
295601,25660
295663,25661
295693,25662
295699,25663
295703,25664
295727,25665
295751,25666
295759,25667
295769,25668
295777,25669
295787,25670
295819,25671
295831,25672
295837,25673
295843,25674
295847,25675
295853,25676
295861,25677
295871,25678
295873,25679
295877,25680
295879,25681
295901,25682
295903,25683
295909,25684
295937,25685
295943,25686
295949,25687
295951,25688
295961,25689
295973,25690
295993,25691
296011,25692
296017,25693
296027,25694
296041,25695
296047,25696
296071,25697
296083,25698
296099,25699
296117,25700
296129,25701
296137,25702
296159,25703
296183,25704
296201,25705
296213,25706
296221,25707
296237,25708
296243,25709
296249,25710
296251,25711
296269,25712
296273,25713
296279,25714
296287,25715
296299,25716
296347,25717
296353,25718
296363,25719
296369,25720
296377,25721
296437,25722
296441,25723
296473,25724
296477,25725
296479,25726
296489,25727
296503,25728
296507,25729
296509,25730
296519,25731
296551,25732
296557,25733
296561,25734
296563,25735
296579,25736
296581,25737
296587,25738
296591,25739
296627,25740
296651,25741
296663,25742
296669,25743
296683,25744
296687,25745
296693,25746
296713,25747
296719,25748
296729,25749
296731,25750
296741,25751
296749,25752
296753,25753
296767,25754
296771,25755
296773,25756
296797,25757
296801,25758
296819,25759
296827,25760
296831,25761
296833,25762
296843,25763
296909,25764
296911,25765
296921,25766
296929,25767
296941,25768
296969,25769
296971,25770
296981,25771
296983,25772
296987,25773
297019,25774
297023,25775
297049,25776
297061,25777
297067,25778
297079,25779
297083,25780
297097,25781
297113,25782
297133,25783
297151,25784
297161,25785
297169,25786
297191,25787
297233,25788
297247,25789
297251,25790
297257,25791
297263,25792
297289,25793
297317,25794
297359,25795
297371,25796
297377,25797
297391,25798
297397,25799
297403,25800
297421,25801
297439,25802
297457,25803
297467,25804
297469,25805
297481,25806
297487,25807
297503,25808
297509,25809
297523,25810
297533,25811
297581,25812
297589,25813
297601,25814
297607,25815
297613,25816
297617,25817
297623,25818
297629,25819
297641,25820
297659,25821
297683,25822
297691,25823
297707,25824
297719,25825
297727,25826
297757,25827
297779,25828
297793,25829
297797,25830
297809,25831
297811,25832
297833,25833
297841,25834
297853,25835
297881,25836
297889,25837
297893,25838
297907,25839
297911,25840
297931,25841
297953,25842
297967,25843
297971,25844
297989,25845
297991,25846
298013,25847
298021,25848
298031,25849
298043,25850
298049,25851
298063,25852
298087,25853
298093,25854
298099,25855
298153,25856
298157,25857
298159,25858
298169,25859
298171,25860
298187,25861
298201,25862
298211,25863
298213,25864
298223,25865
298237,25866
298247,25867
298261,25868
298283,25869
298303,25870
298307,25871
298327,25872
298339,25873
298343,25874
298349,25875
298369,25876
298373,25877
298399,25878
298409,25879
298411,25880
298427,25881
298451,25882
298477,25883
298483,25884
298513,25885
298559,25886
298579,25887
298583,25888
298589,25889
298601,25890
298607,25891
298621,25892
298631,25893
298651,25894
298667,25895
298679,25896
298681,25897
298687,25898
298691,25899
298693,25900
298709,25901
298723,25902
298733,25903
298757,25904
298759,25905
298777,25906
298799,25907
298801,25908
298817,25909
298819,25910
298841,25911
298847,25912
298853,25913
298861,25914
298897,25915
298937,25916
298943,25917
298993,25918
298999,25919
299011,25920
299017,25921
299027,25922
299029,25923
299053,25924
299059,25925
299063,25926
299087,25927
299099,25928
299107,25929
299113,25930
299137,25931
299147,25932
299171,25933
299179,25934
299191,25935
299197,25936
299213,25937
299239,25938
299261,25939
299281,25940
299287,25941
299311,25942
299317,25943
299329,25944
299333,25945
299357,25946
299359,25947
299363,25948
299371,25949
299389,25950
299393,25951
299401,25952
299417,25953
299419,25954
299447,25955
299471,25956
299473,25957
299477,25958
299479,25959
299501,25960
299513,25961
299521,25962
299527,25963
299539,25964
299567,25965
299569,25966
299603,25967
299617,25968
299623,25969
299653,25970
299671,25971
299681,25972
299683,25973
299699,25974
299701,25975
299711,25976
299723,25977
299731,25978
299743,25979
299749,25980
299771,25981
299777,25982
299807,25983
299843,25984
299857,25985
299861,25986
299881,25987
299891,25988
299903,25989
299909,25990
299933,25991
299941,25992
299951,25993
299969,25994
299977,25995
299983,25996
299993,25997
300007,25998
300017,25999
300023,26000
300043,26001
300073,26002
300089,26003
300109,26004
300119,26005
300137,26006
300149,26007
300151,26008
300163,26009
300187,26010
300191,26011
300193,26012
300221,26013
300229,26014
300233,26015
300239,26016
300247,26017
300277,26018
300299,26019
300301,26020
300317,26021
300319,26022
300323,26023
300331,26024
300343,26025
300347,26026
300367,26027
300397,26028
300413,26029
300427,26030
300431,26031
300439,26032
300463,26033
300481,26034
300491,26035
300493,26036
300497,26037
300499,26038
300511,26039
300557,26040
300569,26041
300581,26042
300583,26043
300589,26044
300593,26045
300623,26046
300631,26047
300647,26048
300649,26049
300661,26050
300667,26051
300673,26052
300683,26053
300691,26054
300719,26055
300721,26056
300733,26057
300739,26058
300743,26059
300749,26060
300757,26061
300761,26062
300779,26063
300787,26064
300799,26065
300809,26066
300821,26067
300823,26068
300851,26069
300857,26070
300869,26071
300877,26072
300889,26073
300893,26074
300929,26075
300931,26076
300953,26077
300961,26078
300967,26079
300973,26080
300977,26081
300997,26082
301013,26083
301027,26084
301039,26085
301051,26086
301057,26087
301073,26088
301079,26089
301123,26090
301127,26091
301141,26092
301153,26093
301159,26094
301177,26095
301181,26096
301183,26097
301211,26098
301219,26099
301237,26100
301241,26101
301243,26102
301247,26103
301267,26104
301303,26105
301319,26106
301331,26107
301333,26108
301349,26109
301361,26110
301363,26111
301381,26112
301403,26113
301409,26114
301423,26115
301429,26116
301447,26117
301459,26118
301463,26119
301471,26120
301487,26121
301489,26122
301493,26123
301501,26124
301531,26125
301577,26126
301579,26127
301583,26128
301591,26129
301601,26130
301619,26131
301627,26132
301643,26133
301649,26134
301657,26135
301669,26136
301673,26137
301681,26138
301703,26139
301711,26140
301747,26141
301751,26142
301753,26143
301759,26144
301789,26145
301793,26146
301813,26147
301831,26148
301841,26149
301843,26150
301867,26151
301877,26152
301897,26153
301901,26154
301907,26155
301913,26156
301927,26157
301933,26158
301943,26159
301949,26160
301979,26161
301991,26162
301993,26163
301997,26164
301999,26165
302009,26166
302053,26167
302111,26168
302123,26169
302143,26170
302167,26171
302171,26172
302173,26173
302189,26174
302191,26175
302213,26176
302221,26177
302227,26178
302261,26179
302273,26180
302279,26181
302287,26182
302297,26183
302299,26184
302317,26185
302329,26186
302399,26187
302411,26188
302417,26189
302429,26190
302443,26191
302459,26192
302483,26193
302507,26194
302513,26195
302551,26196
302563,26197
302567,26198
302573,26199
302579,26200
302581,26201
302587,26202
302593,26203
302597,26204
302609,26205
302629,26206
302647,26207
302663,26208
302681,26209
302711,26210
302723,26211
302747,26212
302759,26213
302767,26214
302779,26215
302791,26216
302801,26217
302831,26218
302833,26219
302837,26220
302843,26221
302851,26222
302857,26223
302873,26224
302891,26225
302903,26226
302909,26227
302921,26228
302927,26229
302941,26230
302959,26231
302969,26232
302971,26233
302977,26234
302983,26235
302989,26236
302999,26237
303007,26238
303011,26239
303013,26240
303019,26241
303029,26242
303049,26243
303053,26244
303073,26245
303089,26246
303091,26247
303097,26248
303119,26249
303139,26250
303143,26251
303151,26252
303157,26253
303187,26254
303217,26255
303257,26256
303271,26257
303283,26258
303287,26259
303293,26260
303299,26261
303307,26262
303313,26263
303323,26264
303337,26265
303341,26266
303361,26267
303367,26268
303371,26269
303377,26270
303379,26271
303389,26272
303409,26273
303421,26274
303431,26275
303463,26276
303469,26277
303473,26278
303491,26279
303493,26280
303497,26281
303529,26282
303539,26283
303547,26284
303551,26285
303553,26286
303571,26287
303581,26288
303587,26289
303593,26290
303613,26291
303617,26292
303619,26293
303643,26294
303647,26295
303649,26296
303679,26297
303683,26298
303689,26299
303691,26300
303703,26301
303713,26302
303727,26303
303731,26304
303749,26305
303767,26306
303781,26307
303803,26308
303817,26309
303827,26310
303839,26311
303859,26312
303871,26313
303889,26314
303907,26315
303917,26316
303931,26317
303937,26318
303959,26319
303983,26320
303997,26321
304009,26322
304013,26323
304021,26324
304033,26325
304039,26326
304049,26327
304063,26328
304067,26329
304069,26330
304081,26331
304091,26332
304099,26333
304127,26334
304151,26335
304153,26336
304163,26337
304169,26338
304193,26339
304211,26340
304217,26341
304223,26342
304253,26343
304259,26344
304279,26345
304301,26346
304303,26347
304331,26348
304349,26349
304357,26350
304363,26351
304373,26352
304391,26353
304393,26354
304411,26355
304417,26356
304429,26357
304433,26358
304439,26359
304457,26360
304459,26361
304477,26362
304481,26363
304489,26364
304501,26365
304511,26366
304517,26367
304523,26368
304537,26369
304541,26370
304553,26371
304559,26372
304561,26373
304597,26374
304609,26375
304631,26376
304643,26377
304651,26378
304663,26379
304687,26380
304709,26381
304723,26382
304729,26383
304739,26384
304751,26385
304757,26386
304763,26387
304771,26388
304781,26389
304789,26390
304807,26391
304813,26392
304831,26393
304847,26394
304849,26395
304867,26396
304879,26397
304883,26398
304897,26399
304901,26400
304903,26401
304907,26402
304933,26403
304937,26404
304943,26405
304949,26406
304961,26407
304979,26408
304981,26409
305017,26410
305021,26411
305023,26412
305029,26413
305033,26414
305047,26415
305069,26416
305093,26417
305101,26418
305111,26419
305113,26420
305119,26421
305131,26422
305143,26423
305147,26424
305209,26425
305219,26426
305231,26427
305237,26428
305243,26429
305267,26430
305281,26431
305297,26432
305329,26433
305339,26434
305351,26435
305353,26436
305363,26437
305369,26438
305377,26439
305401,26440
305407,26441
305411,26442
305413,26443
305419,26444
305423,26445
305441,26446
305449,26447
305471,26448
305477,26449
305479,26450
305483,26451
305489,26452
305497,26453
305521,26454
305533,26455
305551,26456
305563,26457
305581,26458
305593,26459
305597,26460
305603,26461
305611,26462
305621,26463
305633,26464
305639,26465
305663,26466
305717,26467
305719,26468
305741,26469
305743,26470
305749,26471
305759,26472
305761,26473
305771,26474
305783,26475
305803,26476
305821,26477
305839,26478
305849,26479
305857,26480
305861,26481
305867,26482
305873,26483
305917,26484
305927,26485
305933,26486
305947,26487
305971,26488
305999,26489
306011,26490
306023,26491
306029,26492
306041,26493
306049,26494
306083,26495
306091,26496
306121,26497
306133,26498
306139,26499
306149,26500
306157,26501
306167,26502
306169,26503
306191,26504
306193,26505
306209,26506
306239,26507
306247,26508
306253,26509
306259,26510
306263,26511
306301,26512
306329,26513
306331,26514
306347,26515
306349,26516
306359,26517
306367,26518
306377,26519
306389,26520
306407,26521
306419,26522
306421,26523
306431,26524
306437,26525
306457,26526
306463,26527
306473,26528
306479,26529
306491,26530
306503,26531
306511,26532
306517,26533
306529,26534
306533,26535
306541,26536
306563,26537
306577,26538
306587,26539
306589,26540
306643,26541
306653,26542
306661,26543
306689,26544
306701,26545
306703,26546
306707,26547
306727,26548
306739,26549
306749,26550
306763,26551
306781,26552
306809,26553
306821,26554
306827,26555
306829,26556
306847,26557
306853,26558
306857,26559
306871,26560
306877,26561
306883,26562
306893,26563
306899,26564
306913,26565
306919,26566
306941,26567
306947,26568
306949,26569
306953,26570
306991,26571
307009,26572
307019,26573
307031,26574
307033,26575
307067,26576
307079,26577
307091,26578
307093,26579
307103,26580
307121,26581
307129,26582
307147,26583
307163,26584
307169,26585
307171,26586
307187,26587
307189,26588
307201,26589
307243,26590
307253,26591
307259,26592
307261,26593
307267,26594
307273,26595
307277,26596
307283,26597
307289,26598
307301,26599
307337,26600
307339,26601
307361,26602
307367,26603
307381,26604
307397,26605
307399,26606
307409,26607
307423,26608
307451,26609
307471,26610
307481,26611
307511,26612
307523,26613
307529,26614
307537,26615
307543,26616
307577,26617
307583,26618
307589,26619
307609,26620
307627,26621
307631,26622
307633,26623
307639,26624
307651,26625
307669,26626
307687,26627
307691,26628
307693,26629
307711,26630
307733,26631
307759,26632
307817,26633
307823,26634
307831,26635
307843,26636
307859,26637
307871,26638
307873,26639
307891,26640
307903,26641
307919,26642
307939,26643
307969,26644
308003,26645
308017,26646
308027,26647
308041,26648
308051,26649
308081,26650
308093,26651
308101,26652
308107,26653
308117,26654
308129,26655
308137,26656
308141,26657
308149,26658
308153,26659
308213,26660
308219,26661
308249,26662
308263,26663
308291,26664
308293,26665
308303,26666
308309,26667
308311,26668
308317,26669
308323,26670
308327,26671
308333,26672
308359,26673
308383,26674
308411,26675
308423,26676
308437,26677
308447,26678
308467,26679
308489,26680
308491,26681
308501,26682
308507,26683
308509,26684
308519,26685
308521,26686
308527,26687
308537,26688
308551,26689
308569,26690
308573,26691
308587,26692
308597,26693
308621,26694
308639,26695
308641,26696
308663,26697
308681,26698
308701,26699
308713,26700
308723,26701
308761,26702
308773,26703
308801,26704
308809,26705
308813,26706
308827,26707
308849,26708
308851,26709
308857,26710
308887,26711
308899,26712
308923,26713
308927,26714
308929,26715
308933,26716
308939,26717
308951,26718
308989,26719
308999,26720
309007,26721
309011,26722
309013,26723
309019,26724
309031,26725
309037,26726
309059,26727
309079,26728
309083,26729
309091,26730
309107,26731
309109,26732
309121,26733
309131,26734
309137,26735
309157,26736
309167,26737
309173,26738
309193,26739
309223,26740
309241,26741
309251,26742
309259,26743
309269,26744
309271,26745
309277,26746
309289,26747
309293,26748
309311,26749
309313,26750
309317,26751
309359,26752
309367,26753
309371,26754
309391,26755
309403,26756
309433,26757
309437,26758
309457,26759
309461,26760
309469,26761
309479,26762
309481,26763
309493,26764
309503,26765
309521,26766
309523,26767
309539,26768
309541,26769
309559,26770
309571,26771
309577,26772
309583,26773
309599,26774
309623,26775
309629,26776
309637,26777
309667,26778
309671,26779
309677,26780
309707,26781
309713,26782
309731,26783
309737,26784
309769,26785
309779,26786
309781,26787
309797,26788
309811,26789
309823,26790
309851,26791
309853,26792
309857,26793
309877,26794
309899,26795
309929,26796
309931,26797
309937,26798
309977,26799
309989,26800
310019,26801
310021,26802
310027,26803
310043,26804
310049,26805
310081,26806
310087,26807
310091,26808
310111,26809
310117,26810
310127,26811
310129,26812
310169,26813
310181,26814
310187,26815
310223,26816
310229,26817
310231,26818
310237,26819
310243,26820
310273,26821
310283,26822
310291,26823
310313,26824
310333,26825
310357,26826
310361,26827
310363,26828
310379,26829
310397,26830
310423,26831
310433,26832
310439,26833
310447,26834
310459,26835
310463,26836
310481,26837
310489,26838
310501,26839
310507,26840
310511,26841
310547,26842
310553,26843
310559,26844
310567,26845
310571,26846
310577,26847
310591,26848
310627,26849
310643,26850
310663,26851
310693,26852
310697,26853
310711,26854
310721,26855
310727,26856
310729,26857
310733,26858
310741,26859
310747,26860
310771,26861
310781,26862
310789,26863
310801,26864
310819,26865
310823,26866
310829,26867
310831,26868
310861,26869
310867,26870
310883,26871
310889,26872
310901,26873
310927,26874
310931,26875
310949,26876
310969,26877
310987,26878
310997,26879
311009,26880
311021,26881
311027,26882
311033,26883
311041,26884
311099,26885
311111,26886
311123,26887
311137,26888
311153,26889
311173,26890
311177,26891
311183,26892
311189,26893
311197,26894
311203,26895
311237,26896
311279,26897
311291,26898
311293,26899
311299,26900
311303,26901
311323,26902
311329,26903
311341,26904
311347,26905
311359,26906
311371,26907
311393,26908
311407,26909
311419,26910
311447,26911
311453,26912
311473,26913
311533,26914
311537,26915
311539,26916
311551,26917
311557,26918
311561,26919
311567,26920
311569,26921
311603,26922
311609,26923
311653,26924
311659,26925
311677,26926
311681,26927
311683,26928
311687,26929
311711,26930
311713,26931
311737,26932
311743,26933
311747,26934
311749,26935
311791,26936
311803,26937
311807,26938
311821,26939
311827,26940
311867,26941
311869,26942
311881,26943
311897,26944
311951,26945
311957,26946
311963,26947
311981,26948
312007,26949
312023,26950
312029,26951
312031,26952
312043,26953
312047,26954
312071,26955
312073,26956
312083,26957
312089,26958
312101,26959
312107,26960
312121,26961
312161,26962
312197,26963
312199,26964
312203,26965
312209,26966
312211,26967
312217,26968
312229,26969
312233,26970
312241,26971
312251,26972
312253,26973
312269,26974
312281,26975
312283,26976
312289,26977
312311,26978
312313,26979
312331,26980
312343,26981
312349,26982
312353,26983
312371,26984
312383,26985
312397,26986
312401,26987
312407,26988
312413,26989
312427,26990
312451,26991
312469,26992
312509,26993
312517,26994
312527,26995
312551,26996
312553,26997
312563,26998
312581,26999
312583,27000
312589,27001
312601,27002
312617,27003
312619,27004
312623,27005
312643,27006
312673,27007
312677,27008
312679,27009
312701,27010
312703,27011
312709,27012
312727,27013
312737,27014
312743,27015
312757,27016
312773,27017
312779,27018
312799,27019
312839,27020
312841,27021
312857,27022
312863,27023
312887,27024
312899,27025
312929,27026
312931,27027
312937,27028
312941,27029
312943,27030
312967,27031
312971,27032
312979,27033
312989,27034
313003,27035
313009,27036
313031,27037
313037,27038
313081,27039
313087,27040
313109,27041
313127,27042
313129,27043
313133,27044
313147,27045
313151,27046
313153,27047
313163,27048
313207,27049
313211,27050
313219,27051
313241,27052
313249,27053
313267,27054
313273,27055
313289,27056
313297,27057
313301,27058
313307,27059
313321,27060
313331,27061
313333,27062
313343,27063
313351,27064
313373,27065
313381,27066
313387,27067
313399,27068
313409,27069
313471,27070
313477,27071
313507,27072
313517,27073
313543,27074
313549,27075
313553,27076
313561,27077
313567,27078
313571,27079
313583,27080
313589,27081
313597,27082
313603,27083
313613,27084
313619,27085
313637,27086
313639,27087
313661,27088
313669,27089
313679,27090
313699,27091
313711,27092
313717,27093
313721,27094
313727,27095
313739,27096
313741,27097
313763,27098
313777,27099
313783,27100
313829,27101
313849,27102
313853,27103
313879,27104
313883,27105
313889,27106
313897,27107
313909,27108
313921,27109
313931,27110
313933,27111
313949,27112
313961,27113
313969,27114
313979,27115
313981,27116
313987,27117
313991,27118
313993,27119
313997,27120
314003,27121
314021,27122
314059,27123
314063,27124
314077,27125
314107,27126
314113,27127
314117,27128
314129,27129
314137,27130
314159,27131
314161,27132
314173,27133
314189,27134
314213,27135
314219,27136
314227,27137
314233,27138
314239,27139
314243,27140
314257,27141
314261,27142
314263,27143
314267,27144
314299,27145
314329,27146
314339,27147
314351,27148
314357,27149
314359,27150
314399,27151
314401,27152
314407,27153
314423,27154
314441,27155
314453,27156
314467,27157
314491,27158
314497,27159
314513,27160
314527,27161
314543,27162
314549,27163
314569,27164
314581,27165
314591,27166
314597,27167
314599,27168
314603,27169
314623,27170
314627,27171
314641,27172
314651,27173
314693,27174
314707,27175
314711,27176
314719,27177
314723,27178
314747,27179
314761,27180
314771,27181
314777,27182
314779,27183
314807,27184
314813,27185
314827,27186
314851,27187
314879,27188
314903,27189
314917,27190
314927,27191
314933,27192
314953,27193
314957,27194
314983,27195
314989,27196
315011,27197
315013,27198
315037,27199
315047,27200
315059,27201
315067,27202
315083,27203
315097,27204
315103,27205
315109,27206
315127,27207
315179,27208
315181,27209
315193,27210
315199,27211
315223,27212
315247,27213
315251,27214
315257,27215
315269,27216
315281,27217
315313,27218
315349,27219
315361,27220
315373,27221
315377,27222
315389,27223
315407,27224
315409,27225
315421,27226
315437,27227
315449,27228
315451,27229
315461,27230
315467,27231
315481,27232
315493,27233
315517,27234
315521,27235
315527,27236
315529,27237
315547,27238
315551,27239
315559,27240
315569,27241
315589,27242
315593,27243
315599,27244
315613,27245
315617,27246
315631,27247
315643,27248
315671,27249
315677,27250
315691,27251
315697,27252
315701,27253
315703,27254
315739,27255
315743,27256
315751,27257
315779,27258
315803,27259
315811,27260
315829,27261
315851,27262
315857,27263
315881,27264
315883,27265
315893,27266
315899,27267
315907,27268
315937,27269
315949,27270
315961,27271
315967,27272
315977,27273
316003,27274
316031,27275
316033,27276
316037,27277
316051,27278
316067,27279
316073,27280
316087,27281
316097,27282
316109,27283
316133,27284
316139,27285
316153,27286
316177,27287
316189,27288
316193,27289
316201,27290
316213,27291
316219,27292
316223,27293
316241,27294
316243,27295
316259,27296
316271,27297
316291,27298
316297,27299
316301,27300
316321,27301
316339,27302
316343,27303
316363,27304
316373,27305
316391,27306
316403,27307
316423,27308
316429,27309
316439,27310
316453,27311
316469,27312
316471,27313
316493,27314
316499,27315
316501,27316
316507,27317
316531,27318
316567,27319
316571,27320
316577,27321
316583,27322
316621,27323
316633,27324
316637,27325
316649,27326
316661,27327
316663,27328
316681,27329
316691,27330
316697,27331
316699,27332
316703,27333
316717,27334
316753,27335
316759,27336
316769,27337
316777,27338
316783,27339
316793,27340
316801,27341
316817,27342
316819,27343
316847,27344
316853,27345
316859,27346
316861,27347
316879,27348
316891,27349
316903,27350
316907,27351
316919,27352
316937,27353
316951,27354
316957,27355
316961,27356
316991,27357
317003,27358
317011,27359
317021,27360
317029,27361
317047,27362
317063,27363
317071,27364
317077,27365
317087,27366
317089,27367
317123,27368
317159,27369
317171,27370
317179,27371
317189,27372
317197,27373
317209,27374
317227,27375
317257,27376
317263,27377
317267,27378
317269,27379
317279,27380
317321,27381
317323,27382
317327,27383
317333,27384
317351,27385
317353,27386
317363,27387
317371,27388
317399,27389
317411,27390
317419,27391
317431,27392
317437,27393
317453,27394
317459,27395
317483,27396
317489,27397
317491,27398
317503,27399
317539,27400
317557,27401
317563,27402
317587,27403
317591,27404
317593,27405
317599,27406
317609,27407
317617,27408
317621,27409
317651,27410
317663,27411
317671,27412
317693,27413
317701,27414
317711,27415
317717,27416
317729,27417
317731,27418
317741,27419
317743,27420
317771,27421
317773,27422
317777,27423
317783,27424
317789,27425
317797,27426
317827,27427
317831,27428
317839,27429
317857,27430
317887,27431
317903,27432
317921,27433
317923,27434
317957,27435
317959,27436
317963,27437
317969,27438
317971,27439
317983,27440
317987,27441
318001,27442
318007,27443
318023,27444
318077,27445
318103,27446
318107,27447
318127,27448
318137,27449
318161,27450
318173,27451
318179,27452
318181,27453
318191,27454
318203,27455
318209,27456
318211,27457
318229,27458
318233,27459
318247,27460
318259,27461
318271,27462
318281,27463
318287,27464
318289,27465
318299,27466
318301,27467
318313,27468
318319,27469
318323,27470
318337,27471
318347,27472
318349,27473
318377,27474
318403,27475
318407,27476
318419,27477
318431,27478
318443,27479
318457,27480
318467,27481
318473,27482
318503,27483
318523,27484
318557,27485
318559,27486
318569,27487
318581,27488
318589,27489
318601,27490
318629,27491
318641,27492
318653,27493
318671,27494
318677,27495
318679,27496
318683,27497
318691,27498
318701,27499
318713,27500
318737,27501
318743,27502
318749,27503
318751,27504
318781,27505
318793,27506
318809,27507
318811,27508
318817,27509
318823,27510
318833,27511
318841,27512
318863,27513
318881,27514
318883,27515
318889,27516
318907,27517
318911,27518
318917,27519
318919,27520
318949,27521
318979,27522
319001,27523
319027,27524
319031,27525
319037,27526
319049,27527
319057,27528
319061,27529
319069,27530
319093,27531
319097,27532
319117,27533
319127,27534
319129,27535
319133,27536
319147,27537
319159,27538
319169,27539
319183,27540
319201,27541
319211,27542
319223,27543
319237,27544
319259,27545
319279,27546
319289,27547
319313,27548
319321,27549
319327,27550
319339,27551
319343,27552
319351,27553
319357,27554
319387,27555
319391,27556
319399,27557
319411,27558
319427,27559
319433,27560
319439,27561
319441,27562
319453,27563
319469,27564
319477,27565
319483,27566
319489,27567
319499,27568
319511,27569
319519,27570
319541,27571
319547,27572
319567,27573
319577,27574
319589,27575
319591,27576
319601,27577
319607,27578
319639,27579
319673,27580
319679,27581
319681,27582
319687,27583
319691,27584
319699,27585
319727,27586
319729,27587
319733,27588
319747,27589
319757,27590
319763,27591
319811,27592
319817,27593
319819,27594
319829,27595
319831,27596
319849,27597
319883,27598
319897,27599
319901,27600
319919,27601
319927,27602
319931,27603
319937,27604
319967,27605
319973,27606
319981,27607
319993,27608
320009,27609
320011,27610
320027,27611
320039,27612
320041,27613
320053,27614
320057,27615
320063,27616
320081,27617
320083,27618
320101,27619
320107,27620
320113,27621
320119,27622
320141,27623
320143,27624
320149,27625
320153,27626
320179,27627
320209,27628
320213,27629
320219,27630
320237,27631
320239,27632
320267,27633
320269,27634
320273,27635
320291,27636
320293,27637
320303,27638
320317,27639
320329,27640
320339,27641
320377,27642
320387,27643
320389,27644
320401,27645
320417,27646
320431,27647
320449,27648
320471,27649
320477,27650
320483,27651
320513,27652
320521,27653
320533,27654
320539,27655
320561,27656
320563,27657
320591,27658
320609,27659
320611,27660
320627,27661
320647,27662
320657,27663
320659,27664
320669,27665
320687,27666
320693,27667
320699,27668
320713,27669
320741,27670
320759,27671
320767,27672
320791,27673
320821,27674
320833,27675
320839,27676
320843,27677
320851,27678
320861,27679
320867,27680
320899,27681
320911,27682
320923,27683
320927,27684
320939,27685
320941,27686
320953,27687
321007,27688
321017,27689
321031,27690
321037,27691
321047,27692
321053,27693
321073,27694
321077,27695
321091,27696
321109,27697
321143,27698
321163,27699
321169,27700
321187,27701
321193,27702
321199,27703
321203,27704
321221,27705
321227,27706
321239,27707
321247,27708
321289,27709
321301,27710
321311,27711
321313,27712
321319,27713
321323,27714
321329,27715
321331,27716
321341,27717
321359,27718
321367,27719
321371,27720
321383,27721
321397,27722
321403,27723
321413,27724
321427,27725
321443,27726
321449,27727
321467,27728
321469,27729
321509,27730
321547,27731
321553,27732
321569,27733
321571,27734
321577,27735
321593,27736
321611,27737
321617,27738
321619,27739
321631,27740
321647,27741
321661,27742
321679,27743
321707,27744
321709,27745
321721,27746
321733,27747
321743,27748
321751,27749
321757,27750
321779,27751
321799,27752
321817,27753
321821,27754
321823,27755
321829,27756
321833,27757
321847,27758
321851,27759
321889,27760
321901,27761
321911,27762
321947,27763
321949,27764
321961,27765
321983,27766
321991,27767
322001,27768
322009,27769
322013,27770
322037,27771
322039,27772
322051,27773
322057,27774
322067,27775
322073,27776
322079,27777
322093,27778
322097,27779
322109,27780
322111,27781
322139,27782
322169,27783
322171,27784
322193,27785
322213,27786
322229,27787
322237,27788
322243,27789
322247,27790
322249,27791
322261,27792
322271,27793
322319,27794
322327,27795
322339,27796
322349,27797
322351,27798
322397,27799
322403,27800
322409,27801
322417,27802
322429,27803
322433,27804
322459,27805
322463,27806
322501,27807
322513,27808
322519,27809
322523,27810
322537,27811
322549,27812
322559,27813
322571,27814
322573,27815
322583,27816
322589,27817
322591,27818
322607,27819
322613,27820
322627,27821
322631,27822
322633,27823
322649,27824
322669,27825
322709,27826
322727,27827
322747,27828
322757,27829
322769,27830
322771,27831
322781,27832
322783,27833
322807,27834
322849,27835
322859,27836
322871,27837
322877,27838
322891,27839
322901,27840
322919,27841
322921,27842
322939,27843
322951,27844
322963,27845
322969,27846
322997,27847
322999,27848
323003,27849
323009,27850
323027,27851
323053,27852
323077,27853
323083,27854
323087,27855
323093,27856
323101,27857
323123,27858
323131,27859
323137,27860
323149,27861
323201,27862
323207,27863
323233,27864
323243,27865
323249,27866
323251,27867
323273,27868
323333,27869
323339,27870
323341,27871
323359,27872
323369,27873
323371,27874
323377,27875
323381,27876
323383,27877
323413,27878
323419,27879
323441,27880
323443,27881
323467,27882
323471,27883
323473,27884
323507,27885
323509,27886
323537,27887
323549,27888
323567,27889
323579,27890
323581,27891
323591,27892
323597,27893
323599,27894
323623,27895
323641,27896
323647,27897
323651,27898
323699,27899
323707,27900
323711,27901
323717,27902
323759,27903
323767,27904
323789,27905
323797,27906
323801,27907
323803,27908
323819,27909
323837,27910
323879,27911
323899,27912
323903,27913
323923,27914
323927,27915
323933,27916
323951,27917
323957,27918
323987,27919
324011,27920
324031,27921
324053,27922
324067,27923
324073,27924
324089,27925
324097,27926
324101,27927
324113,27928
324119,27929
324131,27930
324143,27931
324151,27932
324161,27933
324179,27934
324199,27935
324209,27936
324211,27937
324217,27938
324223,27939
324239,27940
324251,27941
324293,27942
324299,27943
324301,27944
324319,27945
324329,27946
324341,27947
324361,27948
324391,27949
324397,27950
324403,27951
324419,27952
324427,27953
324431,27954
324437,27955
324439,27956
324449,27957
324451,27958
324469,27959
324473,27960
324491,27961
324497,27962
324503,27963
324517,27964
324523,27965
324529,27966
324557,27967
324587,27968
324589,27969
324593,27970
324617,27971
324619,27972
324637,27973
324641,27974
324647,27975
324661,27976
324673,27977
324689,27978
324697,27979
324707,27980
324733,27981
324743,27982
324757,27983
324763,27984
324773,27985
324781,27986
324791,27987
324799,27988
324809,27989
324811,27990
324839,27991
324847,27992
324869,27993
324871,27994
324889,27995
324893,27996
324901,27997
324931,27998
324941,27999
324949,28000
324953,28001
324977,28002
324979,28003
324983,28004
324991,28005
324997,28006
325001,28007
325009,28008
325019,28009
325021,28010
325027,28011
325043,28012
325051,28013
325063,28014
325079,28015
325081,28016
325093,28017
325133,28018
325153,28019
325163,28020
325181,28021
325187,28022
325189,28023
325201,28024
325217,28025
325219,28026
325229,28027
325231,28028
325249,28029
325271,28030
325301,28031
325307,28032
325309,28033
325319,28034
325333,28035
325343,28036
325349,28037
325379,28038
325411,28039
325421,28040
325439,28041
325447,28042
325453,28043
325459,28044
325463,28045
325477,28046
325487,28047
325513,28048
325517,28049
325537,28050
325541,28051
325543,28052
325571,28053
325597,28054
325607,28055
325627,28056
325631,28057
325643,28058
325667,28059
325673,28060
325681,28061
325691,28062
325693,28063
325697,28064
325709,28065
325723,28066
325729,28067
325747,28068
325751,28069
325753,28070
325769,28071
325777,28072
325781,28073
325783,28074
325807,28075
325813,28076
325849,28077
325861,28078
325877,28079
325883,28080
325889,28081
325891,28082
325901,28083
325921,28084
325939,28085
325943,28086
325951,28087
325957,28088
325987,28089
325993,28090
325999,28091
326023,28092
326057,28093
326063,28094
326083,28095
326087,28096
326099,28097
326101,28098
326113,28099
326119,28100
326141,28101
326143,28102
326147,28103
326149,28104
326153,28105
326159,28106
326171,28107
326189,28108
326203,28109
326219,28110
326251,28111
326257,28112
326309,28113
326323,28114
326351,28115
326353,28116
326369,28117
326437,28118
326441,28119
326449,28120
326467,28121
326479,28122
326497,28123
326503,28124
326537,28125
326539,28126
326549,28127
326561,28128
326563,28129
326567,28130
326581,28131
326593,28132
326597,28133
326609,28134
326611,28135
326617,28136
326633,28137
326657,28138
326659,28139
326663,28140
326681,28141
326687,28142
326693,28143
326701,28144
326707,28145
326737,28146
326741,28147
326773,28148
326779,28149
326831,28150
326863,28151
326867,28152
326869,28153
326873,28154
326881,28155
326903,28156
326923,28157
326939,28158
326941,28159
326947,28160
326951,28161
326983,28162
326993,28163
326999,28164
327001,28165
327007,28166
327011,28167
327017,28168
327023,28169
327059,28170
327071,28171
327079,28172
327127,28173
327133,28174
327163,28175
327179,28176
327193,28177
327203,28178
327209,28179
327211,28180
327247,28181
327251,28182
327263,28183
327277,28184
327289,28185
327307,28186
327311,28187
327317,28188
327319,28189
327331,28190
327337,28191
327343,28192
327347,28193
327401,28194
327407,28195
327409,28196
327419,28197
327421,28198
327433,28199
327443,28200
327463,28201
327469,28202
327473,28203
327479,28204
327491,28205
327493,28206
327499,28207
327511,28208
327517,28209
327529,28210
327553,28211
327557,28212
327559,28213
327571,28214
327581,28215
327583,28216
327599,28217
327619,28218
327629,28219
327647,28220
327661,28221
327667,28222
327673,28223
327689,28224
327707,28225
327721,28226
327737,28227
327739,28228
327757,28229
327779,28230
327797,28231
327799,28232
327809,28233
327823,28234
327827,28235
327829,28236
327839,28237
327851,28238
327853,28239
327869,28240
327871,28241
327881,28242
327889,28243
327917,28244
327923,28245
327941,28246
327953,28247
327967,28248
327979,28249
327983,28250
328007,28251
328037,28252
328043,28253
328051,28254
328061,28255
328063,28256
328067,28257
328093,28258
328103,28259
328109,28260
328121,28261
328127,28262
328129,28263
328171,28264
328177,28265
328213,28266
328243,28267
328249,28268
328271,28269
328277,28270
328283,28271
328291,28272
328303,28273
328327,28274
328331,28275
328333,28276
328343,28277
328357,28278
328373,28279
328379,28280
328381,28281
328397,28282
328411,28283
328421,28284
328429,28285
328439,28286
328481,28287
328511,28288
328513,28289
328519,28290
328543,28291
328579,28292
328589,28293
328591,28294
328619,28295
328621,28296
328633,28297
328637,28298
328639,28299
328651,28300
328667,28301
328687,28302
328709,28303
328721,28304
328753,28305
328777,28306
328781,28307
328787,28308
328789,28309
328813,28310
328829,28311
328837,28312
328847,28313
328849,28314
328883,28315
328891,28316
328897,28317
328901,28318
328919,28319
328921,28320
328931,28321
328961,28322
328981,28323
329009,28324
329027,28325
329053,28326
329059,28327
329081,28328
329083,28329
329089,28330
329101,28331
329111,28332
329123,28333
329143,28334
329167,28335
329177,28336
329191,28337
329201,28338
329207,28339
329209,28340
329233,28341
329243,28342
329257,28343
329267,28344
329269,28345
329281,28346
329293,28347
329297,28348
329299,28349
329309,28350
329317,28351
329321,28352
329333,28353
329347,28354
329387,28355
329393,28356
329401,28357
329419,28358
329431,28359
329471,28360
329473,28361
329489,28362
329503,28363
329519,28364
329533,28365
329551,28366
329557,28367
329587,28368
329591,28369
329597,28370
329603,28371
329617,28372
329627,28373
329629,28374
329639,28375
329657,28376
329663,28377
329671,28378
329677,28379
329683,28380
329687,28381
329711,28382
329717,28383
329723,28384
329729,28385
329761,28386
329773,28387
329779,28388
329789,28389
329801,28390
329803,28391
329863,28392
329867,28393
329873,28394
329891,28395
329899,28396
329941,28397
329947,28398
329951,28399
329957,28400
329969,28401
329977,28402
329993,28403
329999,28404
330017,28405
330019,28406
330037,28407
330041,28408
330047,28409
330053,28410
330061,28411
330067,28412
330097,28413
330103,28414
330131,28415
330133,28416
330139,28417
330149,28418
330167,28419
330199,28420
330203,28421
330217,28422
330227,28423
330229,28424
330233,28425
330241,28426
330247,28427
330271,28428
330287,28429
330289,28430
330311,28431
330313,28432
330329,28433
330331,28434
330347,28435
330359,28436
330383,28437
330389,28438
330409,28439
330413,28440
330427,28441
330431,28442
330433,28443
330439,28444
330469,28445
330509,28446
330557,28447
330563,28448
330569,28449
330587,28450
330607,28451
330611,28452
330623,28453
330641,28454
330643,28455
330653,28456
330661,28457
330679,28458
330683,28459
330689,28460
330697,28461
330703,28462
330719,28463
330721,28464
330731,28465
330749,28466
330767,28467
330787,28468
330791,28469
330793,28470
330821,28471
330823,28472
330839,28473
330853,28474
330857,28475
330859,28476
330877,28477
330887,28478
330899,28479
330907,28480
330917,28481
330943,28482
330983,28483
330997,28484
331013,28485
331027,28486
331031,28487
331043,28488
331063,28489
331081,28490
331099,28491
331127,28492
331141,28493
331147,28494
331153,28495
331159,28496
331171,28497
331183,28498
331207,28499
331213,28500
331217,28501
331231,28502
331241,28503
331249,28504
331259,28505
331277,28506
331283,28507
331301,28508
331307,28509
331319,28510
331333,28511
331337,28512
331339,28513
331349,28514
331367,28515
331369,28516
331391,28517
331399,28518
331423,28519
331447,28520
331451,28521
331489,28522
331501,28523
331511,28524
331519,28525
331523,28526
331537,28527
331543,28528
331547,28529
331549,28530
331553,28531
331577,28532
331579,28533
331589,28534
331603,28535
331609,28536
331613,28537
331651,28538
331663,28539
331691,28540
331693,28541
331697,28542
331711,28543
331739,28544
331753,28545
331769,28546
331777,28547
331781,28548
331801,28549
331819,28550
331841,28551
331843,28552
331871,28553
331883,28554
331889,28555
331897,28556
331907,28557
331909,28558
331921,28559
331937,28560
331943,28561
331957,28562
331967,28563
331973,28564
331997,28565
331999,28566
332009,28567
332011,28568
332039,28569
332053,28570
332069,28571
332081,28572
332099,28573
332113,28574
332117,28575
332147,28576
332159,28577
332161,28578
332179,28579
332183,28580
332191,28581
332201,28582
332203,28583
332207,28584
332219,28585
332221,28586
332251,28587
332263,28588
332273,28589
332287,28590
332303,28591
332309,28592
332317,28593
332393,28594
332399,28595
332411,28596
332417,28597
332441,28598
332447,28599
332461,28600
332467,28601
332471,28602
332473,28603
332477,28604
332489,28605
332509,28606
332513,28607
332561,28608
332567,28609
332569,28610
332573,28611
332611,28612
332617,28613
332623,28614
332641,28615
332687,28616
332699,28617
332711,28618
332729,28619
332743,28620
332749,28621
332767,28622
332779,28623
332791,28624
332803,28625
332837,28626
332851,28627
332873,28628
332881,28629
332887,28630
332903,28631
332921,28632
332933,28633
332947,28634
332951,28635
332987,28636
332989,28637
332993,28638
333019,28639
333023,28640
333029,28641
333031,28642
333041,28643
333049,28644
333071,28645
333097,28646
333101,28647
333103,28648
333107,28649
333131,28650
333139,28651
333161,28652
333187,28653
333197,28654
333209,28655
333227,28656
333233,28657
333253,28658
333269,28659
333271,28660
333283,28661
333287,28662
333299,28663
333323,28664
333331,28665
333337,28666
333341,28667
333349,28668
333367,28669
333383,28670
333397,28671
333419,28672
333427,28673
333433,28674
333439,28675
333449,28676
333451,28677
333457,28678
333479,28679
333491,28680
333493,28681
333497,28682
333503,28683
333517,28684
333533,28685
333539,28686
333563,28687
333581,28688
333589,28689
333623,28690
333631,28691
333647,28692
333667,28693
333673,28694
333679,28695
333691,28696
333701,28697
333713,28698
333719,28699
333721,28700
333737,28701
333757,28702
333769,28703
333779,28704
333787,28705
333791,28706
333793,28707
333803,28708
333821,28709
333857,28710
333871,28711
333911,28712
333923,28713
333929,28714
333941,28715
333959,28716
333973,28717
333989,28718
333997,28719
334021,28720
334031,28721
334043,28722
334049,28723
334057,28724
334069,28725
334093,28726
334099,28727
334127,28728
334133,28729
334157,28730
334171,28731
334177,28732
334183,28733
334189,28734
334199,28735
334231,28736
334247,28737
334261,28738
334289,28739
334297,28740
334319,28741
334331,28742
334333,28743
334349,28744
334363,28745
334379,28746
334387,28747
334393,28748
334403,28749
334421,28750
334423,28751
334427,28752
334429,28753
334447,28754
334487,28755
334493,28756
334507,28757
334511,28758
334513,28759
334541,28760
334547,28761
334549,28762
334561,28763
334603,28764
334619,28765
334637,28766
334643,28767
334651,28768
334661,28769
334667,28770
334681,28771
334693,28772
334699,28773
334717,28774
334721,28775
334727,28776
334751,28777
334753,28778
334759,28779
334771,28780
334777,28781
334783,28782
334787,28783
334793,28784
334843,28785
334861,28786
334877,28787
334889,28788
334891,28789
334897,28790
334931,28791
334963,28792
334973,28793
334987,28794
334991,28795
334993,28796
335009,28797
335021,28798
335029,28799
335033,28800
335047,28801
335051,28802
335057,28803
335077,28804
335081,28805
335089,28806
335107,28807
335113,28808
335117,28809
335123,28810
335131,28811
335149,28812
335161,28813
335171,28814
335173,28815
335207,28816
335213,28817
335221,28818
335249,28819
335261,28820
335273,28821
335281,28822
335299,28823
335323,28824
335341,28825
335347,28826
335381,28827
335383,28828
335411,28829
335417,28830
335429,28831
335449,28832
335453,28833
335459,28834
335473,28835
335477,28836
335507,28837
335519,28838
335527,28839
335539,28840
335557,28841
335567,28842
335579,28843
335591,28844
335609,28845
335633,28846
335641,28847
335653,28848
335663,28849
335669,28850
335681,28851
335689,28852
335693,28853
335719,28854
335729,28855
335743,28856
335747,28857
335771,28858
335807,28859
335809,28860
335813,28861
335821,28862
335833,28863
335843,28864
335857,28865
335879,28866
335893,28867
335897,28868
335917,28869
335941,28870
335953,28871
335957,28872
335999,28873
336029,28874
336031,28875
336041,28876
336059,28877
336079,28878
336101,28879
336103,28880
336109,28881
336113,28882
336121,28883
336143,28884
336151,28885
336157,28886
336163,28887
336181,28888
336199,28889
336211,28890
336221,28891
336223,28892
336227,28893
336239,28894
336247,28895
336251,28896
336253,28897
336263,28898
336307,28899
336317,28900
336353,28901
336361,28902
336373,28903
336397,28904
336403,28905
336419,28906
336437,28907
336463,28908
336491,28909
336499,28910
336503,28911
336521,28912
336527,28913
336529,28914
336533,28915
336551,28916
336563,28917
336571,28918
336577,28919
336587,28920
336593,28921
336599,28922
336613,28923
336631,28924
336643,28925
336649,28926
336653,28927
336667,28928
336671,28929
336683,28930
336689,28931
336703,28932
336727,28933
336757,28934
336761,28935
336767,28936
336769,28937
336773,28938
336793,28939
336799,28940
336803,28941
336823,28942
336827,28943
336829,28944
336857,28945
336863,28946
336871,28947
336887,28948
336899,28949
336901,28950
336911,28951
336929,28952
336961,28953
336977,28954
336983,28955
336989,28956
336997,28957
337013,28958
337021,28959
337031,28960
337039,28961
337049,28962
337069,28963
337081,28964
337091,28965
337097,28966
337121,28967
337153,28968
337189,28969
337201,28970
337213,28971
337217,28972
337219,28973
337223,28974
337261,28975
337277,28976
337279,28977
337283,28978
337291,28979
337301,28980
337313,28981
337327,28982
337339,28983
337343,28984
337349,28985
337361,28986
337367,28987
337369,28988
337397,28989
337411,28990
337427,28991
337453,28992
337457,28993
337487,28994
337489,28995
337511,28996
337517,28997
337529,28998
337537,28999
337541,29000
337543,29001
337583,29002
337607,29003
337609,29004
337627,29005
337633,29006
337639,29007
337651,29008
337661,29009
337669,29010
337681,29011
337691,29012
337697,29013
337721,29014
337741,29015
337751,29016
337759,29017
337781,29018
337793,29019
337817,29020
337837,29021
337853,29022
337859,29023
337861,29024
337867,29025
337871,29026
337873,29027
337891,29028
337901,29029
337903,29030
337907,29031
337919,29032
337949,29033
337957,29034
337969,29035
337973,29036
337999,29037
338017,29038
338027,29039
338033,29040
338119,29041
338137,29042
338141,29043
338153,29044
338159,29045
338161,29046
338167,29047
338171,29048
338183,29049
338197,29050
338203,29051
338207,29052
338213,29053
338231,29054
338237,29055
338251,29056
338263,29057
338267,29058
338269,29059
338279,29060
338287,29061
338293,29062
338297,29063
338309,29064
338321,29065
338323,29066
338339,29067
338341,29068
338347,29069
338369,29070
338383,29071
338389,29072
338407,29073
338411,29074
338413,29075
338423,29076
338431,29077
338449,29078
338461,29079
338473,29080
338477,29081
338497,29082
338531,29083
338543,29084
338563,29085
338567,29086
338573,29087
338579,29088
338581,29089
338609,29090
338659,29091
338669,29092
338683,29093
338687,29094
338707,29095
338717,29096
338731,29097
338747,29098
338753,29099
338761,29100
338773,29101
338777,29102
338791,29103
338803,29104
338839,29105
338851,29106
338857,29107
338867,29108
338893,29109
338909,29110
338927,29111
338959,29112
338993,29113
338999,29114
339023,29115
339049,29116
339067,29117
339071,29118
339091,29119
339103,29120
339107,29121
339121,29122
339127,29123
339137,29124
339139,29125
339151,29126
339161,29127
339173,29128
339187,29129
339211,29130
339223,29131
339239,29132
339247,29133
339257,29134
339263,29135
339289,29136
339307,29137
339323,29138
339331,29139
339341,29140
339373,29141
339389,29142
339413,29143
339433,29144
339467,29145
339491,29146
339517,29147
339527,29148
339539,29149
339557,29150
339583,29151
339589,29152
339601,29153
339613,29154
339617,29155
339631,29156
339637,29157
339649,29158
339653,29159
339659,29160
339671,29161
339673,29162
339679,29163
339707,29164
339727,29165
339749,29166
339751,29167
339761,29168
339769,29169
339799,29170
339811,29171
339817,29172
339821,29173
339827,29174
339839,29175
339841,29176
339863,29177
339887,29178
339907,29179
339943,29180
339959,29181
339991,29182
340007,29183
340027,29184
340031,29185
340037,29186
340049,29187
340057,29188
340061,29189
340063,29190
340073,29191
340079,29192
340103,29193
340111,29194
340117,29195
340121,29196
340127,29197
340129,29198
340169,29199
340183,29200
340201,29201
340211,29202
340237,29203
340261,29204
340267,29205
340283,29206
340297,29207
340321,29208
340337,29209
340339,29210
340369,29211
340381,29212
340387,29213
340393,29214
340397,29215
340409,29216
340429,29217
340447,29218
340451,29219
340453,29220
340477,29221
340481,29222
340519,29223
340541,29224
340559,29225
340573,29226
340577,29227
340579,29228
340583,29229
340591,29230
340601,29231
340619,29232
340633,29233
340643,29234
340649,29235
340657,29236
340661,29237
340687,29238
340693,29239
340709,29240
340723,29241
340757,29242
340777,29243
340787,29244
340789,29245
340793,29246
340801,29247
340811,29248
340819,29249
340849,29250
340859,29251
340877,29252
340889,29253
340897,29254
340903,29255
340909,29256
340913,29257
340919,29258
340927,29259
340931,29260
340933,29261
340937,29262
340939,29263
340957,29264
340979,29265
340999,29266
341017,29267
341027,29268
341041,29269
341057,29270
341059,29271
341063,29272
341083,29273
341087,29274
341123,29275
341141,29276
341171,29277
341179,29278
341191,29279
341203,29280
341219,29281
341227,29282
341233,29283
341269,29284
341273,29285
341281,29286
341287,29287
341293,29288
341303,29289
341311,29290
341321,29291
341323,29292
341333,29293
341339,29294
341347,29295
341357,29296
341423,29297
341443,29298
341447,29299
341459,29300
341461,29301
341477,29302
341491,29303
341501,29304
341507,29305
341521,29306
341543,29307
341557,29308
341569,29309
341587,29310
341597,29311
341603,29312
341617,29313
341623,29314
341629,29315
341641,29316
341647,29317
341659,29318
341681,29319
341687,29320
341701,29321
341729,29322
341743,29323
341749,29324
341771,29325
341773,29326
341777,29327
341813,29328
341821,29329
341827,29330
341839,29331
341851,29332
341863,29333
341879,29334
341911,29335
341927,29336
341947,29337
341951,29338
341953,29339
341959,29340
341963,29341
341983,29342
341993,29343
342037,29344
342047,29345
342049,29346
342059,29347
342061,29348
342071,29349
342073,29350
342077,29351
342101,29352
342107,29353
342131,29354
342143,29355
342179,29356
342187,29357
342191,29358
342197,29359
342203,29360
342211,29361
342233,29362
342239,29363
342241,29364
342257,29365
342281,29366
342283,29367
342299,29368
342319,29369
342337,29370
342341,29371
342343,29372
342347,29373
342359,29374
342371,29375
342373,29376
342379,29377
342389,29378
342413,29379
342421,29380
342449,29381
342451,29382
342467,29383
342469,29384
342481,29385
342497,29386
342521,29387
342527,29388
342547,29389
342553,29390
342569,29391
342593,29392
342599,29393
342607,29394
342647,29395
342653,29396
342659,29397
342673,29398
342679,29399
342691,29400
342697,29401
342733,29402
342757,29403
342761,29404
342791,29405
342799,29406
342803,29407
342821,29408
342833,29409
342841,29410
342847,29411
342863,29412
342869,29413
342871,29414
342889,29415
342899,29416
342929,29417
342949,29418
342971,29419
342989,29420
343019,29421
343037,29422
343051,29423
343061,29424
343073,29425
343081,29426
343087,29427
343127,29428
343141,29429
343153,29430
343163,29431
343169,29432
343177,29433
343193,29434
343199,29435
343219,29436
343237,29437
343243,29438
343253,29439
343261,29440
343267,29441
343289,29442
343303,29443
343307,29444
343309,29445
343313,29446
343327,29447
343333,29448
343337,29449
343373,29450
343379,29451
343381,29452
343391,29453
343393,29454
343411,29455
343423,29456
343433,29457
343481,29458
343489,29459
343517,29460
343529,29461
343531,29462
343543,29463
343547,29464
343559,29465
343561,29466
343579,29467
343583,29468
343589,29469
343591,29470
343601,29471
343627,29472
343631,29473
343639,29474
343649,29475
343661,29476
343667,29477
343687,29478
343709,29479
343727,29480
343769,29481
343771,29482
343787,29483
343799,29484
343801,29485
343813,29486
343817,29487
343823,29488
343829,29489
343831,29490
343891,29491
343897,29492
343901,29493
343913,29494
343933,29495
343939,29496
343943,29497
343951,29498
343963,29499
343997,29500
344017,29501
344021,29502
344039,29503
344053,29504
344083,29505
344111,29506
344117,29507
344153,29508
344161,29509
344167,29510
344171,29511
344173,29512
344177,29513
344189,29514
344207,29515
344209,29516
344213,29517
344221,29518
344231,29519
344237,29520
344243,29521
344249,29522
344251,29523
344257,29524
344263,29525
344269,29526
344273,29527
344291,29528
344293,29529
344321,29530
344327,29531
344347,29532
344353,29533
344363,29534
344371,29535
344417,29536
344423,29537
344429,29538
344453,29539
344479,29540
344483,29541
344497,29542
344543,29543
344567,29544
344587,29545
344599,29546
344611,29547
344621,29548
344629,29549
344639,29550
344653,29551
344671,29552
344681,29553
344683,29554
344693,29555
344719,29556
344749,29557
344753,29558
344759,29559
344791,29560
344797,29561
344801,29562
344807,29563
344819,29564
344821,29565
344843,29566
344857,29567
344863,29568
344873,29569
344887,29570
344893,29571
344909,29572
344917,29573
344921,29574
344941,29575
344957,29576
344959,29577
344963,29578
344969,29579
344987,29580
345001,29581
345011,29582
345017,29583
345019,29584
345041,29585
345047,29586
345067,29587
345089,29588
345109,29589
345133,29590
345139,29591
345143,29592
345181,29593
345193,29594
345221,29595
345227,29596
345229,29597
345259,29598
345263,29599
345271,29600
345307,29601
345311,29602
345329,29603
345379,29604
345413,29605
345431,29606
345451,29607
345461,29608
345463,29609
345473,29610
345479,29611
345487,29612
345511,29613
345517,29614
345533,29615
345547,29616
345551,29617
345571,29618
345577,29619
345581,29620
345599,29621
345601,29622
345607,29623
345637,29624
345643,29625
345647,29626
345659,29627
345673,29628
345679,29629
345689,29630
345701,29631
345707,29632
345727,29633
345731,29634
345733,29635
345739,29636
345749,29637
345757,29638
345769,29639
345773,29640
345791,29641
345803,29642
345811,29643
345817,29644
345823,29645
345853,29646
345869,29647
345881,29648
345887,29649
345889,29650
345907,29651
345923,29652
345937,29653
345953,29654
345979,29655
345997,29656
346013,29657
346039,29658
346043,29659
346051,29660
346079,29661
346091,29662
346097,29663
346111,29664
346117,29665
346133,29666
346139,29667
346141,29668
346147,29669
346169,29670
346187,29671
346201,29672
346207,29673
346217,29674
346223,29675
346259,29676
346261,29677
346277,29678
346303,29679
346309,29680
346321,29681
346331,29682
346337,29683
346349,29684
346361,29685
346369,29686
346373,29687
346391,29688
346393,29689
346397,29690
346399,29691
346417,29692
346421,29693
346429,29694
346433,29695
346439,29696
346441,29697
346447,29698
346453,29699
346469,29700
346501,29701
346529,29702
346543,29703
346547,29704
346553,29705
346559,29706
346561,29707
346589,29708
346601,29709
346607,29710
346627,29711
346639,29712
346649,29713
346651,29714
346657,29715
346667,29716
346669,29717
346699,29718
346711,29719
346721,29720
346739,29721
346751,29722
346763,29723
346793,29724
346831,29725
346849,29726
346867,29727
346873,29728
346877,29729
346891,29730
346903,29731
346933,29732
346939,29733
346943,29734
346961,29735
346963,29736
347003,29737
347033,29738
347041,29739
347051,29740
347057,29741
347059,29742
347063,29743
347069,29744
347071,29745
347099,29746
347129,29747
347131,29748
347141,29749
347143,29750
347161,29751
347167,29752
347173,29753
347177,29754
347183,29755
347197,29756
347201,29757
347209,29758
347227,29759
347233,29760
347239,29761
347251,29762
347257,29763
347287,29764
347297,29765
347299,29766
347317,29767
347329,29768
347341,29769
347359,29770
347401,29771
347411,29772
347437,29773
347443,29774
347489,29775
347509,29776
347513,29777
347519,29778
347533,29779
347539,29780
347561,29781
347563,29782
347579,29783
347587,29784
347591,29785
347609,29786
347621,29787
347629,29788
347651,29789
347671,29790
347707,29791
347717,29792
347729,29793
347731,29794
347747,29795
347759,29796
347771,29797
347773,29798
347779,29799
347801,29800
347813,29801
347821,29802
347849,29803
347873,29804
347887,29805
347891,29806
347899,29807
347929,29808
347933,29809
347951,29810
347957,29811
347959,29812
347969,29813
347981,29814
347983,29815
347987,29816
347989,29817
347993,29818
348001,29819
348011,29820
348017,29821
348031,29822
348043,29823
348053,29824
348077,29825
348083,29826
348097,29827
348149,29828
348163,29829
348181,29830
348191,29831
348209,29832
348217,29833
348221,29834
348239,29835
348241,29836
348247,29837
348253,29838
348259,29839
348269,29840
348287,29841
348307,29842
348323,29843
348353,29844
348367,29845
348389,29846
348401,29847
348407,29848
348419,29849
348421,29850
348431,29851
348433,29852
348437,29853
348443,29854
348451,29855
348457,29856
348461,29857
348463,29858
348487,29859
348527,29860
348547,29861
348553,29862
348559,29863
348563,29864
348571,29865
348583,29866
348587,29867
348617,29868
348629,29869
348637,29870
348643,29871
348661,29872
348671,29873
348709,29874
348731,29875
348739,29876
348757,29877
348763,29878
348769,29879
348779,29880
348811,29881
348827,29882
348833,29883
348839,29884
348851,29885
348883,29886
348889,29887
348911,29888
348917,29889
348919,29890
348923,29891
348937,29892
348949,29893
348989,29894
348991,29895
349007,29896
349039,29897
349043,29898
349051,29899
349079,29900
349081,29901
349093,29902
349099,29903
349109,29904
349121,29905
349133,29906
349171,29907
349177,29908
349183,29909
349187,29910
349199,29911
349207,29912
349211,29913
349241,29914
349291,29915
349303,29916
349313,29917
349331,29918
349337,29919
349343,29920
349357,29921
349369,29922
349373,29923
349379,29924
349381,29925
349387,29926
349397,29927
349399,29928
349403,29929
349409,29930
349411,29931
349423,29932
349471,29933
349477,29934
349483,29935
349493,29936
349499,29937
349507,29938
349519,29939
349529,29940
349553,29941
349567,29942
349579,29943
349589,29944
349603,29945
349637,29946
349663,29947
349667,29948
349697,29949
349709,29950
349717,29951
349729,29952
349753,29953
349759,29954
349787,29955
349793,29956
349801,29957
349813,29958
349819,29959
349829,29960
349831,29961
349837,29962
349841,29963
349849,29964
349871,29965
349903,29966
349907,29967
349913,29968
349919,29969
349927,29970
349931,29971
349933,29972
349939,29973
349949,29974
349963,29975
349967,29976
349981,29977
350003,29978
350029,29979
350033,29980
350039,29981
350087,29982
350089,29983
350093,29984
350107,29985
350111,29986
350137,29987
350159,29988
350179,29989
350191,29990
350213,29991
350219,29992
350237,29993
350249,29994
350257,29995
350281,29996
350293,29997
350347,29998
350351,29999
350377,30000
